Paragraph_ID,Tuple_ID,ProbeID,Probe_Number,Probe_Type,Gold_Label,predicted_label
P153P3,P153P3_T2,P153P3_T2_1,1,relation_contradicted,Not Supported,Not Supported
P87P4,P87P4_T1,P87P4_T1_3,3,condition_removed,Not Enough Evidence,Not Enough Evidence
P55P4,P55P4_T6,P55P4_T6_5,5,condition_contradicted,Not Supported,Not Supported
P16P2,P16P2_T4,P16P2_T4_3,3,condition_removed,Not Enough Evidence,Not Enough Evidence
P12PR1,P12PR1_T4,P12PR1_T4_5,5,condition_contradicted,Not Supported,Not Supported
P36P7,P36P7_T2,P36P7_T2_5,5,condition_contradicted,Not Supported,Not Supported
P19P2,P19P2_T5,P19P2_T5_1,1,relation_contradicted,Not Supported,Not Supported
P35P6,P35P6_T3,P35P6_T3_4,4,supported,Supported,Supported
P19P2,P19P2_T5,P19P2_T5_4,4,supported,Supported,Not Supported
P197P5,P197P5_T4,P197P5_T4_4,4,supported,Supported,Supported
P72P6,P72P6_T1,P72P6_T1_5,5,condition_contradicted,Not Supported,Not Supported
P85P7,P85P7_T2,P85P7_T2_2,2,condition_replaced,Not Enough Evidence,Not Supported
P87P3,P87P3_T2,P87P3_T2_5,5,condition_contradicted,Not Supported,Not Supported
P32P1,P32P1_T2,P32P1_T2_4,4,supported,Supported,Supported
P179P2,P179P2_T2,P179P2_T2_3,3,condition_removed,Not Enough Evidence,Not Enough Evidence
P99P14,P99P14_T4,P99P14_T4_4,4,supported,Supported,Supported
P68P4,P68P4_T2,P68P4_T2_1,1,relation_contradicted,Not Supported,Not Supported
P104P2,P104P2_T3,P104P2_T3_5,5,condition_contradicted,Not Supported,Not Supported
P85P7,P85P7_T7,P85P7_T7_5,5,condition_contradicted,Not Supported,Not Supported
P38P2,P38P2_T3,P38P2_T3_1,1,relation_contradicted,Not Supported,Not Supported
P16P2,P16P2_T4,P16P2_T4_1,1,relation_contradicted,Not Supported,Not Supported
P118P5,P118P5_T3,P118P5_T3_1,1,relation_contradicted,Not Supported,Not Supported
P96P3,P96P3_T2,P96P3_T2_3,3,condition_removed,Not Enough Evidence,Not Enough Evidence
P57P9,P57P9_T1,P57P9_T1_5,5,condition_contradicted,Not Supported,Not Supported
P108P7,P108P7_T1,P108P7_T1_4,4,supported,Supported,Supported
P35P4,P35P4_T1,P35P4_T1_4,4,supported,Supported,Supported
P70P11,P70P11_T1,P70P11_T1_5,5,condition_contradicted,Not Supported,Not Supported
P87P3,P87P3_T2,P87P3_T2_1,1,relation_contradicted,Not Supported,Not Supported
P71P7,P71P7_T1,P71P7_T1_4,4,supported,Supported,Supported
P118P15,P118P15_T2,P118P15_T2_2,2,condition_replaced,Not Enough Evidence,Not Enough Evidence
P85P7,P85P7_T5,P85P7_T5_5,5,condition_contradicted,Not Supported,Not Supported
P158P3,P158P3_T1,P158P3_T1_4,4,supported,Supported,Supported
P185P4,P185P4_T4,P185P4_T4_3,3,condition_removed,Not Enough Evidence,Not Enough Evidence
P55P4,P55P4_T9,P55P4_T9_2,2,condition_replaced,Not Enough Evidence,Not Supported
P103P1,P103P1_T6,P103P1_T6_5,5,condition_contradicted,Not Supported,Supported
P54P2,P54P2_T1,P54P2_T1_1,1,relation_contradicted,Not Supported,Not Supported
P55P4,P55P4_T10,P55P4_T10_3,3,condition_removed,Not Enough Evidence,Not Supported
P190P7,P190P7_T1,P190P7_T1_5,5,condition_contradicted,Not Supported,Not Supported
P72P7,P72P7_T2,P72P7_T2_1,1,relation_contradicted,Not Supported,Not Supported
P21P8,P21P8_T3,P21P8_T3_4,4,supported,Supported,Not Enough Evidence
P159P7,P159P7_T1,P159P7_T1_4,4,supported,Supported,Supported
P56P2,P56P2_T1,P56P2_T1_1,1,relation_contradicted,Not Supported,Supported
P156P1,P156P1_T1,P156P1_T1_3,3,condition_removed,Not Enough Evidence,Supported
P179P4,P179P4_T1,P179P4_T1_2,2,condition_replaced,Not Enough Evidence,Not Enough Evidence
P13P14,P13P14_T1,P13P14_T1_4,4,supported,Supported,Supported
P34P2,P34P2_T1,P34P2_T1_4,4,supported,Supported,Supported
P190P5,P190P5_T1,P190P5_T1_5,5,condition_contradicted,Not Supported,Not Supported
P87P11,P87P11_T1,P87P11_T1_2,2,condition_replaced,Not Enough Evidence,Not Enough Evidence
P17P11,P17P11_T1,P17P11_T1_3,3,condition_removed,Not Enough Evidence,Not Enough Evidence
P83P2,P83P2_T3,P83P2_T3_1,1,relation_contradicted,Not Supported,Not Supported
P59P3,P59P3_T2,P59P3_T2_4,4,supported,Supported,Supported
P23P8,P23P8_T1,P23P8_T1_3,3,condition_removed,Not Enough Evidence,Not Enough Evidence
P121P4,P121P4_T1,P121P4_T1_2,2,condition_replaced,Not Enough Evidence,Not Enough Evidence
P61P4,P61P4_T4,P61P4_T4_2,2,condition_replaced,Not Enough Evidence,Not Enough Evidence
P153P3,P153P3_T2,P153P3_T2_5,5,condition_contradicted,Not Supported,Not Supported
P72P8,P72P8_T1,P72P8_T1_1,1,relation_contradicted,Not Supported,Not Supported
P69P4,P69P4_T1,P69P4_T1_3,3,condition_removed,Not Enough Evidence,Not Enough Evidence
P32P8,P32P8_T2,P32P8_T2_1,1,relation_contradicted,Not Supported,Not Supported
P93P3,P93P3_T4,P93P3_T4_2,2,condition_replaced,Not Enough Evidence,Not Enough Evidence
P121P5,P121P5_T1,P121P5_T1_4,4,supported,Supported,Supported
P24P1,P24P1_T1,P24P1_T1_1,1,relation_contradicted,Not Supported,Not Supported
P66P1,P66P1_T6,P66P1_T6_5,5,condition_contradicted,Not Supported,Not Supported
P91P10,P91P10_T1,P91P10_T1_1,1,relation_contradicted,Not Supported,Not Supported
P140P1,P140P1_T1,P140P1_T1_4,4,supported,Supported,Supported
P163P7,P163P7_T1,P163P7_T1_4,4,supported,Supported,Supported
P84P1,P84P1_T3,P84P1_T3_5,5,condition_contradicted,Not Supported,Not Supported
P22P8,P22P8_T1,P22P8_T1_2,2,condition_replaced,Not Enough Evidence,Not Enough Evidence
P106P2,P106P2_T2,P106P2_T2_4,4,supported,Supported,Supported
P148P5,P148P5_T1,P148P5_T1_2,2,condition_replaced,Not Enough Evidence,Not Supported
P194P3,P194P3_T4,P194P3_T4_2,2,condition_replaced,Not Enough Evidence,Not Enough Evidence
P60P1,P60P1_T2,P60P1_T2_3,3,condition_removed,Not Enough Evidence,Not Enough Evidence
P79P10,P79P10_T3,P79P10_T3_3,3,condition_removed,Not Enough Evidence,Not Enough Evidence
P12PR4,P12PR4_T1,P12PR4_T1_5,5,condition_contradicted,Not Supported,Not Supported
P21P10,P21P10_T1,P21P10_T1_5,5,condition_contradicted,Not Supported,Not Supported
P48P4,P48P4_T2,P48P4_T2_5,5,condition_contradicted,Not Supported,Not Supported
P39P4,P39P4_T4,P39P4_T4_3,3,condition_removed,Not Enough Evidence,Not Enough Evidence
P113P13,P113P13_T4,P113P13_T4_5,5,condition_contradicted,Not Supported,Not Supported
P177P7,P177P7_T2,P177P7_T2_4,4,supported,Supported,Not Supported
P139P9,P139P9_T1,P139P9_T1_3,3,condition_removed,Not Enough Evidence,Not Enough Evidence
P168P1,P168P1_T1,P168P1_T1_4,4,supported,Supported,Supported
P104P6,P104P6_T1,P104P6_T1_4,4,supported,Supported,Supported
P61P1,P61P1_T1,P61P1_T1_2,2,condition_replaced,Not Enough Evidence,Not Enough Evidence
P20P2,P20P2_T3,P20P2_T3_2,2,condition_replaced,Not Enough Evidence,Not Enough Evidence
P13P6,P13P6_T1,P13P6_T1_5,5,condition_contradicted,Not Supported,Not Supported
P13P13,P13P13_T1,P13P13_T1_3,3,condition_removed,Not Enough Evidence,Not Enough Evidence
P77P1,P77P1_T2,P77P1_T2_1,1,relation_contradicted,Not Supported,Not Supported
P91P7,P91P7_T4,P91P7_T4_3,3,condition_removed,Not Enough Evidence,Not Enough Evidence
P19P2,P19P2_T6,P19P2_T6_2,2,condition_replaced,Not Enough Evidence,Not Enough Evidence
P91P7,P91P7_T1,P91P7_T1_3,3,condition_removed,Not Enough Evidence,Not Enough Evidence
P91P7,P91P7_T3,P91P7_T3_2,2,condition_replaced,Not Enough Evidence,Not Enough Evidence
P177P7,P177P7_T3,P177P7_T3_1,1,relation_contradicted,Not Supported,Not Supported
P39P9,P39P9_T3,P39P9_T3_3,3,condition_removed,Not Enough Evidence,Not Enough Evidence
P192P1,P192P1_T3,P192P1_T3_1,1,relation_contradicted,Not Supported,Not Supported
P184P11,P184P11_T2,P184P11_T2_3,3,condition_removed,Not Enough Evidence,Not Enough Evidence
P184P14,P184P14_T2,P184P14_T2_5,5,condition_contradicted,Not Supported,Not Supported
P61P4,P61P4_T4,P61P4_T4_1,1,relation_contradicted,Not Supported,Not Supported
P86P22,P86P22_T1,P86P22_T1_3,3,condition_removed,Not Enough Evidence,Not Enough Evidence
P107P1,P107P1_T2,P107P1_T2_1,1,relation_contradicted,Not Supported,Not Supported
P20P7,P20P7_T2,P20P7_T2_4,4,supported,Supported,Supported
P86P19,P86P19_T1,P86P19_T1_5,5,condition_contradicted,Not Supported,Not Enough Evidence
P57P1,P57P1_T1,P57P1_T1_5,5,condition_contradicted,Not Supported,Not Supported
P177P7,P177P7_T3,P177P7_T3_2,2,condition_replaced,Not Enough Evidence,Not Enough Evidence
P98P8,P98P8_T2,P98P8_T2_1,1,relation_contradicted,Not Supported,Not Supported
P140P3,P140P3_T2,P140P3_T2_2,2,condition_replaced,Not Enough Evidence,Not Enough Evidence
P127P6,P127P6_T1,P127P6_T1_5,5,condition_contradicted,Not Supported,Not Supported
P70P12,P70P12_T1,P70P12_T1_5,5,condition_contradicted,Not Supported,Not Enough Evidence
P32P7,P32P7_T1,P32P7_T1_3,3,condition_removed,Not Enough Evidence,Not Enough Evidence
P77P4,P77P4_T3,P77P4_T3_2,2,condition_replaced,Not Enough Evidence,Not Enough Evidence
P37P7,P37P7_T2,P37P7_T2_3,3,condition_removed,Not Enough Evidence,Not Enough Evidence
P74P10,P74P10_T2,P74P10_T2_1,1,relation_contradicted,Not Supported,Not Supported
P140P3,P140P3_T2,P140P3_T2_1,1,relation_contradicted,Not Supported,Not Supported
P76P7,P76P7_T4,P76P7_T4_4,4,supported,Supported,Supported
P186P3,P186P3_T1,P186P3_T1_5,5,condition_contradicted,Not Supported,Not Supported
P153P4,P153P4_T1,P153P4_T1_5,5,condition_contradicted,Not Supported,Not Supported
P106P10,P106P10_T1,P106P10_T1_5,5,condition_contradicted,Not Supported,Not Supported
P47P6,P47P6_T1,P47P6_T1_5,5,condition_contradicted,Not Supported,Not Enough Evidence
P70P8,P70P8_T1,P70P8_T1_2,2,condition_replaced,Not Enough Evidence,Not Supported
P113P13,P113P13_T1,P113P13_T1_2,2,condition_replaced,Not Enough Evidence,Not Enough Evidence
P24P3,P24P3_T1,P24P3_T1_3,3,condition_removed,Not Enough Evidence,Not Enough Evidence
P72P10,P72P10_T1,P72P10_T1_1,1,relation_contradicted,Not Supported,Not Supported
P86P3,P86P3_T4,P86P3_T4_1,1,relation_contradicted,Not Supported,Not Supported
P59P1,P59P1_T2,P59P1_T2_2,2,condition_replaced,Not Enough Evidence,Not Enough Evidence
P39P4,P39P4_T2,P39P4_T2_5,5,condition_contradicted,Not Supported,Not Supported
P38P2,P38P2_T1,P38P2_T1_5,5,condition_contradicted,Not Supported,Not Supported
P163P9,P163P9_T2,P163P9_T2_3,3,condition_removed,Not Enough Evidence,Not Enough Evidence
P77P5,P77P5_T3,P77P5_T3_3,3,condition_removed,Not Enough Evidence,Not Enough Evidence
P72P8,P72P8_T4,P72P8_T4_2,2,condition_replaced,Not Enough Evidence,Not Enough Evidence
P38P6,P38P6_T2,P38P6_T2_2,2,condition_replaced,Not Enough Evidence,Not Enough Evidence
P69P4,P69P4_T1,P69P4_T1_4,4,supported,Supported,Supported
P115P10,P115P10_T2,P115P10_T2_1,1,relation_contradicted,Not Supported,Not Supported
P191P1,P191P1_T2,P191P1_T2_3,3,condition_removed,Not Enough Evidence,Not Enough Evidence
P127P15,P127P15_T1,P127P15_T1_2,2,condition_replaced,Not Enough Evidence,Not Enough Evidence
P81P1,P81P1_T2,P81P1_T2_4,4,supported,Supported,Supported
P177P7,P177P7_T3,P177P7_T3_3,3,condition_removed,Not Enough Evidence,Not Enough Evidence
P72P6,P72P6_T2,P72P6_T2_3,3,condition_removed,Not Enough Evidence,Not Enough Evidence
P121P1,P121P1_T2,P121P1_T2_1,1,relation_contradicted,Not Supported,Not Supported
P77P9,P77P9_T3,P77P9_T3_2,2,condition_replaced,Not Enough Evidence,Not Enough Evidence
P157P3,P157P3_T1,P157P3_T1_5,5,condition_contradicted,Not Supported,Not Supported
P57P10,P57P10_T3,P57P10_T3_3,3,condition_removed,Not Enough Evidence,Not Enough Evidence
P190P3,P190P3_T1,P190P3_T1_5,5,condition_contradicted,Not Supported,Not Enough Evidence
P35P3,P35P3_T4,P35P3_T4_1,1,relation_contradicted,Not Supported,Not Supported
P157P4,P157P4_T1,P157P4_T1_1,1,relation_contradicted,Not Supported,Not Supported
P90P13,P90P13_T1,P90P13_T1_1,1,relation_contradicted,Not Supported,Not Supported
P124P8,P124P8_T1,P124P8_T1_1,1,relation_contradicted,Not Supported,Not Supported
P184P14,P184P14_T2,P184P14_T2_1,1,relation_contradicted,Not Supported,Not Supported
P81P13,P81P13_T3,P81P13_T3_2,2,condition_replaced,Not Enough Evidence,Not Enough Evidence
P90P3,P90P3_T1,P90P3_T1_1,1,relation_contradicted,Not Supported,Not Supported
P83P4,P83P4_T1,P83P4_T1_2,2,condition_replaced,Not Enough Evidence,Not Enough Evidence
P172P4,P172P4_T1,P172P4_T1_5,5,condition_contradicted,Not Supported,Not Supported
P123P3,P123P3_T1,P123P3_T1_3,3,condition_removed,Not Enough Evidence,Not Enough Evidence
P66P1,P66P1_T1,P66P1_T1_4,4,supported,Supported,Supported
P17P10,P17P10_T2,P17P10_T2_4,4,supported,Supported,Not Supported
P121P4,P121P4_T1,P121P4_T1_3,3,condition_removed,Not Enough Evidence,Not Enough Evidence
P83P10,P83P10_T1,P83P10_T1_3,3,condition_removed,Not Enough Evidence,Not Enough Evidence
P57P7,P57P7_T3,P57P7_T3_2,2,condition_replaced,Not Enough Evidence,Not Enough Evidence
P118P14,P118P14_T2,P118P14_T2_5,5,condition_contradicted,Not Supported,Not Supported
P145P5,P145P5_T1,P145P5_T1_1,1,relation_contradicted,Not Supported,Not Supported
P20P4,P20P4_T4,P20P4_T4_4,4,supported,Supported,Supported
P118P15,P118P15_T1,P118P15_T1_1,1,relation_contradicted,Not Supported,Not Supported
P186P5,P186P5_T2,P186P5_T2_4,4,supported,Supported,Supported
P118P17,P118P17_T1,P118P17_T1_3,3,condition_removed,Not Enough Evidence,Not Enough Evidence
P197P5,P197P5_T2,P197P5_T2_2,2,condition_replaced,Not Enough Evidence,Not Enough Evidence
P195P6,P195P6_T3,P195P6_T3_2,2,condition_replaced,Not Enough Evidence,Not Enough Evidence
P86P22,P86P22_T1,P86P22_T1_5,5,condition_contradicted,Not Supported,Not Enough Evidence
P58P1,P58P1_T3,P58P1_T3_2,2,condition_replaced,Not Enough Evidence,Not Enough Evidence
P198P6,P198P6_T2,P198P6_T2_2,2,condition_replaced,Not Enough Evidence,Not Enough Evidence
P104P4,P104P4_T1,P104P4_T1_2,2,condition_replaced,Not Enough Evidence,Not Enough Evidence
P114P2,P114P2_T1,P114P2_T1_1,1,relation_contradicted,Not Supported,Not Supported
P27P3,P27P3_T2,P27P3_T2_2,2,condition_replaced,Not Enough Evidence,Not Enough Evidence
P139P6,P139P6_T2,P139P6_T2_1,1,relation_contradicted,Not Supported,Not Supported
P83P3,P83P3_T1,P83P3_T1_1,1,relation_contradicted,Not Supported,Not Supported
P155P7,P155P7_T1,P155P7_T1_2,2,condition_replaced,Not Enough Evidence,Not Enough Evidence
P98P7,P98P7_T6,P98P7_T6_5,5,condition_contradicted,Not Supported,Not Supported
P25P1,P25P1_T1,P25P1_T1_4,4,supported,Supported,Supported
P88P10,P88P10_T3,P88P10_T3_3,3,condition_removed,Not Enough Evidence,Not Enough Evidence
P104P4,P104P4_T1,P104P4_T1_5,5,condition_contradicted,Not Supported,Not Supported
P55P4,P55P4_T8,P55P4_T8_3,3,condition_removed,Not Enough Evidence,Not Supported
P197P1,P197P1_T6,P197P1_T6_5,5,condition_contradicted,Not Supported,Not Supported
P154P1,P154P1_T1,P154P1_T1_3,3,condition_removed,Not Enough Evidence,Not Supported
P87P15,P87P15_T3,P87P15_T3_1,1,relation_contradicted,Not Supported,Not Supported
P18P5,P18P5_T5,P18P5_T5_3,3,condition_removed,Not Enough Evidence,Not Enough Evidence
P69P1,P69P1_T1,P69P1_T1_5,5,condition_contradicted,Not Supported,Not Supported
P103P6,P103P6_T1,P103P6_T1_3,3,condition_removed,Not Enough Evidence,Not Enough Evidence
P52P1,P52P1_T1,P52P1_T1_4,4,supported,Supported,Supported
P123P3,P123P3_T1,P123P3_T1_5,5,condition_contradicted,Not Supported,Not Supported
P185P4,P185P4_T3,P185P4_T3_3,3,condition_removed,Not Enough Evidence,Not Enough Evidence
P48P4,P48P4_T3,P48P4_T3_3,3,condition_removed,Not Enough Evidence,Not Enough Evidence
P62P1,P62P1_T3,P62P1_T3_4,4,supported,Supported,Supported
P111P8,P111P8_T1,P111P8_T1_4,4,supported,Supported,Not Supported
P72P11,P72P11_T1,P72P11_T1_1,1,relation_contradicted,Not Supported,Not Supported
P81P13,P81P13_T3,P81P13_T3_3,3,condition_removed,Not Enough Evidence,Not Enough Evidence
P93P1,P93P1_T4,P93P1_T4_2,2,condition_replaced,Not Enough Evidence,Not Enough Evidence
P17P5,P17P5_T1,P17P5_T1_4,4,supported,Supported,Supported
P38P1,P38P1_T1,P38P1_T1_4,4,supported,Supported,Supported
P79P8,P79P8_T3,P79P8_T3_2,2,condition_replaced,Not Enough Evidence,Not Enough Evidence
P30P4,P30P4_T1,P30P4_T1_1,1,relation_contradicted,Not Supported,Not Supported
P50P6,P50P6_T1,P50P6_T1_5,5,condition_contradicted,Not Supported,Not Supported
P46P2,P46P2_T2,P46P2_T2_2,2,condition_replaced,Not Enough Evidence,Not Enough Evidence
P157P3,P157P3_T2,P157P3_T2_3,3,condition_removed,Not Enough Evidence,Not Supported
P194P8,P194P8_T1,P194P8_T1_5,5,condition_contradicted,Not Supported,Not Supported
P87P22,P87P22_T1,P87P22_T1_1,1,relation_contradicted,Not Supported,Not Supported
P135P7,P135P7_T1,P135P7_T1_4,4,supported,Supported,Supported
P35P6,P35P6_T2,P35P6_T2_4,4,supported,Supported,Supported
P184P14,P184P14_T3,P184P14_T3_2,2,condition_replaced,Not Enough Evidence,Not Enough Evidence
P187P3,P187P3_T1,P187P3_T1_5,5,condition_contradicted,Not Supported,Not Supported
P91P10,P91P10_T2,P91P10_T2_2,2,condition_replaced,Not Enough Evidence,Not Enough Evidence
P145P5,P145P5_T1,P145P5_T1_5,5,condition_contradicted,Not Supported,Not Supported
P72P9,P72P9_T1,P72P9_T1_4,4,supported,Supported,Supported
P55P4,P55P4_T11,P55P4_T11_1,1,relation_contradicted,Not Supported,Not Supported
P188P7,P188P7_T2,P188P7_T2_2,2,condition_replaced,Not Enough Evidence,Not Enough Evidence
P77P1,P77P1_T3,P77P1_T3_3,3,condition_removed,Not Enough Evidence,Not Enough Evidence
P139P7,P139P7_T1,P139P7_T1_2,2,condition_replaced,Not Enough Evidence,Not Enough Evidence
P54P4,P54P4_T3,P54P4_T3_1,1,relation_contradicted,Not Supported,Not Supported
P184P14,P184P14_T1,P184P14_T1_5,5,condition_contradicted,Not Supported,Not Supported
P62P6,P62P6_T1,P62P6_T1_4,4,supported,Supported,Supported
P83P8,P83P8_T1,P83P8_T1_5,5,condition_contradicted,Not Supported,Not Supported
P168P1,P168P1_T3,P168P1_T3_2,2,condition_replaced,Not Enough Evidence,Not Enough Evidence
P196P7,P196P7_T1,P196P7_T1_5,5,condition_contradicted,Not Supported,Not Supported
P34P4,P34P4_T1,P34P4_T1_4,4,supported,Supported,Supported
P173P6,P173P6_T1,P173P6_T1_2,2,condition_replaced,Not Enough Evidence,Not Enough Evidence
P47P7,P47P7_T1,P47P7_T1_3,3,condition_removed,Not Enough Evidence,Not Enough Evidence
P85P7,P85P7_T9,P85P7_T9_2,2,condition_replaced,Not Enough Evidence,Not Supported
P103P1,P103P1_T1,P103P1_T1_1,1,relation_contradicted,Not Supported,Not Supported
P35P5,P35P5_T1,P35P5_T1_4,4,supported,Supported,Supported
P186P5,P186P5_T1,P186P5_T1_2,2,condition_replaced,Not Enough Evidence,Not Enough Evidence
P103P7,P103P7_T1,P103P7_T1_2,2,condition_replaced,Not Enough Evidence,Not Enough Evidence
P62P1,P62P1_T3,P62P1_T3_5,5,condition_contradicted,Not Supported,Not Supported
P83P10,P83P10_T2,P83P10_T2_2,2,condition_replaced,Not Enough Evidence,Not Enough Evidence
P103P7,P103P7_T2,P103P7_T2_5,5,condition_contradicted,Not Supported,Not Supported
P194P3,P194P3_T4,P194P3_T4_4,4,supported,Supported,Supported
P70P8,P70P8_T1,P70P8_T1_1,1,relation_contradicted,Not Supported,Not Supported
P39P4,P39P4_T1,P39P4_T1_2,2,condition_replaced,Not Enough Evidence,Not Enough Evidence
P65P2,P65P2_T1,P65P2_T1_2,2,condition_replaced,Not Enough Evidence,Not Enough Evidence
P12PR11,P12PR11_T2,P12PR11_T2_3,3,condition_removed,Not Enough Evidence,Not Enough Evidence
P127P1,P127P1_T2,P127P1_T2_5,5,condition_contradicted,Not Supported,Not Supported
P200P7,P200P7_T2,P200P7_T2_2,2,condition_replaced,Not Enough Evidence,Supported
P73P9,P73P9_T1,P73P9_T1_4,4,supported,Supported,Supported
P160P6,P160P6_T2,P160P6_T2_3,3,condition_removed,Not Enough Evidence,Supported
P173P3,P173P3_T1,P173P3_T1_5,5,condition_contradicted,Not Supported,Not Supported
P112P8,P112P8_T3,P112P8_T3_5,5,condition_contradicted,Not Supported,Not Supported
P175P3,P175P3_T1,P175P3_T1_2,2,condition_replaced,Not Enough Evidence,Not Enough Evidence
P56P11,P56P11_T1,P56P11_T1_4,4,supported,Supported,Supported
P183P6,P183P6_T2,P183P6_T2_2,2,condition_replaced,Not Enough Evidence,Not Enough Evidence
P45P6,P45P6_T2,P45P6_T2_1,1,relation_contradicted,Not Supported,Not Supported
P90P9,P90P9_T1,P90P9_T1_4,4,supported,Supported,Supported
P194P4,P194P4_T2,P194P4_T2_2,2,condition_replaced,Not Enough Evidence,Not Enough Evidence
P77P5,P77P5_T2,P77P5_T2_4,4,supported,Supported,Not Supported
P87P20,P87P20_T3,P87P20_T3_1,1,relation_contradicted,Not Supported,Not Supported
P90P10,P90P10_T2,P90P10_T2_4,4,supported,Supported,Supported
P56P2,P56P2_T2,P56P2_T2_5,5,condition_contradicted,Not Supported,Not Supported
P33P4,P33P4_T1,P33P4_T1_1,1,relation_contradicted,Not Supported,Not Supported
P12PR3,P12PR3_T2,P12PR3_T2_5,5,condition_contradicted,Not Supported,Not Supported
P75P12,P75P12_T3,P75P12_T3_5,5,condition_contradicted,Not Supported,Not Supported
P127P4,P127P4_T2,P127P4_T2_2,2,condition_replaced,Not Enough Evidence,Not Enough Evidence
P82P10,P82P10_T3,P82P10_T3_1,1,relation_contradicted,Not Supported,Not Supported
P20P3,P20P3_T3,P20P3_T3_5,5,condition_contradicted,Not Supported,Not Supported
P189P5,P189P5_T1,P189P5_T1_4,4,supported,Supported,Supported
P62P1,P62P1_T4,P62P1_T4_5,5,condition_contradicted,Not Supported,Not Supported
P27P1,P27P1_T2,P27P1_T2_4,4,supported,Supported,Not Supported
P84P3,P84P3_T3,P84P3_T3_2,2,condition_replaced,Not Enough Evidence,Not Enough Evidence
P77P6,P77P6_T1,P77P6_T1_4,4,supported,Supported,Not Enough Evidence
P186P4,P186P4_T2,P186P4_T2_3,3,condition_removed,Not Enough Evidence,Not Enough Evidence
P59P4,P59P4_T3,P59P4_T3_3,3,condition_removed,Not Enough Evidence,Not Enough Evidence
P186P5,P186P5_T1,P186P5_T1_4,4,supported,Supported,Supported
P22P6,P22P6_T1,P22P6_T1_1,1,relation_contradicted,Not Supported,Not Enough Evidence
P103P4,P103P4_T2,P103P4_T2_3,3,condition_removed,Not Enough Evidence,Not Enough Evidence
P190P8,P190P8_T1,P190P8_T1_5,5,condition_contradicted,Not Supported,Not Supported
P77P1,P77P1_T5,P77P1_T5_4,4,supported,Supported,Supported
P28P4,P28P4_T1,P28P4_T1_5,5,condition_contradicted,Not Supported,Not Supported
P112P9,P112P9_T1,P112P9_T1_3,3,condition_removed,Not Enough Evidence,Not Enough Evidence
P72P11,P72P11_T2,P72P11_T2_2,2,condition_replaced,Not Enough Evidence,Not Enough Evidence
P77P5,P77P5_T4,P77P5_T4_2,2,condition_replaced,Not Enough Evidence,Not Enough Evidence
P76P7,P76P7_T2,P76P7_T2_3,3,condition_removed,Not Enough Evidence,Not Enough Evidence
P163P10,P163P10_T1,P163P10_T1_5,5,condition_contradicted,Not Supported,Not Supported
P83P3,P83P3_T1,P83P3_T1_3,3,condition_removed,Not Enough Evidence,Not Enough Evidence
P133P1,P133P1_T2,P133P1_T2_3,3,condition_removed,Not Enough Evidence,Not Enough Evidence
P82P10,P82P10_T1,P82P10_T1_3,3,condition_removed,Not Enough Evidence,Not Enough Evidence
P95P3,P95P3_T1,P95P3_T1_2,2,condition_replaced,Not Enough Evidence,Not Enough Evidence
P177P6,P177P6_T1,P177P6_T1_4,4,supported,Supported,Not Supported
P104P11,P104P11_T3,P104P11_T3_1,1,relation_contradicted,Not Supported,Not Supported
P90P10,P90P10_T1,P90P10_T1_2,2,condition_replaced,Not Enough Evidence,Not Enough Evidence
P28P7,P28P7_T2,P28P7_T2_1,1,relation_contradicted,Not Supported,Not Supported
P188P6,P188P6_T1,P188P6_T1_2,2,condition_replaced,Not Enough Evidence,Not Enough Evidence
P13P8,P13P8_T2,P13P8_T2_2,2,condition_replaced,Not Enough Evidence,Not Enough Evidence
P104P2,P104P2_T3,P104P2_T3_4,4,supported,Supported,Supported
P198P7,P198P7_T1,P198P7_T1_5,5,condition_contradicted,Not Supported,Not Enough Evidence
P65P2,P65P2_T1,P65P2_T1_4,4,supported,Supported,Supported
P90P9,P90P9_T1,P90P9_T1_2,2,condition_replaced,Not Enough Evidence,Not Enough Evidence
P90P16,P90P16_T1,P90P16_T1_5,5,condition_contradicted,Not Supported,Not Supported
P118P16,P118P16_T1,P118P16_T1_2,2,condition_replaced,Not Enough Evidence,Not Enough Evidence
P72P7,P72P7_T3,P72P7_T3_2,2,condition_replaced,Not Enough Evidence,Not Enough Evidence
P117P1,P117P1_T1,P117P1_T1_2,2,condition_replaced,Not Enough Evidence,Not Enough Evidence
P56P8,P56P8_T2,P56P8_T2_3,3,condition_removed,Not Enough Evidence,Not Enough Evidence
P193P4,P193P4_T4,P193P4_T4_5,5,condition_contradicted,Not Supported,Not Supported
P107P1,P107P1_T1,P107P1_T1_5,5,condition_contradicted,Not Supported,Not Supported
P128P5,P128P5_T1,P128P5_T1_1,1,relation_contradicted,Not Supported,Not Supported
P178P2,P178P2_T1,P178P2_T1_3,3,condition_removed,Not Enough Evidence,Not Enough Evidence
P12PR8,P12PR8_T2,P12PR8_T2_4,4,supported,Supported,Not Supported
P72P12,P72P12_T2,P72P12_T2_4,4,supported,Supported,Supported
P87P15,P87P15_T5,P87P15_T5_4,4,supported,Supported,Not Supported
P74P9,P74P9_T1,P74P9_T1_1,1,relation_contradicted,Not Supported,Not Supported
P193P4,P193P4_T1,P193P4_T1_1,1,relation_contradicted,Not Supported,Not Supported
P116P1,P116P1_T1,P116P1_T1_1,1,relation_contradicted,Not Supported,Not Supported
P127P7,P127P7_T1,P127P7_T1_4,4,supported,Supported,Supported
P24P1,P24P1_T2,P24P1_T2_3,3,condition_removed,Not Enough Evidence,Not Enough Evidence
P39P9,P39P9_T5,P39P9_T5_1,1,relation_contradicted,Not Supported,Not Supported
P17P3,P17P3_T1,P17P3_T1_2,2,condition_replaced,Not Enough Evidence,Not Enough Evidence
P102P1,P102P1_T1,P102P1_T1_5,5,condition_contradicted,Not Supported,Not Supported
P86P3,P86P3_T4,P86P3_T4_3,3,condition_removed,Not Enough Evidence,Not Enough Evidence
P41P7,P41P7_T3,P41P7_T3_2,2,condition_replaced,Not Enough Evidence,Not Enough Evidence
P60P2,P60P2_T1,P60P2_T1_1,1,relation_contradicted,Not Supported,Not Supported
P19P2,P19P2_T3,P19P2_T3_5,5,condition_contradicted,Not Supported,Not Supported
P29P9,P29P9_T1,P29P9_T1_4,4,supported,Supported,Supported
P161P6,P161P6_T1,P161P6_T1_3,3,condition_removed,Not Enough Evidence,Not Enough Evidence
P128P5,P128P5_T2,P128P5_T2_1,1,relation_contradicted,Not Supported,Not Supported
P163P11,P163P11_T1,P163P11_T1_1,1,relation_contradicted,Not Supported,Not Supported
P32P5,P32P5_T1,P32P5_T1_5,5,condition_contradicted,Not Supported,Not Supported
P77P4,P77P4_T1,P77P4_T1_2,2,condition_replaced,Not Enough Evidence,Not Enough Evidence
P104P11,P104P11_T3,P104P11_T3_4,4,supported,Supported,Supported
P54P2,P54P2_T2,P54P2_T2_3,3,condition_removed,Not Enough Evidence,Not Enough Evidence
P127P4,P127P4_T7,P127P4_T7_3,3,condition_removed,Not Enough Evidence,Not Enough Evidence
P115P1,P115P1_T1,P115P1_T1_1,1,relation_contradicted,Not Supported,Not Supported
P127P4,P127P4_T2,P127P4_T2_5,5,condition_contradicted,Not Supported,Not Supported
P139P6,P139P6_T2,P139P6_T2_4,4,supported,Supported,Supported
P157P2,P157P2_T1,P157P2_T1_4,4,supported,Supported,Supported
P95P8,P95P8_T1,P95P8_T1_4,4,supported,Supported,Supported
P70P4,P70P4_T3,P70P4_T3_1,1,relation_contradicted,Not Supported,Not Supported
P38P6,P38P6_T2,P38P6_T2_5,5,condition_contradicted,Not Supported,Not Supported
P54P4,P54P4_T5,P54P4_T5_3,3,condition_removed,Not Enough Evidence,Not Supported
P140P3,P140P3_T1,P140P3_T1_3,3,condition_removed,Not Enough Evidence,Not Enough Evidence
P72P8,P72P8_T1,P72P8_T1_5,5,condition_contradicted,Not Supported,Not Supported
P36P3,P36P3_T1,P36P3_T1_3,3,condition_removed,Not Enough Evidence,Not Enough Evidence
P62P1,P62P1_T5,P62P1_T5_2,2,condition_replaced,Not Enough Evidence,Supported
P139P1,P139P1_T1,P139P1_T1_2,2,condition_replaced,Not Enough Evidence,Not Enough Evidence
P49P8,P49P8_T1,P49P8_T1_5,5,condition_contradicted,Not Supported,Not Supported
P13P4,P13P4_T1,P13P4_T1_4,4,supported,Supported,Supported
P70P8,P70P8_T3,P70P8_T3_5,5,condition_contradicted,Not Supported,Not Supported
P98P7,P98P7_T4,P98P7_T4_5,5,condition_contradicted,Not Supported,Not Supported
P35P5,P35P5_T1,P35P5_T1_3,3,condition_removed,Not Enough Evidence,Not Enough Evidence
P186P4,P186P4_T2,P186P4_T2_2,2,condition_replaced,Not Enough Evidence,Not Enough Evidence
P20P3,P20P3_T3,P20P3_T3_2,2,condition_replaced,Not Enough Evidence,Not Enough Evidence
P77P1,P77P1_T2,P77P1_T2_5,5,condition_contradicted,Not Supported,Not Supported
P86P3,P86P3_T2,P86P3_T2_4,4,supported,Supported,Not Supported
P197P1,P197P1_T3,P197P1_T3_3,3,condition_removed,Not Enough Evidence,Not Enough Evidence
P131P1,P131P1_T1,P131P1_T1_5,5,condition_contradicted,Not Supported,Not Supported
P161P4,P161P4_T2,P161P4_T2_4,4,supported,Supported,Supported
P31P2,P31P2_T1,P31P2_T1_2,2,condition_replaced,Not Enough Evidence,Not Enough Evidence
P187P9,P187P9_T1,P187P9_T1_3,3,condition_removed,Not Enough Evidence,Not Enough Evidence
P68P6,P68P6_T1,P68P6_T1_4,4,supported,Supported,Supported
P86P5,P86P5_T2,P86P5_T2_5,5,condition_contradicted,Not Supported,Not Supported
P33P2,P33P2_T1,P33P2_T1_5,5,condition_contradicted,Not Supported,Not Supported
P57P8,P57P8_T2,P57P8_T2_5,5,condition_contradicted,Not Supported,Not Supported
P115P5,P115P5_T1,P115P5_T1_1,1,relation_contradicted,Not Supported,Not Supported
P66P4,P66P4_T3,P66P4_T3_3,3,condition_removed,Not Enough Evidence,Not Enough Evidence
P40P7,P40P7_T1,P40P7_T1_1,1,relation_contradicted,Not Supported,Not Supported
P179P4,P179P4_T2,P179P4_T2_4,4,supported,Supported,Not Enough Evidence
P78P7,P78P7_T1,P78P7_T1_3,3,condition_removed,Not Enough Evidence,Not Enough Evidence
P142P2,P142P2_T1,P142P2_T1_1,1,relation_contradicted,Not Supported,Not Supported
P27P1,P27P1_T1,P27P1_T1_5,5,condition_contradicted,Not Supported,Not Supported
P57P10,P57P10_T4,P57P10_T4_2,2,condition_replaced,Not Enough Evidence,Not Enough Evidence
P45P2,P45P2_T1,P45P2_T1_5,5,condition_contradicted,Not Supported,Not Supported
P118P11,P118P11_T1,P118P11_T1_4,4,supported,Supported,Not Supported
P115P8,P115P8_T4,P115P8_T4_2,2,condition_replaced,Not Enough Evidence,Not Enough Evidence
P179P2,P179P2_T1,P179P2_T1_1,1,relation_contradicted,Not Supported,Not Supported
P72P11,P72P11_T3,P72P11_T3_3,3,condition_removed,Not Enough Evidence,Not Enough Evidence
P115P1,P115P1_T1,P115P1_T1_3,3,condition_removed,Not Enough Evidence,Not Enough Evidence
P151P6,P151P6_T1,P151P6_T1_2,2,condition_replaced,Not Enough Evidence,Not Enough Evidence
P20P3,P20P3_T3,P20P3_T3_3,3,condition_removed,Not Enough Evidence,Not Enough Evidence
P142P9,P142P9_T1,P142P9_T1_2,2,condition_replaced,Not Enough Evidence,Not Enough Evidence
P76P8,P76P8_T1,P76P8_T1_2,2,condition_replaced,Not Enough Evidence,Not Enough Evidence
P112P8,P112P8_T5,P112P8_T5_1,1,relation_contradicted,Not Supported,Not Supported
P138P7,P138P7_T1,P138P7_T1_1,1,relation_contradicted,Not Supported,Not Supported
P57P10,P57P10_T4,P57P10_T4_1,1,relation_contradicted,Not Supported,Not Supported
P56P8,P56P8_T3,P56P8_T3_3,3,condition_removed,Not Enough Evidence,Not Enough Evidence
P12PR6,P12PR6_T1,P12PR6_T1_2,2,condition_replaced,Not Enough Evidence,Not Supported
P76P4,P76P4_T1,P76P4_T1_5,5,condition_contradicted,Not Supported,Not Supported
P13P8,P13P8_T3,P13P8_T3_1,1,relation_contradicted,Not Supported,Not Supported
P39P4,P39P4_T1,P39P4_T1_5,5,condition_contradicted,Not Supported,Not Supported
P87P20,P87P20_T2,P87P20_T2_3,3,condition_removed,Not Enough Evidence,Not Enough Evidence
P104P7,P104P7_T1,P104P7_T1_1,1,relation_contradicted,Not Supported,Not Supported
P22P3,P22P3_T3,P22P3_T3_4,4,supported,Supported,Supported
P127P11,P127P11_T1,P127P11_T1_1,1,relation_contradicted,Not Supported,Not Enough Evidence
P127P4,P127P4_T4,P127P4_T4_2,2,condition_replaced,Not Enough Evidence,Not Enough Evidence
P115P8,P115P8_T5,P115P8_T5_5,5,condition_contradicted,Not Supported,Not Supported
P38P3,P38P3_T1,P38P3_T1_5,5,condition_contradicted,Not Supported,Not Supported
P12PR1,P12PR1_T5,P12PR1_T5_2,2,condition_replaced,Not Enough Evidence,Not Supported
P37P8,P37P8_T1,P37P8_T1_2,2,condition_replaced,Not Enough Evidence,Not Enough Evidence
P38P7,P38P7_T2,P38P7_T2_1,1,relation_contradicted,Not Supported,Not Enough Evidence
P59P1,P59P1_T1,P59P1_T1_4,4,supported,Supported,Supported
P149P4,P149P4_T1,P149P4_T1_5,5,condition_contradicted,Not Supported,Not Supported
P40P7,P40P7_T1,P40P7_T1_5,5,condition_contradicted,Not Supported,Not Supported
P154P1,P154P1_T1,P154P1_T1_2,2,condition_replaced,Not Enough Evidence,Not Enough Evidence
P12PR8,P12PR8_T7,P12PR8_T7_2,2,condition_replaced,Not Enough Evidence,Not Supported
P103P1,P103P1_T6,P103P1_T6_2,2,condition_replaced,Not Enough Evidence,Supported
P77P1,P77P1_T6,P77P1_T6_2,2,condition_replaced,Not Enough Evidence,Not Enough Evidence
P57P7,P57P7_T2,P57P7_T2_4,4,supported,Supported,Supported
P38P1,P38P1_T1,P38P1_T1_3,3,condition_removed,Not Enough Evidence,Not Enough Evidence
P12PR3,P12PR3_T1,P12PR3_T1_2,2,condition_replaced,Not Enough Evidence,Not Enough Evidence
P68P4,P68P4_T1,P68P4_T1_4,4,supported,Supported,Supported
P90P13,P90P13_T1,P90P13_T1_4,4,supported,Supported,Supported
P31P4,P31P4_T1,P31P4_T1_3,3,condition_removed,Not Enough Evidence,Not Enough Evidence
P99P15,P99P15_T2,P99P15_T2_5,5,condition_contradicted,Not Supported,Not Supported
P83P7,P83P7_T1,P83P7_T1_2,2,condition_replaced,Not Enough Evidence,Not Supported
P161P4,P161P4_T3,P161P4_T3_3,3,condition_removed,Not Enough Evidence,Not Enough Evidence
P21P10,P21P10_T1,P21P10_T1_4,4,supported,Supported,Supported
P11PR13,P11PR13_T2,P11PR13_T2_5,5,condition_contradicted,Not Supported,Not Supported
P197P5,P197P5_T6,P197P5_T6_2,2,condition_replaced,Not Enough Evidence,Not Enough Evidence
P47P4,P47P4_T1,P47P4_T1_5,5,condition_contradicted,Not Supported,Not Enough Evidence
P178P4,P178P4_T1,P178P4_T1_5,5,condition_contradicted,Not Supported,Not Supported
P48P4,P48P4_T5,P48P4_T5_4,4,supported,Supported,Not Supported
P130P4,P130P4_T1,P130P4_T1_3,3,condition_removed,Not Enough Evidence,Not Enough Evidence
P47P7,P47P7_T1,P47P7_T1_4,4,supported,Supported,Supported
P127P11,P127P11_T2,P127P11_T2_4,4,supported,Supported,Not Enough Evidence
P45P10,P45P10_T1,P45P10_T1_4,4,supported,Supported,Supported
P132P1,P132P1_T2,P132P1_T2_5,5,condition_contradicted,Not Supported,Not Enough Evidence
P103P10,P103P10_T2,P103P10_T2_5,5,condition_contradicted,Not Supported,Not Supported
P72P9,P72P9_T1,P72P9_T1_3,3,condition_removed,Not Enough Evidence,Not Enough Evidence
P196P3,P196P3_T1,P196P3_T1_2,2,condition_replaced,Not Enough Evidence,Not Enough Evidence
P85P7,P85P7_T5,P85P7_T5_4,4,supported,Supported,Not Supported
P113P26,P113P26_T2,P113P26_T2_1,1,relation_contradicted,Not Supported,Not Supported
P87P10,P87P10_T1,P87P10_T1_5,5,condition_contradicted,Not Supported,Not Supported
P65P8,P65P8_T2,P65P8_T2_1,1,relation_contradicted,Not Supported,Not Supported
P62P1,P62P1_T2,P62P1_T2_1,1,relation_contradicted,Not Supported,Not Supported
P193P4,P193P4_T2,P193P4_T2_5,5,condition_contradicted,Not Supported,Not Supported
P127P4,P127P4_T1,P127P4_T1_4,4,supported,Supported,Not Supported
P45P6,P45P6_T3,P45P6_T3_5,5,condition_contradicted,Not Supported,Not Supported
P140P3,P140P3_T1,P140P3_T1_4,4,supported,Supported,Not Supported
P106P2,P106P2_T1,P106P2_T1_4,4,supported,Supported,Supported
P66P1,P66P1_T2,P66P1_T2_1,1,relation_contradicted,Not Supported,Not Supported
P77P1,P77P1_T7,P77P1_T7_5,5,condition_contradicted,Not Supported,Not Enough Evidence
P59P4,P59P4_T3,P59P4_T3_1,1,relation_contradicted,Not Supported,Not Supported
P17P3,P17P3_T1,P17P3_T1_3,3,condition_removed,Not Enough Evidence,Not Enough Evidence
P139P3,P139P3_T4,P139P3_T4_2,2,condition_replaced,Not Enough Evidence,Not Enough Evidence
P113P13,P113P13_T1,P113P13_T1_5,5,condition_contradicted,Not Supported,Not Supported
P125P2,P125P2_T2,P125P2_T2_2,2,condition_replaced,Not Enough Evidence,Not Enough Evidence
P81P1,P81P1_T3,P81P1_T3_1,1,relation_contradicted,Not Supported,Not Supported
P32P1,P32P1_T2,P32P1_T2_5,5,condition_contradicted,Not Supported,Not Supported
P38P7,P38P7_T3,P38P7_T3_3,3,condition_removed,Not Enough Evidence,Not Enough Evidence
P29P10,P29P10_T1,P29P10_T1_2,2,condition_replaced,Not Enough Evidence,Not Enough Evidence
P91P7,P91P7_T1,P91P7_T1_4,4,supported,Supported,Not Supported
P192P2,P192P2_T1,P192P2_T1_4,4,supported,Supported,Supported
P86P19,P86P19_T1,P86P19_T1_1,1,relation_contradicted,Not Supported,Not Enough Evidence
P58P3,P58P3_T1,P58P3_T1_1,1,relation_contradicted,Not Supported,Not Supported
P59P3,P59P3_T2,P59P3_T2_2,2,condition_replaced,Not Enough Evidence,Not Enough Evidence
P138P6,P138P6_T2,P138P6_T2_1,1,relation_contradicted,Not Supported,Not Supported
P32P4,P32P4_T2,P32P4_T2_4,4,supported,Supported,Supported
P104P1,P104P1_T2,P104P1_T2_2,2,condition_replaced,Not Enough Evidence,Not Enough Evidence
P121P1,P121P1_T4,P121P1_T4_2,2,condition_replaced,Not Enough Evidence,Not Enough Evidence
P118P11,P118P11_T2,P118P11_T2_3,3,condition_removed,Not Enough Evidence,Not Enough Evidence
P200P12,P200P12_T3,P200P12_T3_1,1,relation_contradicted,Not Supported,Not Supported
P31P3,P31P3_T1,P31P3_T1_2,2,condition_replaced,Not Enough Evidence,Not Enough Evidence
P93P1,P93P1_T3,P93P1_T3_1,1,relation_contradicted,Not Supported,Not Supported
P54P4,P54P4_T1,P54P4_T1_3,3,condition_removed,Not Enough Evidence,Not Supported
P73P10,P73P10_T1,P73P10_T1_2,2,condition_replaced,Not Enough Evidence,Not Enough Evidence
P77P9,P77P9_T4,P77P9_T4_3,3,condition_removed,Not Enough Evidence,Not Enough Evidence
P45P10,P45P10_T1,P45P10_T1_5,5,condition_contradicted,Not Supported,Not Supported
P30P4,P30P4_T1,P30P4_T1_2,2,condition_replaced,Not Enough Evidence,Not Enough Evidence
P77P1,P77P1_T4,P77P1_T4_4,4,supported,Supported,Supported
P77P4,P77P4_T2,P77P4_T2_3,3,condition_removed,Not Enough Evidence,Not Enough Evidence
P113P11,P113P11_T2,P113P11_T2_1,1,relation_contradicted,Not Supported,Not Supported
P79P3,P79P3_T2,P79P3_T2_3,3,condition_removed,Not Enough Evidence,Not Enough Evidence
P74P10,P74P10_T2,P74P10_T2_5,5,condition_contradicted,Not Supported,Not Supported
P83P3,P83P3_T7,P83P3_T7_5,5,condition_contradicted,Not Supported,Not Supported
P13P6,P13P6_T1,P13P6_T1_2,2,condition_replaced,Not Enough Evidence,Not Enough Evidence
P125P10,P125P10_T1,P125P10_T1_4,4,supported,Supported,Supported
P58P5,P58P5_T2,P58P5_T2_5,5,condition_contradicted,Not Supported,Not Supported
P12PR4,P12PR4_T3,P12PR4_T3_5,5,condition_contradicted,Not Supported,Not Supported
P124P11,P124P11_T2,P124P11_T2_4,4,supported,Supported,Supported
P109P11,P109P11_T1,P109P11_T1_5,5,condition_contradicted,Not Supported,Supported
P41P5,P41P5_T1,P41P5_T1_2,2,condition_replaced,Not Enough Evidence,Not Enough Evidence
P191P1,P191P1_T2,P191P1_T2_1,1,relation_contradicted,Not Supported,Not Supported
P187P4,P187P4_T1,P187P4_T1_1,1,relation_contradicted,Not Supported,Not Supported
P52P1,P52P1_T1,P52P1_T1_2,2,condition_replaced,Not Enough Evidence,Not Enough Evidence
P76P11,P76P11_T3,P76P11_T3_2,2,condition_replaced,Not Enough Evidence,Not Enough Evidence
P197P5,P197P5_T10,P197P5_T10_4,4,supported,Supported,Supported
P103P1,P103P1_T6,P103P1_T6_1,1,relation_contradicted,Not Supported,Not Supported
P173P5,P173P5_T2,P173P5_T2_1,1,relation_contradicted,Not Supported,Not Supported
P95P10,P95P10_T1,P95P10_T1_3,3,condition_removed,Not Enough Evidence,Not Enough Evidence
P22P6,P22P6_T1,P22P6_T1_5,5,condition_contradicted,Not Supported,Not Supported
P127P10,P127P10_T1,P127P10_T1_5,5,condition_contradicted,Not Supported,Not Supported
P38P2,P38P2_T2,P38P2_T2_3,3,condition_removed,Not Enough Evidence,Not Enough Evidence
P170P1,P170P1_T1,P170P1_T1_1,1,relation_contradicted,Not Supported,Not Supported
P59P5,P59P5_T1,P59P5_T1_2,2,condition_replaced,Not Enough Evidence,Not Enough Evidence
P121P2,P121P2_T3,P121P2_T3_3,3,condition_removed,Not Enough Evidence,Not Enough Evidence
P186P3,P186P3_T3,P186P3_T3_3,3,condition_removed,Not Enough Evidence,Not Enough Evidence
P177P7,P177P7_T1,P177P7_T1_2,2,condition_replaced,Not Enough Evidence,Not Enough Evidence
P54P1,P54P1_T3,P54P1_T3_3,3,condition_removed,Not Enough Evidence,Not Supported
P85P7,P85P7_T8,P85P7_T8_3,3,condition_removed,Not Enough Evidence,Not Supported
P38P2,P38P2_T3,P38P2_T3_4,4,supported,Supported,Supported
P186P4,P186P4_T3,P186P4_T3_1,1,relation_contradicted,Not Supported,Not Supported
P54P2,P54P2_T1,P54P2_T1_2,2,condition_replaced,Not Enough Evidence,Not Enough Evidence
P46P4,P46P4_T1,P46P4_T1_3,3,condition_removed,Not Enough Evidence,Not Enough Evidence
P12PR3,P12PR3_T4,P12PR3_T4_4,4,supported,Supported,Supported
P61P4,P61P4_T4,P61P4_T4_5,5,condition_contradicted,Not Supported,Not Supported
P83P4,P83P4_T1,P83P4_T1_3,3,condition_removed,Not Enough Evidence,Not Enough Evidence
P161P1,P161P1_T2,P161P1_T2_1,1,relation_contradicted,Not Supported,Not Supported
P87P11,P87P11_T1,P87P11_T1_4,4,supported,Supported,Supported
P57P7,P57P7_T3,P57P7_T3_1,1,relation_contradicted,Not Supported,Not Supported
P67P1,P67P1_T1,P67P1_T1_4,4,supported,Supported,Supported
P75P12,P75P12_T1,P75P12_T1_2,2,condition_replaced,Not Enough Evidence,Not Enough Evidence
P169P9,P169P9_T1,P169P9_T1_5,5,condition_contradicted,Not Supported,Not Supported
P169P10,P169P10_T1,P169P10_T1_4,4,supported,Supported,Supported
P72P7,P72P7_T3,P72P7_T3_5,5,condition_contradicted,Not Supported,Not Supported
P72P8,P72P8_T4,P72P8_T4_1,1,relation_contradicted,Not Supported,Not Supported
P124P13,P124P13_T3,P124P13_T3_2,2,condition_replaced,Not Enough Evidence,Not Enough Evidence
P93P1,P93P1_T4,P93P1_T4_1,1,relation_contradicted,Not Supported,Not Supported
P91P1,P91P1_T1,P91P1_T1_5,5,condition_contradicted,Not Supported,Not Supported
P55P4,P55P4_T7,P55P4_T7_2,2,condition_replaced,Not Enough Evidence,Not Supported
P66P5,P66P5_T1,P66P5_T1_4,4,supported,Supported,Supported
P134P8,P134P8_T1,P134P8_T1_5,5,condition_contradicted,Not Supported,Not Supported
P161P4,P161P4_T2,P161P4_T2_3,3,condition_removed,Not Enough Evidence,Not Enough Evidence
P58P4,P58P4_T2,P58P4_T2_4,4,supported,Supported,Supported
P20P7,P20P7_T2,P20P7_T2_1,1,relation_contradicted,Not Supported,Not Supported
P19P3,P19P3_T1,P19P3_T1_2,2,condition_replaced,Not Enough Evidence,Not Enough Evidence
P130P18,P130P18_T1,P130P18_T1_2,2,condition_replaced,Not Enough Evidence,Not Enough Evidence
P12PR4,P12PR4_T1,P12PR4_T1_1,1,relation_contradicted,Not Supported,Not Supported
P74P1,P74P1_T2,P74P1_T2_1,1,relation_contradicted,Not Supported,Not Supported
P54P6,P54P6_T2,P54P6_T2_1,1,relation_contradicted,Not Supported,Not Supported
P79P8,P79P8_T2,P79P8_T2_3,3,condition_removed,Not Enough Evidence,Not Enough Evidence
P139P6,P139P6_T3,P139P6_T3_1,1,relation_contradicted,Not Supported,Not Supported
P93P3,P93P3_T3,P93P3_T3_3,3,condition_removed,Not Enough Evidence,Not Enough Evidence
P68P3,P68P3_T1,P68P3_T1_5,5,condition_contradicted,Not Supported,Not Supported
P23P6,P23P6_T1,P23P6_T1_5,5,condition_contradicted,Not Supported,Not Supported
P66P2,P66P2_T1,P66P2_T1_2,2,condition_replaced,Not Enough Evidence,Not Enough Evidence
P182P9,P182P9_T1,P182P9_T1_2,2,condition_replaced,Not Enough Evidence,Not Enough Evidence
P70P9,P70P9_T1,P70P9_T1_2,2,condition_replaced,Not Enough Evidence,Not Enough Evidence
P36P7,P36P7_T4,P36P7_T4_2,2,condition_replaced,Not Enough Evidence,Not Enough Evidence
P66P1,P66P1_T2,P66P1_T2_5,5,condition_contradicted,Not Supported,Not Supported
P35P3,P35P3_T2,P35P3_T2_1,1,relation_contradicted,Not Supported,Not Supported
P85P7,P85P7_T11,P85P7_T11_4,4,supported,Supported,Not Supported
P57P4,P57P4_T1,P57P4_T1_5,5,condition_contradicted,Not Supported,Not Supported
P31P3,P31P3_T2,P31P3_T2_5,5,condition_contradicted,Not Supported,Not Enough Evidence
P55P4,P55P4_T11,P55P4_T11_4,4,supported,Supported,Not Supported
P32P6,P32P6_T1,P32P6_T1_2,2,condition_replaced,Not Enough Evidence,Not Enough Evidence
P192P1,P192P1_T3,P192P1_T3_2,2,condition_replaced,Not Enough Evidence,Not Enough Evidence
P80P1,P80P1_T1,P80P1_T1_2,2,condition_replaced,Not Enough Evidence,Not Enough Evidence
P143P4,P143P4_T1,P143P4_T1_4,4,supported,Supported,Supported
P76P2,P76P2_T3,P76P2_T3_5,5,condition_contradicted,Not Supported,Not Supported
P194P3,P194P3_T2,P194P3_T2_3,3,condition_removed,Not Enough Evidence,Not Enough Evidence
P185P1,P185P1_T4,P185P1_T4_1,1,relation_contradicted,Not Supported,Not Supported
P55P4,P55P4_T9,P55P4_T9_1,1,relation_contradicted,Not Supported,Not Supported
P41P7,P41P7_T1,P41P7_T1_5,5,condition_contradicted,Not Supported,Not Supported
P35P3,P35P3_T3,P35P3_T3_5,5,condition_contradicted,Not Supported,Not Supported
P182P9,P182P9_T1,P182P9_T1_3,3,condition_removed,Not Enough Evidence,Not Enough Evidence
P20P7,P20P7_T3,P20P7_T3_5,5,condition_contradicted,Not Supported,Not Supported
P93P1,P93P1_T2,P93P1_T2_1,1,relation_contradicted,Not Supported,Not Supported
P69P1,P69P1_T2,P69P1_T2_4,4,supported,Supported,Supported
P76P8,P76P8_T3,P76P8_T3_2,2,condition_replaced,Not Enough Evidence,Not Enough Evidence
P118P14,P118P14_T2,P118P14_T2_2,2,condition_replaced,Not Enough Evidence,Not Enough Evidence
P75P12,P75P12_T3,P75P12_T3_1,1,relation_contradicted,Not Supported,Not Supported
P145P7,P145P7_T1,P145P7_T1_4,4,supported,Supported,Not Supported
P87P1,P87P1_T1,P87P1_T1_1,1,relation_contradicted,Not Supported,Not Supported
P58P6,P58P6_T2,P58P6_T2_4,4,supported,Supported,Supported
P91P6,P91P6_T1,P91P6_T1_3,3,condition_removed,Not Enough Evidence,Not Enough Evidence
P163P10,P163P10_T1,P163P10_T1_3,3,condition_removed,Not Enough Evidence,Not Enough Evidence
P127P1,P127P1_T5,P127P1_T5_5,5,condition_contradicted,Not Supported,Not Supported
P194P3,P194P3_T1,P194P3_T1_2,2,condition_replaced,Not Enough Evidence,Not Enough Evidence
P106P2,P106P2_T2,P106P2_T2_2,2,condition_replaced,Not Enough Evidence,Not Enough Evidence
P55P4,P55P4_T8,P55P4_T8_5,5,condition_contradicted,Not Supported,Not Supported
P20P7,P20P7_T1,P20P7_T1_3,3,condition_removed,Not Enough Evidence,Not Enough Evidence
P127P7,P127P7_T4,P127P7_T4_3,3,condition_removed,Not Enough Evidence,Not Enough Evidence
P13P15,P13P15_T3,P13P15_T3_1,1,relation_contradicted,Not Supported,Not Supported
P59P4,P59P4_T7,P59P4_T7_1,1,relation_contradicted,Not Supported,Not Supported
P73P8,P73P8_T1,P73P8_T1_4,4,supported,Supported,Supported
P196P7,P196P7_T1,P196P7_T1_3,3,condition_removed,Not Enough Evidence,Not Enough Evidence
P59P4,P59P4_T6,P59P4_T6_3,3,condition_removed,Not Enough Evidence,Not Enough Evidence
P48P4,P48P4_T4,P48P4_T4_1,1,relation_contradicted,Not Supported,Not Supported
P12PR1,P12PR1_T1,P12PR1_T1_2,2,condition_replaced,Not Enough Evidence,Not Supported
P127P11,P127P11_T1,P127P11_T1_3,3,condition_removed,Not Enough Evidence,Not Enough Evidence
P76P5,P76P5_T1,P76P5_T1_1,1,relation_contradicted,Not Supported,Not Supported
P23P6,P23P6_T4,P23P6_T4_1,1,relation_contradicted,Not Supported,Not Supported
P179P4,P179P4_T1,P179P4_T1_5,5,condition_contradicted,Not Supported,Not Enough Evidence
P46P3,P46P3_T3,P46P3_T3_4,4,supported,Supported,Not Supported
P83P6,P83P6_T1,P83P6_T1_1,1,relation_contradicted,Not Supported,Not Supported
P190P5,P190P5_T1,P190P5_T1_2,2,condition_replaced,Not Enough Evidence,Not Enough Evidence
P151P6,P151P6_T1,P151P6_T1_5,5,condition_contradicted,Not Supported,Not Enough Evidence
P59P3,P59P3_T1,P59P3_T1_2,2,condition_replaced,Not Enough Evidence,Not Enough Evidence
P12PR9,P12PR9_T1,P12PR9_T1_5,5,condition_contradicted,Not Supported,Not Supported
P93P3,P93P3_T5,P93P3_T5_1,1,relation_contradicted,Not Supported,Not Supported
P81P1,P81P1_T1,P81P1_T1_3,3,condition_removed,Not Enough Evidence,Not Enough Evidence
P24P4,P24P4_T3,P24P4_T3_2,2,condition_replaced,Not Enough Evidence,Not Enough Evidence
P105P1,P105P1_T2,P105P1_T2_2,2,condition_replaced,Not Enough Evidence,Not Enough Evidence
P40P8,P40P8_T2,P40P8_T2_5,5,condition_contradicted,Not Supported,Not Supported
P48P3,P48P3_T1,P48P3_T1_5,5,condition_contradicted,Not Supported,Not Supported
P115P1,P115P1_T1,P115P1_T1_2,2,condition_replaced,Not Enough Evidence,Not Enough Evidence
P116P4,P116P4_T1,P116P4_T1_2,2,condition_replaced,Not Enough Evidence,Not Enough Evidence
P20P7,P20P7_T1,P20P7_T1_4,4,supported,Supported,Supported
P16P2,P16P2_T4,P16P2_T4_4,4,supported,Supported,Supported
P11PR3,P11PR3_T1,P11PR3_T1_2,2,condition_replaced,Not Enough Evidence,Not Enough Evidence
P98P8,P98P8_T1,P98P8_T1_2,2,condition_replaced,Not Enough Evidence,Not Enough Evidence
P191P1,P191P1_T1,P191P1_T1_5,5,condition_contradicted,Not Supported,Not Supported
P183P3,P183P3_T2,P183P3_T2_3,3,condition_removed,Not Enough Evidence,Not Enough Evidence
P77P1,P77P1_T1,P77P1_T1_3,3,condition_removed,Not Enough Evidence,Not Enough Evidence
P132P1,P132P1_T2,P132P1_T2_2,2,condition_replaced,Not Enough Evidence,Not Enough Evidence
P66P2,P66P2_T1,P66P2_T1_5,5,condition_contradicted,Not Supported,Not Supported
P16P2,P16P2_T3,P16P2_T3_2,2,condition_replaced,Not Enough Evidence,Not Enough Evidence
P188P1,P188P1_T1,P188P1_T1_2,2,condition_replaced,Not Enough Evidence,Not Enough Evidence
P184P13,P184P13_T1,P184P13_T1_1,1,relation_contradicted,Not Supported,Not Supported
P99P14,P99P14_T3,P99P14_T3_4,4,supported,Supported,Supported
P127P7,P127P7_T1,P127P7_T1_1,1,relation_contradicted,Not Supported,Not Supported
P185P1,P185P1_T4,P185P1_T4_3,3,condition_removed,Not Enough Evidence,Not Enough Evidence
P59P1,P59P1_T1,P59P1_T1_2,2,condition_replaced,Not Enough Evidence,Not Enough Evidence
P77P5,P77P5_T5,P77P5_T5_5,5,condition_contradicted,Not Supported,Not Supported
P48P4,P48P4_T5,P48P4_T5_3,3,condition_removed,Not Enough Evidence,Not Enough Evidence
P87P2,P87P2_T1,P87P2_T1_4,4,supported,Supported,Supported
P113P13,P113P13_T2,P113P13_T2_1,1,relation_contradicted,Not Supported,Not Supported
P57P10,P57P10_T1,P57P10_T1_3,3,condition_removed,Not Enough Evidence,Not Enough Evidence
P76P7,P76P7_T1,P76P7_T1_4,4,supported,Supported,Not Enough Evidence
P81P12,P81P12_T1,P81P12_T1_4,4,supported,Supported,Supported
P50P1,P50P1_T1,P50P1_T1_5,5,condition_contradicted,Not Supported,Not Supported
P81P13,P81P13_T2,P81P13_T2_1,1,relation_contradicted,Not Supported,Not Supported
P50P2,P50P2_T1,P50P2_T1_4,4,supported,Supported,Supported
P197P1,P197P1_T5,P197P1_T5_2,2,condition_replaced,Not Enough Evidence,Not Enough Evidence
P87P15,P87P15_T3,P87P15_T3_2,2,condition_replaced,Not Enough Evidence,Not Enough Evidence
P41P5,P41P5_T1,P41P5_T1_4,4,supported,Supported,Supported
P85P7,P85P7_T6,P85P7_T6_3,3,condition_removed,Not Enough Evidence,Not Supported
P21P8,P21P8_T3,P21P8_T3_2,2,condition_replaced,Not Enough Evidence,Not Enough Evidence
P61P1,P61P1_T3,P61P1_T3_3,3,condition_removed,Not Enough Evidence,Not Enough Evidence
P56P12,P56P12_T1,P56P12_T1_1,1,relation_contradicted,Not Supported,Not Supported
P20P3,P20P3_T1,P20P3_T1_1,1,relation_contradicted,Not Supported,Not Supported
P11PR1,P11PR1_T1,P11PR1_T1_5,5,condition_contradicted,Not Supported,Not Supported
P118P5,P118P5_T1,P118P5_T1_4,4,supported,Supported,Not Supported
P69P1,P69P1_T2,P69P1_T2_2,2,condition_replaced,Not Enough Evidence,Not Enough Evidence
P54P5,P54P5_T1,P54P5_T1_5,5,condition_contradicted,Not Supported,Not Supported
P200P4,P200P4_T1,P200P4_T1_4,4,supported,Supported,Supported
P94P3,P94P3_T2,P94P3_T2_4,4,supported,Supported,Supported
P98P8,P98P8_T2,P98P8_T2_4,4,supported,Supported,Supported
P56P11,P56P11_T1,P56P11_T1_5,5,condition_contradicted,Not Supported,Not Supported
P62P1,P62P1_T3,P62P1_T3_3,3,condition_removed,Not Enough Evidence,Not Enough Evidence
P18P5,P18P5_T2,P18P5_T2_5,5,condition_contradicted,Not Supported,Not Supported
P32P6,P32P6_T1,P32P6_T1_4,4,supported,Supported,Supported
P124P14,P124P14_T2,P124P14_T2_2,2,condition_replaced,Not Enough Evidence,Not Enough Evidence
P11PR11,P11PR11_T1,P11PR11_T1_1,1,relation_contradicted,Not Supported,Supported
P40P8,P40P8_T2,P40P8_T2_1,1,relation_contradicted,Not Supported,Not Supported
P127P4,P127P4_T3,P127P4_T3_3,3,condition_removed,Not Enough Evidence,Not Enough Evidence
P77P4,P77P4_T2,P77P4_T2_2,2,condition_replaced,Not Enough Evidence,Not Enough Evidence
P24P4,P24P4_T2,P24P4_T2_1,1,relation_contradicted,Not Supported,Not Supported
P88P10,P88P10_T2,P88P10_T2_5,5,condition_contradicted,Not Supported,Not Supported
P90P10,P90P10_T2,P90P10_T2_1,1,relation_contradicted,Not Supported,Not Supported
P46P2,P46P2_T1,P46P2_T1_2,2,condition_replaced,Not Enough Evidence,Not Enough Evidence
P106P2,P106P2_T2,P106P2_T2_5,5,condition_contradicted,Not Supported,Not Supported
P19P3,P19P3_T2,P19P3_T2_5,5,condition_contradicted,Not Supported,Not Supported
P84P4,P84P4_T2,P84P4_T2_2,2,condition_replaced,Not Enough Evidence,Not Enough Evidence
P181P5,P181P5_T1,P181P5_T1_5,5,condition_contradicted,Not Supported,Not Supported
P112P8,P112P8_T1,P112P8_T1_2,2,condition_replaced,Not Enough Evidence,Not Supported
P96P14,P96P14_T1,P96P14_T1_1,1,relation_contradicted,Not Supported,Not Supported
P40P8,P40P8_T2,P40P8_T2_2,2,condition_replaced,Not Enough Evidence,Not Enough Evidence
P127P4,P127P4_T5,P127P4_T5_5,5,condition_contradicted,Not Supported,Not Supported
P77P6,P77P6_T1,P77P6_T1_5,5,condition_contradicted,Not Supported,Not Enough Evidence
P102P2,P102P2_T1,P102P2_T1_4,4,supported,Supported,Supported
P127P7,P127P7_T4,P127P7_T4_5,5,condition_contradicted,Not Supported,Not Supported
P183P3,P183P3_T4,P183P3_T4_2,2,condition_replaced,Not Enough Evidence,Not Enough Evidence
P116P2,P116P2_T1,P116P2_T1_1,1,relation_contradicted,Not Supported,Not Supported
P127P15,P127P15_T2,P127P15_T2_2,2,condition_replaced,Not Enough Evidence,Not Enough Evidence
P196P7,P196P7_T1,P196P7_T1_2,2,condition_replaced,Not Enough Evidence,Not Enough Evidence
P75P12,P75P12_T2,P75P12_T2_5,5,condition_contradicted,Not Supported,Not Supported
P58P6,P58P6_T2,P58P6_T2_3,3,condition_removed,Not Enough Evidence,Not Enough Evidence
P153P1,P153P1_T1,P153P1_T1_5,5,condition_contradicted,Not Supported,Not Supported
P96P3,P96P3_T2,P96P3_T2_5,5,condition_contradicted,Not Supported,Not Enough Evidence
P77P4,P77P4_T1,P77P4_T1_3,3,condition_removed,Not Enough Evidence,Not Enough Evidence
P133P3,P133P3_T1,P133P3_T1_3,3,condition_removed,Not Enough Evidence,Not Enough Evidence
P35P6,P35P6_T1,P35P6_T1_3,3,condition_removed,Not Enough Evidence,Not Enough Evidence
P12PR4,P12PR4_T1,P12PR4_T1_4,4,supported,Supported,Not Supported
P77P1,P77P1_T7,P77P1_T7_4,4,supported,Supported,Supported
P77P5,P77P5_T4,P77P5_T4_1,1,relation_contradicted,Not Supported,Not Supported
P127P6,P127P6_T3,P127P6_T3_4,4,supported,Supported,Supported
P56P9,P56P9_T2,P56P9_T2_3,3,condition_removed,Not Enough Evidence,Not Enough Evidence
P26P3,P26P3_T1,P26P3_T1_2,2,condition_replaced,Not Enough Evidence,Not Enough Evidence
P40P8,P40P8_T3,P40P8_T3_4,4,supported,Supported,Supported
P200P12,P200P12_T1,P200P12_T1_4,4,supported,Supported,Supported
P135P7,P135P7_T1,P135P7_T1_2,2,condition_replaced,Not Enough Evidence,Not Enough Evidence
P61P2,P61P2_T1,P61P2_T1_3,3,condition_removed,Not Enough Evidence,Not Enough Evidence
P81P6,P81P6_T1,P81P6_T1_1,1,relation_contradicted,Not Supported,Not Supported
P31P2,P31P2_T1,P31P2_T1_5,5,condition_contradicted,Not Supported,Not Enough Evidence
P139P3,P139P3_T3,P139P3_T3_1,1,relation_contradicted,Not Supported,Not Supported
P118P5,P118P5_T3,P118P5_T3_4,4,supported,Supported,Supported
P190P8,P190P8_T1,P190P8_T1_4,4,supported,Supported,Supported
P103P1,P103P1_T2,P103P1_T2_5,5,condition_contradicted,Not Supported,Supported
P29P10,P29P10_T3,P29P10_T3_3,3,condition_removed,Not Enough Evidence,Not Enough Evidence
P57P7,P57P7_T5,P57P7_T5_4,4,supported,Supported,Not Supported
P36P7,P36P7_T3,P36P7_T3_1,1,relation_contradicted,Not Supported,Not Supported
P69P5,P69P5_T1,P69P5_T1_4,4,supported,Supported,Supported
P142P9,P142P9_T1,P142P9_T1_1,1,relation_contradicted,Not Supported,Not Supported
P58P1,P58P1_T4,P58P1_T4_5,5,condition_contradicted,Not Supported,Not Supported
P113P11,P113P11_T1,P113P11_T1_1,1,relation_contradicted,Not Supported,Not Supported
P123P7,P123P7_T2,P123P7_T2_4,4,supported,Supported,Supported
P113P16,P113P16_T1,P113P16_T1_1,1,relation_contradicted,Not Supported,Not Supported
P138P7,P138P7_T1,P138P7_T1_3,3,condition_removed,Not Enough Evidence,Not Enough Evidence
P81P6,P81P6_T1,P81P6_T1_2,2,condition_replaced,Not Enough Evidence,Not Enough Evidence
P104P2,P104P2_T5,P104P2_T5_5,5,condition_contradicted,Not Supported,Not Supported
P76P11,P76P11_T3,P76P11_T3_1,1,relation_contradicted,Not Supported,Not Supported
P118P5,P118P5_T4,P118P5_T4_5,5,condition_contradicted,Not Supported,Not Supported
P147P6,P147P6_T3,P147P6_T3_5,5,condition_contradicted,Not Supported,Not Supported
P185P6,P185P6_T2,P185P6_T2_2,2,condition_replaced,Not Enough Evidence,Not Enough Evidence
P70P7,P70P7_T1,P70P7_T1_3,3,condition_removed,Not Enough Evidence,Not Enough Evidence
P128P8,P128P8_T1,P128P8_T1_1,1,relation_contradicted,Not Supported,Not Supported
P77P1,P77P1_T7,P77P1_T7_1,1,relation_contradicted,Not Supported,Not Supported
P106P2,P106P2_T1,P106P2_T1_3,3,condition_removed,Not Enough Evidence,Not Enough Evidence
P31P5,P31P5_T1,P31P5_T1_5,5,condition_contradicted,Not Supported,Not Supported
P12PR8,P12PR8_T2,P12PR8_T2_3,3,condition_removed,Not Enough Evidence,Not Supported
P118P14,P118P14_T1,P118P14_T1_5,5,condition_contradicted,Not Supported,Not Supported
P27P3,P27P3_T1,P27P3_T1_4,4,supported,Supported,Supported
P184P13,P184P13_T1,P184P13_T1_3,3,condition_removed,Not Enough Evidence,Not Enough Evidence
P39P6,P39P6_T1,P39P6_T1_4,4,supported,Supported,Supported
P61P4,P61P4_T3,P61P4_T3_3,3,condition_removed,Not Enough Evidence,Not Enough Evidence
P130P6,P130P6_T1,P130P6_T1_4,4,supported,Supported,Supported
P113P28,P113P28_T1,P113P28_T1_2,2,condition_replaced,Not Enough Evidence,Not Enough Evidence
P70P6,P70P6_T1,P70P6_T1_2,2,condition_replaced,Not Enough Evidence,Not Enough Evidence
P175P3,P175P3_T1,P175P3_T1_3,3,condition_removed,Not Enough Evidence,Not Enough Evidence
P128P5,P128P5_T4,P128P5_T4_3,3,condition_removed,Not Enough Evidence,Not Enough Evidence
P13P8,P13P8_T4,P13P8_T4_5,5,condition_contradicted,Not Supported,Not Supported
P37P5,P37P5_T2,P37P5_T2_4,4,supported,Supported,Not Supported
P200P9,P200P9_T1,P200P9_T1_1,1,relation_contradicted,Not Supported,Not Supported
P13P6,P13P6_T2,P13P6_T2_4,4,supported,Supported,Supported
P31P2,P31P2_T2,P31P2_T2_3,3,condition_removed,Not Enough Evidence,Not Enough Evidence
P11PR1,P11PR1_T1,P11PR1_T1_2,2,condition_replaced,Not Enough Evidence,Not Enough Evidence
P101P7,P101P7_T1,P101P7_T1_4,4,supported,Supported,Not Supported
P15P3,P15P3_T1,P15P3_T1_3,3,condition_removed,Not Enough Evidence,Not Enough Evidence
P125P14,P125P14_T2,P125P14_T2_3,3,condition_removed,Not Enough Evidence,Not Enough Evidence
P125P2,P125P2_T1,P125P2_T1_1,1,relation_contradicted,Not Supported,Not Supported
P131P1,P131P1_T4,P131P1_T4_3,3,condition_removed,Not Enough Evidence,Not Enough Evidence
P115P10,P115P10_T1,P115P10_T1_5,5,condition_contradicted,Not Supported,Not Supported
P70P12,P70P12_T1,P70P12_T1_1,1,relation_contradicted,Not Supported,Not Supported
P73P4,P73P4_T1,P73P4_T1_3,3,condition_removed,Not Enough Evidence,Not Enough Evidence
P70P8,P70P8_T3,P70P8_T3_1,1,relation_contradicted,Not Supported,Not Supported
P83P4,P83P4_T1,P83P4_T1_5,5,condition_contradicted,Not Supported,Not Supported
P48P4,P48P4_T2,P48P4_T2_4,4,supported,Supported,Not Supported
P184P14,P184P14_T3,P184P14_T3_4,4,supported,Supported,Supported
P11PR13,P11PR13_T3,P11PR13_T3_1,1,relation_contradicted,Not Supported,Not Supported
P20P4,P20P4_T2,P20P4_T2_5,5,condition_contradicted,Not Supported,Not Supported
P83P6,P83P6_T1,P83P6_T1_5,5,condition_contradicted,Not Supported,Not Supported
P139P4,P139P4_T1,P139P4_T1_4,4,supported,Supported,Supported
P62P1,P62P1_T1,P62P1_T1_4,4,supported,Supported,Not Supported
P154P18,P154P18_T1,P154P18_T1_2,2,condition_replaced,Not Enough Evidence,Not Enough Evidence
P106P10,P106P10_T2,P106P10_T2_2,2,condition_replaced,Not Enough Evidence,Not Enough Evidence
P12PR11,P12PR11_T1,P12PR11_T1_2,2,condition_replaced,Not Enough Evidence,Not Enough Evidence
P31P5,P31P5_T2,P31P5_T2_5,5,condition_contradicted,Not Supported,Not Supported
P61P4,P61P4_T1,P61P4_T1_1,1,relation_contradicted,Not Supported,Not Supported
P139P4,P139P4_T1,P139P4_T1_1,1,relation_contradicted,Not Supported,Not Supported
P127P15,P127P15_T2,P127P15_T2_3,3,condition_removed,Not Enough Evidence,Not Enough Evidence
P12PR3,P12PR3_T2,P12PR3_T2_4,4,supported,Supported,Supported
P46P2,P46P2_T1,P46P2_T1_3,3,condition_removed,Not Enough Evidence,Not Enough Evidence
P121P4,P121P4_T1,P121P4_T1_4,4,supported,Supported,Supported
P130P4,P130P4_T1,P130P4_T1_2,2,condition_replaced,Not Enough Evidence,Not Enough Evidence
P13P14,P13P14_T1,P13P14_T1_2,2,condition_replaced,Not Enough Evidence,Not Enough Evidence
P83P2,P83P2_T4,P83P2_T4_3,3,condition_removed,Not Enough Evidence,Not Enough Evidence
P197P1,P197P1_T4,P197P1_T4_2,2,condition_replaced,Not Enough Evidence,Not Enough Evidence
P77P5,P77P5_T7,P77P5_T7_1,1,relation_contradicted,Not Supported,Not Supported
P111P8,P111P8_T5,P111P8_T5_3,3,condition_removed,Not Enough Evidence,Not Supported
P103P4,P103P4_T1,P103P4_T1_2,2,condition_replaced,Not Enough Evidence,Not Enough Evidence
P70P13,P70P13_T1,P70P13_T1_4,4,supported,Supported,Supported
P84P4,P84P4_T2,P84P4_T2_5,5,condition_contradicted,Not Supported,Not Supported
P69P1,P69P1_T2,P69P1_T2_1,1,relation_contradicted,Not Supported,Not Supported
P74P2,P74P2_T1,P74P2_T1_4,4,supported,Supported,Supported
P18P9,P18P9_T1,P18P9_T1_5,5,condition_contradicted,Not Supported,Not Supported
P35P9,P35P9_T1,P35P9_T1_1,1,relation_contradicted,Not Supported,Not Supported
P84P3,P84P3_T2,P84P3_T2_1,1,relation_contradicted,Not Supported,Supported
P57P1,P57P1_T1,P57P1_T1_4,4,supported,Supported,Supported
P13P8,P13P8_T2,P13P8_T2_1,1,relation_contradicted,Not Supported,Not Supported
P102P10,P102P10_T3,P102P10_T3_5,5,condition_contradicted,Not Supported,Not Supported
P121P1,P121P1_T3,P121P1_T3_4,4,supported,Supported,Supported
P38P7,P38P7_T3,P38P7_T3_4,4,supported,Supported,Supported
P117P9,P117P9_T1,P117P9_T1_5,5,condition_contradicted,Not Supported,Not Supported
P77P5,P77P5_T6,P77P5_T6_1,1,relation_contradicted,Not Supported,Not Supported
P139P3,P139P3_T2,P139P3_T2_2,2,condition_replaced,Not Enough Evidence,Not Enough Evidence
P25P4,P25P4_T2,P25P4_T2_3,3,condition_removed,Not Enough Evidence,Not Enough Evidence
P117P6,P117P6_T1,P117P6_T1_2,2,condition_replaced,Not Enough Evidence,Not Enough Evidence
P17P10,P17P10_T2,P17P10_T2_1,1,relation_contradicted,Not Supported,Not Supported
P68P6,P68P6_T2,P68P6_T2_5,5,condition_contradicted,Not Supported,Not Supported
P54P6,P54P6_T3,P54P6_T3_4,4,supported,Supported,Supported
P156P4,P156P4_T3,P156P4_T3_1,1,relation_contradicted,Not Supported,Not Supported
P94P3,P94P3_T1,P94P3_T1_4,4,supported,Supported,Supported
P193P2,P193P2_T1,P193P2_T1_5,5,condition_contradicted,Not Supported,Not Enough Evidence
P181P5,P181P5_T2,P181P5_T2_1,1,relation_contradicted,Not Supported,Not Supported
P59P1,P59P1_T3,P59P1_T3_5,5,condition_contradicted,Not Supported,Not Supported
P102P5,P102P5_T1,P102P5_T1_5,5,condition_contradicted,Not Supported,Not Enough Evidence
P83P7,P83P7_T2,P83P7_T2_5,5,condition_contradicted,Not Supported,Not Enough Evidence
P12PR8,P12PR8_T6,P12PR8_T6_5,5,condition_contradicted,Not Supported,Not Supported
P117P10,P117P10_T1,P117P10_T1_5,5,condition_contradicted,Not Supported,Not Supported
P115P10,P115P10_T2,P115P10_T2_3,3,condition_removed,Not Enough Evidence,Not Enough Evidence
P72P6,P72P6_T2,P72P6_T2_5,5,condition_contradicted,Not Supported,Not Supported
P185P6,P185P6_T1,P185P6_T1_5,5,condition_contradicted,Not Supported,Not Supported
P61P2,P61P2_T1,P61P2_T1_5,5,condition_contradicted,Not Supported,Not Supported
P86P4,P86P4_T1,P86P4_T1_2,2,condition_replaced,Not Enough Evidence,Not Enough Evidence
P173P6,P173P6_T1,P173P6_T1_3,3,condition_removed,Not Enough Evidence,Not Enough Evidence
P91P7,P91P7_T7,P91P7_T7_4,4,supported,Supported,Supported
P34P2,P34P2_T1,P34P2_T1_1,1,relation_contradicted,Not Supported,Not Supported
P139P3,P139P3_T2,P139P3_T2_4,4,supported,Supported,Supported
P27P2,P27P2_T1,P27P2_T1_2,2,condition_replaced,Not Enough Evidence,Not Enough Evidence
P116P4,P116P4_T2,P116P4_T2_5,5,condition_contradicted,Not Supported,Not Supported
P115P8,P115P8_T3,P115P8_T3_4,4,supported,Supported,Supported
P18P10,P18P10_T1,P18P10_T1_4,4,supported,Supported,Supported
P91P14,P91P14_T1,P91P14_T1_4,4,supported,Supported,Not Supported
P17P10,P17P10_T1,P17P10_T1_1,1,relation_contradicted,Not Supported,Not Supported
P148P5,P148P5_T2,P148P5_T2_5,5,condition_contradicted,Not Supported,Not Supported
P125P14,P125P14_T1,P125P14_T1_2,2,condition_replaced,Not Enough Evidence,Not Enough Evidence
P74P4,P74P4_T1,P74P4_T1_2,2,condition_replaced,Not Enough Evidence,Not Supported
P102P10,P102P10_T1,P102P10_T1_5,5,condition_contradicted,Not Supported,Not Supported
P56P2,P56P2_T1,P56P2_T1_4,4,supported,Supported,Supported
P85P9,P85P9_T1,P85P9_T1_3,3,condition_removed,Not Enough Evidence,Not Enough Evidence
P88P17,P88P17_T1,P88P17_T1_4,4,supported,Supported,Supported
P19P4,P19P4_T2,P19P4_T2_3,3,condition_removed,Not Enough Evidence,Not Enough Evidence
P49P8,P49P8_T1,P49P8_T1_4,4,supported,Supported,Supported
P117P7,P117P7_T1,P117P7_T1_3,3,condition_removed,Not Enough Evidence,Not Enough Evidence
P77P1,P77P1_T1,P77P1_T1_4,4,supported,Supported,Supported
P73P8,P73P8_T1,P73P8_T1_3,3,condition_removed,Not Enough Evidence,Not Enough Evidence
P59P4,P59P4_T6,P59P4_T6_5,5,condition_contradicted,Not Supported,Not Supported
P77P9,P77P9_T4,P77P9_T4_1,1,relation_contradicted,Not Supported,Not Supported
P62P2,P62P2_T1,P62P2_T1_3,3,condition_removed,Not Enough Evidence,Not Enough Evidence
P179P2,P179P2_T1,P179P2_T1_2,2,condition_replaced,Not Enough Evidence,Supported
P197P5,P197P5_T8,P197P5_T8_1,1,relation_contradicted,Not Supported,Not Supported
P116P2,P116P2_T1,P116P2_T1_5,5,condition_contradicted,Not Supported,Not Supported
P13P15,P13P15_T3,P13P15_T3_5,5,condition_contradicted,Not Supported,Not Supported
P68P3,P68P3_T1,P68P3_T1_4,4,supported,Supported,Supported
P72P3,P72P3_T2,P72P3_T2_3,3,condition_removed,Not Enough Evidence,Not Enough Evidence
P103P1,P103P1_T1,P103P1_T1_5,5,condition_contradicted,Not Supported,Supported
P72P7,P72P7_T3,P72P7_T3_3,3,condition_removed,Not Enough Evidence,Not Enough Evidence
P21P8,P21P8_T1,P21P8_T1_4,4,supported,Supported,Not Enough Evidence
P27P3,P27P3_T2,P27P3_T2_1,1,relation_contradicted,Not Supported,Not Supported
P81P7,P81P7_T3,P81P7_T3_1,1,relation_contradicted,Not Supported,Not Supported
P115P10,P115P10_T2,P115P10_T2_2,2,condition_replaced,Not Enough Evidence,Not Enough Evidence
P179P3,P179P3_T1,P179P3_T1_5,5,condition_contradicted,Not Supported,Not Supported
P168P1,P168P1_T3,P168P1_T3_1,1,relation_contradicted,Not Supported,Not Supported
P173P1,P173P1_T2,P173P1_T2_3,3,condition_removed,Not Enough Evidence,Not Enough Evidence
P188P6,P188P6_T1,P188P6_T1_3,3,condition_removed,Not Enough Evidence,Not Enough Evidence
P76P7,P76P7_T1,P76P7_T1_5,5,condition_contradicted,Not Supported,Not Supported
P103P7,P103P7_T2,P103P7_T2_2,2,condition_replaced,Not Enough Evidence,Not Enough Evidence
P65P3,P65P3_T1,P65P3_T1_3,3,condition_removed,Not Enough Evidence,Not Enough Evidence
P138P6,P138P6_T1,P138P6_T1_1,1,relation_contradicted,Not Supported,Not Supported
P25P4,P25P4_T1,P25P4_T1_5,5,condition_contradicted,Not Supported,Not Supported
P35P3,P35P3_T1,P35P3_T1_2,2,condition_replaced,Not Enough Evidence,Not Enough Evidence
P59P4,P59P4_T5,P59P4_T5_3,3,condition_removed,Not Enough Evidence,Not Enough Evidence
P77P9,P77P9_T1,P77P9_T1_1,1,relation_contradicted,Not Supported,Not Supported
P102P10,P102P10_T2,P102P10_T2_1,1,relation_contradicted,Not Supported,Not Supported
P83P1,P83P1_T1,P83P1_T1_1,1,relation_contradicted,Not Supported,Not Supported
P68P6,P68P6_T2,P68P6_T2_2,2,condition_replaced,Not Enough Evidence,Not Enough Evidence
P88P10,P88P10_T3,P88P10_T3_2,2,condition_replaced,Not Enough Evidence,Not Enough Evidence
P101P7,P101P7_T2,P101P7_T2_4,4,supported,Supported,Not Supported
P81P6,P81P6_T2,P81P6_T2_5,5,condition_contradicted,Not Supported,Not Supported
P127P11,P127P11_T2,P127P11_T2_5,5,condition_contradicted,Not Supported,Not Enough Evidence
P173P5,P173P5_T2,P173P5_T2_3,3,condition_removed,Not Enough Evidence,Not Enough Evidence
P12PR8,P12PR8_T6,P12PR8_T6_1,1,relation_contradicted,Not Supported,Not Supported
P85P6,P85P6_T1,P85P6_T1_4,4,supported,Supported,Supported
P124P3,P124P3_T1,P124P3_T1_5,5,condition_contradicted,Not Supported,Not Supported
P77P9,P77P9_T2,P77P9_T2_5,5,condition_contradicted,Not Supported,Not Supported
P39P6,P39P6_T2,P39P6_T2_1,1,relation_contradicted,Not Supported,Not Enough Evidence
P77P1,P77P1_T6,P77P1_T6_4,4,supported,Supported,Supported
P124P10,P124P10_T1,P124P10_T1_4,4,supported,Supported,Supported
P193P4,P193P4_T3,P193P4_T3_4,4,supported,Supported,Supported
P77P5,P77P5_T4,P77P5_T4_3,3,condition_removed,Not Enough Evidence,Not Enough Evidence
P134P6,P134P6_T1,P134P6_T1_1,1,relation_contradicted,Not Supported,Not Supported
P163P13,P163P13_T1,P163P13_T1_1,1,relation_contradicted,Not Supported,Not Supported
P138P6,P138P6_T1,P138P6_T1_4,4,supported,Supported,Supported
P185P5,P185P5_T1,P185P5_T1_3,3,condition_removed,Not Enough Evidence,Not Enough Evidence
P44P6,P44P6_T1,P44P6_T1_4,4,supported,Supported,Not Supported
P13P7,P13P7_T1,P13P7_T1_1,1,relation_contradicted,Not Supported,Not Supported
P197P1,P197P1_T4,P197P1_T4_5,5,condition_contradicted,Not Supported,Not Supported
P116P9,P116P9_T1,P116P9_T1_3,3,condition_removed,Not Enough Evidence,Not Enough Evidence
P30P4,P30P4_T1,P30P4_T1_3,3,condition_removed,Not Enough Evidence,Not Enough Evidence
P84P3,P84P3_T1,P84P3_T1_5,5,condition_contradicted,Not Supported,Not Supported
P27P4,P27P4_T2,P27P4_T2_4,4,supported,Supported,Supported
P87P20,P87P20_T2,P87P20_T2_4,4,supported,Supported,Supported
P197P1,P197P1_T4,P197P1_T4_4,4,supported,Supported,Supported
P13P15,P13P15_T2,P13P15_T2_4,4,supported,Supported,Supported
P111P8,P111P8_T2,P111P8_T2_3,3,condition_removed,Not Enough Evidence,Not Supported
P57P4,P57P4_T1,P57P4_T1_3,3,condition_removed,Not Enough Evidence,Not Enough Evidence
P82P2,P82P2_T2,P82P2_T2_1,1,relation_contradicted,Not Supported,Not Supported
P86P5,P86P5_T2,P86P5_T2_3,3,condition_removed,Not Enough Evidence,Not Enough Evidence
P16P2,P16P2_T1,P16P2_T1_5,5,condition_contradicted,Not Supported,Not Enough Evidence
P124P13,P124P13_T1,P124P13_T1_3,3,condition_removed,Not Enough Evidence,Not Enough Evidence
P56P4,P56P4_T2,P56P4_T2_3,3,condition_removed,Not Enough Evidence,Not Enough Evidence
P66P1,P66P1_T6,P66P1_T6_3,3,condition_removed,Not Enough Evidence,Not Enough Evidence
P39P9,P39P9_T6,P39P9_T6_1,1,relation_contradicted,Not Supported,Not Enough Evidence
P39P9,P39P9_T5,P39P9_T5_3,3,condition_removed,Not Enough Evidence,Not Enough Evidence
P77P1,P77P1_T2,P77P1_T2_4,4,supported,Supported,Supported
P182P9,P182P9_T1,P182P9_T1_1,1,relation_contradicted,Not Supported,Not Supported
P130P6,P130P6_T1,P130P6_T1_2,2,condition_replaced,Not Enough Evidence,Not Enough Evidence
P37P7,P37P7_T1,P37P7_T1_1,1,relation_contradicted,Not Supported,Not Supported
P79P5,P79P5_T1,P79P5_T1_5,5,condition_contradicted,Not Supported,Not Supported
P70P4,P70P4_T2,P70P4_T2_5,5,condition_contradicted,Not Supported,Not Supported
P54P6,P54P6_T2,P54P6_T2_3,3,condition_removed,Not Enough Evidence,Not Enough Evidence
P128P1,P128P1_T1,P128P1_T1_3,3,condition_removed,Not Enough Evidence,Not Supported
P95P3,P95P3_T1,P95P3_T1_5,5,condition_contradicted,Not Supported,Not Enough Evidence
P121P1,P121P1_T2,P121P1_T2_5,5,condition_contradicted,Not Supported,Not Enough Evidence
P127P4,P127P4_T4,P127P4_T4_5,5,condition_contradicted,Not Supported,Not Supported
P195P6,P195P6_T2,P195P6_T2_1,1,relation_contradicted,Not Supported,Not Supported
P187P3,P187P3_T1,P187P3_T1_1,1,relation_contradicted,Not Supported,Not Supported
P172P3,P172P3_T1,P172P3_T1_5,5,condition_contradicted,Not Supported,Not Supported
P35P3,P35P3_T1,P35P3_T1_5,5,condition_contradicted,Not Supported,Not Supported
P86P8,P86P8_T1,P86P8_T1_1,1,relation_contradicted,Not Supported,Not Supported
P15P1,P15P1_T4,P15P1_T4_4,4,supported,Supported,Not Supported
P139P1,P139P1_T1,P139P1_T1_4,4,supported,Supported,Supported
P83P8,P83P8_T2,P83P8_T2_1,1,relation_contradicted,Not Supported,Not Supported
P104P1,P104P1_T2,P104P1_T2_4,4,supported,Supported,Supported
P186P4,P186P4_T5,P186P4_T5_1,1,relation_contradicted,Not Supported,Not Supported
P84P4,P84P4_T1,P84P4_T1_4,4,supported,Supported,Supported
P105P7,P105P7_T1,P105P7_T1_1,1,relation_contradicted,Not Supported,Not Supported
P139P3,P139P3_T3,P139P3_T3_3,3,condition_removed,Not Enough Evidence,Not Enough Evidence
P73P9,P73P9_T1,P73P9_T1_1,1,relation_contradicted,Not Supported,Not Supported
P125P10,P125P10_T1,P125P10_T1_1,1,relation_contradicted,Not Supported,Not Supported
P61P3,P61P3_T2,P61P3_T2_5,5,condition_contradicted,Not Supported,Not Supported
P33P2,P33P2_T1,P33P2_T1_3,3,condition_removed,Not Enough Evidence,Not Enough Evidence
P108P11,P108P11_T1,P108P11_T1_2,2,condition_replaced,Not Enough Evidence,Not Enough Evidence
P127P7,P127P7_T1,P127P7_T1_5,5,condition_contradicted,Not Supported,Not Supported
P58P1,P58P1_T4,P58P1_T4_2,2,condition_replaced,Not Enough Evidence,Not Enough Evidence
P35P3,P35P3_T1,P35P3_T1_4,4,supported,Supported,Supported
P82P10,P82P10_T3,P82P10_T3_5,5,condition_contradicted,Not Supported,Not Enough Evidence
P84P5,P84P5_T3,P84P5_T3_5,5,condition_contradicted,Not Supported,Not Supported
P117P7,P117P7_T1,P117P7_T1_2,2,condition_replaced,Not Enough Evidence,Not Enough Evidence
P13P15,P13P15_T2,P13P15_T2_5,5,condition_contradicted,Not Supported,Not Enough Evidence
P90P1,P90P1_T1,P90P1_T1_5,5,condition_contradicted,Not Supported,Not Supported
P104P8,P104P8_T1,P104P8_T1_1,1,relation_contradicted,Not Supported,Not Supported
P75P2,P75P2_T1,P75P2_T1_4,4,supported,Supported,Supported
P31P3,P31P3_T1,P31P3_T1_4,4,supported,Supported,Supported
P77P9,P77P9_T2,P77P9_T2_3,3,condition_removed,Not Enough Evidence,Not Enough Evidence
P36P3,P36P3_T1,P36P3_T1_5,5,condition_contradicted,Not Supported,Not Supported
P127P11,P127P11_T3,P127P11_T3_3,3,condition_removed,Not Enough Evidence,Not Enough Evidence
P70P12,P70P12_T2,P70P12_T2_5,5,condition_contradicted,Not Supported,Not Supported
P59P1,P59P1_T2,P59P1_T2_5,5,condition_contradicted,Not Supported,Not Supported
P79P10,P79P10_T2,P79P10_T2_1,1,relation_contradicted,Not Supported,Not Supported
P91P7,P91P7_T2,P91P7_T2_4,4,supported,Supported,Not Supported
P87P22,P87P22_T2,P87P22_T2_5,5,condition_contradicted,Not Supported,Supported
P147P6,P147P6_T1,P147P6_T1_2,2,condition_replaced,Not Enough Evidence,Not Enough Evidence
P186P3,P186P3_T1,P186P3_T1_4,4,supported,Supported,Supported
P91P7,P91P7_T2,P91P7_T2_2,2,condition_replaced,Not Enough Evidence,Not Enough Evidence
P99P15,P99P15_T1,P99P15_T1_4,4,supported,Supported,Supported
P86P5,P86P5_T1,P86P5_T1_2,2,condition_replaced,Not Enough Evidence,Not Enough Evidence
P59P1,P59P1_T3,P59P1_T3_4,4,supported,Supported,Supported
P11PR7,P11PR7_T1,P11PR7_T1_3,3,condition_removed,Not Enough Evidence,Not Enough Evidence
P125P10,P125P10_T3,P125P10_T3_4,4,supported,Supported,Supported
P172P3,P172P3_T2,P172P3_T2_5,5,condition_contradicted,Not Supported,Not Supported
P197P3,P197P3_T4,P197P3_T4_4,4,supported,Supported,Supported
P37P5,P37P5_T1,P37P5_T1_3,3,condition_removed,Not Enough Evidence,Not Enough Evidence
P22P5,P22P5_T1,P22P5_T1_4,4,supported,Supported,Not Supported
P157P3,P157P3_T1,P157P3_T1_4,4,supported,Supported,Not Supported
P140P3,P140P3_T2,P140P3_T2_3,3,condition_removed,Not Enough Evidence,Not Enough Evidence
P67P7,P67P7_T1,P67P7_T1_4,4,supported,Supported,Supported
P83P2,P83P2_T2,P83P2_T2_2,2,condition_replaced,Not Enough Evidence,Not Enough Evidence
P76P11,P76P11_T1,P76P11_T1_3,3,condition_removed,Not Enough Evidence,Not Enough Evidence
P111P8,P111P8_T4,P111P8_T4_5,5,condition_contradicted,Not Supported,Not Supported
P193P4,P193P4_T3,P193P4_T3_2,2,condition_replaced,Not Enough Evidence,Not Enough Evidence
P91P7,P91P7_T8,P91P7_T8_1,1,relation_contradicted,Not Supported,Not Supported
P71P1,P71P1_T1,P71P1_T1_1,1,relation_contradicted,Not Supported,Not Enough Evidence
P192P1,P192P1_T4,P192P1_T4_1,1,relation_contradicted,Not Supported,Not Supported
P54P3,P54P3_T2,P54P3_T2_4,4,supported,Supported,Supported
P17P5,P17P5_T1,P17P5_T1_5,5,condition_contradicted,Not Supported,Not Supported
P38P7,P38P7_T3,P38P7_T3_1,1,relation_contradicted,Not Supported,Not Enough Evidence
P99P14,P99P14_T1,P99P14_T1_4,4,supported,Supported,Supported
P187P9,P187P9_T1,P187P9_T1_4,4,supported,Supported,Supported
P144P2,P144P2_T1,P144P2_T1_4,4,supported,Supported,Supported
P31P2,P31P2_T2,P31P2_T2_5,5,condition_contradicted,Not Supported,Not Supported
P98P7,P98P7_T7,P98P7_T7_2,2,condition_replaced,Not Enough Evidence,Not Supported
P62P2,P62P2_T1,P62P2_T1_2,2,condition_replaced,Not Enough Evidence,Not Enough Evidence
P127P4,P127P4_T1,P127P4_T1_3,3,condition_removed,Not Enough Evidence,Not Enough Evidence
P34P2,P34P2_T1,P34P2_T1_2,2,condition_replaced,Not Enough Evidence,Not Enough Evidence
P200P12,P200P12_T3,P200P12_T3_3,3,condition_removed,Not Enough Evidence,Not Enough Evidence
P81P11,P81P11_T5,P81P11_T5_5,5,condition_contradicted,Not Supported,Not Supported
P90P13,P90P13_T1,P90P13_T1_3,3,condition_removed,Not Enough Evidence,Not Enough Evidence
P188P1,P188P1_T1,P188P1_T1_5,5,condition_contradicted,Not Supported,Not Supported
P88P10,P88P10_T1,P88P10_T1_2,2,condition_replaced,Not Enough Evidence,Not Enough Evidence
P54P4,P54P4_T3,P54P4_T3_5,5,condition_contradicted,Not Supported,Not Supported
P103P10,P103P10_T1,P103P10_T1_1,1,relation_contradicted,Not Supported,Not Supported
P35P6,P35P6_T4,P35P6_T4_2,2,condition_replaced,Not Enough Evidence,Not Enough Evidence
P83P6,P83P6_T4,P83P6_T4_5,5,condition_contradicted,Not Supported,Not Supported
P20P3,P20P3_T1,P20P3_T1_5,5,condition_contradicted,Not Supported,Not Enough Evidence
P39P9,P39P9_T3,P39P9_T3_5,5,condition_contradicted,Not Supported,Not Supported
P74P8,P74P8_T1,P74P8_T1_1,1,relation_contradicted,Not Supported,Not Supported
P138P7,P138P7_T4,P138P7_T4_1,1,relation_contradicted,Not Supported,Not Supported
P134P8,P134P8_T1,P134P8_T1_2,2,condition_replaced,Not Enough Evidence,Not Enough Evidence
P17P10,P17P10_T1,P17P10_T1_2,2,condition_replaced,Not Enough Evidence,Not Enough Evidence
P184P12,P184P12_T1,P184P12_T1_3,3,condition_removed,Not Enough Evidence,Not Enough Evidence
P128P8,P128P8_T1,P128P8_T1_3,3,condition_removed,Not Enough Evidence,Not Enough Evidence
P81P6,P81P6_T1,P81P6_T1_3,3,condition_removed,Not Enough Evidence,Not Enough Evidence
P74P1,P74P1_T1,P74P1_T1_3,3,condition_removed,Not Enough Evidence,Not Enough Evidence
P117P9,P117P9_T1,P117P9_T1_3,3,condition_removed,Not Enough Evidence,Not Enough Evidence
P72P6,P72P6_T1,P72P6_T1_1,1,relation_contradicted,Not Supported,Not Supported
P15P1,P15P1_T4,P15P1_T4_1,1,relation_contradicted,Not Supported,Not Supported
P14P2,P14P2_T2,P14P2_T2_5,5,condition_contradicted,Not Supported,Not Supported
P118P16,P118P16_T1,P118P16_T1_3,3,condition_removed,Not Enough Evidence,Not Enough Evidence
P55P4,P55P4_T2,P55P4_T2_3,3,condition_removed,Not Enough Evidence,Not Supported
P59P1,P59P1_T4,P59P1_T4_4,4,supported,Supported,Supported
P147P6,P147P6_T1,P147P6_T1_1,1,relation_contradicted,Not Supported,Not Supported
P20P4,P20P4_T3,P20P4_T3_4,4,supported,Supported,Supported
P13P8,P13P8_T4,P13P8_T4_4,4,supported,Supported,Supported
P77P1,P77P1_T6,P77P1_T6_3,3,condition_removed,Not Enough Evidence,Not Enough Evidence
P192P1,P192P1_T2,P192P1_T2_2,2,condition_replaced,Not Enough Evidence,Not Enough Evidence
P102P3,P102P3_T1,P102P3_T1_3,3,condition_removed,Not Enough Evidence,Not Enough Evidence
P184P13,P184P13_T2,P184P13_T2_3,3,condition_removed,Not Enough Evidence,Not Enough Evidence
P103P1,P103P1_T3,P103P1_T3_4,4,supported,Supported,Supported
P193P4,P193P4_T2,P193P4_T2_2,2,condition_replaced,Not Enough Evidence,Not Enough Evidence
P38P7,P38P7_T1,P38P7_T1_2,2,condition_replaced,Not Enough Evidence,Not Enough Evidence
P40P8,P40P8_T3,P40P8_T3_3,3,condition_removed,Not Enough Evidence,Not Enough Evidence
P77P5,P77P5_T2,P77P5_T2_5,5,condition_contradicted,Not Supported,Not Supported
P35P6,P35P6_T3,P35P6_T3_2,2,condition_replaced,Not Enough Evidence,Not Enough Evidence
P87P2,P87P2_T1,P87P2_T1_1,1,relation_contradicted,Not Supported,Not Supported
P46P2,P46P2_T2,P46P2_T2_5,5,condition_contradicted,Not Supported,Not Supported
P94P4,P94P4_T2,P94P4_T2_4,4,supported,Supported,Supported
P124P11,P124P11_T1,P124P11_T1_3,3,condition_removed,Not Enough Evidence,Not Enough Evidence
P67P1,P67P1_T1,P67P1_T1_2,2,condition_replaced,Not Enough Evidence,Not Enough Evidence
P81P10,P81P10_T4,P81P10_T4_4,4,supported,Supported,Supported
P36P3,P36P3_T2,P36P3_T2_1,1,relation_contradicted,Not Supported,Not Supported
P65P8,P65P8_T1,P65P8_T1_2,2,condition_replaced,Not Enough Evidence,Not Enough Evidence
P75P2,P75P2_T1,P75P2_T1_1,1,relation_contradicted,Not Supported,Not Supported
P18P5,P18P5_T5,P18P5_T5_2,2,condition_replaced,Not Enough Evidence,Not Enough Evidence
P46P4,P46P4_T2,P46P4_T2_5,5,condition_contradicted,Not Supported,Not Supported
P83P3,P83P3_T5,P83P3_T5_1,1,relation_contradicted,Not Supported,Not Supported
P103P7,P103P7_T4,P103P7_T4_5,5,condition_contradicted,Not Supported,Not Supported
P13P3,P13P3_T1,P13P3_T1_5,5,condition_contradicted,Not Supported,Not Supported
P48P4,P48P4_T2,P48P4_T2_1,1,relation_contradicted,Not Supported,Not Supported
P77P3,P77P3_T1,P77P3_T1_5,5,condition_contradicted,Not Supported,Not Enough Evidence
P46P2,P46P2_T1,P46P2_T1_5,5,condition_contradicted,Not Supported,Not Supported
P12PR3,P12PR3_T3,P12PR3_T3_5,5,condition_contradicted,Not Supported,Not Supported
P185P1,P185P1_T1,P185P1_T1_2,2,condition_replaced,Not Enough Evidence,Supported
P179P1,P179P1_T1,P179P1_T1_3,3,condition_removed,Not Enough Evidence,Not Enough Evidence
P54P1,P54P1_T4,P54P1_T4_1,1,relation_contradicted,Not Supported,Not Supported
P55P4,P55P4_T11,P55P4_T11_5,5,condition_contradicted,Not Supported,Not Supported
P127P4,P127P4_T3,P127P4_T3_1,1,relation_contradicted,Not Supported,Not Supported
P87P15,P87P15_T2,P87P15_T2_5,5,condition_contradicted,Not Supported,Not Supported
P36P4,P36P4_T1,P36P4_T1_4,4,supported,Supported,Supported
P123P6,P123P6_T1,P123P6_T1_2,2,condition_replaced,Not Enough Evidence,Not Enough Evidence
P17P10,P17P10_T3,P17P10_T3_2,2,condition_replaced,Not Enough Evidence,Not Enough Evidence
P31P2,P31P2_T1,P31P2_T1_3,3,condition_removed,Not Enough Evidence,Not Enough Evidence
P81P3,P81P3_T1,P81P3_T1_3,3,condition_removed,Not Enough Evidence,Not Enough Evidence
P124P12,P124P12_T2,P124P12_T2_1,1,relation_contradicted,Not Supported,Not Supported
P15P1,P15P1_T5,P15P1_T5_1,1,relation_contradicted,Not Supported,Not Supported
P197P5,P197P5_T5,P197P5_T5_3,3,condition_removed,Not Enough Evidence,Not Enough Evidence
P16P2,P16P2_T1,P16P2_T1_1,1,relation_contradicted,Not Supported,Not Supported
P94P3,P94P3_T2,P94P3_T2_3,3,condition_removed,Not Enough Evidence,Not Enough Evidence
P78P8,P78P8_T2,P78P8_T2_3,3,condition_removed,Not Enough Evidence,Not Enough Evidence
P83P8,P83P8_T2,P83P8_T2_5,5,condition_contradicted,Not Supported,Not Supported
P185P1,P185P1_T3,P185P1_T3_3,3,condition_removed,Not Enough Evidence,Not Enough Evidence
P32P5,P32P5_T1,P32P5_T1_3,3,condition_removed,Not Enough Evidence,Not Enough Evidence
P186P5,P186P5_T2,P186P5_T2_5,5,condition_contradicted,Not Supported,Not Supported
P19P2,P19P2_T6,P19P2_T6_4,4,supported,Supported,Supported
P22P5,P22P5_T2,P22P5_T2_3,3,condition_removed,Not Enough Evidence,Not Enough Evidence
P20P2,P20P2_T1,P20P2_T1_4,4,supported,Supported,Supported
P101P11,P101P11_T2,P101P11_T2_2,2,condition_replaced,Not Enough Evidence,Not Enough Evidence
P194P4,P194P4_T2,P194P4_T2_4,4,supported,Supported,Supported
P145P6,P145P6_T2,P145P6_T2_3,3,condition_removed,Not Enough Evidence,Not Enough Evidence
P46P3,P46P3_T2,P46P3_T2_1,1,relation_contradicted,Not Supported,Not Supported
P56P4,P56P4_T2,P56P4_T2_2,2,condition_replaced,Not Enough Evidence,Not Enough Evidence
P15P4,P15P4_T1,P15P4_T1_4,4,supported,Supported,Not Supported
P104P2,P104P2_T2,P104P2_T2_5,5,condition_contradicted,Not Supported,Not Supported
P194P5,P194P5_T1,P194P5_T1_1,1,relation_contradicted,Not Supported,Not Supported
P72P9,P72P9_T1,P72P9_T1_2,2,condition_replaced,Not Enough Evidence,Not Enough Evidence
P12PR6,P12PR6_T1,P12PR6_T1_5,5,condition_contradicted,Not Supported,Not Supported
P81P7,P81P7_T2,P81P7_T2_5,5,condition_contradicted,Not Supported,Not Supported
P127P4,P127P4_T6,P127P4_T6_1,1,relation_contradicted,Not Supported,Not Supported
P81P10,P81P10_T2,P81P10_T2_2,2,condition_replaced,Not Enough Evidence,Not Enough Evidence
P61P2,P61P2_T1,P61P2_T1_1,1,relation_contradicted,Not Supported,Not Supported
P20P2,P20P2_T3,P20P2_T3_3,3,condition_removed,Not Enough Evidence,Not Enough Evidence
P19P2,P19P2_T2,P19P2_T2_5,5,condition_contradicted,Not Supported,Not Supported
P27P1,P27P1_T2,P27P1_T2_3,3,condition_removed,Not Enough Evidence,Not Supported
P138P7,P138P7_T2,P138P7_T2_2,2,condition_replaced,Not Enough Evidence,Not Enough Evidence
P34P4,P34P4_T1,P34P4_T1_2,2,condition_replaced,Not Enough Evidence,Not Enough Evidence
P82P10,P82P10_T2,P82P10_T2_3,3,condition_removed,Not Enough Evidence,Not Enough Evidence
P104P11,P104P11_T2,P104P11_T2_3,3,condition_removed,Not Enough Evidence,Not Enough Evidence
P76P8,P76P8_T1,P76P8_T1_1,1,relation_contradicted,Not Supported,Not Supported
P121P6,P121P6_T1,P121P6_T1_3,3,condition_removed,Not Enough Evidence,Not Enough Evidence
P84P4,P84P4_T2,P84P4_T2_4,4,supported,Supported,Supported
P61P1,P61P1_T4,P61P1_T4_2,2,condition_replaced,Not Enough Evidence,Not Enough Evidence
P102P3,P102P3_T1,P102P3_T1_4,4,supported,Supported,Supported
P47P4,P47P4_T1,P47P4_T1_3,3,condition_removed,Not Enough Evidence,Not Enough Evidence
P81P10,P81P10_T1,P81P10_T1_1,1,relation_contradicted,Not Supported,Not Supported
P62P6,P62P6_T2,P62P6_T2_5,5,condition_contradicted,Not Supported,Not Supported
P17P10,P17P10_T1,P17P10_T1_5,5,condition_contradicted,Not Supported,Not Supported
P11PR11,P11PR11_T2,P11PR11_T2_2,2,condition_replaced,Not Enough Evidence,Not Enough Evidence
P54P1,P54P1_T4,P54P1_T4_2,2,condition_replaced,Not Enough Evidence,Not Supported
P55P3,P55P3_T1,P55P3_T1_2,2,condition_replaced,Not Enough Evidence,Not Enough Evidence
P87P8,P87P8_T1,P87P8_T1_2,2,condition_replaced,Not Enough Evidence,Not Enough Evidence
P95P10,P95P10_T1,P95P10_T1_5,5,condition_contradicted,Not Supported,Not Supported
P104P2,P104P2_T4,P104P2_T4_3,3,condition_removed,Not Enough Evidence,Not Enough Evidence
P124P4,P124P4_T1,P124P4_T1_2,2,condition_replaced,Not Enough Evidence,Not Enough Evidence
P78P7,P78P7_T2,P78P7_T2_5,5,condition_contradicted,Not Supported,Not Supported
P181P5,P181P5_T1,P181P5_T1_3,3,condition_removed,Not Enough Evidence,Not Enough Evidence
P56P9,P56P9_T1,P56P9_T1_5,5,condition_contradicted,Not Supported,Not Supported
P179P3,P179P3_T1,P179P3_T1_2,2,condition_replaced,Not Enough Evidence,Supported
P15P1,P15P1_T8,P15P1_T8_4,4,supported,Supported,Not Supported
P35P5,P35P5_T1,P35P5_T1_2,2,condition_replaced,Not Enough Evidence,Not Enough Evidence
P70P6,P70P6_T3,P70P6_T3_3,3,condition_removed,Not Enough Evidence,Not Enough Evidence
P85P7,P85P7_T8,P85P7_T8_5,5,condition_contradicted,Not Supported,Not Supported
P183P8,P183P8_T1,P183P8_T1_2,2,condition_replaced,Not Enough Evidence,Not Enough Evidence
P84P1,P84P1_T2,P84P1_T2_2,2,condition_replaced,Not Enough Evidence,Not Enough Evidence
P163P13,P163P13_T1,P163P13_T1_4,4,supported,Supported,Supported
P38P6,P38P6_T1,P38P6_T1_1,1,relation_contradicted,Not Supported,Not Supported
P88P10,P88P10_T3,P88P10_T3_4,4,supported,Supported,Supported
P83P7,P83P7_T1,P83P7_T1_3,3,condition_removed,Not Enough Evidence,Not Enough Evidence
P79P3,P79P3_T1,P79P3_T1_1,1,relation_contradicted,Not Supported,Not Supported
P81P13,P81P13_T3,P81P13_T3_1,1,relation_contradicted,Not Supported,Not Supported
P46P2,P46P2_T2,P46P2_T2_3,3,condition_removed,Not Enough Evidence,Not Enough Evidence
P58P1,P58P1_T4,P58P1_T4_3,3,condition_removed,Not Enough Evidence,Not Enough Evidence
P72P1,P72P1_T1,P72P1_T1_4,4,supported,Supported,Supported
P104P1,P104P1_T1,P104P1_T1_2,2,condition_replaced,Not Enough Evidence,Not Enough Evidence
P96P11,P96P11_T1,P96P11_T1_2,2,condition_replaced,Not Enough Evidence,Not Enough Evidence
P71P7,P71P7_T1,P71P7_T1_3,3,condition_removed,Not Enough Evidence,Not Enough Evidence
P128P1,P128P1_T1,P128P1_T1_1,1,relation_contradicted,Not Supported,Not Supported
P90P1,P90P1_T1,P90P1_T1_1,1,relation_contradicted,Not Supported,Not Supported
P16P2,P16P2_T4,P16P2_T4_5,5,condition_contradicted,Not Supported,Not Supported
P177P7,P177P7_T1,P177P7_T1_4,4,supported,Supported,Supported
P84P1,P84P1_T6,P84P1_T6_1,1,relation_contradicted,Not Supported,Supported
P138P7,P138P7_T2,P138P7_T2_1,1,relation_contradicted,Not Supported,Not Supported
P78P2,P78P2_T1,P78P2_T1_5,5,condition_contradicted,Not Supported,Not Supported
P24P3,P24P3_T1,P24P3_T1_1,1,relation_contradicted,Not Supported,Not Supported
P36P7,P36P7_T1,P36P7_T1_3,3,condition_removed,Not Enough Evidence,Not Enough Evidence
P198P6,P198P6_T3,P198P6_T3_5,5,condition_contradicted,Not Supported,Not Supported
P76P4,P76P4_T1,P76P4_T1_4,4,supported,Supported,Supported
P184P11,P184P11_T3,P184P11_T3_3,3,condition_removed,Not Enough Evidence,Not Enough Evidence
P195P6,P195P6_T1,P195P6_T1_2,2,condition_replaced,Not Enough Evidence,Not Enough Evidence
P197P5,P197P5_T1,P197P5_T1_2,2,condition_replaced,Not Enough Evidence,Not Enough Evidence
P127P7,P127P7_T3,P127P7_T3_5,5,condition_contradicted,Not Supported,Not Supported
P111P8,P111P8_T5,P111P8_T5_2,2,condition_replaced,Not Enough Evidence,Not Supported
P13P8,P13P8_T2,P13P8_T2_3,3,condition_removed,Not Enough Evidence,Not Enough Evidence
P12PR8,P12PR8_T7,P12PR8_T7_3,3,condition_removed,Not Enough Evidence,Not Supported
P93P3,P93P3_T4,P93P3_T4_3,3,condition_removed,Not Enough Evidence,Not Enough Evidence
P172P3,P172P3_T2,P172P3_T2_1,1,relation_contradicted,Not Supported,Not Supported
P37P6,P37P6_T1,P37P6_T1_2,2,condition_replaced,Not Enough Evidence,Not Enough Evidence
P39P6,P39P6_T4,P39P6_T4_4,4,supported,Supported,Supported
P84P3,P84P3_T2,P84P3_T2_4,4,supported,Supported,Supported
P192P1,P192P1_T4,P192P1_T4_5,5,condition_contradicted,Not Supported,Not Supported
P87P5,P87P5_T1,P87P5_T1_1,1,relation_contradicted,Not Supported,Not Supported
P15P1,P15P1_T3,P15P1_T3_5,5,condition_contradicted,Not Supported,Not Supported
P72P7,P72P7_T1,P72P7_T1_4,4,supported,Supported,Supported
P90P10,P90P10_T1,P90P10_T1_5,5,condition_contradicted,Not Supported,Not Supported
P190P2,P190P2_T1,P190P2_T1_1,1,relation_contradicted,Not Supported,Supported
P127P4,P127P4_T7,P127P4_T7_1,1,relation_contradicted,Not Supported,Not Supported
P197P5,P197P5_T2,P197P5_T2_4,4,supported,Supported,Supported
P183P8,P183P8_T2,P183P8_T2_1,1,relation_contradicted,Not Supported,Not Supported
P103P10,P103P10_T3,P103P10_T3_2,2,condition_replaced,Not Enough Evidence,Not Enough Evidence
P41P7,P41P7_T2,P41P7_T2_2,2,condition_replaced,Not Enough Evidence,Not Enough Evidence
P15P4,P15P4_T1,P15P4_T1_5,5,condition_contradicted,Not Supported,Not Supported
P58P3,P58P3_T1,P58P3_T1_3,3,condition_removed,Not Enough Evidence,Not Enough Evidence
P45P10,P45P10_T1,P45P10_T1_2,2,condition_replaced,Not Enough Evidence,Not Enough Evidence
P12PR1,P12PR1_T2,P12PR1_T2_5,5,condition_contradicted,Not Supported,Not Supported
P59P4,P59P4_T3,P59P4_T3_5,5,condition_contradicted,Not Supported,Not Supported
P11PR11,P11PR11_T2,P11PR11_T2_3,3,condition_removed,Not Enough Evidence,Not Enough Evidence
P197P3,P197P3_T4,P197P3_T4_1,1,relation_contradicted,Not Supported,Not Supported
P91P7,P91P7_T7,P91P7_T7_5,5,condition_contradicted,Not Supported,Not Supported
P183P3,P183P3_T3,P183P3_T3_5,5,condition_contradicted,Not Supported,Not Supported
P156P4,P156P4_T3,P156P4_T3_4,4,supported,Supported,Supported
P102P2,P102P2_T1,P102P2_T1_3,3,condition_removed,Not Enough Evidence,Not Enough Evidence
P26P3,P26P3_T1,P26P3_T1_1,1,relation_contradicted,Not Supported,Not Supported
P185P3,P185P3_T1,P185P3_T1_4,4,supported,Supported,Supported
P36P3,P36P3_T2,P36P3_T2_4,4,supported,Supported,Supported
P81P4,P81P4_T1,P81P4_T1_2,2,condition_replaced,Not Enough Evidence,Not Enough Evidence
P13P6,P13P6_T1,P13P6_T1_4,4,supported,Supported,Supported
P177P8,P177P8_T1,P177P8_T1_4,4,supported,Supported,Supported
P139P1,P139P1_T1,P139P1_T1_5,5,condition_contradicted,Not Supported,Not Supported
P185P1,P185P1_T5,P185P1_T5_1,1,relation_contradicted,Not Supported,Not Supported
P62P1,P62P1_T8,P62P1_T8_1,1,relation_contradicted,Not Supported,Not Supported
P67P7,P67P7_T1,P67P7_T1_1,1,relation_contradicted,Not Supported,Not Supported
P127P4,P127P4_T2,P127P4_T2_3,3,condition_removed,Not Enough Evidence,Not Enough Evidence
P168P1,P168P1_T4,P168P1_T4_2,2,condition_replaced,Not Enough Evidence,Not Enough Evidence
P125P11,P125P11_T1,P125P11_T1_4,4,supported,Supported,Supported
P21P7,P21P7_T1,P21P7_T1_4,4,supported,Supported,Supported
P81P1,P81P1_T4,P81P1_T4_1,1,relation_contradicted,Not Supported,Not Supported
P195P6,P195P6_T3,P195P6_T3_4,4,supported,Supported,Supported
P20P6,P20P6_T3,P20P6_T3_1,1,relation_contradicted,Not Supported,Not Supported
P104P8,P104P8_T1,P104P8_T1_5,5,condition_contradicted,Not Supported,Not Supported
P58P1,P58P1_T3,P58P1_T3_1,1,relation_contradicted,Not Supported,Not Supported
P130P4,P130P4_T1,P130P4_T1_5,5,condition_contradicted,Not Supported,Not Supported
P59P5,P59P5_T2,P59P5_T2_2,2,condition_replaced,Not Enough Evidence,Not Enough Evidence
P27P4,P27P4_T2,P27P4_T2_3,3,condition_removed,Not Enough Evidence,Not Enough Evidence
P83P1,P83P1_T1,P83P1_T1_4,4,supported,Supported,Not Supported
P113P13,P113P13_T3,P113P13_T3_5,5,condition_contradicted,Not Supported,Not Supported
P13P3,P13P3_T1,P13P3_T1_3,3,condition_removed,Not Enough Evidence,Not Enough Evidence
P83P8,P83P8_T1,P83P8_T1_1,1,relation_contradicted,Not Supported,Not Supported
P138P7,P138P7_T2,P138P7_T2_3,3,condition_removed,Not Enough Evidence,Not Enough Evidence
P71P4,P71P4_T1,P71P4_T1_3,3,condition_removed,Not Enough Evidence,Not Enough Evidence
P16P3,P16P3_T2,P16P3_T2_5,5,condition_contradicted,Not Supported,Not Supported
P76P7,P76P7_T2,P76P7_T2_4,4,supported,Supported,Supported
P161P1,P161P1_T4,P161P1_T4_3,3,condition_removed,Not Enough Evidence,Not Supported
P125P2,P125P2_T1,P125P2_T1_5,5,condition_contradicted,Not Supported,Not Supported
P39P9,P39P9_T3,P39P9_T3_4,4,supported,Supported,Supported
P149P4,P149P4_T1,P149P4_T1_3,3,condition_removed,Not Enough Evidence,Not Enough Evidence
P127P7,P127P7_T3,P127P7_T3_2,2,condition_replaced,Not Enough Evidence,Not Enough Evidence
P61P1,P61P1_T2,P61P1_T2_5,5,condition_contradicted,Not Supported,Not Supported
P115P8,P115P8_T4,P115P8_T4_3,3,condition_removed,Not Enough Evidence,Not Enough Evidence
P104P2,P104P2_T2,P104P2_T2_1,1,relation_contradicted,Not Supported,Not Supported
P70P6,P70P6_T2,P70P6_T2_1,1,relation_contradicted,Not Supported,Not Supported
P58P5,P58P5_T2,P58P5_T2_2,2,condition_replaced,Not Enough Evidence,Not Enough Evidence
P13P14,P13P14_T2,P13P14_T2_1,1,relation_contradicted,Not Supported,Not Supported
P145P7,P145P7_T1,P145P7_T1_3,3,condition_removed,Not Enough Evidence,Not Enough Evidence
P30P4,P30P4_T2,P30P4_T2_3,3,condition_removed,Not Enough Evidence,Not Enough Evidence
P93P3,P93P3_T5,P93P3_T5_3,3,condition_removed,Not Enough Evidence,Not Enough Evidence
P115P5,P115P5_T2,P115P5_T2_3,3,condition_removed,Not Enough Evidence,Not Enough Evidence
P48P4,P48P4_T1,P48P4_T1_1,1,relation_contradicted,Not Supported,Not Supported
P46P6,P46P6_T1,P46P6_T1_1,1,relation_contradicted,Not Supported,Not Supported
P196P7,P196P7_T2,P196P7_T2_5,5,condition_contradicted,Not Supported,Not Supported
P100P1,P100P1_T1,P100P1_T1_5,5,condition_contradicted,Not Supported,Not Supported
P111P8,P111P8_T1,P111P8_T1_2,2,condition_replaced,Not Enough Evidence,Not Supported
P87P20,P87P20_T1,P87P20_T1_5,5,condition_contradicted,Not Supported,Not Supported
P70P7,P70P7_T2,P70P7_T2_3,3,condition_removed,Not Enough Evidence,Not Enough Evidence
P79P10,P79P10_T3,P79P10_T3_5,5,condition_contradicted,Not Supported,Not Supported
P96P11,P96P11_T1,P96P11_T1_1,1,relation_contradicted,Not Supported,Not Supported
P81P12,P81P12_T1,P81P12_T1_2,2,condition_replaced,Not Enough Evidence,Not Enough Evidence
P113P25,P113P25_T2,P113P25_T2_4,4,supported,Supported,Supported
P104P8,P104P8_T3,P104P8_T3_4,4,supported,Supported,Supported
P87P3,P87P3_T4,P87P3_T4_3,3,condition_removed,Not Enough Evidence,Not Enough Evidence
P197P5,P197P5_T10,P197P5_T10_2,2,condition_replaced,Not Enough Evidence,Not Enough Evidence
P196P5,P196P5_T1,P196P5_T1_5,5,condition_contradicted,Not Supported,Not Supported
P41P7,P41P7_T1,P41P7_T1_3,3,condition_removed,Not Enough Evidence,Not Enough Evidence
P103P10,P103P10_T1,P103P10_T1_2,2,condition_replaced,Not Enough Evidence,Not Enough Evidence
P20P4,P20P4_T1,P20P4_T1_5,5,condition_contradicted,Not Supported,Not Supported
P40P5,P40P5_T1,P40P5_T1_4,4,supported,Supported,Supported
P127P1,P127P1_T2,P127P1_T2_1,1,relation_contradicted,Not Supported,Not Supported
P58P3,P58P3_T1,P58P3_T1_5,5,condition_contradicted,Not Supported,Not Supported
P15P1,P15P1_T9,P15P1_T9_3,3,condition_removed,Not Enough Evidence,Not Supported
P12PR1,P12PR1_T3,P12PR1_T3_5,5,condition_contradicted,Not Supported,Not Supported
P77P1,P77P1_T5,P77P1_T5_5,5,condition_contradicted,Not Supported,Not Supported
P83P6,P83P6_T2,P83P6_T2_2,2,condition_replaced,Not Enough Evidence,Supported
P113P11,P113P11_T2,P113P11_T2_3,3,condition_removed,Not Enough Evidence,Not Enough Evidence
P168P1,P168P1_T1,P168P1_T1_5,5,condition_contradicted,Not Supported,Not Supported
P113P26,P113P26_T2,P113P26_T2_4,4,supported,Supported,Supported
P12PR11,P12PR11_T2,P12PR11_T2_5,5,condition_contradicted,Not Supported,Not Supported
P48P4,P48P4_T1,P48P4_T1_5,5,condition_contradicted,Not Supported,Not Supported
P32P8,P32P8_T2,P32P8_T2_3,3,condition_removed,Not Enough Evidence,Not Enough Evidence
P81P13,P81P13_T1,P81P13_T1_1,1,relation_contradicted,Not Supported,Not Supported
P183P3,P183P3_T1,P183P3_T1_1,1,relation_contradicted,Not Supported,Not Supported
P15P1,P15P1_T6,P15P1_T6_2,2,condition_replaced,Not Enough Evidence,Supported
P125P10,P125P10_T3,P125P10_T3_3,3,condition_removed,Not Enough Evidence,Not Enough Evidence
P81P8,P81P8_T1,P81P8_T1_3,3,condition_removed,Not Enough Evidence,Not Enough Evidence
P121P1,P121P1_T4,P121P1_T4_4,4,supported,Supported,Supported
P79P3,P79P3_T2,P79P3_T2_1,1,relation_contradicted,Not Supported,Supported
P83P3,P83P3_T1,P83P3_T1_5,5,condition_contradicted,Not Supported,Not Supported
P21P7,P21P7_T1,P21P7_T1_3,3,condition_removed,Not Enough Evidence,Not Enough Evidence
P189P7,P189P7_T1,P189P7_T1_2,2,condition_replaced,Not Enough Evidence,Not Enough Evidence
P124P3,P124P3_T3,P124P3_T3_2,2,condition_replaced,Not Enough Evidence,Not Enough Evidence
P18P5,P18P5_T3,P18P5_T3_5,5,condition_contradicted,Not Supported,Not Supported
P70P8,P70P8_T2,P70P8_T2_5,5,condition_contradicted,Not Supported,Not Supported
P12PR3,P12PR3_T3,P12PR3_T3_4,4,supported,Supported,Supported
P188P1,P188P1_T2,P188P1_T2_3,3,condition_removed,Not Enough Evidence,Not Enough Evidence
P23P6,P23P6_T1,P23P6_T1_1,1,relation_contradicted,Not Supported,Not Supported
P169P10,P169P10_T3,P169P10_T3_1,1,relation_contradicted,Not Supported,Not Supported
P11PR12,P11PR12_T1,P11PR12_T1_1,1,relation_contradicted,Not Supported,Not Supported
P87P10,P87P10_T1,P87P10_T1_1,1,relation_contradicted,Not Supported,Not Supported
P147P6,P147P6_T4,P147P6_T4_5,5,condition_contradicted,Not Supported,Not Supported
P11PR13,P11PR13_T2,P11PR13_T2_3,3,condition_removed,Not Enough Evidence,Not Enough Evidence
P171P3,P171P3_T1,P171P3_T1_4,4,supported,Supported,Supported
P183P3,P183P3_T2,P183P3_T2_4,4,supported,Supported,Supported
P185P1,P185P1_T1,P185P1_T1_1,1,relation_contradicted,Not Supported,Not Supported
P70P3,P70P3_T1,P70P3_T1_4,4,supported,Supported,Supported
P88P13,P88P13_T1,P88P13_T1_4,4,supported,Supported,Supported
P70P6,P70P6_T2,P70P6_T2_2,2,condition_replaced,Not Enough Evidence,Not Enough Evidence
P15P1,P15P1_T6,P15P1_T6_3,3,condition_removed,Not Enough Evidence,Not Enough Evidence
P128P5,P128P5_T3,P128P5_T3_5,5,condition_contradicted,Not Supported,Not Supported
P148P5,P148P5_T1,P148P5_T1_5,5,condition_contradicted,Not Supported,Not Supported
P124P11,P124P11_T1,P124P11_T1_5,5,condition_contradicted,Not Supported,Not Supported
P104P4,P104P4_T1,P104P4_T1_4,4,supported,Supported,Supported
P56P4,P56P4_T1,P56P4_T1_4,4,supported,Supported,Supported
P172P5,P172P5_T3,P172P5_T3_3,3,condition_removed,Not Enough Evidence,Not Enough Evidence
P154P16,P154P16_T2,P154P16_T2_5,5,condition_contradicted,Not Supported,Not Supported
P13P6,P13P6_T1,P13P6_T1_3,3,condition_removed,Not Enough Evidence,Not Enough Evidence
P190P2,P190P2_T1,P190P2_T1_4,4,supported,Supported,Supported
P139P5,P139P5_T1,P139P5_T1_2,2,condition_replaced,Not Enough Evidence,Not Enough Evidence
P14P7,P14P7_T2,P14P7_T2_4,4,supported,Supported,Supported
P76P9,P76P9_T1,P76P9_T1_2,2,condition_replaced,Not Enough Evidence,Not Enough Evidence
P90P3,P90P3_T1,P90P3_T1_4,4,supported,Supported,Supported
P197P1,P197P1_T1,P197P1_T1_4,4,supported,Supported,Supported
P167P7,P167P7_T1,P167P7_T1_5,5,condition_contradicted,Not Supported,Not Supported
P197P5,P197P5_T6,P197P5_T6_3,3,condition_removed,Not Enough Evidence,Not Enough Evidence
P108P7,P108P7_T2,P108P7_T2_5,5,condition_contradicted,Not Supported,Not Supported
P53P4,P53P4_T1,P53P4_T1_5,5,condition_contradicted,Not Supported,Not Supported
P28P4,P28P4_T1,P28P4_T1_3,3,condition_removed,Not Enough Evidence,Not Enough Evidence
P86P3,P86P3_T4,P86P3_T4_5,5,condition_contradicted,Not Supported,Not Supported
P56P9,P56P9_T1,P56P9_T1_4,4,supported,Supported,Supported
P124P8,P124P8_T2,P124P8_T2_2,2,condition_replaced,Not Enough Evidence,Not Enough Evidence
P57P9,P57P9_T2,P57P9_T2_5,5,condition_contradicted,Not Supported,Not Supported
P72P1,P72P1_T1,P72P1_T1_1,1,relation_contradicted,Not Supported,Not Supported
P168P1,P168P1_T2,P168P1_T2_2,2,condition_replaced,Not Enough Evidence,Not Enough Evidence
P66P1,P66P1_T5,P66P1_T5_4,4,supported,Supported,Supported
P93P3,P93P3_T3,P93P3_T3_5,5,condition_contradicted,Not Supported,Not Enough Evidence
P116P9,P116P9_T1,P116P9_T1_2,2,condition_replaced,Not Enough Evidence,Not Enough Evidence
P156P4,P156P4_T1,P156P4_T1_2,2,condition_replaced,Not Enough Evidence,Not Enough Evidence
P84P4,P84P4_T1,P84P4_T1_3,3,condition_removed,Not Enough Evidence,Not Enough Evidence
P179P1,P179P1_T1,P179P1_T1_5,5,condition_contradicted,Not Supported,Not Supported
P76P8,P76P8_T3,P76P8_T3_4,4,supported,Supported,Supported
P183P5,P183P5_T1,P183P5_T1_3,3,condition_removed,Not Enough Evidence,Not Enough Evidence
P74P1,P74P1_T3,P74P1_T3_5,5,condition_contradicted,Not Supported,Not Supported
P18P5,P18P5_T2,P18P5_T2_3,3,condition_removed,Not Enough Evidence,Not Enough Evidence
P156P4,P156P4_T2,P156P4_T2_2,2,condition_replaced,Not Enough Evidence,Not Enough Evidence
P22P5,P22P5_T1,P22P5_T1_5,5,condition_contradicted,Not Supported,Not Supported
P54P1,P54P1_T3,P54P1_T3_5,5,condition_contradicted,Not Supported,Supported
P22P8,P22P8_T2,P22P8_T2_3,3,condition_removed,Not Enough Evidence,Not Enough Evidence
P84P1,P84P1_T1,P84P1_T1_3,3,condition_removed,Not Enough Evidence,Not Enough Evidence
P56P12,P56P12_T1,P56P12_T1_5,5,condition_contradicted,Not Supported,Not Supported
P85P7,P85P7_T4,P85P7_T4_5,5,condition_contradicted,Not Supported,Not Supported
P22P11,P22P11_T1,P22P11_T1_2,2,condition_replaced,Not Enough Evidence,Not Enough Evidence
P175P6,P175P6_T1,P175P6_T1_4,4,supported,Supported,Not Supported
P138P7,P138P7_T4,P138P7_T4_5,5,condition_contradicted,Not Supported,Not Supported
P112P8,P112P8_T5,P112P8_T5_4,4,supported,Supported,Not Supported
P161P1,P161P1_T2,P161P1_T2_2,2,condition_replaced,Not Enough Evidence,Not Supported
P70P4,P70P4_T3,P70P4_T3_2,2,condition_replaced,Not Enough Evidence,Not Enough Evidence
P84P5,P84P5_T2,P84P5_T2_4,4,supported,Supported,Supported
P85P7,P85P7_T11,P85P7_T11_3,3,condition_removed,Not Enough Evidence,Not Supported
P156P1,P156P1_T2,P156P1_T2_4,4,supported,Supported,Supported
P99P14,P99P14_T1,P99P14_T1_2,2,condition_replaced,Not Enough Evidence,Not Enough Evidence
P20P2,P20P2_T1,P20P2_T1_2,2,condition_replaced,Not Enough Evidence,Supported
P153P3,P153P3_T2,P153P3_T2_3,3,condition_removed,Not Enough Evidence,Not Enough Evidence
P55P4,P55P4_T4,P55P4_T4_2,2,condition_replaced,Not Enough Evidence,Not Supported
P72P8,P72P8_T4,P72P8_T4_3,3,condition_removed,Not Enough Evidence,Not Enough Evidence
P70P7,P70P7_T3,P70P7_T3_2,2,condition_replaced,Not Enough Evidence,Not Enough Evidence
P76P2,P76P2_T2,P76P2_T2_1,1,relation_contradicted,Not Supported,Not Supported
P172P3,P172P3_T2,P172P3_T2_3,3,condition_removed,Not Enough Evidence,Not Enough Evidence
P74P1,P74P1_T2,P74P1_T2_2,2,condition_replaced,Not Enough Evidence,Not Enough Evidence
P103P1,P103P1_T3,P103P1_T3_2,2,condition_replaced,Not Enough Evidence,Supported
P193P5,P193P5_T1,P193P5_T1_2,2,condition_replaced,Not Enough Evidence,Not Enough Evidence
P17P10,P17P10_T1,P17P10_T1_4,4,supported,Supported,Supported
P47P4,P47P4_T1,P47P4_T1_2,2,condition_replaced,Not Enough Evidence,Not Enough Evidence
P35P4,P35P4_T1,P35P4_T1_3,3,condition_removed,Not Enough Evidence,Not Enough Evidence
P61P4,P61P4_T5,P61P4_T5_2,2,condition_replaced,Not Enough Evidence,Not Enough Evidence
P178P4,P178P4_T1,P178P4_T1_4,4,supported,Supported,Supported
P91P7,P91P7_T7,P91P7_T7_3,3,condition_removed,Not Enough Evidence,Not Enough Evidence
P18P5,P18P5_T2,P18P5_T2_2,2,condition_replaced,Not Enough Evidence,Not Enough Evidence
P77P1,P77P1_T7,P77P1_T7_2,2,condition_replaced,Not Enough Evidence,Not Enough Evidence
P144P2,P144P2_T1,P144P2_T1_1,1,relation_contradicted,Not Supported,Not Supported
P93P3,P93P3_T1,P93P3_T1_2,2,condition_replaced,Not Enough Evidence,Not Enough Evidence
P73P9,P73P9_T2,P73P9_T2_1,1,relation_contradicted,Not Supported,Not Supported
P89P22,P89P22_T1,P89P22_T1_3,3,condition_removed,Not Enough Evidence,Not Enough Evidence
P185P4,P185P4_T1,P185P4_T1_1,1,relation_contradicted,Not Supported,Not Supported
P91P7,P91P7_T1,P91P7_T1_5,5,condition_contradicted,Not Supported,Not Supported
P81P1,P81P1_T3,P81P1_T3_4,4,supported,Supported,Supported
P76P11,P76P11_T1,P76P11_T1_1,1,relation_contradicted,Not Supported,Not Supported
P58P6,P58P6_T2,P58P6_T2_2,2,condition_replaced,Not Enough Evidence,Not Enough Evidence
P194P3,P194P3_T5,P194P3_T5_2,2,condition_replaced,Not Enough Evidence,Not Enough Evidence
P127P5,P127P5_T1,P127P5_T1_3,3,condition_removed,Not Enough Evidence,Not Enough Evidence
P12PR1,P12PR1_T1,P12PR1_T1_5,5,condition_contradicted,Not Supported,Not Supported
P70P4,P70P4_T2,P70P4_T2_2,2,condition_replaced,Not Enough Evidence,Not Enough Evidence
P41P2,P41P2_T1,P41P2_T1_5,5,condition_contradicted,Not Supported,Not Enough Evidence
P73P9,P73P9_T2,P73P9_T2_2,2,condition_replaced,Not Enough Evidence,Not Enough Evidence
P57P10,P57P10_T1,P57P10_T1_5,5,condition_contradicted,Not Supported,Not Supported
P95P10,P95P10_T2,P95P10_T2_5,5,condition_contradicted,Not Supported,Not Supported
P15P3,P15P3_T2,P15P3_T2_4,4,supported,Supported,Supported
P156P1,P156P1_T2,P156P1_T2_1,1,relation_contradicted,Not Supported,Supported
P62P3,P62P3_T1,P62P3_T1_5,5,condition_contradicted,Not Supported,Not Supported
P77P6,P77P6_T1,P77P6_T1_3,3,condition_removed,Not Enough Evidence,Not Enough Evidence
P28P7,P28P7_T3,P28P7_T3_5,5,condition_contradicted,Not Supported,Not Supported
P45P6,P45P6_T5,P45P6_T5_3,3,condition_removed,Not Enough Evidence,Not Supported
P70P12,P70P12_T4,P70P12_T4_2,2,condition_replaced,Not Enough Evidence,Not Enough Evidence
P22P5,P22P5_T2,P22P5_T2_2,2,condition_replaced,Not Enough Evidence,Not Enough Evidence
P93P1,P93P1_T1,P93P1_T1_3,3,condition_removed,Not Enough Evidence,Not Enough Evidence
P35P3,P35P3_T3,P35P3_T3_4,4,supported,Supported,Supported
P116P1,P116P1_T1,P116P1_T1_4,4,supported,Supported,Not Supported
P65P3,P65P3_T1,P65P3_T1_4,4,supported,Supported,Supported
P185P4,P185P4_T1,P185P4_T1_2,2,condition_replaced,Not Enough Evidence,Not Enough Evidence
P57P10,P57P10_T2,P57P10_T2_2,2,condition_replaced,Not Enough Evidence,Not Enough Evidence
P18P5,P18P5_T5,P18P5_T5_4,4,supported,Supported,Supported
P125P14,P125P14_T2,P125P14_T2_5,5,condition_contradicted,Not Supported,Not Supported
P81P10,P81P10_T4,P81P10_T4_2,2,condition_replaced,Not Enough Evidence,Not Enough Evidence
P124P14,P124P14_T2,P124P14_T2_5,5,condition_contradicted,Not Supported,Not Supported
P19P3,P19P3_T2,P19P3_T2_1,1,relation_contradicted,Not Supported,Not Supported
P38P7,P38P7_T2,P38P7_T2_4,4,supported,Supported,Supported
P154P6,P154P6_T1,P154P6_T1_5,5,condition_contradicted,Not Supported,Not Supported
P59P5,P59P5_T1,P59P5_T1_3,3,condition_removed,Not Enough Evidence,Not Enough Evidence
P197P5,P197P5_T2,P197P5_T2_1,1,relation_contradicted,Not Supported,Not Supported
P39P9,P39P9_T4,P39P9_T4_1,1,relation_contradicted,Not Supported,Not Supported
P81P8,P81P8_T1,P81P8_T1_1,1,relation_contradicted,Not Supported,Not Supported
P90P3,P90P3_T2,P90P3_T2_1,1,relation_contradicted,Not Supported,Not Supported
P118P12,P118P12_T2,P118P12_T2_3,3,condition_removed,Not Enough Evidence,Not Enough Evidence
P15P3,P15P3_T2,P15P3_T2_1,1,relation_contradicted,Not Supported,Not Supported
P188P1,P188P1_T2,P188P1_T2_4,4,supported,Supported,Supported
P79P5,P79P5_T1,P79P5_T1_1,1,relation_contradicted,Not Supported,Not Supported
P55P4,P55P4_T10,P55P4_T10_2,2,condition_replaced,Not Enough Evidence,Not Supported
P85P6,P85P6_T1,P85P6_T1_3,3,condition_removed,Not Enough Evidence,Not Enough Evidence
P83P6,P83P6_T3,P83P6_T3_5,5,condition_contradicted,Not Supported,Not Supported
P194P3,P194P3_T3,P194P3_T3_1,1,relation_contradicted,Not Supported,Not Supported
P104P2,P104P2_T3,P104P2_T3_3,3,condition_removed,Not Enough Evidence,Not Enough Evidence
P178P2,P178P2_T1,P178P2_T1_2,2,condition_replaced,Not Enough Evidence,Not Enough Evidence
P118P15,P118P15_T2,P118P15_T2_5,5,condition_contradicted,Not Supported,Not Supported
P139P7,P139P7_T4,P139P7_T4_3,3,condition_removed,Not Enough Evidence,Not Enough Evidence
P18P5,P18P5_T4,P18P5_T4_3,3,condition_removed,Not Enough Evidence,Not Enough Evidence
P22P6,P22P6_T1,P22P6_T1_3,3,condition_removed,Not Enough Evidence,Not Enough Evidence
P105P7,P105P7_T1,P105P7_T1_3,3,condition_removed,Not Enough Evidence,Not Supported
P194P8,P194P8_T1,P194P8_T1_1,1,relation_contradicted,Not Supported,Not Supported
P70P13,P70P13_T3,P70P13_T3_3,3,condition_removed,Not Enough Evidence,Not Enough Evidence
P161P6,P161P6_T1,P161P6_T1_2,2,condition_replaced,Not Enough Evidence,Not Enough Evidence
P165P10,P165P10_T1,P165P10_T1_4,4,supported,Supported,Supported
P138P6,P138P6_T1,P138P6_T1_2,2,condition_replaced,Not Enough Evidence,Not Enough Evidence
P69P5,P69P5_T1,P69P5_T1_2,2,condition_replaced,Not Enough Evidence,Not Enough Evidence
P139P7,P139P7_T1,P139P7_T1_4,4,supported,Supported,Supported
P24P4,P24P4_T3,P24P4_T3_1,1,relation_contradicted,Not Supported,Not Supported
P81P13,P81P13_T4,P81P13_T4_1,1,relation_contradicted,Not Supported,Not Supported
P40P7,P40P7_T1,P40P7_T1_3,3,condition_removed,Not Enough Evidence,Not Enough Evidence
P56P10,P56P10_T2,P56P10_T2_5,5,condition_contradicted,Not Supported,Not Supported
P87P20,P87P20_T1,P87P20_T1_3,3,condition_removed,Not Enough Evidence,Not Enough Evidence
P21P8,P21P8_T2,P21P8_T2_5,5,condition_contradicted,Not Supported,Not Supported
P22P11,P22P11_T1,P22P11_T1_1,1,relation_contradicted,Not Supported,Not Supported
P127P15,P127P15_T2,P127P15_T2_5,5,condition_contradicted,Not Supported,Not Supported
P76P7,P76P7_T1,P76P7_T1_3,3,condition_removed,Not Enough Evidence,Not Enough Evidence
P113P25,P113P25_T1,P113P25_T1_5,5,condition_contradicted,Not Supported,Not Supported
P197P3,P197P3_T1,P197P3_T1_1,1,relation_contradicted,Not Supported,Not Supported
P26P3,P26P3_T1,P26P3_T1_4,4,supported,Supported,Supported
P127P1,P127P1_T5,P127P1_T5_2,2,condition_replaced,Not Enough Evidence,Not Enough Evidence
P116P4,P116P4_T1,P116P4_T1_4,4,supported,Supported,Supported
P94P1,P94P1_T3,P94P1_T3_2,2,condition_replaced,Not Enough Evidence,Not Enough Evidence
P102P5,P102P5_T2,P102P5_T2_2,2,condition_replaced,Not Enough Evidence,Not Enough Evidence
P20P4,P20P4_T2,P20P4_T2_3,3,condition_removed,Not Enough Evidence,Not Enough Evidence
P87P15,P87P15_T2,P87P15_T2_2,2,condition_replaced,Not Enough Evidence,Not Enough Evidence
P84P3,P84P3_T3,P84P3_T3_5,5,condition_contradicted,Not Supported,Not Supported
P33P2,P33P2_T1,P33P2_T1_4,4,supported,Supported,Supported
P57P10,P57P10_T2,P57P10_T2_1,1,relation_contradicted,Not Supported,Not Supported
P36P7,P36P7_T4,P36P7_T4_4,4,supported,Supported,Supported
P102P3,P102P3_T2,P102P3_T2_3,3,condition_removed,Not Enough Evidence,Not Enough Evidence
P88P10,P88P10_T3,P88P10_T3_5,5,condition_contradicted,Not Supported,Not Supported
P187P4,P187P4_T1,P187P4_T1_4,4,supported,Supported,Supported
P197P5,P197P5_T2,P197P5_T2_3,3,condition_removed,Not Enough Evidence,Not Enough Evidence
P128P5,P128P5_T2,P128P5_T2_2,2,condition_replaced,Not Enough Evidence,Not Enough Evidence
P165P10,P165P10_T1,P165P10_T1_2,2,condition_replaced,Not Enough Evidence,Not Enough Evidence
P32P2,P32P2_T1,P32P2_T1_2,2,condition_replaced,Not Enough Evidence,Not Enough Evidence
P59P4,P59P4_T2,P59P4_T2_5,5,condition_contradicted,Not Supported,Not Supported
P79P8,P79P8_T1,P79P8_T1_3,3,condition_removed,Not Enough Evidence,Not Enough Evidence
P77P3,P77P3_T1,P77P3_T1_4,4,supported,Supported,Supported
P78P1,P78P1_T1,P78P1_T1_4,4,supported,Supported,Supported
P125P2,P125P2_T2,P125P2_T2_1,1,relation_contradicted,Not Supported,Not Supported
P192P5,P192P5_T1,P192P5_T1_5,5,condition_contradicted,Not Supported,Not Enough Evidence
P12PR8,P12PR8_T8,P12PR8_T8_2,2,condition_replaced,Not Enough Evidence,Not Supported
P172P5,P172P5_T2,P172P5_T2_4,4,supported,Supported,Supported
P83P1,P83P1_T3,P83P1_T3_5,5,condition_contradicted,Not Supported,Not Supported
P118P5,P118P5_T2,P118P5_T2_4,4,supported,Supported,Supported
P76P7,P76P7_T3,P76P7_T3_3,3,condition_removed,Not Enough Evidence,Not Enough Evidence
P37P5,P37P5_T2,P37P5_T2_1,1,relation_contradicted,Not Supported,Not Supported
P35P6,P35P6_T2,P35P6_T2_5,5,condition_contradicted,Not Supported,Not Supported
P37P5,P37P5_T2,P37P5_T2_3,3,condition_removed,Not Enough Evidence,Not Enough Evidence
P156P1,P156P1_T1,P156P1_T1_1,1,relation_contradicted,Not Supported,Supported
P17P5,P17P5_T1,P17P5_T1_1,1,relation_contradicted,Not Supported,Not Supported
P168P1,P168P1_T4,P168P1_T4_4,4,supported,Supported,Supported
P124P7,P124P7_T2,P124P7_T2_1,1,relation_contradicted,Not Supported,Not Supported
P59P2,P59P2_T1,P59P2_T1_1,1,relation_contradicted,Not Supported,Not Supported
P20P2,P20P2_T3,P20P2_T3_1,1,relation_contradicted,Not Supported,Not Enough Evidence
P84P1,P84P1_T2,P84P1_T2_1,1,relation_contradicted,Not Supported,Not Supported
P62P1,P62P1_T7,P62P1_T7_5,5,condition_contradicted,Not Supported,Not Supported
P96P3,P96P3_T1,P96P3_T1_5,5,condition_contradicted,Not Supported,Not Supported
P23P6,P23P6_T3,P23P6_T3_3,3,condition_removed,Not Enough Evidence,Not Enough Evidence
P57P10,P57P10_T4,P57P10_T4_5,5,condition_contradicted,Not Supported,Not Supported
P13P14,P13P14_T3,P13P14_T3_5,5,condition_contradicted,Not Supported,Not Supported
P182P6,P182P6_T1,P182P6_T1_5,5,condition_contradicted,Not Supported,Not Supported
P35P6,P35P6_T1,P35P6_T1_4,4,supported,Supported,Supported
P117P9,P117P9_T1,P117P9_T1_2,2,condition_replaced,Not Enough Evidence,Not Enough Evidence
P30P4,P30P4_T1,P30P4_T1_4,4,supported,Supported,Not Supported
P111P9,P111P9_T1,P111P9_T1_1,1,relation_contradicted,Not Supported,Not Supported
P65P7,P65P7_T1,P65P7_T1_4,4,supported,Supported,Supported
P33P1,P33P1_T2,P33P1_T2_3,3,condition_removed,Not Enough Evidence,Not Enough Evidence
P167P6,P167P6_T1,P167P6_T1_3,3,condition_removed,Not Enough Evidence,Not Enough Evidence
P67P2,P67P2_T1,P67P2_T1_1,1,relation_contradicted,Not Supported,Not Supported
P81P10,P81P10_T1,P81P10_T1_3,3,condition_removed,Not Enough Evidence,Not Enough Evidence
P198P6,P198P6_T1,P198P6_T1_5,5,condition_contradicted,Not Supported,Not Supported
P168P1,P168P1_T1,P168P1_T1_2,2,condition_replaced,Not Enough Evidence,Not Enough Evidence
P124P3,P124P3_T2,P124P3_T2_3,3,condition_removed,Not Enough Evidence,Not Enough Evidence
P153P4,P153P4_T1,P153P4_T1_4,4,supported,Supported,Not Supported
P157P2,P157P2_T1,P157P2_T1_1,1,relation_contradicted,Not Supported,Supported
P101P11,P101P11_T2,P101P11_T2_3,3,condition_removed,Not Enough Evidence,Not Enough Evidence
P58P3,P58P3_T1,P58P3_T1_4,4,supported,Supported,Supported
P45P8,P45P8_T1,P45P8_T1_2,2,condition_replaced,Not Enough Evidence,Not Enough Evidence
P68P6,P68P6_T2,P68P6_T2_1,1,relation_contradicted,Not Supported,Not Supported
P66P4,P66P4_T2,P66P4_T2_2,2,condition_replaced,Not Enough Evidence,Not Enough Evidence
P27P3,P27P3_T2,P27P3_T2_3,3,condition_removed,Not Enough Evidence,Not Enough Evidence
P82P2,P82P2_T2,P82P2_T2_2,2,condition_replaced,Not Enough Evidence,Not Enough Evidence
P38P2,P38P2_T2,P38P2_T2_1,1,relation_contradicted,Not Supported,Not Supported
P94P4,P94P4_T2,P94P4_T2_1,1,relation_contradicted,Not Supported,Not Supported
P70P12,P70P12_T1,P70P12_T1_2,2,condition_replaced,Not Enough Evidence,Not Enough Evidence
P98P7,P98P7_T5,P98P7_T5_5,5,condition_contradicted,Not Supported,Not Supported
P70P12,P70P12_T2,P70P12_T2_3,3,condition_removed,Not Enough Evidence,Not Enough Evidence
P118P11,P118P11_T1,P118P11_T1_2,2,condition_replaced,Not Enough Evidence,Not Enough Evidence
P77P9,P77P9_T1,P77P9_T1_4,4,supported,Supported,Supported
P98P5,P98P5_T1,P98P5_T1_5,5,condition_contradicted,Not Supported,Not Supported
P113P13,P113P13_T1,P113P13_T1_3,3,condition_removed,Not Enough Evidence,Not Enough Evidence
P131P5,P131P5_T2,P131P5_T2_5,5,condition_contradicted,Not Supported,Not Supported
P76P8,P76P8_T2,P76P8_T2_5,5,condition_contradicted,Not Supported,Not Supported
P191P1,P191P1_T1,P191P1_T1_2,2,condition_replaced,Not Enough Evidence,Not Enough Evidence
P130P10,P130P10_T2,P130P10_T2_2,2,condition_replaced,Not Enough Evidence,Not Enough Evidence
P30P3,P30P3_T1,P30P3_T1_2,2,condition_replaced,Not Enough Evidence,Not Enough Evidence
P105P1,P105P1_T1,P105P1_T1_4,4,supported,Supported,Supported
P91P7,P91P7_T8,P91P7_T8_5,5,condition_contradicted,Not Supported,Not Supported
P28P3,P28P3_T2,P28P3_T2_2,2,condition_replaced,Not Enough Evidence,Not Enough Evidence
P78P7,P78P7_T1,P78P7_T1_1,1,relation_contradicted,Not Supported,Not Supported
P20P4,P20P4_T1,P20P4_T1_4,4,supported,Supported,Supported
P177P7,P177P7_T2,P177P7_T2_3,3,condition_removed,Not Enough Evidence,Not Enough Evidence
P115P8,P115P8_T5,P115P8_T5_3,3,condition_removed,Not Enough Evidence,Not Enough Evidence
P28P4,P28P4_T1,P28P4_T1_1,1,relation_contradicted,Not Supported,Not Supported
P83P6,P83P6_T2,P83P6_T2_3,3,condition_removed,Not Enough Evidence,Not Enough Evidence
P83P1,P83P1_T3,P83P1_T3_2,2,condition_replaced,Not Enough Evidence,Not Supported
P54P3,P54P3_T3,P54P3_T3_5,5,condition_contradicted,Not Supported,Not Enough Evidence
P160P6,P160P6_T2,P160P6_T2_1,1,relation_contradicted,Not Supported,Supported
P139P3,P139P3_T1,P139P3_T1_3,3,condition_removed,Not Enough Evidence,Not Enough Evidence
P109P16,P109P16_T1,P109P16_T1_5,5,condition_contradicted,Not Supported,Not Supported
P57P3,P57P3_T1,P57P3_T1_1,1,relation_contradicted,Not Supported,Not Supported
P87P15,P87P15_T3,P87P15_T3_5,5,condition_contradicted,Not Supported,Not Supported
P95P8,P95P8_T1,P95P8_T1_2,2,condition_replaced,Not Enough Evidence,Not Enough Evidence
P113P22,P113P22_T1,P113P22_T1_4,4,supported,Supported,Supported
P87P1,P87P1_T1,P87P1_T1_2,2,condition_replaced,Not Enough Evidence,Not Enough Evidence
P20P3,P20P3_T2,P20P3_T2_5,5,condition_contradicted,Not Supported,Not Enough Evidence
P79P8,P79P8_T1,P79P8_T1_2,2,condition_replaced,Not Enough Evidence,Not Enough Evidence
P115P5,P115P5_T1,P115P5_T1_2,2,condition_replaced,Not Enough Evidence,Not Enough Evidence
P15P1,P15P1_T4,P15P1_T4_3,3,condition_removed,Not Enough Evidence,Supported
P50P3,P50P3_T1,P50P3_T1_2,2,condition_replaced,Not Enough Evidence,Not Enough Evidence
P83P2,P83P2_T3,P83P2_T3_4,4,supported,Supported,Not Enough Evidence
P113P26,P113P26_T1,P113P26_T1_4,4,supported,Supported,Supported
P62P5,P62P5_T1,P62P5_T1_4,4,supported,Supported,Supported
P30P4,P30P4_T2,P30P4_T2_2,2,condition_replaced,Not Enough Evidence,Not Enough Evidence
P148P5,P148P5_T2,P148P5_T2_2,2,condition_replaced,Not Enough Evidence,Not Supported
P20P3,P20P3_T2,P20P3_T2_1,1,relation_contradicted,Not Supported,Not Supported
P169P10,P169P10_T3,P169P10_T3_5,5,condition_contradicted,Not Supported,Not Enough Evidence
P90P17,P90P17_T1,P90P17_T1_5,5,condition_contradicted,Not Supported,Not Supported
P25P1,P25P1_T1,P25P1_T1_1,1,relation_contradicted,Not Supported,Not Supported
P185P1,P185P1_T5,P185P1_T5_3,3,condition_removed,Not Enough Evidence,Not Enough Evidence
P72P7,P72P7_T2,P72P7_T2_3,3,condition_removed,Not Enough Evidence,Not Enough Evidence
P102P5,P102P5_T2,P102P5_T2_3,3,condition_removed,Not Enough Evidence,Not Enough Evidence
P68P6,P68P6_T3,P68P6_T3_5,5,condition_contradicted,Not Supported,Not Supported
P160P6,P160P6_T1,P160P6_T1_3,3,condition_removed,Not Enough Evidence,Supported
P182P1,P182P1_T1,P182P1_T1_2,2,condition_replaced,Not Enough Evidence,Not Enough Evidence
P135P7,P135P7_T1,P135P7_T1_5,5,condition_contradicted,Not Supported,Not Supported
P104P11,P104P11_T2,P104P11_T2_2,2,condition_replaced,Not Enough Evidence,Not Enough Evidence
P47P3,P47P3_T2,P47P3_T2_4,4,supported,Supported,Supported
P70P7,P70P7_T1,P70P7_T1_2,2,condition_replaced,Not Enough Evidence,Not Enough Evidence
P182P1,P182P1_T1,P182P1_T1_1,1,relation_contradicted,Not Supported,Not Supported
P193P4,P193P4_T1,P193P4_T1_2,2,condition_replaced,Not Enough Evidence,Not Enough Evidence
P26P5,P26P5_T1,P26P5_T1_4,4,supported,Supported,Supported
P83P7,P83P7_T2,P83P7_T2_1,1,relation_contradicted,Not Supported,Not Supported
P12PR11,P12PR11_T2,P12PR11_T2_2,2,condition_replaced,Not Enough Evidence,Not Enough Evidence
P62P1,P62P1_T2,P62P1_T2_2,2,condition_replaced,Not Enough Evidence,Supported
P19P2,P19P2_T2,P19P2_T2_2,2,condition_replaced,Not Enough Evidence,Not Enough Evidence
P32P1,P32P1_T1,P32P1_T1_4,4,supported,Supported,Supported
P57P1,P57P1_T1,P57P1_T1_1,1,relation_contradicted,Not Supported,Not Supported
P191P2,P191P2_T1,P191P2_T1_2,2,condition_replaced,Not Enough Evidence,Not Enough Evidence
P87P3,P87P3_T1,P87P3_T1_3,3,condition_removed,Not Enough Evidence,Not Enough Evidence
P55P4,P55P4_T10,P55P4_T10_5,5,condition_contradicted,Not Supported,Not Supported
P168P1,P168P1_T2,P168P1_T2_3,3,condition_removed,Not Enough Evidence,Not Enough Evidence
P113P1,P113P1_T1,P113P1_T1_1,1,relation_contradicted,Not Supported,Not Supported
P104P4,P104P4_T2,P104P4_T2_5,5,condition_contradicted,Not Supported,Not Supported
P41P7,P41P7_T1,P41P7_T1_1,1,relation_contradicted,Not Supported,Not Supported
P123P8,P123P8_T1,P123P8_T1_1,1,relation_contradicted,Not Supported,Not Supported
P123P7,P123P7_T2,P123P7_T2_3,3,condition_removed,Not Enough Evidence,Not Enough Evidence
P83P1,P83P1_T1,P83P1_T1_2,2,condition_replaced,Not Enough Evidence,Not Supported
P192P2,P192P2_T1,P192P2_T1_2,2,condition_replaced,Not Enough Evidence,Not Enough Evidence
P192P5,P192P5_T1,P192P5_T1_3,3,condition_removed,Not Enough Evidence,Not Enough Evidence
P125P11,P125P11_T2,P125P11_T2_3,3,condition_removed,Not Enough Evidence,Not Enough Evidence
P121P1,P121P1_T3,P121P1_T3_3,3,condition_removed,Not Enough Evidence,Not Enough Evidence
P57P7,P57P7_T4,P57P7_T4_3,3,condition_removed,Not Enough Evidence,Not Enough Evidence
P115P5,P115P5_T2,P115P5_T2_5,5,condition_contradicted,Not Supported,Not Supported
P200P12,P200P12_T2,P200P12_T2_1,1,relation_contradicted,Not Supported,Not Supported
P197P6,P197P6_T1,P197P6_T1_5,5,condition_contradicted,Not Supported,Not Supported
P60P1,P60P1_T2,P60P1_T2_4,4,supported,Supported,Supported
P76P11,P76P11_T3,P76P11_T3_5,5,condition_contradicted,Not Supported,Not Supported
P104P2,P104P2_T4,P104P2_T4_2,2,condition_replaced,Not Enough Evidence,Not Enough Evidence
P90P3,P90P3_T1,P90P3_T1_2,2,condition_replaced,Not Enough Evidence,Not Enough Evidence
P172P5,P172P5_T3,P172P5_T3_1,1,relation_contradicted,Not Supported,Not Supported
P55P4,P55P4_T2,P55P4_T2_5,5,condition_contradicted,Not Supported,Not Supported
P108P7,P108P7_T1,P108P7_T1_3,3,condition_removed,Not Enough Evidence,Not Enough Evidence
P197P5,P197P5_T11,P197P5_T11_5,5,condition_contradicted,Not Supported,Not Supported
P76P8,P76P8_T2,P76P8_T2_3,3,condition_removed,Not Enough Evidence,Not Enough Evidence
P12PR11,P12PR11_T1,P12PR11_T1_1,1,relation_contradicted,Not Supported,Not Supported
P36P7,P36P7_T1,P36P7_T1_4,4,supported,Supported,Supported
P13P6,P13P6_T1,P13P6_T1_1,1,relation_contradicted,Not Supported,Not Supported
P187P7,P187P7_T1,P187P7_T1_3,3,condition_removed,Not Enough Evidence,Not Enough Evidence
P91P14,P91P14_T3,P91P14_T3_3,3,condition_removed,Not Enough Evidence,Not Supported
P194P3,P194P3_T2,P194P3_T2_1,1,relation_contradicted,Not Supported,Not Supported
P99P14,P99P14_T3,P99P14_T3_3,3,condition_removed,Not Enough Evidence,Not Enough Evidence
P11PR1,P11PR1_T2,P11PR1_T2_5,5,condition_contradicted,Not Supported,Not Supported
P39P4,P39P4_T3,P39P4_T3_1,1,relation_contradicted,Not Supported,Not Supported
P61P4,P61P4_T2,P61P4_T2_5,5,condition_contradicted,Not Supported,Not Supported
P86P5,P86P5_T1,P86P5_T1_1,1,relation_contradicted,Not Supported,Not Supported
P45P9,P45P9_T1,P45P9_T1_3,3,condition_removed,Not Enough Evidence,Not Enough Evidence
P15P1,P15P1_T6,P15P1_T6_1,1,relation_contradicted,Not Supported,Supported
P67P4,P67P4_T1,P67P4_T1_3,3,condition_removed,Not Enough Evidence,Not Enough Evidence
P83P7,P83P7_T2,P83P7_T2_3,3,condition_removed,Not Enough Evidence,Not Supported
P70P3,P70P3_T1,P70P3_T1_5,5,condition_contradicted,Not Supported,Not Supported
P32P2,P32P2_T1,P32P2_T1_1,1,relation_contradicted,Not Supported,Not Supported
P17P4,P17P4_T1,P17P4_T1_3,3,condition_removed,Not Enough Evidence,Not Enough Evidence
P29P10,P29P10_T3,P29P10_T3_5,5,condition_contradicted,Not Supported,Not Supported
P62P1,P62P1_T4,P62P1_T4_4,4,supported,Supported,Not Supported
P140P3,P140P3_T1,P140P3_T1_1,1,relation_contradicted,Not Supported,Not Supported
P54P4,P54P4_T6,P54P4_T6_3,3,condition_removed,Not Enough Evidence,Not Supported
P154P16,P154P16_T1,P154P16_T1_5,5,condition_contradicted,Not Supported,Not Supported
P66P4,P66P4_T2,P66P4_T2_3,3,condition_removed,Not Enough Evidence,Not Enough Evidence
P81P7,P81P7_T3,P81P7_T3_4,4,supported,Supported,Supported
P139P3,P139P3_T4,P139P3_T4_4,4,supported,Supported,Supported
P113P13,P113P13_T3,P113P13_T3_1,1,relation_contradicted,Not Supported,Not Supported
P54P6,P54P6_T1,P54P6_T1_4,4,supported,Supported,Supported
P118P11,P118P11_T2,P118P11_T2_2,2,condition_replaced,Not Enough Evidence,Not Enough Evidence
P50P2,P50P2_T1,P50P2_T1_5,5,condition_contradicted,Not Supported,Not Supported
P184P14,P184P14_T1,P184P14_T1_3,3,condition_removed,Not Enough Evidence,Not Enough Evidence
P58P5,P58P5_T1,P58P5_T1_3,3,condition_removed,Not Enough Evidence,Not Enough Evidence
P87P1,P87P1_T3,P87P1_T3_1,1,relation_contradicted,Not Supported,Not Supported
P115P8,P115P8_T1,P115P8_T1_5,5,condition_contradicted,Not Supported,Not Supported
P197P5,P197P5_T8,P197P5_T8_4,4,supported,Supported,Supported
P59P4,P59P4_T1,P59P4_T1_1,1,relation_contradicted,Not Supported,Not Supported
P115P4,P115P4_T1,P115P4_T1_2,2,condition_replaced,Not Enough Evidence,Not Enough Evidence
P48P4,P48P4_T5,P48P4_T5_5,5,condition_contradicted,Not Supported,Not Supported
P47P4,P47P4_T2,P47P4_T2_5,5,condition_contradicted,Not Supported,Not Supported
P186P4,P186P4_T5,P186P4_T5_2,2,condition_replaced,Not Enough Evidence,Not Enough Evidence
P20P4,P20P4_T4,P20P4_T4_3,3,condition_removed,Not Enough Evidence,Not Enough Evidence
P129P8,P129P8_T1,P129P8_T1_1,1,relation_contradicted,Not Supported,Not Supported
P31P2,P31P2_T1,P31P2_T1_4,4,supported,Supported,Supported
P123P8,P123P8_T1,P123P8_T1_4,4,supported,Supported,Not Enough Evidence
P62P1,P62P1_T7,P62P1_T7_3,3,condition_removed,Not Enough Evidence,Not Enough Evidence
P187P9,P187P9_T1,P187P9_T1_1,1,relation_contradicted,Not Supported,Not Supported
P17P6,P17P6_T1,P17P6_T1_3,3,condition_removed,Not Enough Evidence,Not Enough Evidence
P55P4,P55P4_T3,P55P4_T3_1,1,relation_contradicted,Not Supported,Not Supported
P83P2,P83P2_T2,P83P2_T2_4,4,supported,Supported,Supported
P58P6,P58P6_T2,P58P6_T2_1,1,relation_contradicted,Not Supported,Not Supported
P90P10,P90P10_T1,P90P10_T1_4,4,supported,Supported,Supported
P56P10,P56P10_T2,P56P10_T2_3,3,condition_removed,Not Enough Evidence,Not Enough Evidence
P96P3,P96P3_T1,P96P3_T1_1,1,relation_contradicted,Not Supported,Not Supported
P197P5,P197P5_T7,P197P5_T7_2,2,condition_replaced,Not Enough Evidence,Not Enough Evidence
P85P7,P85P7_T5,P85P7_T5_2,2,condition_replaced,Not Enough Evidence,Not Supported
P58P6,P58P6_T1,P58P6_T1_4,4,supported,Supported,Not Supported
P121P1,P121P1_T5,P121P1_T5_4,4,supported,Supported,Supported
P185P1,P185P1_T4,P185P1_T4_4,4,supported,Supported,Supported
P193P4,P193P4_T1,P193P4_T1_4,4,supported,Supported,Supported
P188P6,P188P6_T1,P188P6_T1_4,4,supported,Supported,Supported
P124P14,P124P14_T1,P124P14_T1_1,1,relation_contradicted,Not Supported,Not Supported
P56P8,P56P8_T1,P56P8_T1_2,2,condition_replaced,Not Enough Evidence,Not Enough Evidence
P70P11,P70P11_T1,P70P11_T1_4,4,supported,Supported,Supported
P115P10,P115P10_T1,P115P10_T1_1,1,relation_contradicted,Not Supported,Not Supported
P13P8,P13P8_T1,P13P8_T1_2,2,condition_replaced,Not Enough Evidence,Not Enough Evidence
P20P6,P20P6_T1,P20P6_T1_3,3,condition_removed,Not Enough Evidence,Not Enough Evidence
P171P3,P171P3_T1,P171P3_T1_1,1,relation_contradicted,Not Supported,Not Supported
P185P4,P185P4_T4,P185P4_T4_2,2,condition_replaced,Not Enough Evidence,Not Enough Evidence
P77P9,P77P9_T2,P77P9_T2_2,2,condition_replaced,Not Enough Evidence,Not Enough Evidence
P22P8,P22P8_T3,P22P8_T3_4,4,supported,Supported,Supported
P11PR11,P11PR11_T1,P11PR11_T1_3,3,condition_removed,Not Enough Evidence,Not Supported
P94P5,P94P5_T2,P94P5_T2_1,1,relation_contradicted,Not Supported,Not Supported
P140P1,P140P1_T2,P140P1_T2_3,3,condition_removed,Not Enough Evidence,Not Enough Evidence
P71P9,P71P9_T1,P71P9_T1_1,1,relation_contradicted,Not Supported,Not Supported
P48P4,P48P4_T3,P48P4_T3_4,4,supported,Supported,Not Supported
P84P1,P84P1_T4,P84P1_T4_3,3,condition_removed,Not Enough Evidence,Not Enough Evidence
P167P7,P167P7_T1,P167P7_T1_4,4,supported,Supported,Supported
P66P1,P66P1_T6,P66P1_T6_4,4,supported,Supported,Supported
P83P2,P83P2_T1,P83P2_T1_3,3,condition_removed,Not Enough Evidence,Not Enough Evidence
P40P5,P40P5_T1,P40P5_T1_3,3,condition_removed,Not Enough Evidence,Not Enough Evidence
P15P1,P15P1_T10,P15P1_T10_2,2,condition_replaced,Not Enough Evidence,Supported
P118P5,P118P5_T4,P118P5_T4_1,1,relation_contradicted,Not Supported,Not Supported
P83P10,P83P10_T2,P83P10_T2_5,5,condition_contradicted,Not Supported,Not Supported
P46P3,P46P3_T1,P46P3_T1_3,3,condition_removed,Not Enough Evidence,Not Enough Evidence
P190P8,P190P8_T1,P190P8_T1_3,3,condition_removed,Not Enough Evidence,Not Enough Evidence
P96P3,P96P3_T2,P96P3_T2_2,2,condition_replaced,Not Enough Evidence,Not Enough Evidence
P124P4,P124P4_T1,P124P4_T1_5,5,condition_contradicted,Not Supported,Not Supported
P108P19,P108P19_T1,P108P19_T1_3,3,condition_removed,Not Enough Evidence,Not Enough Evidence
P115P8,P115P8_T2,P115P8_T2_5,5,condition_contradicted,Not Supported,Not Supported
P79P10,P79P10_T2,P79P10_T2_5,5,condition_contradicted,Not Supported,Not Supported
P86P3,P86P3_T4,P86P3_T4_2,2,condition_replaced,Not Enough Evidence,Not Enough Evidence
P93P7,P93P7_T2,P93P7_T2_1,1,relation_contradicted,Not Supported,Not Supported
P61P4,P61P4_T5,P61P4_T5_1,1,relation_contradicted,Not Supported,Not Supported
P104P2,P104P2_T1,P104P2_T1_2,2,condition_replaced,Not Enough Evidence,Not Enough Evidence
P131P1,P131P1_T2,P131P1_T2_2,2,condition_replaced,Not Enough Evidence,Not Enough Evidence
P33P1,P33P1_T3,P33P1_T3_5,5,condition_contradicted,Not Supported,Not Supported
P78P8,P78P8_T1,P78P8_T1_2,2,condition_replaced,Not Enough Evidence,Not Enough Evidence
P30P5,P30P5_T1,P30P5_T1_5,5,condition_contradicted,Not Supported,Not Supported
P24P1,P24P1_T2,P24P1_T2_5,5,condition_contradicted,Not Supported,Not Supported
P70P13,P70P13_T5,P70P13_T5_2,2,condition_replaced,Not Enough Evidence,Not Enough Evidence
P193P4,P193P4_T3,P193P4_T3_5,5,condition_contradicted,Not Supported,Not Supported
P54P3,P54P3_T3,P54P3_T3_3,3,condition_removed,Not Enough Evidence,Not Enough Evidence
P83P3,P83P3_T2,P83P3_T2_5,5,condition_contradicted,Not Supported,Not Supported
P27P4,P27P4_T1,P27P4_T1_1,1,relation_contradicted,Not Supported,Not Supported
P49P8,P49P8_T1,P49P8_T1_2,2,condition_replaced,Not Enough Evidence,Not Enough Evidence
P99P14,P99P14_T3,P99P14_T3_2,2,condition_replaced,Not Enough Evidence,Not Enough Evidence
P99P15,P99P15_T1,P99P15_T1_3,3,condition_removed,Not Enough Evidence,Not Enough Evidence
P103P1,P103P1_T3,P103P1_T3_3,3,condition_removed,Not Enough Evidence,Not Supported
P87P15,P87P15_T7,P87P15_T7_3,3,condition_removed,Not Enough Evidence,Not Enough Evidence
P160P6,P160P6_T1,P160P6_T1_1,1,relation_contradicted,Not Supported,Supported
P12PR8,P12PR8_T2,P12PR8_T2_5,5,condition_contradicted,Not Supported,Not Supported
P35P9,P35P9_T1,P35P9_T1_5,5,condition_contradicted,Not Supported,Not Supported
P115P8,P115P8_T2,P115P8_T2_2,2,condition_replaced,Not Enough Evidence,Not Enough Evidence
P72P11,P72P11_T1,P72P11_T1_5,5,condition_contradicted,Not Supported,Not Supported
P197P1,P197P1_T3,P197P1_T3_5,5,condition_contradicted,Not Supported,Not Supported
P83P7,P83P7_T1,P83P7_T1_5,5,condition_contradicted,Not Supported,Not Supported
P127P7,P127P7_T4,P127P7_T4_1,1,relation_contradicted,Not Supported,Not Supported
P87P10,P87P10_T1,P87P10_T1_2,2,condition_replaced,Not Enough Evidence,Not Enough Evidence
P105P7,P105P7_T1,P105P7_T1_5,5,condition_contradicted,Not Supported,Not Supported
P49P8,P49P8_T1,P49P8_T1_3,3,condition_removed,Not Enough Evidence,Not Enough Evidence
P78P8,P78P8_T1,P78P8_T1_3,3,condition_removed,Not Enough Evidence,Not Enough Evidence
P95P3,P95P3_T1,P95P3_T1_3,3,condition_removed,Not Enough Evidence,Not Enough Evidence
P172P5,P172P5_T2,P172P5_T2_3,3,condition_removed,Not Enough Evidence,Not Supported
P65P8,P65P8_T1,P65P8_T1_5,5,condition_contradicted,Not Supported,Not Supported
P81P1,P81P1_T4,P81P1_T4_3,3,condition_removed,Not Enough Evidence,Not Enough Evidence
P17P6,P17P6_T2,P17P6_T2_3,3,condition_removed,Not Enough Evidence,Not Enough Evidence
P68P6,P68P6_T3,P68P6_T3_3,3,condition_removed,Not Enough Evidence,Not Enough Evidence
P165P6,P165P6_T1,P165P6_T1_3,3,condition_removed,Not Enough Evidence,Not Enough Evidence
P24P1,P24P1_T2,P24P1_T2_1,1,relation_contradicted,Not Supported,Not Supported
P163P9,P163P9_T1,P163P9_T1_4,4,supported,Supported,Supported
P80P1,P80P1_T2,P80P1_T2_3,3,condition_removed,Not Enough Evidence,Not Enough Evidence
P194P3,P194P3_T2,P194P3_T2_2,2,condition_replaced,Not Enough Evidence,Not Enough Evidence
P55P4,P55P4_T9,P55P4_T9_3,3,condition_removed,Not Enough Evidence,Not Supported
P71P4,P71P4_T1,P71P4_T1_5,5,condition_contradicted,Not Supported,Not Supported
P165P6,P165P6_T1,P165P6_T1_5,5,condition_contradicted,Not Supported,Not Supported
P87P1,P87P1_T3,P87P1_T3_5,5,condition_contradicted,Not Supported,Not Supported
P81P10,P81P10_T3,P81P10_T3_5,5,condition_contradicted,Not Supported,Not Supported
P76P5,P76P5_T1,P76P5_T1_3,3,condition_removed,Not Enough Evidence,Not Enough Evidence
P124P11,P124P11_T2,P124P11_T2_1,1,relation_contradicted,Not Supported,Not Supported
P16P3,P16P3_T2,P16P3_T2_1,1,relation_contradicted,Not Supported,Not Supported
P130P10,P130P10_T1,P130P10_T1_2,2,condition_replaced,Not Enough Evidence,Not Enough Evidence
P193P4,P193P4_T3,P193P4_T3_1,1,relation_contradicted,Not Supported,Not Supported
P140P1,P140P1_T1,P140P1_T1_3,3,condition_removed,Not Enough Evidence,Not Enough Evidence
P179P4,P179P4_T2,P179P4_T2_1,1,relation_contradicted,Not Supported,Not Enough Evidence
P26P3,P26P3_T1,P26P3_T1_5,5,condition_contradicted,Not Supported,Not Supported
P81P7,P81P7_T3,P81P7_T3_2,2,condition_replaced,Not Enough Evidence,Not Enough Evidence
P73P4,P73P4_T1,P73P4_T1_4,4,supported,Supported,Supported
P125P8,P125P8_T1,P125P8_T1_4,4,supported,Supported,Supported
P55P2,P55P2_T1,P55P2_T1_5,5,condition_contradicted,Not Supported,Not Supported
P62P5,P62P5_T1,P62P5_T1_2,2,condition_replaced,Not Enough Evidence,Not Enough Evidence
P74P1,P74P1_T3,P74P1_T3_3,3,condition_removed,Not Enough Evidence,Not Enough Evidence
P104P11,P104P11_T1,P104P11_T1_3,3,condition_removed,Not Enough Evidence,Not Enough Evidence
P33P4,P33P4_T2,P33P4_T2_3,3,condition_removed,Not Enough Evidence,Not Enough Evidence
P157P4,P157P4_T1,P157P4_T1_2,2,condition_replaced,Not Enough Evidence,Not Enough Evidence
P32P5,P32P5_T1,P32P5_T1_2,2,condition_replaced,Not Enough Evidence,Not Enough Evidence
P93P1,P93P1_T2,P93P1_T2_5,5,condition_contradicted,Not Supported,Not Supported
P47P3,P47P3_T2,P47P3_T2_3,3,condition_removed,Not Enough Evidence,Not Enough Evidence
P57P7,P57P7_T4,P57P7_T4_4,4,supported,Supported,Supported
P62P1,P62P1_T8,P62P1_T8_3,3,condition_removed,Not Enough Evidence,Not Enough Evidence
P12PR3,P12PR3_T1,P12PR3_T1_3,3,condition_removed,Not Enough Evidence,Not Enough Evidence
P93P8,P93P8_T1,P93P8_T1_3,3,condition_removed,Not Enough Evidence,Not Enough Evidence
P87P20,P87P20_T1,P87P20_T1_1,1,relation_contradicted,Not Supported,Not Supported
P41P3,P41P3_T1,P41P3_T1_4,4,supported,Supported,Supported
P81P5,P81P5_T1,P81P5_T1_2,2,condition_replaced,Not Enough Evidence,Not Enough Evidence
P29P10,P29P10_T1,P29P10_T1_5,5,condition_contradicted,Not Supported,Not Supported
P104P4,P104P4_T2,P104P4_T2_4,4,supported,Supported,Supported
P106P10,P106P10_T2,P106P10_T2_5,5,condition_contradicted,Not Supported,Not Supported
P90P4,P90P4_T1,P90P4_T1_5,5,condition_contradicted,Not Supported,Not Supported
P194P4,P194P4_T2,P194P4_T2_1,1,relation_contradicted,Not Supported,Not Supported
P13P3,P13P3_T4,P13P3_T4_4,4,supported,Supported,Supported
P194P5,P194P5_T1,P194P5_T1_3,3,condition_removed,Not Enough Evidence,Not Enough Evidence
P29P10,P29P10_T3,P29P10_T3_4,4,supported,Supported,Supported
P33P1,P33P1_T4,P33P1_T4_3,3,condition_removed,Not Enough Evidence,Not Enough Evidence
P194P8,P194P8_T2,P194P8_T2_5,5,condition_contradicted,Not Supported,Not Supported
P172P5,P172P5_T1,P172P5_T1_1,1,relation_contradicted,Not Supported,Not Supported
P78P8,P78P8_T2,P78P8_T2_5,5,condition_contradicted,Not Supported,Not Enough Evidence
P47P8,P47P8_T1,P47P8_T1_5,5,condition_contradicted,Not Supported,Not Enough Evidence
P79P8,P79P8_T1,P79P8_T1_4,4,supported,Supported,Not Supported
P169P9,P169P9_T1,P169P9_T1_1,1,relation_contradicted,Not Supported,Not Supported
P200P7,P200P7_T1,P200P7_T1_2,2,condition_replaced,Not Enough Evidence,Supported
P39P9,P39P9_T1,P39P9_T1_1,1,relation_contradicted,Not Supported,Not Supported
P195P6,P195P6_T1,P195P6_T1_5,5,condition_contradicted,Not Supported,Not Supported
P65P1,P65P1_T1,P65P1_T1_3,3,condition_removed,Not Enough Evidence,Not Enough Evidence
P192P2,P192P2_T1,P192P2_T1_5,5,condition_contradicted,Not Supported,Not Enough Evidence
P178P4,P178P4_T2,P178P4_T2_2,2,condition_replaced,Not Enough Evidence,Not Enough Evidence
P60P3,P60P3_T2,P60P3_T2_5,5,condition_contradicted,Not Supported,Not Supported
P11PR1,P11PR1_T1,P11PR1_T1_1,1,relation_contradicted,Not Supported,Supported
P19P2,P19P2_T1,P19P2_T1_1,1,relation_contradicted,Not Supported,Not Supported
P111P9,P111P9_T1,P111P9_T1_5,5,condition_contradicted,Not Supported,Not Enough Evidence
P178P4,P178P4_T2,P178P4_T2_4,4,supported,Supported,Supported
P37P5,P37P5_T2,P37P5_T2_2,2,condition_replaced,Not Enough Evidence,Not Enough Evidence
P193P4,P193P4_T1,P193P4_T1_5,5,condition_contradicted,Not Supported,Not Enough Evidence
P76P2,P76P2_T1,P76P2_T1_4,4,supported,Supported,Supported
P194P4,P194P4_T1,P194P4_T1_3,3,condition_removed,Not Enough Evidence,Not Enough Evidence
P62P1,P62P1_T2,P62P1_T2_4,4,supported,Supported,Not Supported
P79P10,P79P10_T1,P79P10_T1_1,1,relation_contradicted,Not Supported,Not Supported
P27P1,P27P1_T1,P27P1_T1_3,3,condition_removed,Not Enough Evidence,Not Supported
P105P5,P105P5_T1,P105P5_T1_1,1,relation_contradicted,Not Supported,Not Supported
P124P7,P124P7_T2,P124P7_T2_4,4,supported,Supported,Not Supported
P115P10,P115P10_T2,P115P10_T2_5,5,condition_contradicted,Not Supported,Not Supported
P133P1,P133P1_T1,P133P1_T1_1,1,relation_contradicted,Not Supported,Not Supported
P13P3,P13P3_T3,P13P3_T3_2,2,condition_replaced,Not Enough Evidence,Not Enough Evidence
P23P8,P23P8_T1,P23P8_T1_4,4,supported,Supported,Supported
P128P5,P128P5_T4,P128P5_T4_2,2,condition_replaced,Not Enough Evidence,Not Enough Evidence
P195P6,P195P6_T1,P195P6_T1_4,4,supported,Supported,Supported
P177P8,P177P8_T1,P177P8_T1_2,2,condition_replaced,Not Enough Evidence,Not Enough Evidence
P124P4,P124P4_T1,P124P4_T1_4,4,supported,Supported,Not Supported
P56P8,P56P8_T2,P56P8_T2_4,4,supported,Supported,Supported
P22P3,P22P3_T2,P22P3_T2_3,3,condition_removed,Not Enough Evidence,Not Enough Evidence
P19P4,P19P4_T1,P19P4_T1_1,1,relation_contradicted,Not Supported,Not Supported
P197P3,P197P3_T2,P197P3_T2_2,2,condition_replaced,Not Enough Evidence,Not Enough Evidence
P33P1,P33P1_T3,P33P1_T3_4,4,supported,Supported,Supported
P85P7,P85P7_T7,P85P7_T7_3,3,condition_removed,Not Enough Evidence,Not Supported
P83P3,P83P3_T7,P83P3_T7_3,3,condition_removed,Not Enough Evidence,Not Enough Evidence
P192P1,P192P1_T5,P192P1_T5_2,2,condition_replaced,Not Enough Evidence,Not Enough Evidence
P62P1,P62P1_T7,P62P1_T7_2,2,condition_replaced,Not Enough Evidence,Not Supported
P130P18,P130P18_T1,P130P18_T1_1,1,relation_contradicted,Not Supported,Not Supported
P196P3,P196P3_T1,P196P3_T1_1,1,relation_contradicted,Not Supported,Not Supported
P59P4,P59P4_T1,P59P4_T1_4,4,supported,Supported,Supported
P77P4,P77P4_T1,P77P4_T1_1,1,relation_contradicted,Not Supported,Not Supported
P11PR7,P11PR7_T2,P11PR7_T2_4,4,supported,Supported,Supported
P24P1,P24P1_T2,P24P1_T2_2,2,condition_replaced,Not Enough Evidence,Not Enough Evidence
P119P8,P119P8_T1,P119P8_T1_2,2,condition_replaced,Not Enough Evidence,Not Enough Evidence
P76P10,P76P10_T1,P76P10_T1_2,2,condition_replaced,Not Enough Evidence,Not Enough Evidence
P91P14,P91P14_T3,P91P14_T3_1,1,relation_contradicted,Not Supported,Not Supported
P55P4,P55P4_T4,P55P4_T4_1,1,relation_contradicted,Not Supported,Not Supported
P130P10,P130P10_T1,P130P10_T1_4,4,supported,Supported,Supported
P76P9,P76P9_T1,P76P9_T1_1,1,relation_contradicted,Not Supported,Not Supported
P123P6,P123P6_T1,P123P6_T1_4,4,supported,Supported,Not Supported
P81P13,P81P13_T1,P81P13_T1_3,3,condition_removed,Not Enough Evidence,Not Enough Evidence
P72P7,P72P7_T1,P72P7_T1_2,2,condition_replaced,Not Enough Evidence,Not Enough Evidence
P128P2,P128P2_T1,P128P2_T1_1,1,relation_contradicted,Not Supported,Not Enough Evidence
P187P3,P187P3_T1,P187P3_T1_3,3,condition_removed,Not Enough Evidence,Not Enough Evidence
P124P3,P124P3_T3,P124P3_T3_4,4,supported,Supported,Supported
P165P6,P165P6_T2,P165P6_T2_4,4,supported,Supported,Supported
P17P6,P17P6_T4,P17P6_T4_1,1,relation_contradicted,Not Supported,Not Supported
P13P14,P13P14_T4,P13P14_T4_5,5,condition_contradicted,Not Supported,Not Supported
P93P1,P93P1_T2,P93P1_T2_4,4,supported,Supported,Supported
P70P4,P70P4_T3,P70P4_T3_3,3,condition_removed,Not Enough Evidence,Not Enough Evidence
P12PR8,P12PR8_T8,P12PR8_T8_4,4,supported,Supported,Not Supported
P189P5,P189P5_T1,P189P5_T1_1,1,relation_contradicted,Not Supported,Not Supported
P44P6,P44P6_T1,P44P6_T1_5,5,condition_contradicted,Not Supported,Not Supported
P57P9,P57P9_T2,P57P9_T2_1,1,relation_contradicted,Not Supported,Not Supported
P72P7,P72P7_T2,P72P7_T2_5,5,condition_contradicted,Not Supported,Not Supported
P38P2,P38P2_T3,P38P2_T3_2,2,condition_replaced,Not Enough Evidence,Not Enough Evidence
P85P7,P85P7_T8,P85P7_T8_1,1,relation_contradicted,Not Supported,Not Supported
P177P6,P177P6_T1,P177P6_T1_1,1,relation_contradicted,Not Supported,Not Supported
P67P2,P67P2_T2,P67P2_T2_1,1,relation_contradicted,Not Supported,Not Enough Evidence
P84P5,P84P5_T1,P84P5_T1_1,1,relation_contradicted,Not Supported,Supported
P68P6,P68P6_T1,P68P6_T1_1,1,relation_contradicted,Not Supported,Not Supported
P54P4,P54P4_T2,P54P4_T2_2,2,condition_replaced,Not Enough Evidence,Not Supported
P11PR9,P11PR9_T1,P11PR9_T1_2,2,condition_replaced,Not Enough Evidence,Not Enough Evidence
P70P4,P70P4_T2,P70P4_T2_1,1,relation_contradicted,Not Supported,Not Supported
P36P7,P36P7_T2,P36P7_T2_4,4,supported,Supported,Supported
P132P1,P132P1_T2,P132P1_T2_1,1,relation_contradicted,Not Supported,Not Supported
P113P7,P113P7_T1,P113P7_T1_5,5,condition_contradicted,Not Supported,Not Supported
P13P7,P13P7_T2,P13P7_T2_3,3,condition_removed,Not Enough Evidence,Not Enough Evidence
P13P6,P13P6_T3,P13P6_T3_5,5,condition_contradicted,Not Supported,Not Supported
P76P7,P76P7_T3,P76P7_T3_2,2,condition_replaced,Not Enough Evidence,Not Enough Evidence
P194P8,P194P8_T2,P194P8_T2_1,1,relation_contradicted,Not Supported,Not Supported
P19P3,P19P3_T1,P19P3_T1_4,4,supported,Supported,Supported
P71P7,P71P7_T1,P71P7_T1_1,1,relation_contradicted,Not Supported,Not Supported
P48P4,P48P4_T3,P48P4_T3_5,5,condition_contradicted,Not Supported,Not Supported
P74P2,P74P2_T1,P74P2_T1_3,3,condition_removed,Not Enough Evidence,Not Enough Evidence
P87P11,P87P11_T1,P87P11_T1_3,3,condition_removed,Not Enough Evidence,Not Enough Evidence
P57P9,P57P9_T2,P57P9_T2_4,4,supported,Supported,Not Supported
P39P4,P39P4_T4,P39P4_T4_5,5,condition_contradicted,Not Supported,Not Supported
P82P10,P82P10_T1,P82P10_T1_2,2,condition_replaced,Not Enough Evidence,Not Enough Evidence
P61P1,P61P1_T5,P61P1_T5_2,2,condition_replaced,Not Enough Evidence,Not Enough Evidence
P192P2,P192P2_T1,P192P2_T1_1,1,relation_contradicted,Not Supported,Not Supported
P85P6,P85P6_T1,P85P6_T1_5,5,condition_contradicted,Not Supported,Not Supported
P47P6,P47P6_T1,P47P6_T1_1,1,relation_contradicted,Not Supported,Not Supported
P67P2,P67P2_T1,P67P2_T1_2,2,condition_replaced,Not Enough Evidence,Not Enough Evidence
P17P6,P17P6_T2,P17P6_T2_5,5,condition_contradicted,Not Supported,Not Supported
P83P7,P83P7_T2,P83P7_T2_2,2,condition_replaced,Not Enough Evidence,Not Enough Evidence
P111P8,P111P8_T1,P111P8_T1_3,3,condition_removed,Not Enough Evidence,Not Supported
P11PR11,P11PR11_T3,P11PR11_T3_2,2,condition_replaced,Not Enough Evidence,Not Enough Evidence
P87P20,P87P20_T2,P87P20_T2_1,1,relation_contradicted,Not Supported,Not Supported
P200P4,P200P4_T1,P200P4_T1_3,3,condition_removed,Not Enough Evidence,Not Enough Evidence
P40P2,P40P2_T1,P40P2_T1_5,5,condition_contradicted,Not Supported,Not Supported
P115P4,P115P4_T2,P115P4_T2_4,4,supported,Supported,Supported
P91P7,P91P7_T5,P91P7_T5_3,3,condition_removed,Not Enough Evidence,Not Enough Evidence
P185P4,P185P4_T4,P185P4_T4_4,4,supported,Supported,Supported
P173P5,P173P5_T1,P173P5_T1_4,4,supported,Supported,Supported
P79P3,P79P3_T2,P79P3_T2_2,2,condition_replaced,Not Enough Evidence,Not Enough Evidence
P139P6,P139P6_T2,P139P6_T2_5,5,condition_contradicted,Not Supported,Not Supported
P17P6,P17P6_T4,P17P6_T4_4,4,supported,Supported,Supported
P113P26,P113P26_T2,P113P26_T2_5,5,condition_contradicted,Not Supported,Not Supported
P77P5,P77P5_T1,P77P5_T1_5,5,condition_contradicted,Not Supported,Not Supported
P103P6,P103P6_T1,P103P6_T1_5,5,condition_contradicted,Not Supported,Not Supported
P103P1,P103P1_T2,P103P1_T2_4,4,supported,Supported,Supported
P58P4,P58P4_T1,P58P4_T1_3,3,condition_removed,Not Enough Evidence,Not Enough Evidence
P83P3,P83P3_T5,P83P3_T5_2,2,condition_replaced,Not Enough Evidence,Not Enough Evidence
P127P6,P127P6_T2,P127P6_T2_1,1,relation_contradicted,Not Supported,Not Supported
P117P13,P117P13_T1,P117P13_T1_5,5,condition_contradicted,Not Supported,Not Supported
P121P1,P121P1_T1,P121P1_T1_1,1,relation_contradicted,Not Supported,Not Supported
P104P6,P104P6_T1,P104P6_T1_2,2,condition_replaced,Not Enough Evidence,Not Enough Evidence
P99P14,P99P14_T4,P99P14_T4_1,1,relation_contradicted,Not Supported,Not Supported
P81P11,P81P11_T3,P81P11_T3_5,5,condition_contradicted,Not Supported,Not Supported
P139P3,P139P3_T3,P139P3_T3_2,2,condition_replaced,Not Enough Evidence,Not Enough Evidence
P124P14,P124P14_T2,P124P14_T2_4,4,supported,Supported,Not Supported
P19P4,P19P4_T1,P19P4_T1_5,5,condition_contradicted,Not Supported,Not Supported
P54P5,P54P5_T1,P54P5_T1_2,2,condition_replaced,Not Enough Evidence,Not Enough Evidence
P59P1,P59P1_T4,P59P1_T4_5,5,condition_contradicted,Not Supported,Not Supported
P35P4,P35P4_T1,P35P4_T1_2,2,condition_replaced,Not Enough Evidence,Not Enough Evidence
P20P2,P20P2_T2,P20P2_T2_1,1,relation_contradicted,Not Supported,Not Supported
P173P6,P173P6_T2,P173P6_T2_4,4,supported,Supported,Supported
P40P2,P40P2_T1,P40P2_T1_2,2,condition_replaced,Not Enough Evidence,Not Enough Evidence
P90P13,P90P13_T2,P90P13_T2_1,1,relation_contradicted,Not Supported,Not Supported
P12PR8,P12PR8_T7,P12PR8_T7_4,4,supported,Supported,Not Supported
P56P9,P56P9_T2,P56P9_T2_5,5,condition_contradicted,Not Supported,Not Supported
P91P7,P91P7_T6,P91P7_T6_2,2,condition_replaced,Not Enough Evidence,Not Enough Evidence
P93P1,P93P1_T3,P93P1_T3_5,5,condition_contradicted,Not Supported,Not Enough Evidence
P75P12,P75P12_T2,P75P12_T2_1,1,relation_contradicted,Not Supported,Not Supported
P35P6,P35P6_T1,P35P6_T1_5,5,condition_contradicted,Not Supported,Not Supported
P185P4,P185P4_T2,P185P4_T2_5,5,condition_contradicted,Not Supported,Not Supported
P90P1,P90P1_T1,P90P1_T1_2,2,condition_replaced,Not Enough Evidence,Not Enough Evidence
P94P1,P94P1_T1,P94P1_T1_2,2,condition_replaced,Not Enough Evidence,Not Enough Evidence
P115P10,P115P10_T2,P115P10_T2_4,4,supported,Supported,Not Supported
P35P6,P35P6_T4,P35P6_T4_4,4,supported,Supported,Supported
P130P18,P130P18_T1,P130P18_T1_4,4,supported,Supported,Supported
P124P14,P124P14_T2,P124P14_T2_1,1,relation_contradicted,Not Supported,Not Supported
P22P7,P22P7_T1,P22P7_T1_1,1,relation_contradicted,Not Supported,Not Enough Evidence
P72P3,P72P3_T1,P72P3_T1_4,4,supported,Supported,Supported
P84P5,P84P5_T1,P84P5_T1_3,3,condition_removed,Not Enough Evidence,Not Enough Evidence
P81P13,P81P13_T2,P81P13_T2_4,4,supported,Supported,Supported
P198P6,P198P6_T4,P198P6_T4_1,1,relation_contradicted,Not Supported,Not Supported
P67P8,P67P8_T1,P67P8_T1_2,2,condition_replaced,Not Enough Evidence,Not Enough Evidence
P77P1,P77P1_T6,P77P1_T6_5,5,condition_contradicted,Not Supported,Not Supported
P11PR1,P11PR1_T2,P11PR1_T2_4,4,supported,Supported,Supported
P44P7,P44P7_T1,P44P7_T1_3,3,condition_removed,Not Enough Evidence,Not Enough Evidence
P186P4,P186P4_T4,P186P4_T4_2,2,condition_replaced,Not Enough Evidence,Not Enough Evidence
P15P1,P15P1_T4,P15P1_T4_2,2,condition_replaced,Not Enough Evidence,Not Supported
P74P9,P74P9_T1,P74P9_T1_4,4,supported,Supported,Supported
P20P6,P20P6_T1,P20P6_T1_1,1,relation_contradicted,Not Supported,Not Supported
P28P3,P28P3_T2,P28P3_T2_1,1,relation_contradicted,Not Supported,Not Supported
P85P7,P85P7_T10,P85P7_T10_2,2,condition_replaced,Not Enough Evidence,Not Supported
P123P7,P123P7_T1,P123P7_T1_2,2,condition_replaced,Not Enough Evidence,Not Enough Evidence
P33P2,P33P2_T1,P33P2_T1_2,2,condition_replaced,Not Enough Evidence,Not Enough Evidence
P145P6,P145P6_T2,P145P6_T2_1,1,relation_contradicted,Not Supported,Not Supported
P71P9,P71P9_T1,P71P9_T1_5,5,condition_contradicted,Not Supported,Not Supported
P140P1,P140P1_T1,P140P1_T1_2,2,condition_replaced,Not Enough Evidence,Not Enough Evidence
P118P12,P118P12_T1,P118P12_T1_3,3,condition_removed,Not Enough Evidence,Not Enough Evidence
P179P4,P179P4_T2,P179P4_T2_5,5,condition_contradicted,Not Supported,Not Enough Evidence
P161P1,P161P1_T4,P161P1_T4_2,2,condition_replaced,Not Enough Evidence,Not Supported
P76P4,P76P4_T1,P76P4_T1_2,2,condition_replaced,Not Enough Evidence,Not Enough Evidence
P108P7,P108P7_T1,P108P7_T1_5,5,condition_contradicted,Not Supported,Not Supported
P67P2,P67P2_T3,P67P2_T3_3,3,condition_removed,Not Enough Evidence,Not Enough Evidence
P94P1,P94P1_T2,P94P1_T2_2,2,condition_replaced,Not Enough Evidence,Not Enough Evidence
P178P2,P178P2_T1,P178P2_T1_1,1,relation_contradicted,Not Supported,Not Supported
P82P2,P82P2_T1,P82P2_T1_2,2,condition_replaced,Not Enough Evidence,Not Enough Evidence
P125P2,P125P2_T2,P125P2_T2_4,4,supported,Supported,Supported
P168P1,P168P1_T2,P168P1_T2_5,5,condition_contradicted,Not Supported,Not Supported
P37P7,P37P7_T1,P37P7_T1_4,4,supported,Supported,Supported
P81P9,P81P9_T1,P81P9_T1_2,2,condition_replaced,Not Enough Evidence,Not Enough Evidence
P11PR8,P11PR8_T1,P11PR8_T1_3,3,condition_removed,Not Enough Evidence,Not Enough Evidence
P44P4,P44P4_T1,P44P4_T1_3,3,condition_removed,Not Enough Evidence,Not Enough Evidence
P54P4,P54P4_T2,P54P4_T2_3,3,condition_removed,Not Enough Evidence,Not Supported
P113P30,P113P30_T1,P113P30_T1_2,2,condition_replaced,Not Enough Evidence,Not Enough Evidence
P81P13,P81P13_T4,P81P13_T4_2,2,condition_replaced,Not Enough Evidence,Not Enough Evidence
P98P5,P98P5_T2,P98P5_T2_1,1,relation_contradicted,Not Supported,Not Supported
P25P4,P25P4_T1,P25P4_T1_2,2,condition_replaced,Not Enough Evidence,Not Enough Evidence
P20P4,P20P4_T3,P20P4_T3_3,3,condition_removed,Not Enough Evidence,Not Enough Evidence
P55P2,P55P2_T1,P55P2_T1_2,2,condition_replaced,Not Enough Evidence,Not Enough Evidence
P186P4,P186P4_T4,P186P4_T4_4,4,supported,Supported,Supported
P54P1,P54P1_T2,P54P1_T2_4,4,supported,Supported,Not Supported
P154P16,P154P16_T2,P154P16_T2_1,1,relation_contradicted,Not Supported,Not Supported
P38P7,P38P7_T2,P38P7_T2_5,5,condition_contradicted,Not Supported,Not Supported
P78P7,P78P7_T1,P78P7_T1_2,2,condition_replaced,Not Enough Evidence,Not Enough Evidence
P90P4,P90P4_T1,P90P4_T1_1,1,relation_contradicted,Not Supported,Not Supported
P83P8,P83P8_T2,P83P8_T2_2,2,condition_replaced,Not Enough Evidence,Not Enough Evidence
P65P2,P65P2_T1,P65P2_T1_1,1,relation_contradicted,Not Supported,Not Supported
P100P13,P100P13_T1,P100P13_T1_1,1,relation_contradicted,Not Supported,Not Supported
P13P8,P13P8_T4,P13P8_T4_2,2,condition_replaced,Not Enough Evidence,Not Enough Evidence
P46P6,P46P6_T1,P46P6_T1_5,5,condition_contradicted,Not Supported,Not Supported
P12PR1,P12PR1_T6,P12PR1_T6_5,5,condition_contradicted,Not Supported,Not Supported
P75P1,P75P1_T2,P75P1_T2_4,4,supported,Supported,Supported
P55P4,P55P4_T4,P55P4_T4_4,4,supported,Supported,Not Supported
P193P5,P193P5_T1,P193P5_T1_5,5,condition_contradicted,Not Supported,Not Supported
P20P6,P20P6_T2,P20P6_T2_3,3,condition_removed,Not Enough Evidence,Not Enough Evidence
P84P5,P84P5_T3,P84P5_T3_1,1,relation_contradicted,Not Supported,Not Supported
P84P3,P84P3_T2,P84P3_T2_5,5,condition_contradicted,Not Supported,Not Supported
P81P9,P81P9_T1,P81P9_T1_5,5,condition_contradicted,Not Supported,Not Supported
P116P1,P116P1_T2,P116P1_T2_4,4,supported,Supported,Supported
P115P5,P115P5_T1,P115P5_T1_3,3,condition_removed,Not Enough Evidence,Not Enough Evidence
P77P1,P77P1_T5,P77P1_T5_3,3,condition_removed,Not Enough Evidence,Not Enough Evidence
P20P4,P20P4_T4,P20P4_T4_1,1,relation_contradicted,Not Supported,Not Supported
P124P13,P124P13_T1,P124P13_T1_4,4,supported,Supported,Supported
P28P2,P28P2_T1,P28P2_T1_4,4,supported,Supported,Supported
P116P4,P116P4_T2,P116P4_T2_2,2,condition_replaced,Not Enough Evidence,Not Enough Evidence
P61P4,P61P4_T2,P61P4_T2_4,4,supported,Supported,Supported
P182P9,P182P9_T2,P182P9_T2_5,5,condition_contradicted,Not Supported,Not Supported
P169P9,P169P9_T1,P169P9_T1_4,4,supported,Supported,Supported
P24P4,P24P4_T1,P24P4_T1_3,3,condition_removed,Not Enough Evidence,Not Enough Evidence
P14P2,P14P2_T1,P14P2_T1_1,1,relation_contradicted,Not Supported,Not Supported
P197P5,P197P5_T4,P197P5_T4_3,3,condition_removed,Not Enough Evidence,Not Enough Evidence
P184P11,P184P11_T1,P184P11_T1_2,2,condition_replaced,Not Enough Evidence,Not Enough Evidence
P66P1,P66P1_T3,P66P1_T3_4,4,supported,Supported,Supported
P127P4,P127P4_T6,P127P4_T6_2,2,condition_replaced,Not Enough Evidence,Not Enough Evidence
P105P7,P105P7_T1,P105P7_T1_4,4,supported,Supported,Not Supported
P113P3,P113P3_T1,P113P3_T1_1,1,relation_contradicted,Not Supported,Not Supported
P76P13,P76P13_T1,P76P13_T1_5,5,condition_contradicted,Not Supported,Not Supported
P12PR8,P12PR8_T8,P12PR8_T8_3,3,condition_removed,Not Enough Evidence,Not Supported
P178P4,P178P4_T1,P178P4_T1_1,1,relation_contradicted,Not Supported,Not Supported
P124P13,P124P13_T3,P124P13_T3_5,5,condition_contradicted,Not Supported,Not Supported
P113P1,P113P1_T1,P113P1_T1_5,5,condition_contradicted,Not Supported,Not Supported
P98P5,P98P5_T2,P98P5_T2_2,2,condition_replaced,Not Enough Evidence,Not Enough Evidence
P115P8,P115P8_T2,P115P8_T2_1,1,relation_contradicted,Not Supported,Not Supported
P21P8,P21P8_T1,P21P8_T1_1,1,relation_contradicted,Not Supported,Not Supported
P86P4,P86P4_T1,P86P4_T1_5,5,condition_contradicted,Not Supported,Not Enough Evidence
P93P7,P93P7_T2,P93P7_T2_4,4,supported,Supported,Supported
P57P7,P57P7_T1,P57P7_T1_4,4,supported,Supported,Supported
P11PR7,P11PR7_T2,P11PR7_T2_5,5,condition_contradicted,Not Supported,Not Supported
P90P13,P90P13_T2,P90P13_T2_5,5,condition_contradicted,Not Supported,Not Supported
P55P4,P55P4_T6,P55P4_T6_4,4,supported,Supported,Not Supported
P102P2,P102P2_T2,P102P2_T2_3,3,condition_removed,Not Enough Evidence,Not Enough Evidence
P30P5,P30P5_T1,P30P5_T1_4,4,supported,Supported,Supported
P127P7,P127P7_T3,P127P7_T3_3,3,condition_removed,Not Enough Evidence,Not Enough Evidence
P58P1,P58P1_T3,P58P1_T3_3,3,condition_removed,Not Enough Evidence,Not Enough Evidence
P19P4,P19P4_T1,P19P4_T1_2,2,condition_replaced,Not Enough Evidence,Not Enough Evidence
P17P11,P17P11_T1,P17P11_T1_1,1,relation_contradicted,Not Supported,Supported
P103P1,P103P1_T4,P103P1_T4_4,4,supported,Supported,Not Supported
P113P3,P113P3_T1,P113P3_T1_5,5,condition_contradicted,Not Supported,Not Supported
P48P4,P48P4_T1,P48P4_T1_2,2,condition_replaced,Not Enough Evidence,Not Enough Evidence
P98P5,P98P5_T1,P98P5_T1_4,4,supported,Supported,Supported
P97P8,P97P8_T1,P97P8_T1_2,2,condition_replaced,Not Enough Evidence,Not Enough Evidence
P78P8,P78P8_T1,P78P8_T1_1,1,relation_contradicted,Not Supported,Not Supported
P122P7,P122P7_T1,P122P7_T1_1,1,relation_contradicted,Not Supported,Not Supported
P58P1,P58P1_T4,P58P1_T4_1,1,relation_contradicted,Not Supported,Not Supported
P66P1,P66P1_T4,P66P1_T4_3,3,condition_removed,Not Enough Evidence,Not Enough Evidence
P197P5,P197P5_T4,P197P5_T4_5,5,condition_contradicted,Not Supported,Not Supported
P158P3,P158P3_T1,P158P3_T1_1,1,relation_contradicted,Not Supported,Not Supported
P13P13,P13P13_T1,P13P13_T1_4,4,supported,Supported,Not Supported
P87P10,P87P10_T1,P87P10_T1_3,3,condition_removed,Not Enough Evidence,Not Enough Evidence
P62P1,P62P1_T8,P62P1_T8_5,5,condition_contradicted,Not Supported,Not Supported
P118P5,P118P5_T2,P118P5_T2_5,5,condition_contradicted,Not Supported,Not Supported
P107P1,P107P1_T1,P107P1_T1_2,2,condition_replaced,Not Enough Evidence,Not Enough Evidence
P107P1,P107P1_T1,P107P1_T1_4,4,supported,Supported,Supported
P31P4,P31P4_T1,P31P4_T1_1,1,relation_contradicted,Not Supported,Not Enough Evidence
P32P1,P32P1_T2,P32P1_T2_1,1,relation_contradicted,Not Supported,Not Supported
P125P10,P125P10_T1,P125P10_T1_2,2,condition_replaced,Not Enough Evidence,Not Enough Evidence
P83P3,P83P3_T2,P83P3_T2_1,1,relation_contradicted,Not Supported,Not Enough Evidence
P38P5,P38P5_T1,P38P5_T1_4,4,supported,Supported,Supported
P90P10,P90P10_T2,P90P10_T2_2,2,condition_replaced,Not Enough Evidence,Not Enough Evidence
P87P8,P87P8_T1,P87P8_T1_5,5,condition_contradicted,Not Supported,Not Supported
P83P7,P83P7_T4,P83P7_T4_1,1,relation_contradicted,Not Supported,Not Supported
P61P4,P61P4_T2,P61P4_T2_1,1,relation_contradicted,Not Supported,Not Supported
P77P6,P77P6_T1,P77P6_T1_2,2,condition_replaced,Not Enough Evidence,Not Enough Evidence
P177P7,P177P7_T1,P177P7_T1_1,1,relation_contradicted,Not Supported,Not Supported
P65P6,P65P6_T1,P65P6_T1_2,2,condition_replaced,Not Enough Evidence,Not Enough Evidence
P163P10,P163P10_T1,P163P10_T1_1,1,relation_contradicted,Not Supported,Supported
P131P1,P131P1_T4,P131P1_T4_5,5,condition_contradicted,Not Supported,Not Supported
P27P4,P27P4_T2,P27P4_T2_1,1,relation_contradicted,Not Supported,Not Supported
P55P4,P55P4_T5,P55P4_T5_3,3,condition_removed,Not Enough Evidence,Not Supported
P108P7,P108P7_T2,P108P7_T2_4,4,supported,Supported,Supported
P77P5,P77P5_T6,P77P5_T6_4,4,supported,Supported,Supported
P94P3,P94P3_T1,P94P3_T1_5,5,condition_contradicted,Not Supported,Not Supported
P139P5,P139P5_T1,P139P5_T1_4,4,supported,Supported,Supported
P79P10,P79P10_T1,P79P10_T1_5,5,condition_contradicted,Not Supported,Not Supported
P186P3,P186P3_T1,P186P3_T1_1,1,relation_contradicted,Not Supported,Not Supported
P87P20,P87P20_T2,P87P20_T2_2,2,condition_replaced,Not Enough Evidence,Not Enough Evidence
P93P1,P93P1_T3,P93P1_T3_3,3,condition_removed,Not Enough Evidence,Not Enough Evidence
P59P3,P59P3_T1,P59P3_T1_1,1,relation_contradicted,Not Supported,Not Supported
P14P2,P14P2_T2,P14P2_T2_1,1,relation_contradicted,Not Supported,Supported
P22P3,P22P3_T2,P22P3_T2_4,4,supported,Supported,Supported
P130P6,P130P6_T1,P130P6_T1_1,1,relation_contradicted,Not Supported,Not Supported
P40P7,P40P7_T1,P40P7_T1_4,4,supported,Supported,Not Supported
P61P1,P61P1_T3,P61P1_T3_2,2,condition_replaced,Not Enough Evidence,Not Enough Evidence
P24P4,P24P4_T2,P24P4_T2_2,2,condition_replaced,Not Enough Evidence,Not Enough Evidence
P186P4,P186P4_T4,P186P4_T4_3,3,condition_removed,Not Enough Evidence,Not Enough Evidence
P15P1,P15P1_T8,P15P1_T8_5,5,condition_contradicted,Not Supported,Not Supported
P65P7,P65P7_T1,P65P7_T1_2,2,condition_replaced,Not Enough Evidence,Not Enough Evidence
P185P6,P185P6_T2,P185P6_T2_5,5,condition_contradicted,Not Supported,Not Supported
P91P14,P91P14_T2,P91P14_T2_2,2,condition_replaced,Not Enough Evidence,Not Supported
P118P12,P118P12_T1,P118P12_T1_4,4,supported,Supported,Supported
P187P3,P187P3_T1,P187P3_T1_4,4,supported,Supported,Supported
P183P8,P183P8_T2,P183P8_T2_2,2,condition_replaced,Not Enough Evidence,Not Enough Evidence
P22P8,P22P8_T2,P22P8_T2_5,5,condition_contradicted,Not Supported,Not Supported
P117P9,P117P9_T1,P117P9_T1_4,4,supported,Supported,Not Supported
P184P13,P184P13_T1,P184P13_T1_5,5,condition_contradicted,Not Supported,Not Supported
P32P7,P32P7_T1,P32P7_T1_5,5,condition_contradicted,Not Supported,Not Supported
P124P14,P124P14_T2,P124P14_T2_3,3,condition_removed,Not Enough Evidence,Not Enough Evidence
P183P3,P183P3_T1,P183P3_T1_4,4,supported,Supported,Supported
P46P6,P46P6_T1,P46P6_T1_3,3,condition_removed,Not Enough Evidence,Not Enough Evidence
P182P9,P182P9_T2,P182P9_T2_3,3,condition_removed,Not Enough Evidence,Not Enough Evidence
P61P4,P61P4_T1,P61P4_T1_2,2,condition_replaced,Not Enough Evidence,Not Enough Evidence
P85P8,P85P8_T1,P85P8_T1_5,5,condition_contradicted,Not Supported,Not Enough Evidence
P62P1,P62P1_T3,P62P1_T3_1,1,relation_contradicted,Not Supported,Not Supported
P83P6,P83P6_T2,P83P6_T2_4,4,supported,Supported,Not Supported
P130P10,P130P10_T2,P130P10_T2_1,1,relation_contradicted,Not Supported,Not Supported
P20P3,P20P3_T1,P20P3_T1_3,3,condition_removed,Not Enough Evidence,Not Enough Evidence
P68P3,P68P3_T2,P68P3_T2_2,2,condition_replaced,Not Enough Evidence,Not Enough Evidence
P116P9,P116P9_T1,P116P9_T1_1,1,relation_contradicted,Not Supported,Not Supported
P187P2,P187P2_T1,P187P2_T1_5,5,condition_contradicted,Not Supported,Not Supported
P27P4,P27P4_T1,P27P4_T1_3,3,condition_removed,Not Enough Evidence,Not Enough Evidence
P61P1,P61P1_T4,P61P1_T4_4,4,supported,Supported,Supported
P12PR8,P12PR8_T6,P12PR8_T6_2,2,condition_replaced,Not Enough Evidence,Not Supported
P45P6,P45P6_T3,P45P6_T3_3,3,condition_removed,Not Enough Evidence,Not Supported
P185P2,P185P2_T1,P185P2_T1_5,5,condition_contradicted,Not Supported,Not Supported
P61P3,P61P3_T1,P61P3_T1_4,4,supported,Supported,Not Supported
P14P6,P14P6_T1,P14P6_T1_2,2,condition_replaced,Not Enough Evidence,Not Enough Evidence
P124P7,P124P7_T1,P124P7_T1_2,2,condition_replaced,Not Enough Evidence,Not Enough Evidence
P69P3,P69P3_T1,P69P3_T1_2,2,condition_replaced,Not Enough Evidence,Not Enough Evidence
P154P16,P154P16_T1,P154P16_T1_4,4,supported,Supported,Supported
P77P5,P77P5_T1,P77P5_T1_4,4,supported,Supported,Supported
P124P11,P124P11_T2,P124P11_T2_3,3,condition_removed,Not Enough Evidence,Not Enough Evidence
P125P10,P125P10_T1,P125P10_T1_5,5,condition_contradicted,Not Supported,Not Supported
P14P2,P14P2_T1,P14P2_T1_4,4,supported,Supported,Supported
P194P3,P194P3_T2,P194P3_T2_5,5,condition_contradicted,Not Supported,Not Supported
P98P7,P98P7_T5,P98P7_T5_2,2,condition_replaced,Not Enough Evidence,Not Supported
P81P11,P81P11_T1,P81P11_T1_5,5,condition_contradicted,Not Supported,Not Supported
P12PR8,P12PR8_T1,P12PR8_T1_4,4,supported,Supported,Not Supported
P161P1,P161P1_T1,P161P1_T1_1,1,relation_contradicted,Not Supported,Not Supported
P23P6,P23P6_T5,P23P6_T5_5,5,condition_contradicted,Not Supported,Not Supported
P90P12,P90P12_T1,P90P12_T1_4,4,supported,Supported,Supported
P54P1,P54P1_T2,P54P1_T2_2,2,condition_replaced,Not Enough Evidence,Supported
P139P6,P139P6_T3,P139P6_T3_2,2,condition_replaced,Not Enough Evidence,Not Enough Evidence
P125P10,P125P10_T1,P125P10_T1_3,3,condition_removed,Not Enough Evidence,Not Enough Evidence
P125P2,P125P2_T1,P125P2_T1_2,2,condition_replaced,Not Enough Evidence,Not Enough Evidence
P188P8,P188P8_T1,P188P8_T1_5,5,condition_contradicted,Not Supported,Not Supported
P95P10,P95P10_T2,P95P10_T2_1,1,relation_contradicted,Not Supported,Not Supported
P34P4,P34P4_T1,P34P4_T1_5,5,condition_contradicted,Not Supported,Not Supported
P57P10,P57P10_T3,P57P10_T3_4,4,supported,Supported,Supported
P90P3,P90P3_T3,P90P3_T3_2,2,condition_replaced,Not Enough Evidence,Not Enough Evidence
P62P1,P62P1_T7,P62P1_T7_4,4,supported,Supported,Supported
P132P1,P132P1_T2,P132P1_T2_4,4,supported,Supported,Supported
P81P11,P81P11_T2,P81P11_T2_5,5,condition_contradicted,Not Supported,Not Supported
P56P12,P56P12_T1,P56P12_T1_2,2,condition_replaced,Not Enough Evidence,Not Enough Evidence
P22P6,P22P6_T1,P22P6_T1_4,4,supported,Supported,Supported
P22P8,P22P8_T2,P22P8_T2_2,2,condition_replaced,Not Enough Evidence,Not Enough Evidence
P57P8,P57P8_T2,P57P8_T2_4,4,supported,Supported,Supported
P32P8,P32P8_T2,P32P8_T2_5,5,condition_contradicted,Not Supported,Not Supported
P104P4,P104P4_T3,P104P4_T3_5,5,condition_contradicted,Not Supported,Not Supported
P124P11,P124P11_T2,P124P11_T2_2,2,condition_replaced,Not Enough Evidence,Not Enough Evidence
P177P7,P177P7_T3,P177P7_T3_5,5,condition_contradicted,Not Supported,Not Supported
P78P1,P78P1_T1,P78P1_T1_5,5,condition_contradicted,Not Supported,Not Supported
P113P11,P113P11_T1,P113P11_T1_2,2,condition_replaced,Not Enough Evidence,Not Enough Evidence
P74P10,P74P10_T1,P74P10_T1_4,4,supported,Supported,Supported
P82P10,P82P10_T1,P82P10_T1_4,4,supported,Supported,Supported
P36P4,P36P4_T1,P36P4_T1_3,3,condition_removed,Not Enough Evidence,Not Enough Evidence
P93P7,P93P7_T2,P93P7_T2_5,5,condition_contradicted,Not Supported,Not Supported
P140P3,P140P3_T2,P140P3_T2_4,4,supported,Supported,Not Supported
P50P3,P50P3_T1,P50P3_T1_5,5,condition_contradicted,Not Supported,Not Supported
P113P16,P113P16_T1,P113P16_T1_5,5,condition_contradicted,Not Supported,Not Supported
P118P14,P118P14_T1,P118P14_T1_4,4,supported,Supported,Supported
P30P4,P30P4_T2,P30P4_T2_5,5,condition_contradicted,Not Supported,Not Supported
P200P12,P200P12_T3,P200P12_T3_2,2,condition_replaced,Not Enough Evidence,Not Enough Evidence
P147P6,P147P6_T1,P147P6_T1_5,5,condition_contradicted,Not Supported,Not Supported
P113P25,P113P25_T2,P113P25_T2_3,3,condition_removed,Not Enough Evidence,Not Enough Evidence
P25P4,P25P4_T2,P25P4_T2_5,5,condition_contradicted,Not Supported,Not Supported
P37P5,P37P5_T1,P37P5_T1_4,4,supported,Supported,Supported
P32P8,P32P8_T2,P32P8_T2_4,4,supported,Supported,Supported
P170P1,P170P1_T1,P170P1_T1_2,2,condition_replaced,Not Enough Evidence,Not Enough Evidence
P12PR1,P12PR1_T1,P12PR1_T1_3,3,condition_removed,Not Enough Evidence,Not Supported
P81P8,P81P8_T1,P81P8_T1_2,2,condition_replaced,Not Enough Evidence,Not Enough Evidence
P103P1,P103P1_T1,P103P1_T1_2,2,condition_replaced,Not Enough Evidence,Not Enough Evidence
P84P5,P84P5_T2,P84P5_T2_1,1,relation_contradicted,Not Supported,Not Supported
P87P3,P87P3_T1,P87P3_T1_5,5,condition_contradicted,Not Supported,Supported
P68P6,P68P6_T3,P68P6_T3_2,2,condition_replaced,Not Enough Evidence,Not Enough Evidence
P115P4,P115P4_T2,P115P4_T2_1,1,relation_contradicted,Not Supported,Not Supported
P75P1,P75P1_T2,P75P1_T2_2,2,condition_replaced,Not Enough Evidence,Not Enough Evidence
P54P3,P54P3_T3,P54P3_T3_4,4,supported,Supported,Supported
P67P2,P67P2_T3,P67P2_T3_4,4,supported,Supported,Supported
P75P9,P75P9_T2,P75P9_T2_1,1,relation_contradicted,Not Supported,Not Supported
P145P6,P145P6_T2,P145P6_T2_2,2,condition_replaced,Not Enough Evidence,Not Enough Evidence
P161P1,P161P1_T3,P161P1_T3_3,3,condition_removed,Not Enough Evidence,Not Supported
P13P7,P13P7_T2,P13P7_T2_2,2,condition_replaced,Not Enough Evidence,Not Enough Evidence
P103P1,P103P1_T7,P103P1_T7_4,4,supported,Supported,Not Supported
P194P4,P194P4_T1,P194P4_T1_1,1,relation_contradicted,Not Supported,Not Supported
P70P8,P70P8_T1,P70P8_T1_3,3,condition_removed,Not Enough Evidence,Not Enough Evidence
P11PR7,P11PR7_T1,P11PR7_T1_2,2,condition_replaced,Not Enough Evidence,Not Enough Evidence
P15P1,P15P1_T8,P15P1_T8_3,3,condition_removed,Not Enough Evidence,Not Enough Evidence
P46P3,P46P3_T2,P46P3_T2_5,5,condition_contradicted,Not Supported,Not Supported
P28P3,P28P3_T1,P28P3_T1_3,3,condition_removed,Not Enough Evidence,Not Enough Evidence
P198P6,P198P6_T1,P198P6_T1_3,3,condition_removed,Not Enough Evidence,Not Enough Evidence
P119P8,P119P8_T1,P119P8_T1_1,1,relation_contradicted,Not Supported,Supported
P93P1,P93P1_T4,P93P1_T4_4,4,supported,Supported,Supported
P156P4,P156P4_T3,P156P4_T3_5,5,condition_contradicted,Not Supported,Not Supported
P68P3,P68P3_T2,P68P3_T2_4,4,supported,Supported,Supported
P11PR9,P11PR9_T1,P11PR9_T1_5,5,condition_contradicted,Not Supported,Not Supported
P45P6,P45P6_T5,P45P6_T5_5,5,condition_contradicted,Not Supported,Not Supported
P83P10,P83P10_T1,P83P10_T1_1,1,relation_contradicted,Not Supported,Not Supported
P128P1,P128P1_T1,P128P1_T1_4,4,supported,Supported,Not Supported
P118P15,P118P15_T2,P118P15_T2_4,4,supported,Supported,Supported
P77P1,P77P1_T7,P77P1_T7_3,3,condition_removed,Not Enough Evidence,Not Enough Evidence
P66P1,P66P1_T1,P66P1_T1_5,5,condition_contradicted,Not Supported,Not Supported
P21P7,P21P7_T1,P21P7_T1_2,2,condition_replaced,Not Enough Evidence,Not Enough Evidence
P71P1,P71P1_T1,P71P1_T1_4,4,supported,Supported,Supported
P15P3,P15P3_T1,P15P3_T1_1,1,relation_contradicted,Not Supported,Not Supported
P105P1,P105P1_T2,P105P1_T2_1,1,relation_contradicted,Not Supported,Not Supported
P38P2,P38P2_T2,P38P2_T2_4,4,supported,Supported,Supported
P194P3,P194P3_T4,P194P3_T4_1,1,relation_contradicted,Not Supported,Not Supported
P102P10,P102P10_T1,P102P10_T1_1,1,relation_contradicted,Not Supported,Not Supported
P107P1,P107P1_T2,P107P1_T2_5,5,condition_contradicted,Not Supported,Not Supported
P172P3,P172P3_T2,P172P3_T2_4,4,supported,Supported,Supported
P93P1,P93P1_T5,P93P1_T5_1,1,relation_contradicted,Not Supported,Not Supported
P96P3,P96P3_T1,P96P3_T1_3,3,condition_removed,Not Enough Evidence,Not Enough Evidence
P60P1,P60P1_T1,P60P1_T1_4,4,supported,Supported,Supported
P11PR11,P11PR11_T1,P11PR11_T1_4,4,supported,Supported,Supported
P28P3,P28P3_T1,P28P3_T1_5,5,condition_contradicted,Not Supported,Not Supported
P178P4,P178P4_T2,P178P4_T2_1,1,relation_contradicted,Not Supported,Not Supported
P60P4,P60P4_T1,P60P4_T1_4,4,supported,Supported,Supported
P67P8,P67P8_T1,P67P8_T1_5,5,condition_contradicted,Not Supported,Not Supported
P153P2,P153P2_T1,P153P2_T1_3,3,condition_removed,Not Enough Evidence,Not Enough Evidence
P93P3,P93P3_T5,P93P3_T5_4,4,supported,Supported,Supported
P87P20,P87P20_T3,P87P20_T3_5,5,condition_contradicted,Not Supported,Not Supported
P56P4,P56P4_T1,P56P4_T1_2,2,condition_replaced,Not Enough Evidence,Not Enough Evidence
P94P4,P94P4_T2,P94P4_T2_5,5,condition_contradicted,Not Supported,Not Supported
P84P3,P84P3_T3,P84P3_T3_4,4,supported,Supported,Supported
P77P1,P77P1_T4,P77P1_T4_2,2,condition_replaced,Not Enough Evidence,Not Enough Evidence
P23P5,P23P5_T2,P23P5_T2_2,2,condition_replaced,Not Enough Evidence,Not Enough Evidence
P74P4,P74P4_T1,P74P4_T1_3,3,condition_removed,Not Enough Evidence,Not Enough Evidence
P116P1,P116P1_T1,P116P1_T1_3,3,condition_removed,Not Enough Evidence,Not Enough Evidence
P20P4,P20P4_T3,P20P4_T3_2,2,condition_replaced,Not Enough Evidence,Not Enough Evidence
P99P8,P99P8_T1,P99P8_T1_1,1,relation_contradicted,Not Supported,Not Supported
P115P4,P115P4_T1,P115P4_T1_3,3,condition_removed,Not Enough Evidence,Not Enough Evidence
P58P4,P58P4_T1,P58P4_T1_2,2,condition_replaced,Not Enough Evidence,Not Enough Evidence
P38P6,P38P6_T1,P38P6_T1_2,2,condition_replaced,Not Enough Evidence,Not Enough Evidence
P139P7,P139P7_T3,P139P7_T3_4,4,supported,Supported,Supported
P24P2,P24P2_T1,P24P2_T1_2,2,condition_replaced,Not Enough Evidence,Not Enough Evidence
P45P6,P45P6_T4,P45P6_T4_1,1,relation_contradicted,Not Supported,Not Supported
P81P7,P81P7_T1,P81P7_T1_4,4,supported,Supported,Supported
P68P3,P68P3_T2,P68P3_T2_5,5,condition_contradicted,Not Supported,Not Supported
P73P10,P73P10_T1,P73P10_T1_3,3,condition_removed,Not Enough Evidence,Not Enough Evidence
P171P1,P171P1_T1,P171P1_T1_1,1,relation_contradicted,Not Supported,Not Supported
P145P5,P145P5_T1,P145P5_T1_4,4,supported,Supported,Supported
P184P11,P184P11_T1,P184P11_T1_3,3,condition_removed,Not Enough Evidence,Not Enough Evidence
P87P1,P87P1_T2,P87P1_T2_1,1,relation_contradicted,Not Supported,Not Supported
P103P1,P103P1_T3,P103P1_T3_1,1,relation_contradicted,Not Supported,Not Supported
P57P9,P57P9_T1,P57P9_T1_2,2,condition_replaced,Not Enough Evidence,Not Enough Evidence
P35P4,P35P4_T1,P35P4_T1_1,1,relation_contradicted,Not Supported,Not Enough Evidence
P72P1,P72P1_T1,P72P1_T1_2,2,condition_replaced,Not Enough Evidence,Not Enough Evidence
P124P13,P124P13_T2,P124P13_T2_4,4,supported,Supported,Not Supported
P76P11,P76P11_T1,P76P11_T1_2,2,condition_replaced,Not Enough Evidence,Not Enough Evidence
P66P1,P66P1_T1,P66P1_T1_2,2,condition_replaced,Not Enough Evidence,Not Enough Evidence
P81P11,P81P11_T1,P81P11_T1_1,1,relation_contradicted,Not Supported,Not Supported
P81P8,P81P8_T1,P81P8_T1_4,4,supported,Supported,Supported
P128P2,P128P2_T1,P128P2_T1_3,3,condition_removed,Not Enough Evidence,Not Enough Evidence
P186P5,P186P5_T1,P186P5_T1_5,5,condition_contradicted,Not Supported,Not Supported
P50P6,P50P6_T1,P50P6_T1_1,1,relation_contradicted,Not Supported,Not Supported
P28P7,P28P7_T3,P28P7_T3_4,4,supported,Supported,Supported
P20P3,P20P3_T3,P20P3_T3_1,1,relation_contradicted,Not Supported,Not Supported
P81P7,P81P7_T5,P81P7_T5_2,2,condition_replaced,Not Enough Evidence,Not Enough Evidence
P161P4,P161P4_T1,P161P4_T1_1,1,relation_contradicted,Not Supported,Not Supported
P54P2,P54P2_T2,P54P2_T2_2,2,condition_replaced,Not Enough Evidence,Not Enough Evidence
P98P5,P98P5_T2,P98P5_T2_4,4,supported,Supported,Supported
P85P7,P85P7_T3,P85P7_T3_5,5,condition_contradicted,Not Supported,Not Supported
P160P6,P160P6_T1,P160P6_T1_2,2,condition_replaced,Not Enough Evidence,Supported
P38P7,P38P7_T2,P38P7_T2_3,3,condition_removed,Not Enough Evidence,Not Enough Evidence
P192P5,P192P5_T1,P192P5_T1_4,4,supported,Supported,Supported
P74P1,P74P1_T2,P74P1_T2_3,3,condition_removed,Not Enough Evidence,Not Enough Evidence
P39P9,P39P9_T2,P39P9_T2_3,3,condition_removed,Not Enough Evidence,Not Enough Evidence
P91P10,P91P10_T1,P91P10_T1_2,2,condition_replaced,Not Enough Evidence,Not Enough Evidence
P28P3,P28P3_T1,P28P3_T1_1,1,relation_contradicted,Not Supported,Not Supported
P26P5,P26P5_T2,P26P5_T2_4,4,supported,Supported,Supported
P19P3,P19P3_T2,P19P3_T2_4,4,supported,Supported,Supported
P104P2,P104P2_T1,P104P2_T1_1,1,relation_contradicted,Not Supported,Not Supported
P12PR8,P12PR8_T6,P12PR8_T6_3,3,condition_removed,Not Enough Evidence,Not Supported
P124P3,P124P3_T2,P124P3_T2_4,4,supported,Supported,Supported
P82P10,P82P10_T2,P82P10_T2_4,4,supported,Supported,Supported
P14P7,P14P7_T1,P14P7_T1_5,5,condition_contradicted,Not Supported,Supported
P99P15,P99P15_T1,P99P15_T1_5,5,condition_contradicted,Not Supported,Not Supported
P81P1,P81P1_T4,P81P1_T4_5,5,condition_contradicted,Not Supported,Not Enough Evidence
P20P4,P20P4_T2,P20P4_T2_1,1,relation_contradicted,Not Supported,Not Supported
P17P2,P17P2_T1,P17P2_T1_1,1,relation_contradicted,Not Supported,Not Enough Evidence
P84P4,P84P4_T1,P84P4_T1_5,5,condition_contradicted,Not Supported,Not Supported
P177P7,P177P7_T2,P177P7_T2_1,1,relation_contradicted,Not Supported,Not Supported
P22P11,P22P11_T1,P22P11_T1_4,4,supported,Supported,Supported
P45P6,P45P6_T1,P45P6_T1_4,4,supported,Supported,Not Supported
P38P1,P38P1_T1,P38P1_T1_2,2,condition_replaced,Not Enough Evidence,Not Enough Evidence
P99P14,P99P14_T2,P99P14_T2_5,5,condition_contradicted,Not Supported,Not Supported
P65P1,P65P1_T1,P65P1_T1_1,1,relation_contradicted,Not Supported,Not Supported
P13P14,P13P14_T2,P13P14_T2_3,3,condition_removed,Not Enough Evidence,Not Enough Evidence
P54P6,P54P6_T1,P54P6_T1_5,5,condition_contradicted,Not Supported,Not Supported
P84P1,P84P1_T6,P84P1_T6_5,5,condition_contradicted,Not Supported,Not Supported
P156P1,P156P1_T1,P156P1_T1_4,4,supported,Supported,Supported
P163P13,P163P13_T1,P163P13_T1_3,3,condition_removed,Not Enough Evidence,Not Enough Evidence
P12PR8,P12PR8_T1,P12PR8_T1_5,5,condition_contradicted,Not Supported,Not Supported
P118P16,P118P16_T2,P118P16_T2_3,3,condition_removed,Not Enough Evidence,Not Enough Evidence
P82P2,P82P2_T1,P82P2_T1_3,3,condition_removed,Not Enough Evidence,Not Enough Evidence
P121P2,P121P2_T3,P121P2_T3_2,2,condition_replaced,Not Enough Evidence,Not Enough Evidence
P186P4,P186P4_T3,P186P4_T3_2,2,condition_replaced,Not Enough Evidence,Not Enough Evidence
P171P2,P171P2_T1,P171P2_T1_4,4,supported,Supported,Supported
P84P5,P84P5_T1,P84P5_T1_2,2,condition_replaced,Not Enough Evidence,Not Enough Evidence
P116P9,P116P9_T1,P116P9_T1_4,4,supported,Supported,Not Supported
P169P10,P169P10_T2,P169P10_T2_4,4,supported,Supported,Supported
P66P1,P66P1_T2,P66P1_T2_3,3,condition_removed,Not Enough Evidence,Not Enough Evidence
P197P1,P197P1_T1,P197P1_T1_1,1,relation_contradicted,Not Supported,Not Supported
P74P8,P74P8_T1,P74P8_T1_3,3,condition_removed,Not Enough Evidence,Not Enough Evidence
P67P2,P67P2_T1,P67P2_T1_4,4,supported,Supported,Supported
P190P3,P190P3_T1,P190P3_T1_4,4,supported,Supported,Supported
P13P15,P13P15_T2,P13P15_T2_3,3,condition_removed,Not Enough Evidence,Not Enough Evidence
P117P8,P117P8_T1,P117P8_T1_3,3,condition_removed,Not Enough Evidence,Not Enough Evidence
P77P9,P77P9_T3,P77P9_T3_5,5,condition_contradicted,Not Supported,Not Supported
P71P7,P71P7_T1,P71P7_T1_2,2,condition_replaced,Not Enough Evidence,Not Enough Evidence
P12PR1,P12PR1_T6,P12PR1_T6_4,4,supported,Supported,Not Supported
P90P12,P90P12_T1,P90P12_T1_5,5,condition_contradicted,Not Supported,Not Supported
P113P3,P113P3_T2,P113P3_T2_1,1,relation_contradicted,Not Supported,Not Supported
P37P9,P37P9_T1,P37P9_T1_1,1,relation_contradicted,Not Supported,Not Supported
P88P10,P88P10_T3,P88P10_T3_1,1,relation_contradicted,Not Supported,Not Supported
P81P13,P81P13_T4,P81P13_T4_4,4,supported,Supported,Supported
P31P3,P31P3_T1,P31P3_T1_1,1,relation_contradicted,Not Supported,Not Supported
P132P1,P132P1_T1,P132P1_T1_1,1,relation_contradicted,Not Supported,Not Supported
P186P4,P186P4_T1,P186P4_T1_3,3,condition_removed,Not Enough Evidence,Not Enough Evidence
P62P3,P62P3_T1,P62P3_T1_2,2,condition_replaced,Not Enough Evidence,Not Enough Evidence
P185P2,P185P2_T1,P185P2_T1_3,3,condition_removed,Not Enough Evidence,Not Enough Evidence
P70P12,P70P12_T3,P70P12_T3_4,4,supported,Supported,Supported
P20P7,P20P7_T1,P20P7_T1_5,5,condition_contradicted,Not Supported,Not Supported
P147P6,P147P6_T1,P147P6_T1_4,4,supported,Supported,Supported
P185P3,P185P3_T1,P185P3_T1_3,3,condition_removed,Not Enough Evidence,Not Enough Evidence
P171P3,P171P3_T1,P171P3_T1_5,5,condition_contradicted,Not Supported,Not Supported
P29P10,P29P10_T3,P29P10_T3_1,1,relation_contradicted,Not Supported,Not Supported
P185P6,P185P6_T1,P185P6_T1_4,4,supported,Supported,Supported
P98P7,P98P7_T5,P98P7_T5_1,1,relation_contradicted,Not Supported,Not Supported
P39P4,P39P4_T4,P39P4_T4_1,1,relation_contradicted,Not Supported,Not Supported
P81P13,P81P13_T1,P81P13_T1_2,2,condition_replaced,Not Enough Evidence,Not Enough Evidence
P192P1,P192P1_T4,P192P1_T4_4,4,supported,Supported,Supported
P101P11,P101P11_T1,P101P11_T1_2,2,condition_replaced,Not Enough Evidence,Not Enough Evidence
P197P3,P197P3_T4,P197P3_T4_2,2,condition_replaced,Not Enough Evidence,Not Enough Evidence
P181P2,P181P2_T1,P181P2_T1_1,1,relation_contradicted,Not Supported,Not Supported
P35P3,P35P3_T1,P35P3_T1_1,1,relation_contradicted,Not Supported,Not Supported
P171P1,P171P1_T1,P171P1_T1_5,5,condition_contradicted,Not Supported,Not Supported
P98P7,P98P7_T4,P98P7_T4_4,4,supported,Supported,Not Supported
P125P11,P125P11_T2,P125P11_T2_4,4,supported,Supported,Supported
P161P1,P161P1_T4,P161P1_T4_5,5,condition_contradicted,Not Supported,Not Supported
P91P7,P91P7_T3,P91P7_T3_1,1,relation_contradicted,Not Supported,Not Supported
P70P6,P70P6_T1,P70P6_T1_4,4,supported,Supported,Supported
P153P1,P153P1_T1,P153P1_T1_2,2,condition_replaced,Not Enough Evidence,Not Enough Evidence
P104P11,P104P11_T1,P104P11_T1_1,1,relation_contradicted,Not Supported,Not Supported
P113P22,P113P22_T1,P113P22_T1_2,2,condition_replaced,Not Enough Evidence,Not Enough Evidence
P20P3,P20P3_T3,P20P3_T3_4,4,supported,Supported,Supported
P197P3,P197P3_T4,P197P3_T4_5,5,condition_contradicted,Not Supported,Not Supported
P75P9,P75P9_T1,P75P9_T1_3,3,condition_removed,Not Enough Evidence,Not Enough Evidence
P12PR8,P12PR8_T5,P12PR8_T5_3,3,condition_removed,Not Enough Evidence,Not Supported
P81P10,P81P10_T3,P81P10_T3_3,3,condition_removed,Not Enough Evidence,Not Enough Evidence
P188P8,P188P8_T1,P188P8_T1_1,1,relation_contradicted,Not Supported,Not Supported
P70P7,P70P7_T1,P70P7_T1_5,5,condition_contradicted,Not Supported,Not Supported
P183P8,P183P8_T1,P183P8_T1_5,5,condition_contradicted,Not Supported,Not Supported
P45P10,P45P10_T1,P45P10_T1_1,1,relation_contradicted,Not Supported,Not Supported
P70P6,P70P6_T1,P70P6_T1_5,5,condition_contradicted,Not Supported,Not Supported
P103P1,P103P1_T5,P103P1_T5_1,1,relation_contradicted,Not Supported,Not Supported
P125P11,P125P11_T1,P125P11_T1_3,3,condition_removed,Not Enough Evidence,Not Enough Evidence
P185P5,P185P5_T1,P185P5_T1_4,4,supported,Supported,Supported
P74P2,P74P2_T1,P74P2_T1_5,5,condition_contradicted,Not Supported,Not Supported
P185P3,P185P3_T1,P185P3_T1_2,2,condition_replaced,Not Enough Evidence,Not Enough Evidence
P139P7,P139P7_T4,P139P7_T4_4,4,supported,Supported,Supported
P104P4,P104P4_T1,P104P4_T1_3,3,condition_removed,Not Enough Evidence,Not Enough Evidence
P128P5,P128P5_T2,P128P5_T2_3,3,condition_removed,Not Enough Evidence,Not Enough Evidence
P25P4,P25P4_T2,P25P4_T2_4,4,supported,Supported,Supported
P14P6,P14P6_T1,P14P6_T1_3,3,condition_removed,Not Enough Evidence,Not Enough Evidence
P65P1,P65P1_T1,P65P1_T1_5,5,condition_contradicted,Not Supported,Not Supported
P84P1,P84P1_T5,P84P1_T5_1,1,relation_contradicted,Not Supported,Supported
P156P1,P156P1_T1,P156P1_T1_2,2,condition_replaced,Not Enough Evidence,Supported
P76P11,P76P11_T2,P76P11_T2_5,5,condition_contradicted,Not Supported,Not Supported
P81P5,P81P5_T2,P81P5_T2_3,3,condition_removed,Not Enough Evidence,Not Enough Evidence
P56P9,P56P9_T2,P56P9_T2_2,2,condition_replaced,Not Enough Evidence,Not Enough Evidence
P200P7,P200P7_T2,P200P7_T2_5,5,condition_contradicted,Not Supported,Not Supported
P123P7,P123P7_T1,P123P7_T1_1,1,relation_contradicted,Not Supported,Not Supported
P125P10,P125P10_T2,P125P10_T2_3,3,condition_removed,Not Enough Evidence,Not Enough Evidence
P39P6,P39P6_T3,P39P6_T3_3,3,condition_removed,Not Enough Evidence,Not Enough Evidence
P38P1,P38P1_T1,P38P1_T1_1,1,relation_contradicted,Not Supported,Not Supported
P82P10,P82P10_T3,P82P10_T3_3,3,condition_removed,Not Enough Evidence,Not Enough Evidence
P102P1,P102P1_T1,P102P1_T1_3,3,condition_removed,Not Enough Evidence,Not Enough Evidence
P139P4,P139P4_T1,P139P4_T1_3,3,condition_removed,Not Enough Evidence,Not Enough Evidence
P100P7,P100P7_T1,P100P7_T1_3,3,condition_removed,Not Enough Evidence,Not Enough Evidence
P40P8,P40P8_T1,P40P8_T1_4,4,supported,Supported,Supported
P79P8,P79P8_T3,P79P8_T3_5,5,condition_contradicted,Not Supported,Not Supported
P12PR8,P12PR8_T8,P12PR8_T8_5,5,condition_contradicted,Not Supported,Not Supported
P115P8,P115P8_T3,P115P8_T3_5,5,condition_contradicted,Not Supported,Not Supported
P97P8,P97P8_T1,P97P8_T1_4,4,supported,Supported,Supported
P62P1,P62P1_T1,P62P1_T1_2,2,condition_replaced,Not Enough Evidence,Not Enough Evidence
P98P7,P98P7_T2,P98P7_T2_4,4,supported,Supported,Not Supported
P55P4,P55P4_T5,P55P4_T5_5,5,condition_contradicted,Not Supported,Not Supported
P124P7,P124P7_T1,P124P7_T1_4,4,supported,Supported,Not Supported
P11PR3,P11PR3_T1,P11PR3_T1_4,4,supported,Supported,Supported
P17P6,P17P6_T4,P17P6_T4_2,2,condition_replaced,Not Enough Evidence,Not Enough Evidence
P25P4,P25P4_T2,P25P4_T2_2,2,condition_replaced,Not Enough Evidence,Not Enough Evidence
P98P5,P98P5_T2,P98P5_T2_3,3,condition_removed,Not Enough Evidence,Not Enough Evidence
P61P3,P61P3_T3,P61P3_T3_1,1,relation_contradicted,Not Supported,Not Supported
P22P8,P22P8_T1,P22P8_T1_3,3,condition_removed,Not Enough Evidence,Not Enough Evidence
P81P11,P81P11_T5,P81P11_T5_2,2,condition_replaced,Not Enough Evidence,Not Enough Evidence
P72P3,P72P3_T2,P72P3_T2_2,2,condition_replaced,Not Enough Evidence,Not Enough Evidence
P81P7,P81P7_T3,P81P7_T3_3,3,condition_removed,Not Enough Evidence,Not Enough Evidence
P158P3,P158P3_T2,P158P3_T2_1,1,relation_contradicted,Not Supported,Not Supported
P62P2,P62P2_T1,P62P2_T1_5,5,condition_contradicted,Not Supported,Not Supported
P103P1,P103P1_T3,P103P1_T3_5,5,condition_contradicted,Not Supported,Not Supported
P143P4,P143P4_T1,P143P4_T1_2,2,condition_replaced,Not Enough Evidence,Not Enough Evidence
P55P4,P55P4_T3,P55P4_T3_4,4,supported,Supported,Not Supported
P127P11,P127P11_T3,P127P11_T3_2,2,condition_replaced,Not Enough Evidence,Not Enough Evidence
P129P8,P129P8_T1,P129P8_T1_3,3,condition_removed,Not Enough Evidence,Not Enough Evidence
P20P2,P20P2_T1,P20P2_T1_1,1,relation_contradicted,Not Supported,Not Enough Evidence
P28P7,P28P7_T2,P28P7_T2_5,5,condition_contradicted,Not Supported,Not Supported
P113P3,P113P3_T1,P113P3_T1_4,4,supported,Supported,Not Supported
P62P6,P62P6_T2,P62P6_T2_1,1,relation_contradicted,Not Supported,Not Supported
P123P3,P123P3_T1,P123P3_T1_4,4,supported,Supported,Supported
P23P5,P23P5_T2,P23P5_T2_3,3,condition_removed,Not Enough Evidence,Not Enough Evidence
P186P4,P186P4_T2,P186P4_T2_5,5,condition_contradicted,Not Supported,Not Supported
P72P8,P72P8_T2,P72P8_T2_2,2,condition_replaced,Not Enough Evidence,Not Enough Evidence
P74P1,P74P1_T2,P74P1_T2_4,4,supported,Supported,Supported
P59P4,P59P4_T5,P59P4_T5_4,4,supported,Supported,Supported
P194P3,P194P3_T3,P194P3_T3_5,5,condition_contradicted,Not Supported,Not Supported
P35P3,P35P3_T4,P35P3_T4_5,5,condition_contradicted,Not Supported,Not Supported
P56P12,P56P12_T1,P56P12_T1_3,3,condition_removed,Not Enough Evidence,Not Enough Evidence
P54P6,P54P6_T2,P54P6_T2_4,4,supported,Supported,Supported
P19P4,P19P4_T1,P19P4_T1_4,4,supported,Supported,Supported
P200P12,P200P12_T3,P200P12_T3_5,5,condition_contradicted,Not Supported,Not Supported
P24P4,P24P4_T2,P24P4_T2_4,4,supported,Supported,Supported
P158P3,P158P3_T2,P158P3_T2_4,4,supported,Supported,Supported
P73P9,P73P9_T1,P73P9_T1_3,3,condition_removed,Not Enough Evidence,Not Enough Evidence
P70P6,P70P6_T3,P70P6_T3_1,1,relation_contradicted,Not Supported,Not Enough Evidence
P24P4,P24P4_T3,P24P4_T3_5,5,condition_contradicted,Not Supported,Not Supported
P87P3,P87P3_T3,P87P3_T3_2,2,condition_replaced,Not Enough Evidence,Not Enough Evidence
P93P1,P93P1_T4,P93P1_T4_5,5,condition_contradicted,Not Supported,Not Enough Evidence
P117P8,P117P8_T1,P117P8_T1_1,1,relation_contradicted,Not Supported,Not Supported
P66P1,P66P1_T1,P66P1_T1_3,3,condition_removed,Not Enough Evidence,Not Enough Evidence
P54P2,P54P2_T1,P54P2_T1_3,3,condition_removed,Not Enough Evidence,Not Enough Evidence
P157P3,P157P3_T2,P157P3_T2_4,4,supported,Supported,Not Supported
P103P7,P103P7_T2,P103P7_T2_1,1,relation_contradicted,Not Supported,Not Supported
P88P10,P88P10_T2,P88P10_T2_2,2,condition_replaced,Not Enough Evidence,Not Enough Evidence
P200P9,P200P9_T1,P200P9_T1_2,2,condition_replaced,Not Enough Evidence,Not Enough Evidence
P81P6,P81P6_T1,P81P6_T1_5,5,condition_contradicted,Not Supported,Not Supported
P15P3,P15P3_T2,P15P3_T2_5,5,condition_contradicted,Not Supported,Not Enough Evidence
P56P8,P56P8_T2,P56P8_T2_2,2,condition_replaced,Not Enough Evidence,Not Enough Evidence
P45P9,P45P9_T1,P45P9_T1_4,4,supported,Supported,Supported
P90P7,P90P7_T1,P90P7_T1_3,3,condition_removed,Not Enough Evidence,Not Enough Evidence
P139P8,P139P8_T1,P139P8_T1_4,4,supported,Supported,Supported
P46P6,P46P6_T1,P46P6_T1_2,2,condition_replaced,Not Enough Evidence,Not Enough Evidence
P104P4,P104P4_T1,P104P4_T1_1,1,relation_contradicted,Not Supported,Not Supported
P94P1,P94P1_T2,P94P1_T2_5,5,condition_contradicted,Not Supported,Not Supported
P14P7,P14P7_T1,P14P7_T1_3,3,condition_removed,Not Enough Evidence,Supported
P134P8,P134P8_T1,P134P8_T1_3,3,condition_removed,Not Enough Evidence,Not Enough Evidence
P22P7,P22P7_T1,P22P7_T1_5,5,condition_contradicted,Not Supported,Not Enough Evidence
P57P8,P57P8_T1,P57P8_T1_5,5,condition_contradicted,Not Supported,Not Supported
P115P4,P115P4_T3,P115P4_T3_4,4,supported,Supported,Not Supported
P85P7,P85P7_T6,P85P7_T6_4,4,supported,Supported,Not Supported
P40P8,P40P8_T1,P40P8_T1_2,2,condition_replaced,Not Enough Evidence,Not Enough Evidence
P77P4,P77P4_T1,P77P4_T1_4,4,supported,Supported,Supported
P156P4,P156P4_T1,P156P4_T1_4,4,supported,Supported,Not Supported
P197P5,P197P5_T8,P197P5_T8_5,5,condition_contradicted,Not Supported,Not Supported
P91P7,P91P7_T6,P91P7_T6_5,5,condition_contradicted,Not Supported,Not Supported
P97P8,P97P8_T1,P97P8_T1_3,3,condition_removed,Not Enough Evidence,Not Enough Evidence
P14P7,P14P7_T2,P14P7_T2_3,3,condition_removed,Not Enough Evidence,Supported
P74P8,P74P8_T1,P74P8_T1_5,5,condition_contradicted,Not Supported,Not Supported
P12PR11,P12PR11_T1,P12PR11_T1_3,3,condition_removed,Not Enough Evidence,Not Enough Evidence
P121P2,P121P2_T1,P121P2_T1_3,3,condition_removed,Not Enough Evidence,Not Enough Evidence
P68P4,P68P4_T1,P68P4_T1_1,1,relation_contradicted,Not Supported,Not Supported
P186P5,P186P5_T2,P186P5_T2_1,1,relation_contradicted,Not Supported,Not Supported
P173P6,P173P6_T2,P173P6_T2_1,1,relation_contradicted,Not Supported,Not Supported
P81P11,P81P11_T3,P81P11_T3_3,3,condition_removed,Not Enough Evidence,Not Enough Evidence
P193P5,P193P5_T1,P193P5_T1_1,1,relation_contradicted,Not Supported,Not Supported
P107P1,P107P1_T1,P107P1_T1_3,3,condition_removed,Not Enough Evidence,Not Enough Evidence
P100P7,P100P7_T1,P100P7_T1_2,2,condition_replaced,Not Enough Evidence,Not Enough Evidence
P101P11,P101P11_T1,P101P11_T1_3,3,condition_removed,Not Enough Evidence,Not Enough Evidence
P68P3,P68P3_T1,P68P3_T1_3,3,condition_removed,Not Enough Evidence,Not Enough Evidence
P98P7,P98P7_T6,P98P7_T6_2,2,condition_replaced,Not Enough Evidence,Not Supported
P57P7,P57P7_T4,P57P7_T4_2,2,condition_replaced,Not Enough Evidence,Not Enough Evidence
P39P6,P39P6_T3,P39P6_T3_1,1,relation_contradicted,Not Supported,Not Supported
P197P5,P197P5_T1,P197P5_T1_1,1,relation_contradicted,Not Supported,Not Supported
P167P7,P167P7_T1,P167P7_T1_3,3,condition_removed,Not Enough Evidence,Not Enough Evidence
P67P1,P67P1_T1,P67P1_T1_3,3,condition_removed,Not Enough Evidence,Not Enough Evidence
P39P9,P39P9_T2,P39P9_T2_4,4,supported,Supported,Supported
P197P1,P197P1_T1,P197P1_T1_5,5,condition_contradicted,Not Supported,Not Supported
P55P4,P55P4_T2,P55P4_T2_4,4,supported,Supported,Not Supported
P115P5,P115P5_T2,P115P5_T2_2,2,condition_replaced,Not Enough Evidence,Not Enough Evidence
P101P11,P101P11_T1,P101P11_T1_5,5,condition_contradicted,Not Supported,Not Supported
P130P10,P130P10_T1,P130P10_T1_3,3,condition_removed,Not Enough Evidence,Not Enough Evidence
P191P1,P191P1_T1,P191P1_T1_3,3,condition_removed,Not Enough Evidence,Not Enough Evidence
P196P3,P196P3_T1,P196P3_T1_3,3,condition_removed,Not Enough Evidence,Not Enough Evidence
P55P4,P55P4_T5,P55P4_T5_4,4,supported,Supported,Not Supported
P88P17,P88P17_T1,P88P17_T1_3,3,condition_removed,Not Enough Evidence,Not Enough Evidence
P119P10,P119P10_T1,P119P10_T1_3,3,condition_removed,Not Enough Evidence,Not Enough Evidence
P19P4,P19P4_T1,P19P4_T1_3,3,condition_removed,Not Enough Evidence,Not Enough Evidence
P46P4,P46P4_T1,P46P4_T1_2,2,condition_replaced,Not Enough Evidence,Not Enough Evidence
P70P7,P70P7_T2,P70P7_T2_4,4,supported,Supported,Supported
P87P1,P87P1_T2,P87P1_T2_3,3,condition_removed,Not Enough Evidence,Not Enough Evidence
P67P8,P67P8_T1,P67P8_T1_3,3,condition_removed,Not Enough Evidence,Not Enough Evidence
P113P25,P113P25_T2,P113P25_T2_2,2,condition_replaced,Not Enough Evidence,Not Enough Evidence
P58P1,P58P1_T1,P58P1_T1_2,2,condition_replaced,Not Enough Evidence,Not Enough Evidence
P18P5,P18P5_T3,P18P5_T3_2,2,condition_replaced,Not Enough Evidence,Not Enough Evidence
P127P1,P127P1_T1,P127P1_T1_2,2,condition_replaced,Not Enough Evidence,Not Enough Evidence
P186P1,P186P1_T1,P186P1_T1_4,4,supported,Supported,Not Supported
P83P1,P83P1_T3,P83P1_T3_3,3,condition_removed,Not Enough Evidence,Not Supported
P37P7,P37P7_T2,P37P7_T2_5,5,condition_contradicted,Not Supported,Not Supported
P94P3,P94P3_T2,P94P3_T2_1,1,relation_contradicted,Not Supported,Not Supported
P56P9,P56P9_T1,P56P9_T1_1,1,relation_contradicted,Not Supported,Not Supported
P90P3,P90P3_T3,P90P3_T3_3,3,condition_removed,Not Enough Evidence,Not Enough Evidence
P188P1,P188P1_T1,P188P1_T1_3,3,condition_removed,Not Enough Evidence,Not Enough Evidence
P56P10,P56P10_T1,P56P10_T1_3,3,condition_removed,Not Enough Evidence,Not Enough Evidence
P178P4,P178P4_T3,P178P4_T3_5,5,condition_contradicted,Not Supported,Not Supported
P175P3,P175P3_T1,P175P3_T1_1,1,relation_contradicted,Not Supported,Not Supported
P102P5,P102P5_T3,P102P5_T3_2,2,condition_replaced,Not Enough Evidence,Not Enough Evidence
P39P4,P39P4_T3,P39P4_T3_2,2,condition_replaced,Not Enough Evidence,Not Enough Evidence
P13P15,P13P15_T3,P13P15_T3_3,3,condition_removed,Not Enough Evidence,Not Enough Evidence
P13P8,P13P8_T3,P13P8_T3_2,2,condition_replaced,Not Enough Evidence,Not Enough Evidence
P77P5,P77P5_T3,P77P5_T3_1,1,relation_contradicted,Not Supported,Not Supported
P172P5,P172P5_T1,P172P5_T1_2,2,condition_replaced,Not Enough Evidence,Not Enough Evidence
P77P9,P77P9_T1,P77P9_T1_5,5,condition_contradicted,Not Supported,Not Supported
P113P16,P113P16_T2,P113P16_T2_3,3,condition_removed,Not Enough Evidence,Not Enough Evidence
P54P4,P54P4_T4,P54P4_T4_2,2,condition_replaced,Not Enough Evidence,Not Supported
P87P1,P87P1_T1,P87P1_T1_5,5,condition_contradicted,Not Supported,Not Supported
P16P2,P16P2_T2,P16P2_T2_2,2,condition_replaced,Not Enough Evidence,Not Enough Evidence
P57P4,P57P4_T2,P57P4_T2_5,5,condition_contradicted,Not Supported,Not Supported
P91P10,P91P10_T2,P91P10_T2_1,1,relation_contradicted,Not Supported,Not Supported
P68P6,P68P6_T1,P68P6_T1_2,2,condition_replaced,Not Enough Evidence,Not Enough Evidence
P165P6,P165P6_T1,P165P6_T1_2,2,condition_replaced,Not Enough Evidence,Not Enough Evidence
P125P10,P125P10_T2,P125P10_T2_2,2,condition_replaced,Not Enough Evidence,Not Enough Evidence
P186P4,P186P4_T3,P186P4_T3_5,5,condition_contradicted,Not Supported,Not Supported
P61P3,P61P3_T3,P61P3_T3_5,5,condition_contradicted,Not Supported,Not Supported
P91P14,P91P14_T1,P91P14_T1_2,2,condition_replaced,Not Enough Evidence,Not Supported
P60P4,P60P4_T1,P60P4_T1_5,5,condition_contradicted,Not Supported,Not Enough Evidence
P185P4,P185P4_T3,P185P4_T3_5,5,condition_contradicted,Not Supported,Not Supported
P16P3,P16P3_T2,P16P3_T2_4,4,supported,Supported,Supported
P173P3,P173P3_T1,P173P3_T1_2,2,condition_replaced,Not Enough Evidence,Not Enough Evidence
P119P10,P119P10_T1,P119P10_T1_2,2,condition_replaced,Not Enough Evidence,Not Enough Evidence
P100P1,P100P1_T1,P100P1_T1_4,4,supported,Supported,Supported
P90P17,P90P17_T1,P90P17_T1_3,3,condition_removed,Not Enough Evidence,Not Enough Evidence
P134P6,P134P6_T2,P134P6_T2_1,1,relation_contradicted,Not Supported,Not Supported
P131P1,P131P1_T1,P131P1_T1_2,2,condition_replaced,Not Enough Evidence,Not Enough Evidence
P189P7,P189P7_T1,P189P7_T1_4,4,supported,Supported,Supported
P173P1,P173P1_T2,P173P1_T2_2,2,condition_replaced,Not Enough Evidence,Not Enough Evidence
P124P3,P124P3_T2,P124P3_T2_2,2,condition_replaced,Not Enough Evidence,Not Enough Evidence
P124P12,P124P12_T1,P124P12_T1_3,3,condition_removed,Not Enough Evidence,Not Enough Evidence
P163P9,P163P9_T2,P163P9_T2_1,1,relation_contradicted,Not Supported,Not Supported
P127P1,P127P1_T5,P127P1_T5_1,1,relation_contradicted,Not Supported,Not Supported
P46P3,P46P3_T4,P46P3_T4_2,2,condition_replaced,Not Enough Evidence,Not Enough Evidence
P81P11,P81P11_T4,P81P11_T4_2,2,condition_replaced,Not Enough Evidence,Not Enough Evidence
P59P4,P59P4_T6,P59P4_T6_4,4,supported,Supported,Supported
P77P5,P77P5_T1,P77P5_T1_3,3,condition_removed,Not Enough Evidence,Not Enough Evidence
P169P10,P169P10_T2,P169P10_T2_3,3,condition_removed,Not Enough Evidence,Not Enough Evidence
P55P4,P55P4_T8,P55P4_T8_2,2,condition_replaced,Not Enough Evidence,Not Supported
P116P4,P116P4_T2,P116P4_T2_1,1,relation_contradicted,Not Supported,Not Supported
P22P8,P22P8_T2,P22P8_T2_4,4,supported,Supported,Supported
P122P7,P122P7_T2,P122P7_T2_4,4,supported,Supported,Supported
P139P3,P139P3_T3,P139P3_T3_5,5,condition_contradicted,Not Supported,Not Supported
P23P6,P23P6_T5,P23P6_T5_1,1,relation_contradicted,Not Supported,Not Supported
P158P3,P158P3_T2,P158P3_T2_5,5,condition_contradicted,Not Supported,Not Supported
P90P5,P90P5_T2,P90P5_T2_1,1,relation_contradicted,Not Supported,Not Supported
P77P5,P77P5_T2,P77P5_T2_1,1,relation_contradicted,Not Supported,Not Supported
P70P12,P70P12_T1,P70P12_T1_4,4,supported,Supported,Supported
P46P3,P46P3_T2,P46P3_T2_2,2,condition_replaced,Not Enough Evidence,Not Enough Evidence
P59P4,P59P4_T2,P59P4_T2_2,2,condition_replaced,Not Enough Evidence,Not Enough Evidence
P197P5,P197P5_T11,P197P5_T11_4,4,supported,Supported,Supported
P25P4,P25P4_T1,P25P4_T1_4,4,supported,Supported,Not Enough Evidence
P55P4,P55P4_T6,P55P4_T6_1,1,relation_contradicted,Not Supported,Not Supported
P112P8,P112P8_T1,P112P8_T1_1,1,relation_contradicted,Not Supported,Not Supported
P13P14,P13P14_T3,P13P14_T3_2,2,condition_replaced,Not Enough Evidence,Not Enough Evidence
P105P1,P105P1_T1,P105P1_T1_1,1,relation_contradicted,Not Supported,Not Supported
P115P10,P115P10_T1,P115P10_T1_4,4,supported,Supported,Supported
P13P14,P13P14_T1,P13P14_T1_3,3,condition_removed,Not Enough Evidence,Not Enough Evidence
P69P3,P69P3_T2,P69P3_T2_2,2,condition_replaced,Not Enough Evidence,Not Enough Evidence
P90P17,P90P17_T1,P90P17_T1_2,2,condition_replaced,Not Enough Evidence,Not Enough Evidence
P29P10,P29P10_T1,P29P10_T1_1,1,relation_contradicted,Not Supported,Not Supported
P112P9,P112P9_T1,P112P9_T1_5,5,condition_contradicted,Not Supported,Not Supported
P191P2,P191P2_T1,P191P2_T1_4,4,supported,Supported,Supported
P35P3,P35P3_T2,P35P3_T2_4,4,supported,Supported,Supported
P83P7,P83P7_T3,P83P7_T3_3,3,condition_removed,Not Enough Evidence,Not Enough Evidence
P74P4,P74P4_T1,P74P4_T1_5,5,condition_contradicted,Not Supported,Not Supported
P118P12,P118P12_T2,P118P12_T2_1,1,relation_contradicted,Not Supported,Not Supported
P77P9,P77P9_T1,P77P9_T1_2,2,condition_replaced,Not Enough Evidence,Not Enough Evidence
P35P3,P35P3_T3,P35P3_T3_1,1,relation_contradicted,Not Supported,Not Supported
P54P5,P54P5_T1,P54P5_T1_1,1,relation_contradicted,Not Supported,Not Supported
P91P1,P91P1_T1,P91P1_T1_3,3,condition_removed,Not Enough Evidence,Not Enough Evidence
P35P4,P35P4_T1,P35P4_T1_5,5,condition_contradicted,Not Supported,Not Supported
P13P3,P13P3_T2,P13P3_T2_4,4,supported,Supported,Supported
P12PR4,P12PR4_T2,P12PR4_T2_3,3,condition_removed,Not Enough Evidence,Not Enough Evidence
P104P11,P104P11_T1,P104P11_T1_5,5,condition_contradicted,Not Supported,Not Supported
P81P1,P81P1_T3,P81P1_T3_5,5,condition_contradicted,Not Supported,Not Enough Evidence
P76P8,P76P8_T3,P76P8_T3_1,1,relation_contradicted,Not Supported,Not Enough Evidence
P117P10,P117P10_T1,P117P10_T1_2,2,condition_replaced,Not Enough Evidence,Not Enough Evidence
P50P6,P50P6_T1,P50P6_T1_2,2,condition_replaced,Not Enough Evidence,Not Enough Evidence
P55P4,P55P4_T3,P55P4_T3_2,2,condition_replaced,Not Enough Evidence,Not Supported
P109P6,P109P6_T1,P109P6_T1_2,2,condition_replaced,Not Enough Evidence,Not Enough Evidence
P17P2,P17P2_T1,P17P2_T1_5,5,condition_contradicted,Not Supported,Not Supported
P81P7,P81P7_T2,P81P7_T2_3,3,condition_removed,Not Enough Evidence,Not Enough Evidence
P32P8,P32P8_T1,P32P8_T1_1,1,relation_contradicted,Not Supported,Not Supported
P189P8,P189P8_T1,P189P8_T1_3,3,condition_removed,Not Enough Evidence,Not Enough Evidence
P127P11,P127P11_T1,P127P11_T1_4,4,supported,Supported,Not Enough Evidence
P172P5,P172P5_T3,P172P5_T3_2,2,condition_replaced,Not Enough Evidence,Not Enough Evidence
P124P7,P124P7_T1,P124P7_T1_3,3,condition_removed,Not Enough Evidence,Not Enough Evidence
P172P5,P172P5_T1,P172P5_T1_4,4,supported,Supported,Supported
P183P3,P183P3_T4,P183P3_T4_1,1,relation_contradicted,Not Supported,Not Supported
P77P1,P77P1_T1,P77P1_T1_1,1,relation_contradicted,Not Supported,Not Supported
P119P10,P119P10_T1,P119P10_T1_4,4,supported,Supported,Not Supported
P100P7,P100P7_T1,P100P7_T1_4,4,supported,Supported,Supported
P198P3,P198P3_T1,P198P3_T1_5,5,condition_contradicted,Not Supported,Not Supported
P77P9,P77P9_T3,P77P9_T3_1,1,relation_contradicted,Not Supported,Not Supported
P72P12,P72P12_T1,P72P12_T1_4,4,supported,Supported,Supported
P76P2,P76P2_T2,P76P2_T2_2,2,condition_replaced,Not Enough Evidence,Not Enough Evidence
P39P4,P39P4_T1,P39P4_T1_1,1,relation_contradicted,Not Supported,Not Supported
P70P3,P70P3_T1,P70P3_T1_3,3,condition_removed,Not Enough Evidence,Not Enough Evidence
P103P10,P103P10_T2,P103P10_T2_4,4,supported,Supported,Supported
P161P5,P161P5_T1,P161P5_T1_2,2,condition_replaced,Not Enough Evidence,Not Enough Evidence
P11PR13,P11PR13_T3,P11PR13_T3_5,5,condition_contradicted,Not Supported,Not Supported
P193P2,P193P2_T1,P193P2_T1_1,1,relation_contradicted,Not Supported,Not Supported
P39P3,P39P3_T1,P39P3_T1_1,1,relation_contradicted,Not Supported,Not Supported
P119P13,P119P13_T1,P119P13_T1_5,5,condition_contradicted,Not Supported,Not Supported
P117P10,P117P10_T1,P117P10_T1_4,4,supported,Supported,Supported
P200P4,P200P4_T1,P200P4_T1_1,1,relation_contradicted,Not Supported,Not Supported
P75P2,P75P2_T1,P75P2_T1_2,2,condition_replaced,Not Enough Evidence,Not Enough Evidence
P93P3,P93P3_T1,P93P3_T1_5,5,condition_contradicted,Not Supported,Not Enough Evidence
P46P3,P46P3_T4,P46P3_T4_3,3,condition_removed,Not Enough Evidence,Not Enough Evidence
P90P3,P90P3_T1,P90P3_T1_3,3,condition_removed,Not Enough Evidence,Not Enough Evidence
P116P1,P116P1_T3,P116P1_T3_5,5,condition_contradicted,Not Supported,Not Supported
P55P3,P55P3_T1,P55P3_T1_3,3,condition_removed,Not Enough Evidence,Not Enough Evidence
P78P7,P78P7_T2,P78P7_T2_2,2,condition_replaced,Not Enough Evidence,Not Enough Evidence
P104P2,P104P2_T5,P104P2_T5_3,3,condition_removed,Not Enough Evidence,Not Enough Evidence
P124P8,P124P8_T1,P124P8_T1_3,3,condition_removed,Not Enough Evidence,Not Enough Evidence
P73P9,P73P9_T2,P73P9_T2_4,4,supported,Supported,Supported
P70P7,P70P7_T3,P70P7_T3_5,5,condition_contradicted,Not Supported,Not Supported
P115P8,P115P8_T3,P115P8_T3_1,1,relation_contradicted,Not Supported,Not Supported
P83P2,P83P2_T4,P83P2_T4_1,1,relation_contradicted,Not Supported,Not Supported
P56P4,P56P4_T2,P56P4_T2_4,4,supported,Supported,Supported
P189P8,P189P8_T1,P189P8_T1_2,2,condition_replaced,Not Enough Evidence,Not Enough Evidence
P31P4,P31P4_T2,P31P4_T2_5,5,condition_contradicted,Not Supported,Not Supported
P156P1,P156P1_T2,P156P1_T2_5,5,condition_contradicted,Not Supported,Supported
P113P13,P113P13_T1,P113P13_T1_1,1,relation_contradicted,Not Supported,Not Supported
P109P16,P109P16_T1,P109P16_T1_4,4,supported,Supported,Supported
P83P3,P83P3_T6,P83P3_T6_2,2,condition_replaced,Not Enough Evidence,Not Enough Evidence
P12PR1,P12PR1_T6,P12PR1_T6_1,1,relation_contradicted,Not Supported,Not Supported
P124P3,P124P3_T1,P124P3_T1_1,1,relation_contradicted,Not Supported,Not Supported
P85P8,P85P8_T1,P85P8_T1_1,1,relation_contradicted,Not Supported,Not Enough Evidence
P177P6,P177P6_T1,P177P6_T1_5,5,condition_contradicted,Not Supported,Not Supported
P59P2,P59P2_T1,P59P2_T1_5,5,condition_contradicted,Not Supported,Not Supported
P87P15,P87P15_T6,P87P15_T6_5,5,condition_contradicted,Not Supported,Not Supported
P18P5,P18P5_T1,P18P5_T1_3,3,condition_removed,Not Enough Evidence,Not Enough Evidence
P15P1,P15P1_T7,P15P1_T7_4,4,supported,Supported,Supported
P104P11,P104P11_T1,P104P11_T1_2,2,condition_replaced,Not Enough Evidence,Not Enough Evidence
P121P2,P121P2_T3,P121P2_T3_1,1,relation_contradicted,Not Supported,Not Supported
P45P6,P45P6_T1,P45P6_T1_2,2,condition_replaced,Not Enough Evidence,Not Supported
P21P9,P21P9_T1,P21P9_T1_1,1,relation_contradicted,Not Supported,Not Supported
P17P6,P17P6_T2,P17P6_T2_4,4,supported,Supported,Supported
P76P11,P76P11_T2,P76P11_T2_1,1,relation_contradicted,Not Supported,Not Supported
P76P7,P76P7_T1,P76P7_T1_2,2,condition_replaced,Not Enough Evidence,Not Enough Evidence
P87P26,P87P26_T1,P87P26_T1_1,1,relation_contradicted,Not Supported,Not Supported
P91P7,P91P7_T6,P91P7_T6_3,3,condition_removed,Not Enough Evidence,Not Enough Evidence
P55P4,P55P4_T7,P55P4_T7_3,3,condition_removed,Not Enough Evidence,Not Supported
P104P8,P104P8_T1,P104P8_T1_2,2,condition_replaced,Not Enough Evidence,Not Enough Evidence
P83P3,P83P3_T4,P83P3_T4_5,5,condition_contradicted,Not Supported,Not Supported
P72P8,P72P8_T2,P72P8_T2_5,5,condition_contradicted,Not Supported,Not Supported
P84P9,P84P9_T1,P84P9_T1_4,4,supported,Supported,Supported
P20P3,P20P3_T1,P20P3_T1_2,2,condition_replaced,Not Enough Evidence,Supported
P69P1,P69P1_T1,P69P1_T1_3,3,condition_removed,Not Enough Evidence,Not Enough Evidence
P173P5,P173P5_T1,P173P5_T1_2,2,condition_replaced,Not Enough Evidence,Not Enough Evidence
P14P2,P14P2_T1,P14P2_T1_5,5,condition_contradicted,Not Supported,Not Enough Evidence
P67P4,P67P4_T1,P67P4_T1_2,2,condition_replaced,Not Enough Evidence,Not Enough Evidence
P124P8,P124P8_T2,P124P8_T2_5,5,condition_contradicted,Not Supported,Not Supported
P113P15,P113P15_T1,P113P15_T1_4,4,supported,Supported,Supported
P77P5,P77P5_T7,P77P5_T7_3,3,condition_removed,Not Enough Evidence,Not Enough Evidence
P82P2,P82P2_T1,P82P2_T1_1,1,relation_contradicted,Not Supported,Not Supported
P118P5,P118P5_T3,P118P5_T3_2,2,condition_replaced,Not Enough Evidence,Not Enough Evidence
P28P3,P28P3_T1,P28P3_T1_2,2,condition_replaced,Not Enough Evidence,Not Enough Evidence
P11PR8,P11PR8_T1,P11PR8_T1_4,4,supported,Supported,Supported
P31P2,P31P2_T2,P31P2_T2_1,1,relation_contradicted,Not Supported,Not Supported
P12PR8,P12PR8_T4,P12PR8_T4_2,2,condition_replaced,Not Enough Evidence,Not Supported
P32P4,P32P4_T2,P32P4_T2_3,3,condition_removed,Not Enough Evidence,Not Enough Evidence
P38P5,P38P5_T1,P38P5_T1_3,3,condition_removed,Not Enough Evidence,Not Enough Evidence
P121P2,P121P2_T2,P121P2_T2_4,4,supported,Supported,Supported
P48P4,P48P4_T4,P48P4_T4_3,3,condition_removed,Not Enough Evidence,Not Enough Evidence
P13P8,P13P8_T1,P13P8_T1_3,3,condition_removed,Not Enough Evidence,Not Enough Evidence
P56P4,P56P4_T1,P56P4_T1_1,1,relation_contradicted,Not Supported,Supported
P192P1,P192P1_T5,P192P1_T5_3,3,condition_removed,Not Enough Evidence,Not Enough Evidence
P72P11,P72P11_T1,P72P11_T1_3,3,condition_removed,Not Enough Evidence,Not Enough Evidence
P165P6,P165P6_T2,P165P6_T2_5,5,condition_contradicted,Not Supported,Not Supported
P72P11,P72P11_T4,P72P11_T4_3,3,condition_removed,Not Enough Evidence,Not Enough Evidence
P62P6,P62P6_T1,P62P6_T1_2,2,condition_replaced,Not Enough Evidence,Not Enough Evidence
P108P19,P108P19_T1,P108P19_T1_1,1,relation_contradicted,Not Supported,Not Supported
P127P10,P127P10_T1,P127P10_T1_4,4,supported,Supported,Supported
P24P1,P24P1_T1,P24P1_T1_4,4,supported,Supported,Not Supported
P161P6,P161P6_T1,P161P6_T1_1,1,relation_contradicted,Not Supported,Not Supported
P45P9,P45P9_T1,P45P9_T1_2,2,condition_replaced,Not Enough Evidence,Not Enough Evidence
P174P9,P174P9_T1,P174P9_T1_1,1,relation_contradicted,Not Supported,Not Supported
P21P9,P21P9_T1,P21P9_T1_2,2,condition_replaced,Not Enough Evidence,Not Enough Evidence
P145P7,P145P7_T1,P145P7_T1_2,2,condition_replaced,Not Enough Evidence,Not Enough Evidence
P24P2,P24P2_T1,P24P2_T1_5,5,condition_contradicted,Not Supported,Not Supported
P48P3,P48P3_T1,P48P3_T1_2,2,condition_replaced,Not Enough Evidence,Not Enough Evidence
P122P7,P122P7_T2,P122P7_T2_2,2,condition_replaced,Not Enough Evidence,Not Enough Evidence
P77P5,P77P5_T3,P77P5_T3_4,4,supported,Supported,Supported
P184P14,P184P14_T2,P184P14_T2_2,2,condition_replaced,Not Enough Evidence,Not Enough Evidence
P185P6,P185P6_T2,P185P6_T2_4,4,supported,Supported,Supported
P60P2,P60P2_T1,P60P2_T1_5,5,condition_contradicted,Not Supported,Not Enough Evidence
P106P2,P106P2_T1,P106P2_T1_2,2,condition_replaced,Not Enough Evidence,Not Enough Evidence
P128P5,P128P5_T2,P128P5_T2_5,5,condition_contradicted,Not Supported,Not Supported
P54P2,P54P2_T2,P54P2_T2_1,1,relation_contradicted,Not Supported,Not Supported
P36P3,P36P3_T2,P36P3_T2_2,2,condition_replaced,Not Enough Evidence,Not Enough Evidence
P75P1,P75P1_T2,P75P1_T2_3,3,condition_removed,Not Enough Evidence,Not Enough Evidence
P55P4,P55P4_T7,P55P4_T7_5,5,condition_contradicted,Not Supported,Not Supported
P46P3,P46P3_T1,P46P3_T1_1,1,relation_contradicted,Not Supported,Not Supported
P26P5,P26P5_T1,P26P5_T1_1,1,relation_contradicted,Not Supported,Not Supported
P70P8,P70P8_T1,P70P8_T1_5,5,condition_contradicted,Not Supported,Not Supported
P57P10,P57P10_T2,P57P10_T2_4,4,supported,Supported,Supported
P171P1,P171P1_T1,P171P1_T1_4,4,supported,Supported,Supported
P118P14,P118P14_T1,P118P14_T1_3,3,condition_removed,Not Enough Evidence,Not Enough Evidence
P57P8,P57P8_T2,P57P8_T2_1,1,relation_contradicted,Not Supported,Not Supported
P57P9,P57P9_T2,P57P9_T2_2,2,condition_replaced,Not Enough Evidence,Not Enough Evidence
P70P13,P70P13_T5,P70P13_T5_1,1,relation_contradicted,Not Supported,Not Supported
P33P1,P33P1_T4,P33P1_T4_5,5,condition_contradicted,Not Supported,Not Supported
P75P8,P75P8_T1,P75P8_T1_1,1,relation_contradicted,Not Supported,Not Supported
P11PR1,P11PR1_T2,P11PR1_T2_2,2,condition_replaced,Not Enough Evidence,Not Enough Evidence
P124P3,P124P3_T3,P124P3_T3_5,5,condition_contradicted,Not Supported,Not Supported
P81P5,P81P5_T2,P81P5_T2_5,5,condition_contradicted,Not Supported,Not Supported
P191P2,P191P2_T1,P191P2_T1_5,5,condition_contradicted,Not Supported,Not Supported
P84P1,P84P1_T4,P84P1_T4_5,5,condition_contradicted,Not Supported,Supported
P163P6,P163P6_T1,P163P6_T1_5,5,condition_contradicted,Not Supported,Not Supported
P84P1,P84P1_T2,P84P1_T2_4,4,supported,Supported,Supported
P87P22,P87P22_T2,P87P22_T2_1,1,relation_contradicted,Not Supported,Not Supported
P192P1,P192P1_T1,P192P1_T1_1,1,relation_contradicted,Not Supported,Not Supported
P139P7,P139P7_T1,P139P7_T1_5,5,condition_contradicted,Not Supported,Not Supported
P131P5,P131P5_T1,P131P5_T1_4,4,supported,Supported,Supported
P139P9,P139P9_T1,P139P9_T1_1,1,relation_contradicted,Not Supported,Not Supported
P139P8,P139P8_T1,P139P8_T1_1,1,relation_contradicted,Not Supported,Not Supported
P99P14,P99P14_T4,P99P14_T4_2,2,condition_replaced,Not Enough Evidence,Not Enough Evidence
P56P10,P56P10_T1,P56P10_T1_5,5,condition_contradicted,Not Supported,Not Supported
P186P4,P186P4_T5,P186P4_T5_5,5,condition_contradicted,Not Supported,Not Supported
P106P5,P106P5_T1,P106P5_T1_2,2,condition_replaced,Not Enough Evidence,Not Enough Evidence
P188P2,P188P2_T1,P188P2_T1_4,4,supported,Supported,Supported
P85P7,P85P7_T7,P85P7_T7_2,2,condition_replaced,Not Enough Evidence,Not Supported
P55P3,P55P3_T1,P55P3_T1_1,1,relation_contradicted,Not Supported,Not Supported
P55P4,P55P4_T7,P55P4_T7_4,4,supported,Supported,Not Supported
P108P11,P108P11_T1,P108P11_T1_1,1,relation_contradicted,Not Supported,Not Supported
P194P4,P194P4_T1,P194P4_T1_5,5,condition_contradicted,Not Supported,Not Supported
P13P3,P13P3_T4,P13P3_T4_1,1,relation_contradicted,Not Supported,Not Supported
P59P4,P59P4_T7,P59P4_T7_4,4,supported,Supported,Supported
P85P8,P85P8_T1,P85P8_T1_4,4,supported,Supported,Supported
P135P7,P135P7_T1,P135P7_T1_1,1,relation_contradicted,Not Supported,Not Supported
P101P7,P101P7_T2,P101P7_T2_3,3,condition_removed,Not Enough Evidence,Not Enough Evidence
P86P5,P86P5_T1,P86P5_T1_4,4,supported,Supported,Supported
P93P3,P93P3_T2,P93P3_T2_1,1,relation_contradicted,Not Supported,Not Supported
P35P1,P35P1_T1,P35P1_T1_5,5,condition_contradicted,Not Supported,Not Supported
P57P4,P57P4_T1,P57P4_T1_4,4,supported,Supported,Supported
P200P12,P200P12_T2,P200P12_T2_2,2,condition_replaced,Not Enough Evidence,Not Enough Evidence
P54P4,P54P4_T4,P54P4_T4_4,4,supported,Supported,Not Supported
P79P10,P79P10_T1,P79P10_T1_4,4,supported,Supported,Supported
P81P1,P81P1_T2,P81P1_T2_5,5,condition_contradicted,Not Supported,Not Supported
P131P5,P131P5_T1,P131P5_T1_1,1,relation_contradicted,Not Supported,Not Supported
P85P7,P85P7_T3,P85P7_T3_2,2,condition_replaced,Not Enough Evidence,Not Supported
P62P5,P62P5_T1,P62P5_T1_3,3,condition_removed,Not Enough Evidence,Not Enough Evidence
P133P3,P133P3_T1,P133P3_T1_4,4,supported,Supported,Supported
P196P7,P196P7_T2,P196P7_T2_2,2,condition_replaced,Not Enough Evidence,Not Enough Evidence
P117P13,P117P13_T1,P117P13_T1_1,1,relation_contradicted,Not Supported,Not Supported
P21P8,P21P8_T3,P21P8_T3_3,3,condition_removed,Not Enough Evidence,Not Enough Evidence
P124P3,P124P3_T3,P124P3_T3_3,3,condition_removed,Not Enough Evidence,Not Enough Evidence
P12PR4,P12PR4_T2,P12PR4_T2_1,1,relation_contradicted,Not Supported,Not Supported
P84P1,P84P1_T6,P84P1_T6_4,4,supported,Supported,Supported
P63P8,P63P8_T1,P63P8_T1_2,2,condition_replaced,Not Enough Evidence,Not Enough Evidence
P127P15,P127P15_T1,P127P15_T1_4,4,supported,Supported,Supported
P197P3,P197P3_T1,P197P3_T1_5,5,condition_contradicted,Not Supported,Not Supported
P161P1,P161P1_T1,P161P1_T1_2,2,condition_replaced,Not Enough Evidence,Not Supported
P192P5,P192P5_T1,P192P5_T1_2,2,condition_replaced,Not Enough Evidence,Not Enough Evidence
P71P1,P71P1_T1,P71P1_T1_5,5,condition_contradicted,Not Supported,Not Supported
P45P6,P45P6_T4,P45P6_T4_4,4,supported,Supported,Not Supported
P123P6,P123P6_T1,P123P6_T1_5,5,condition_contradicted,Not Supported,Not Supported
P139P8,P139P8_T2,P139P8_T2_1,1,relation_contradicted,Not Supported,Not Supported
P78P7,P78P7_T2,P78P7_T2_3,3,condition_removed,Not Enough Evidence,Not Enough Evidence
P79P8,P79P8_T3,P79P8_T3_1,1,relation_contradicted,Not Supported,Not Supported
P96P3,P96P3_T1,P96P3_T1_4,4,supported,Supported,Supported
P127P15,P127P15_T1,P127P15_T1_3,3,condition_removed,Not Enough Evidence,Not Enough Evidence
P82P10,P82P10_T2,P82P10_T2_2,2,condition_replaced,Not Enough Evidence,Not Enough Evidence
P60P3,P60P3_T2,P60P3_T2_3,3,condition_removed,Not Enough Evidence,Not Enough Evidence
P163P13,P163P13_T1,P163P13_T1_5,5,condition_contradicted,Not Supported,Not Supported
P54P3,P54P3_T1,P54P3_T1_3,3,condition_removed,Not Enough Evidence,Not Enough Evidence
P58P5,P58P5_T1,P58P5_T1_5,5,condition_contradicted,Not Supported,Not Supported
P119P10,P119P10_T1,P119P10_T1_5,5,condition_contradicted,Not Supported,Not Supported
P86P3,P86P3_T3,P86P3_T3_3,3,condition_removed,Not Enough Evidence,Not Enough Evidence
P139P1,P139P1_T1,P139P1_T1_1,1,relation_contradicted,Not Supported,Not Supported
P131P1,P131P1_T2,P131P1_T2_5,5,condition_contradicted,Not Supported,Not Supported
P83P2,P83P2_T1,P83P2_T1_2,2,condition_replaced,Not Enough Evidence,Not Enough Evidence
P194P4,P194P4_T1,P194P4_T1_4,4,supported,Supported,Supported
P98P7,P98P7_T7,P98P7_T7_5,5,condition_contradicted,Not Supported,Not Supported
P81P11,P81P11_T1,P81P11_T1_4,4,supported,Supported,Supported
P185P4,P185P4_T1,P185P4_T1_3,3,condition_removed,Not Enough Evidence,Not Enough Evidence
P45P6,P45P6_T3,P45P6_T3_4,4,supported,Supported,Not Supported
P118P5,P118P5_T1,P118P5_T1_2,2,condition_replaced,Not Enough Evidence,Not Enough Evidence
P197P5,P197P5_T3,P197P5_T3_3,3,condition_removed,Not Enough Evidence,Not Enough Evidence
P102P5,P102P5_T2,P102P5_T2_4,4,supported,Supported,Not Enough Evidence
P81P1,P81P1_T1,P81P1_T1_1,1,relation_contradicted,Not Supported,Not Supported
P39P6,P39P6_T3,P39P6_T3_2,2,condition_replaced,Not Enough Evidence,Not Enough Evidence
P103P10,P103P10_T1,P103P10_T1_4,4,supported,Supported,Supported
P183P6,P183P6_T1,P183P6_T1_1,1,relation_contradicted,Not Supported,Not Supported
P97P8,P97P8_T1,P97P8_T1_1,1,relation_contradicted,Not Supported,Not Supported
P131P1,P131P1_T3,P131P1_T3_4,4,supported,Supported,Supported
P169P10,P169P10_T1,P169P10_T1_5,5,condition_contradicted,Not Supported,Not Supported
P14P7,P14P7_T2,P14P7_T2_5,5,condition_contradicted,Not Supported,Supported
P58P3,P58P3_T1,P58P3_T1_2,2,condition_replaced,Not Enough Evidence,Not Enough Evidence
P48P3,P48P3_T1,P48P3_T1_1,1,relation_contradicted,Not Supported,Not Supported
P28P1,P28P1_T1,P28P1_T1_4,4,supported,Supported,Supported
P75P12,P75P12_T2,P75P12_T2_3,3,condition_removed,Not Enough Evidence,Not Enough Evidence
P56P2,P56P2_T2,P56P2_T2_2,2,condition_replaced,Not Enough Evidence,Not Enough Evidence
P113P3,P113P3_T2,P113P3_T2_5,5,condition_contradicted,Not Supported,Not Supported
P139P3,P139P3_T2,P139P3_T2_3,3,condition_removed,Not Enough Evidence,Not Enough Evidence
P70P13,P70P13_T3,P70P13_T3_1,1,relation_contradicted,Not Supported,Not Supported
P173P5,P173P5_T1,P173P5_T1_3,3,condition_removed,Not Enough Evidence,Not Enough Evidence
P74P10,P74P10_T2,P74P10_T2_4,4,supported,Supported,Supported
P12PR11,P12PR11_T1,P12PR11_T1_4,4,supported,Supported,Supported
P103P1,P103P1_T5,P103P1_T5_2,2,condition_replaced,Not Enough Evidence,Supported
P113P16,P113P16_T2,P113P16_T2_1,1,relation_contradicted,Not Supported,Not Supported
P98P7,P98P7_T7,P98P7_T7_4,4,supported,Supported,Not Supported
P61P4,P61P4_T1,P61P4_T1_5,5,condition_contradicted,Not Supported,Not Supported
P59P4,P59P4_T1,P59P4_T1_3,3,condition_removed,Not Enough Evidence,Not Enough Evidence
P117P1,P117P1_T1,P117P1_T1_5,5,condition_contradicted,Not Supported,Not Supported
P32P1,P32P1_T2,P32P1_T2_3,3,condition_removed,Not Enough Evidence,Not Enough Evidence
P28P7,P28P7_T3,P28P7_T3_3,3,condition_removed,Not Enough Evidence,Not Enough Evidence
P67P4,P67P4_T1,P67P4_T1_5,5,condition_contradicted,Not Supported,Not Supported
P86P4,P86P4_T1,P86P4_T1_3,3,condition_removed,Not Enough Evidence,Not Enough Evidence
P76P12,P76P12_T1,P76P12_T1_3,3,condition_removed,Not Enough Evidence,Not Enough Evidence
P11PR9,P11PR9_T1,P11PR9_T1_4,4,supported,Supported,Supported
P25P4,P25P4_T1,P25P4_T1_3,3,condition_removed,Not Enough Evidence,Not Enough Evidence
P87P22,P87P22_T2,P87P22_T2_2,2,condition_replaced,Not Enough Evidence,Not Enough Evidence
P194P8,P194P8_T2,P194P8_T2_3,3,condition_removed,Not Enough Evidence,Not Enough Evidence
P88P13,P88P13_T1,P88P13_T1_5,5,condition_contradicted,Not Supported,Not Supported
P70P13,P70P13_T2,P70P13_T2_3,3,condition_removed,Not Enough Evidence,Not Enough Evidence
P131P1,P131P1_T3,P131P1_T3_5,5,condition_contradicted,Not Supported,Not Supported
P118P5,P118P5_T1,P118P5_T1_1,1,relation_contradicted,Not Supported,Not Supported
P15P3,P15P3_T2,P15P3_T2_3,3,condition_removed,Not Enough Evidence,Not Enough Evidence
P68P6,P68P6_T3,P68P6_T3_4,4,supported,Supported,Supported
P22P7,P22P7_T1,P22P7_T1_4,4,supported,Supported,Supported
P177P8,P177P8_T1,P177P8_T1_5,5,condition_contradicted,Not Supported,Not Supported
P68P4,P68P4_T1,P68P4_T1_2,2,condition_replaced,Not Enough Evidence,Not Enough Evidence
P185P1,P185P1_T2,P185P1_T2_2,2,condition_replaced,Not Enough Evidence,Not Enough Evidence
P24P4,P24P4_T3,P24P4_T3_4,4,supported,Supported,Supported
P81P11,P81P11_T2,P81P11_T2_1,1,relation_contradicted,Not Supported,Not Supported
P156P1,P156P1_T2,P156P1_T2_2,2,condition_replaced,Not Enough Evidence,Supported
P60P1,P60P1_T2,P60P1_T2_1,1,relation_contradicted,Not Supported,Not Supported
P46P4,P46P4_T2,P46P4_T2_4,4,supported,Supported,Supported
P84P3,P84P3_T2,P84P3_T2_2,2,condition_replaced,Not Enough Evidence,Not Enough Evidence
P109P11,P109P11_T1,P109P11_T1_4,4,supported,Supported,Supported
P56P10,P56P10_T2,P56P10_T2_1,1,relation_contradicted,Not Supported,Not Supported
P103P1,P103P1_T4,P103P1_T4_3,3,condition_removed,Not Enough Evidence,Supported
P48P4,P48P4_T4,P48P4_T4_4,4,supported,Supported,Supported
P81P13,P81P13_T2,P81P13_T2_2,2,condition_replaced,Not Enough Evidence,Not Enough Evidence
P103P1,P103P1_T7,P103P1_T7_1,1,relation_contradicted,Not Supported,Not Supported
P109P6,P109P6_T1,P109P6_T1_5,5,condition_contradicted,Not Supported,Not Supported
P70P13,P70P13_T5,P70P13_T5_3,3,condition_removed,Not Enough Evidence,Not Enough Evidence
P13P15,P13P15_T1,P13P15_T1_2,2,condition_replaced,Not Enough Evidence,Not Enough Evidence
P38P7,P38P7_T2,P38P7_T2_2,2,condition_replaced,Not Enough Evidence,Not Enough Evidence
P121P1,P121P1_T3,P121P1_T3_5,5,condition_contradicted,Not Supported,Not Supported
P121P4,P121P4_T1,P121P4_T1_1,1,relation_contradicted,Not Supported,Not Supported
P186P3,P186P3_T3,P186P3_T3_1,1,relation_contradicted,Not Supported,Not Supported
P83P1,P83P1_T2,P83P1_T2_1,1,relation_contradicted,Not Supported,Not Supported
P188P2,P188P2_T1,P188P2_T1_5,5,condition_contradicted,Not Supported,Not Supported
P58P5,P58P5_T1,P58P5_T1_2,2,condition_replaced,Not Enough Evidence,Not Enough Evidence
P62P6,P62P6_T2,P62P6_T2_3,3,condition_removed,Not Enough Evidence,Not Enough Evidence
P45P6,P45P6_T2,P45P6_T2_4,4,supported,Supported,Not Supported
P19P2,P19P2_T4,P19P2_T4_1,1,relation_contradicted,Not Supported,Not Supported
P55P4,P55P4_T1,P55P4_T1_3,3,condition_removed,Not Enough Evidence,Not Supported
P65P8,P65P8_T1,P65P8_T1_1,1,relation_contradicted,Not Supported,Not Supported
P93P7,P93P7_T1,P93P7_T1_3,3,condition_removed,Not Enough Evidence,Not Enough Evidence
P55P3,P55P3_T2,P55P3_T2_4,4,supported,Supported,Supported
P188P2,P188P2_T1,P188P2_T1_1,1,relation_contradicted,Not Supported,Not Supported
P83P4,P83P4_T2,P83P4_T2_3,3,condition_removed,Not Enough Evidence,Not Enough Evidence
P154P6,P154P6_T1,P154P6_T1_1,1,relation_contradicted,Not Supported,Not Supported
P195P6,P195P6_T3,P195P6_T3_1,1,relation_contradicted,Not Supported,Not Supported
P197P3,P197P3_T3,P197P3_T3_5,5,condition_contradicted,Not Supported,Not Supported
P91P7,P91P7_T8,P91P7_T8_2,2,condition_replaced,Not Enough Evidence,Not Enough Evidence
P138P7,P138P7_T3,P138P7_T3_2,2,condition_replaced,Not Enough Evidence,Not Enough Evidence
P40P5,P40P5_T1,P40P5_T1_1,1,relation_contradicted,Not Supported,Not Supported
P58P4,P58P4_T2,P58P4_T2_3,3,condition_removed,Not Enough Evidence,Not Enough Evidence
P158P3,P158P3_T1,P158P3_T1_3,3,condition_removed,Not Enough Evidence,Not Enough Evidence
P15P3,P15P3_T1,P15P3_T1_5,5,condition_contradicted,Not Supported,Not Supported
P81P4,P81P4_T1,P81P4_T1_1,1,relation_contradicted,Not Supported,Not Enough Evidence
P62P1,P62P1_T4,P62P1_T4_2,2,condition_replaced,Not Enough Evidence,Not Supported
P98P8,P98P8_T2,P98P8_T2_5,5,condition_contradicted,Not Supported,Not Supported
P24P3,P24P3_T1,P24P3_T1_5,5,condition_contradicted,Not Supported,Not Supported
P191P1,P191P1_T1,P191P1_T1_4,4,supported,Supported,Supported
P72P11,P72P11_T1,P72P11_T1_2,2,condition_replaced,Not Enough Evidence,Not Enough Evidence
P54P1,P54P1_T1,P54P1_T1_2,2,condition_replaced,Not Enough Evidence,Not Supported
P81P10,P81P10_T1,P81P10_T1_2,2,condition_replaced,Not Enough Evidence,Not Enough Evidence
P102P2,P102P2_T1,P102P2_T1_1,1,relation_contradicted,Not Supported,Not Supported
P91P7,P91P7_T5,P91P7_T5_5,5,condition_contradicted,Not Supported,Not Supported
P128P6,P128P6_T1,P128P6_T1_5,5,condition_contradicted,Not Supported,Not Supported
P175P6,P175P6_T1,P175P6_T1_5,5,condition_contradicted,Not Supported,Not Supported
P108P7,P108P7_T1,P108P7_T1_1,1,relation_contradicted,Not Supported,Not Supported
P23P5,P23P5_T1,P23P5_T1_2,2,condition_replaced,Not Enough Evidence,Not Enough Evidence
P44P7,P44P7_T1,P44P7_T1_4,4,supported,Supported,Not Supported
P194P8,P194P8_T2,P194P8_T2_2,2,condition_replaced,Not Enough Evidence,Not Enough Evidence
P13P8,P13P8_T3,P13P8_T3_5,5,condition_contradicted,Not Supported,Not Supported
P12PR3,P12PR3_T4,P12PR3_T4_3,3,condition_removed,Not Enough Evidence,Not Enough Evidence
P194P3,P194P3_T3,P194P3_T3_3,3,condition_removed,Not Enough Evidence,Not Enough Evidence
P20P6,P20P6_T2,P20P6_T2_2,2,condition_replaced,Not Enough Evidence,Not Enough Evidence
P15P1,P15P1_T10,P15P1_T10_1,1,relation_contradicted,Not Supported,Supported
P113P16,P113P16_T2,P113P16_T2_5,5,condition_contradicted,Not Supported,Not Supported
P83P3,P83P3_T5,P83P3_T5_3,3,condition_removed,Not Enough Evidence,Not Enough Evidence
P24P3,P24P3_T1,P24P3_T1_2,2,condition_replaced,Not Enough Evidence,Not Enough Evidence
P93P1,P93P1_T2,P93P1_T2_2,2,condition_replaced,Not Enough Evidence,Not Enough Evidence
P22P3,P22P3_T3,P22P3_T3_3,3,condition_removed,Not Enough Evidence,Not Enough Evidence
P147P6,P147P6_T4,P147P6_T4_3,3,condition_removed,Not Enough Evidence,Not Enough Evidence
P35P3,P35P3_T4,P35P3_T4_4,4,supported,Supported,Supported
P117P6,P117P6_T1,P117P6_T1_4,4,supported,Supported,Not Supported
P81P3,P81P3_T1,P81P3_T1_1,1,relation_contradicted,Not Supported,Not Supported
P37P7,P37P7_T2,P37P7_T2_4,4,supported,Supported,Supported
P131P1,P131P1_T1,P131P1_T1_4,4,supported,Supported,Supported
P54P4,P54P4_T4,P54P4_T4_3,3,condition_removed,Not Enough Evidence,Not Supported
P104P1,P104P1_T2,P104P1_T2_3,3,condition_removed,Not Enough Evidence,Not Enough Evidence
P32P1,P32P1_T1,P32P1_T1_1,1,relation_contradicted,Not Supported,Not Supported
P87P22,P87P22_T2,P87P22_T2_3,3,condition_removed,Not Enough Evidence,Not Enough Evidence
P133P3,P133P3_T1,P133P3_T1_5,5,condition_contradicted,Not Supported,Not Supported
P197P6,P197P6_T1,P197P6_T1_1,1,relation_contradicted,Not Supported,Supported
P197P5,P197P5_T11,P197P5_T11_1,1,relation_contradicted,Not Supported,Not Supported
P181P5,P181P5_T1,P181P5_T1_4,4,supported,Supported,Supported
P147P6,P147P6_T2,P147P6_T2_5,5,condition_contradicted,Not Supported,Not Supported
P47P3,P47P3_T1,P47P3_T1_2,2,condition_replaced,Not Enough Evidence,Not Enough Evidence
P81P10,P81P10_T4,P81P10_T4_3,3,condition_removed,Not Enough Evidence,Not Supported
P138P6,P138P6_T2,P138P6_T2_5,5,condition_contradicted,Not Supported,Not Supported
P70P4,P70P4_T1,P70P4_T1_1,1,relation_contradicted,Not Supported,Not Supported
P65P8,P65P8_T2,P65P8_T2_3,3,condition_removed,Not Enough Evidence,Not Enough Evidence
P68P4,P68P4_T1,P68P4_T1_5,5,condition_contradicted,Not Supported,Not Supported
P75P9,P75P9_T2,P75P9_T2_5,5,condition_contradicted,Not Supported,Not Supported
P76P5,P76P5_T1,P76P5_T1_4,4,supported,Supported,Supported
P104P4,P104P4_T2,P104P4_T2_2,2,condition_replaced,Not Enough Evidence,Not Enough Evidence
P36P7,P36P7_T1,P36P7_T1_1,1,relation_contradicted,Not Supported,Not Supported
P87P21,P87P21_T1,P87P21_T1_3,3,condition_removed,Not Enough Evidence,Not Enough Evidence
P31P4,P31P4_T2,P31P4_T2_1,1,relation_contradicted,Not Supported,Not Supported
P178P4,P178P4_T1,P178P4_T1_2,2,condition_replaced,Not Enough Evidence,Not Enough Evidence
P81P11,P81P11_T1,P81P11_T1_3,3,condition_removed,Not Enough Evidence,Not Enough Evidence
P84P5,P84P5_T3,P84P5_T3_3,3,condition_removed,Not Enough Evidence,Not Enough Evidence
P31P5,P31P5_T2,P31P5_T2_1,1,relation_contradicted,Not Supported,Not Supported
P76P7,P76P7_T3,P76P7_T3_1,1,relation_contradicted,Not Supported,Not Supported
P85P8,P85P8_T1,P85P8_T1_2,2,condition_replaced,Not Enough Evidence,Not Enough Evidence
P83P7,P83P7_T4,P83P7_T4_3,3,condition_removed,Not Enough Evidence,Not Enough Evidence
P55P3,P55P3_T1,P55P3_T1_5,5,condition_contradicted,Not Supported,Not Supported
P131P5,P131P5_T2,P131P5_T2_2,2,condition_replaced,Not Enough Evidence,Not Enough Evidence
P156P4,P156P4_T2,P156P4_T2_1,1,relation_contradicted,Not Supported,Not Supported
P113P15,P113P15_T1,P113P15_T1_1,1,relation_contradicted,Not Supported,Not Supported
P69P1,P69P1_T1,P69P1_T1_4,4,supported,Supported,Supported
P13P15,P13P15_T2,P13P15_T2_2,2,condition_replaced,Not Enough Evidence,Not Enough Evidence
P82P10,P82P10_T3,P82P10_T3_2,2,condition_replaced,Not Enough Evidence,Not Enough Evidence
P165P10,P165P10_T1,P165P10_T1_1,1,relation_contradicted,Not Supported,Not Supported
P28P7,P28P7_T2,P28P7_T2_2,2,condition_replaced,Not Enough Evidence,Not Enough Evidence
P185P1,P185P1_T5,P185P1_T5_4,4,supported,Supported,Supported
P112P9,P112P9_T1,P112P9_T1_1,1,relation_contradicted,Not Supported,Not Supported
P13P6,P13P6_T4,P13P6_T4_5,5,condition_contradicted,Not Supported,Not Supported
P87P3,P87P3_T3,P87P3_T3_3,3,condition_removed,Not Enough Evidence,Not Enough Evidence
P72P1,P72P1_T1,P72P1_T1_5,5,condition_contradicted,Not Supported,Not Supported
P124P10,P124P10_T1,P124P10_T1_3,3,condition_removed,Not Enough Evidence,Not Enough Evidence
P127P11,P127P11_T2,P127P11_T2_2,2,condition_replaced,Not Enough Evidence,Not Enough Evidence
P40P2,P40P2_T1,P40P2_T1_1,1,relation_contradicted,Not Supported,Not Supported
P83P1,P83P1_T2,P83P1_T2_4,4,supported,Supported,Not Supported
P198P3,P198P3_T1,P198P3_T1_3,3,condition_removed,Not Enough Evidence,Not Enough Evidence
P113P11,P113P11_T1,P113P11_T1_5,5,condition_contradicted,Not Supported,Not Supported
P72P10,P72P10_T1,P72P10_T1_4,4,supported,Supported,Supported
P172P5,P172P5_T1,P172P5_T1_3,3,condition_removed,Not Enough Evidence,Not Enough Evidence
P50P6,P50P6_T1,P50P6_T1_4,4,supported,Supported,Supported
P90P16,P90P16_T1,P90P16_T1_4,4,supported,Supported,Supported
P131P1,P131P1_T4,P131P1_T4_4,4,supported,Supported,Supported
P83P2,P83P2_T3,P83P2_T3_2,2,condition_replaced,Not Enough Evidence,Not Enough Evidence
P93P1,P93P1_T3,P93P1_T3_2,2,condition_replaced,Not Enough Evidence,Not Enough Evidence
P18P9,P18P9_T1,P18P9_T1_1,1,relation_contradicted,Not Supported,Not Supported
P46P4,P46P4_T1,P46P4_T1_4,4,supported,Supported,Supported
P35P3,P35P3_T5,P35P3_T5_4,4,supported,Supported,Supported
P113P7,P113P7_T1,P113P7_T1_2,2,condition_replaced,Not Enough Evidence,Not Enough Evidence
P11PR13,P11PR13_T2,P11PR13_T2_4,4,supported,Supported,Supported
P14P7,P14P7_T2,P14P7_T2_1,1,relation_contradicted,Not Supported,Supported
P139P6,P139P6_T1,P139P6_T1_4,4,supported,Supported,Supported
P79P8,P79P8_T3,P79P8_T3_4,4,supported,Supported,Not Supported
P121P2,P121P2_T1,P121P2_T1_1,1,relation_contradicted,Not Supported,Not Supported
P179P2,P179P2_T1,P179P2_T1_5,5,condition_contradicted,Not Supported,Not Supported
P35P3,P35P3_T2,P35P3_T2_2,2,condition_replaced,Not Enough Evidence,Not Enough Evidence
P130P6,P130P6_T1,P130P6_T1_5,5,condition_contradicted,Not Supported,Not Supported
P139P5,P139P5_T1,P139P5_T1_1,1,relation_contradicted,Not Supported,Not Supported
P103P7,P103P7_T4,P103P7_T4_1,1,relation_contradicted,Not Supported,Not Supported
P91P6,P91P6_T1,P91P6_T1_5,5,condition_contradicted,Not Supported,Not Supported
P15P1,P15P1_T5,P15P1_T5_3,3,condition_removed,Not Enough Evidence,Not Enough Evidence
P79P8,P79P8_T1,P79P8_T1_1,1,relation_contradicted,Not Supported,Not Supported
P18P5,P18P5_T1,P18P5_T1_4,4,supported,Supported,Supported
P87P23,P87P23_T1,P87P23_T1_1,1,relation_contradicted,Not Supported,Not Supported
P62P1,P62P1_T4,P62P1_T4_1,1,relation_contradicted,Not Supported,Not Supported
P185P4,P185P4_T3,P185P4_T3_2,2,condition_replaced,Not Enough Evidence,Not Enough Evidence
P85P9,P85P9_T1,P85P9_T1_1,1,relation_contradicted,Not Supported,Not Supported
P139P3,P139P3_T1,P139P3_T1_5,5,condition_contradicted,Not Supported,Not Supported
P49P2,P49P2_T1,P49P2_T1_1,1,relation_contradicted,Not Supported,Not Supported
P131P1,P131P1_T4,P131P1_T4_1,1,relation_contradicted,Not Supported,Not Supported
P56P8,P56P8_T1,P56P8_T1_5,5,condition_contradicted,Not Supported,Not Supported
P61P3,P61P3_T1,P61P3_T1_1,1,relation_contradicted,Not Supported,Not Supported
P55P4,P55P4_T11,P55P4_T11_2,2,condition_replaced,Not Enough Evidence,Not Supported
P13P15,P13P15_T1,P13P15_T1_4,4,supported,Supported,Supported
P116P3,P116P3_T1,P116P3_T1_3,3,condition_removed,Not Enough Evidence,Not Enough Evidence
P171P2,P171P2_T1,P171P2_T1_5,5,condition_contradicted,Not Supported,Not Supported
P121P6,P121P6_T1,P121P6_T1_2,2,condition_replaced,Not Enough Evidence,Not Enough Evidence
P78P7,P78P7_T1,P78P7_T1_5,5,condition_contradicted,Not Supported,Not Supported
P156P4,P156P4_T1,P156P4_T1_3,3,condition_removed,Not Enough Evidence,Not Enough Evidence
P86P7,P86P7_T1,P86P7_T1_5,5,condition_contradicted,Not Supported,Not Enough Evidence
P61P1,P61P1_T5,P61P1_T5_5,5,condition_contradicted,Not Supported,Not Supported
P74P9,P74P9_T1,P74P9_T1_2,2,condition_replaced,Not Enough Evidence,Not Enough Evidence
P33P4,P33P4_T1,P33P4_T1_5,5,condition_contradicted,Not Supported,Not Supported
P17P10,P17P10_T3,P17P10_T3_4,4,supported,Supported,Not Enough Evidence
P87P15,P87P15_T1,P87P15_T1_3,3,condition_removed,Not Enough Evidence,Not Enough Evidence
P81P10,P81P10_T2,P81P10_T2_3,3,condition_removed,Not Enough Evidence,Not Enough Evidence
P102P2,P102P2_T2,P102P2_T2_5,5,condition_contradicted,Not Supported,Not Supported
P77P5,P77P5_T1,P77P5_T1_1,1,relation_contradicted,Not Supported,Not Supported
P56P2,P56P2_T2,P56P2_T2_3,3,condition_removed,Not Enough Evidence,Not Enough Evidence
P116P1,P116P1_T3,P116P1_T3_2,2,condition_replaced,Not Enough Evidence,Not Enough Evidence
P29P10,P29P10_T2,P29P10_T2_4,4,supported,Supported,Supported
P87P1,P87P1_T4,P87P1_T4_2,2,condition_replaced,Not Enough Evidence,Not Enough Evidence
P104P2,P104P2_T3,P104P2_T3_2,2,condition_replaced,Not Enough Evidence,Not Enough Evidence
P68P3,P68P3_T1,P68P3_T1_2,2,condition_replaced,Not Enough Evidence,Not Enough Evidence
P81P7,P81P7_T4,P81P7_T4_3,3,condition_removed,Not Enough Evidence,Not Enough Evidence
P183P6,P183P6_T1,P183P6_T1_5,5,condition_contradicted,Not Supported,Not Supported
P61P3,P61P3_T2,P61P3_T2_3,3,condition_removed,Not Enough Evidence,Not Supported
P72P7,P72P7_T4,P72P7_T4_1,1,relation_contradicted,Not Supported,Not Supported
P82P10,P82P10_T1,P82P10_T1_1,1,relation_contradicted,Not Supported,Not Supported
P83P3,P83P3_T3,P83P3_T3_1,1,relation_contradicted,Not Supported,Not Supported
P84P5,P84P5_T2,P84P5_T2_3,3,condition_removed,Not Enough Evidence,Not Enough Evidence
P163P9,P163P9_T2,P163P9_T2_5,5,condition_contradicted,Not Supported,Not Supported
P78P7,P78P7_T1,P78P7_T1_4,4,supported,Supported,Supported
P87P1,P87P1_T1,P87P1_T1_3,3,condition_removed,Not Enough Evidence,Not Enough Evidence
P113P13,P113P13_T4,P113P13_T4_3,3,condition_removed,Not Enough Evidence,Not Enough Evidence
P96P13,P96P13_T1,P96P13_T1_3,3,condition_removed,Not Enough Evidence,Not Enough Evidence
P15P1,P15P1_T7,P15P1_T7_5,5,condition_contradicted,Not Supported,Not Supported
P86P19,P86P19_T1,P86P19_T1_2,2,condition_replaced,Not Enough Evidence,Not Enough Evidence
P104P8,P104P8_T3,P104P8_T3_3,3,condition_removed,Not Enough Evidence,Not Enough Evidence
P66P1,P66P1_T3,P66P1_T3_5,5,condition_contradicted,Not Supported,Not Supported
P81P11,P81P11_T2,P81P11_T2_2,2,condition_replaced,Not Enough Evidence,Not Enough Evidence
P192P1,P192P1_T2,P192P1_T2_1,1,relation_contradicted,Not Supported,Not Supported
P138P7,P138P7_T2,P138P7_T2_4,4,supported,Supported,Supported
P117P8,P117P8_T1,P117P8_T1_2,2,condition_replaced,Not Enough Evidence,Not Enough Evidence
P47P4,P47P4_T2,P47P4_T2_1,1,relation_contradicted,Not Supported,Not Supported
P11PR13,P11PR13_T1,P11PR13_T1_5,5,condition_contradicted,Not Supported,Not Supported
P67P2,P67P2_T1,P67P2_T1_3,3,condition_removed,Not Enough Evidence,Not Enough Evidence
P60P1,P60P1_T1,P60P1_T1_5,5,condition_contradicted,Not Supported,Not Supported
P29P9,P29P9_T1,P29P9_T1_3,3,condition_removed,Not Enough Evidence,Not Enough Evidence
P87P2,P87P2_T1,P87P2_T1_2,2,condition_replaced,Not Enough Evidence,Not Enough Evidence
P102P1,P102P1_T1,P102P1_T1_1,1,relation_contradicted,Not Supported,Not Supported
P173P1,P173P1_T1,P173P1_T1_5,5,condition_contradicted,Not Supported,Not Supported
P20P3,P20P3_T2,P20P3_T2_4,4,supported,Supported,Supported
P62P4,P62P4_T1,P62P4_T1_3,3,condition_removed,Not Enough Evidence,Not Enough Evidence
P12PR1,P12PR1_T5,P12PR1_T5_4,4,supported,Supported,Not Supported
P100P1,P100P1_T1,P100P1_T1_2,2,condition_replaced,Not Enough Evidence,Not Enough Evidence
P179P4,P179P4_T2,P179P4_T2_2,2,condition_replaced,Not Enough Evidence,Not Enough Evidence
P46P3,P46P3_T2,P46P3_T2_4,4,supported,Supported,Supported
P140P3,P140P3_T2,P140P3_T2_5,5,condition_contradicted,Not Supported,Not Supported
P41P3,P41P3_T1,P41P3_T1_5,5,condition_contradicted,Not Supported,Not Supported
P188P7,P188P7_T1,P188P7_T1_4,4,supported,Supported,Supported
P198P3,P198P3_T1,P198P3_T1_2,2,condition_replaced,Not Enough Evidence,Not Enough Evidence
P70P7,P70P7_T3,P70P7_T3_3,3,condition_removed,Not Enough Evidence,Not Enough Evidence
P187P3,P187P3_T1,P187P3_T1_2,2,condition_replaced,Not Enough Evidence,Not Enough Evidence
P35P6,P35P6_T4,P35P6_T4_1,1,relation_contradicted,Not Supported,Not Supported
P90P7,P90P7_T1,P90P7_T1_5,5,condition_contradicted,Not Supported,Not Supported
P58P6,P58P6_T1,P58P6_T1_2,2,condition_replaced,Not Enough Evidence,Not Enough Evidence
P127P1,P127P1_T3,P127P1_T3_1,1,relation_contradicted,Not Supported,Not Supported
P115P4,P115P4_T1,P115P4_T1_4,4,supported,Supported,Supported
P66P1,P66P1_T3,P66P1_T3_1,1,relation_contradicted,Not Supported,Not Supported
P15P1,P15P1_T9,P15P1_T9_2,2,condition_replaced,Not Enough Evidence,Supported
P121P1,P121P1_T5,P121P1_T5_3,3,condition_removed,Not Enough Evidence,Not Enough Evidence
P31P3,P31P3_T2,P31P3_T2_4,4,supported,Supported,Supported
P145P6,P145P6_T2,P145P6_T2_5,5,condition_contradicted,Not Supported,Not Supported
P186P3,P186P3_T2,P186P3_T2_5,5,condition_contradicted,Not Supported,Not Supported
P124P3,P124P3_T3,P124P3_T3_1,1,relation_contradicted,Not Supported,Not Supported
P195P6,P195P6_T1,P195P6_T1_3,3,condition_removed,Not Enough Evidence,Not Enough Evidence
P90P5,P90P5_T1,P90P5_T1_3,3,condition_removed,Not Enough Evidence,Not Enough Evidence
P87P3,P87P3_T3,P87P3_T3_1,1,relation_contradicted,Not Supported,Not Supported
P131P1,P131P1_T2,P131P1_T2_4,4,supported,Supported,Supported
P127P10,P127P10_T1,P127P10_T1_3,3,condition_removed,Not Enough Evidence,Not Enough Evidence
P23P6,P23P6_T6,P23P6_T6_4,4,supported,Supported,Supported
P87P11,P87P11_T1,P87P11_T1_1,1,relation_contradicted,Not Supported,Not Supported
P168P1,P168P1_T2,P168P1_T2_4,4,supported,Supported,Supported
P30P3,P30P3_T1,P30P3_T1_5,5,condition_contradicted,Not Supported,Not Supported
P127P6,P127P6_T1,P127P6_T1_3,3,condition_removed,Not Enough Evidence,Not Enough Evidence
P23P5,P23P5_T1,P23P5_T1_5,5,condition_contradicted,Not Supported,Not Supported
P45P6,P45P6_T1,P45P6_T1_5,5,condition_contradicted,Not Supported,Not Supported
P183P3,P183P3_T4,P183P3_T4_5,5,condition_contradicted,Not Supported,Not Supported
P70P11,P70P11_T1,P70P11_T1_2,2,condition_replaced,Not Enough Evidence,Not Enough Evidence
P12PR4,P12PR4_T1,P12PR4_T1_3,3,condition_removed,Not Enough Evidence,Not Enough Evidence
P93P3,P93P3_T1,P93P3_T1_1,1,relation_contradicted,Not Supported,Not Supported
P72P6,P72P6_T2,P72P6_T2_4,4,supported,Supported,Supported
P83P4,P83P4_T2,P83P4_T2_4,4,supported,Supported,Supported
P96P3,P96P3_T2,P96P3_T2_1,1,relation_contradicted,Not Supported,Not Supported
P87P3,P87P3_T4,P87P3_T4_2,2,condition_replaced,Not Enough Evidence,Not Enough Evidence
P186P1,P186P1_T1,P186P1_T1_2,2,condition_replaced,Not Enough Evidence,Not Supported
P131P1,P131P1_T1,P131P1_T1_3,3,condition_removed,Not Enough Evidence,Not Enough Evidence
P27P1,P27P1_T3,P27P1_T3_2,2,condition_replaced,Not Enough Evidence,Not Supported
P169P10,P169P10_T1,P169P10_T1_2,2,condition_replaced,Not Enough Evidence,Not Enough Evidence
P94P3,P94P3_T2,P94P3_T2_5,5,condition_contradicted,Not Supported,Not Supported
P31P5,P31P5_T1,P31P5_T1_4,4,supported,Supported,Supported
P13P8,P13P8_T2,P13P8_T2_4,4,supported,Supported,Supported
P183P8,P183P8_T2,P183P8_T2_4,4,supported,Supported,Supported
P127P7,P127P7_T4,P127P7_T4_4,4,supported,Supported,Supported
P16P2,P16P2_T2,P16P2_T2_4,4,supported,Supported,Supported
P112P8,P112P8_T1,P112P8_T1_4,4,supported,Supported,Not Supported
P99P8,P99P8_T1,P99P8_T1_4,4,supported,Supported,Supported
P23P6,P23P6_T2,P23P6_T2_4,4,supported,Supported,Not Supported
P84P1,P84P1_T4,P84P1_T4_4,4,supported,Supported,Supported
P87P15,P87P15_T1,P87P15_T1_4,4,supported,Supported,Not Supported
P47P4,P47P4_T1,P47P4_T1_4,4,supported,Supported,Supported
P139P1,P139P1_T1,P139P1_T1_3,3,condition_removed,Not Enough Evidence,Not Enough Evidence
P31P4,P31P4_T1,P31P4_T1_2,2,condition_replaced,Not Enough Evidence,Not Supported
P75P1,P75P1_T1,P75P1_T1_3,3,condition_removed,Not Enough Evidence,Not Enough Evidence
P31P4,P31P4_T1,P31P4_T1_5,5,condition_contradicted,Not Supported,Not Supported
P69P5,P69P5_T1,P69P5_T1_1,1,relation_contradicted,Not Supported,Not Supported
P197P3,P197P3_T3,P197P3_T3_4,4,supported,Supported,Supported
P158P3,P158P3_T1,P158P3_T1_2,2,condition_replaced,Not Enough Evidence,Not Enough Evidence
P116P1,P116P1_T2,P116P1_T2_1,1,relation_contradicted,Not Supported,Not Supported
P105P8,P105P8_T1,P105P8_T1_1,1,relation_contradicted,Not Supported,Not Supported
P59P1,P59P1_T4,P59P1_T4_1,1,relation_contradicted,Not Supported,Supported
P72P3,P72P3_T2,P72P3_T2_5,5,condition_contradicted,Not Supported,Not Supported
P124P14,P124P14_T1,P124P14_T1_3,3,condition_removed,Not Enough Evidence,Not Enough Evidence
P19P2,P19P2_T5,P19P2_T5_5,5,condition_contradicted,Not Supported,Not Supported
P178P4,P178P4_T1,P178P4_T1_3,3,condition_removed,Not Enough Evidence,Not Enough Evidence
P91P14,P91P14_T2,P91P14_T2_1,1,relation_contradicted,Not Supported,Not Supported
P67P2,P67P2_T2,P67P2_T2_5,5,condition_contradicted,Not Supported,Not Supported
P76P13,P76P13_T1,P76P13_T1_4,4,supported,Supported,Supported
P59P2,P59P2_T1,P59P2_T1_2,2,condition_replaced,Not Enough Evidence,Not Enough Evidence
P76P8,P76P8_T2,P76P8_T2_2,2,condition_replaced,Not Enough Evidence,Not Enough Evidence
P32P4,P32P4_T1,P32P4_T1_4,4,supported,Supported,Supported
P173P1,P173P1_T2,P173P1_T2_5,5,condition_contradicted,Not Supported,Not Supported
P116P9,P116P9_T2,P116P9_T2_3,3,condition_removed,Not Enough Evidence,Not Enough Evidence
P139P4,P139P4_T1,P139P4_T1_2,2,condition_replaced,Not Enough Evidence,Not Enough Evidence
P194P4,P194P4_T2,P194P4_T2_3,3,condition_removed,Not Enough Evidence,Not Enough Evidence
P113P22,P113P22_T1,P113P22_T1_5,5,condition_contradicted,Not Supported,Not Supported
P184P14,P184P14_T1,P184P14_T1_1,1,relation_contradicted,Not Supported,Not Supported
P21P8,P21P8_T1,P21P8_T1_2,2,condition_replaced,Not Enough Evidence,Not Enough Evidence
P70P12,P70P12_T2,P70P12_T2_1,1,relation_contradicted,Not Supported,Not Supported
P144P2,P144P2_T1,P144P2_T1_5,5,condition_contradicted,Not Supported,Not Supported
P99P15,P99P15_T2,P99P15_T2_3,3,condition_removed,Not Enough Evidence,Not Enough Evidence
P173P3,P173P3_T1,P173P3_T1_3,3,condition_removed,Not Enough Evidence,Not Enough Evidence
P13P4,P13P4_T1,P13P4_T1_1,1,relation_contradicted,Not Supported,Not Supported
P108P7,P108P7_T2,P108P7_T2_1,1,relation_contradicted,Not Supported,Not Supported
P12PR3,P12PR3_T2,P12PR3_T2_1,1,relation_contradicted,Not Supported,Not Supported
P60P3,P60P3_T1,P60P3_T1_2,2,condition_replaced,Not Enough Evidence,Not Enough Evidence
P84P1,P84P1_T5,P84P1_T5_4,4,supported,Supported,Supported
P72P11,P72P11_T4,P72P11_T4_2,2,condition_replaced,Not Enough Evidence,Not Enough Evidence
P11PR8,P11PR8_T1,P11PR8_T1_5,5,condition_contradicted,Not Supported,Not Supported
P76P11,P76P11_T4,P76P11_T4_4,4,supported,Supported,Supported
P62P2,P62P2_T1,P62P2_T1_1,1,relation_contradicted,Not Supported,Not Supported
P103P1,P103P1_T1,P103P1_T1_3,3,condition_removed,Not Enough Evidence,Not Enough Evidence
P40P8,P40P8_T3,P40P8_T3_5,5,condition_contradicted,Not Supported,Not Enough Evidence
P94P3,P94P3_T2,P94P3_T2_2,2,condition_replaced,Not Enough Evidence,Not Enough Evidence
P93P3,P93P3_T5,P93P3_T5_2,2,condition_replaced,Not Enough Evidence,Not Enough Evidence
P58P6,P58P6_T2,P58P6_T2_5,5,condition_contradicted,Not Supported,Not Supported
P194P3,P194P3_T6,P194P3_T6_4,4,supported,Supported,Supported
P11PR11,P11PR11_T1,P11PR11_T1_2,2,condition_replaced,Not Enough Evidence,Not Enough Evidence
P72P12,P72P12_T2,P72P12_T2_3,3,condition_removed,Not Enough Evidence,Not Enough Evidence
P17P5,P17P5_T1,P17P5_T1_3,3,condition_removed,Not Enough Evidence,Not Enough Evidence
P90P17,P90P17_T1,P90P17_T1_1,1,relation_contradicted,Not Supported,Not Supported
P174P9,P174P9_T1,P174P9_T1_4,4,supported,Supported,Supported
P34P4,P34P4_T2,P34P4_T2_2,2,condition_replaced,Not Enough Evidence,Not Enough Evidence
P179P3,P179P3_T1,P179P3_T1_3,3,condition_removed,Not Enough Evidence,Not Enough Evidence
P57P8,P57P8_T1,P57P8_T1_2,2,condition_replaced,Not Enough Evidence,Not Enough Evidence
P87P15,P87P15_T4,P87P15_T4_4,4,supported,Supported,Not Supported
P37P8,P37P8_T1,P37P8_T1_3,3,condition_removed,Not Enough Evidence,Not Enough Evidence
P198P7,P198P7_T1,P198P7_T1_3,3,condition_removed,Not Enough Evidence,Not Enough Evidence
P118P12,P118P12_T1,P118P12_T1_5,5,condition_contradicted,Not Supported,Not Supported
P145P5,P145P5_T1,P145P5_T1_2,2,condition_replaced,Not Enough Evidence,Not Enough Evidence
P62P2,P62P2_T1,P62P2_T1_4,4,supported,Supported,Not Supported
P61P1,P61P1_T5,P61P1_T5_1,1,relation_contradicted,Not Supported,Not Supported
P83P6,P83P6_T3,P83P6_T3_4,4,supported,Supported,Not Supported
P194P3,P194P3_T2,P194P3_T2_4,4,supported,Supported,Supported
P188P1,P188P1_T2,P188P1_T2_1,1,relation_contradicted,Not Supported,Not Enough Evidence
P20P6,P20P6_T3,P20P6_T3_2,2,condition_replaced,Not Enough Evidence,Not Enough Evidence
P85P7,P85P7_T4,P85P7_T4_1,1,relation_contradicted,Not Supported,Not Supported
P11PR13,P11PR13_T3,P11PR13_T3_3,3,condition_removed,Not Enough Evidence,Not Enough Evidence
P19P2,P19P2_T1,P19P2_T1_5,5,condition_contradicted,Not Supported,Not Supported
P96P13,P96P13_T1,P96P13_T1_1,1,relation_contradicted,Not Supported,Not Supported
P81P7,P81P7_T4,P81P7_T4_1,1,relation_contradicted,Not Supported,Not Supported
P41P2,P41P2_T1,P41P2_T1_3,3,condition_removed,Not Enough Evidence,Not Enough Evidence
P138P7,P138P7_T3,P138P7_T3_3,3,condition_removed,Not Enough Evidence,Not Enough Evidence
P182P9,P182P9_T1,P182P9_T1_4,4,supported,Supported,Supported
P36P7,P36P7_T4,P36P7_T4_5,5,condition_contradicted,Not Supported,Not Supported
P55P4,P55P4_T6,P55P4_T6_2,2,condition_replaced,Not Enough Evidence,Not Supported
P35P3,P35P3_T2,P35P3_T2_3,3,condition_removed,Not Enough Evidence,Not Enough Evidence
P84P3,P84P3_T1,P84P3_T1_2,2,condition_replaced,Not Enough Evidence,Not Enough Evidence
P91P7,P91P7_T5,P91P7_T5_4,4,supported,Supported,Not Supported
P91P7,P91P7_T8,P91P7_T8_3,3,condition_removed,Not Enough Evidence,Not Enough Evidence
P113P1,P113P1_T1,P113P1_T1_3,3,condition_removed,Not Enough Evidence,Not Enough Evidence
P55P4,P55P4_T9,P55P4_T9_5,5,condition_contradicted,Not Supported,Not Supported
P184P11,P184P11_T1,P184P11_T1_1,1,relation_contradicted,Not Supported,Not Supported
P99P15,P99P15_T1,P99P15_T1_2,2,condition_replaced,Not Enough Evidence,Not Enough Evidence
P115P4,P115P4_T3,P115P4_T3_2,2,condition_replaced,Not Enough Evidence,Not Enough Evidence
P172P3,P172P3_T1,P172P3_T1_2,2,condition_replaced,Not Enough Evidence,Not Enough Evidence
P79P10,P79P10_T1,P79P10_T1_3,3,condition_removed,Not Enough Evidence,Not Enough Evidence
P72P3,P72P3_T1,P72P3_T1_2,2,condition_replaced,Not Enough Evidence,Not Enough Evidence
P124P4,P124P4_T1,P124P4_T1_3,3,condition_removed,Not Enough Evidence,Not Enough Evidence
P59P4,P59P4_T1,P59P4_T1_2,2,condition_replaced,Not Enough Evidence,Not Enough Evidence
P76P11,P76P11_T4,P76P11_T4_2,2,condition_replaced,Not Enough Evidence,Not Enough Evidence
P90P5,P90P5_T1,P90P5_T1_1,1,relation_contradicted,Not Supported,Not Supported
P140P1,P140P1_T2,P140P1_T2_2,2,condition_replaced,Not Enough Evidence,Not Enough Evidence
P127P11,P127P11_T2,P127P11_T2_1,1,relation_contradicted,Not Supported,Not Enough Evidence
P163P11,P163P11_T1,P163P11_T1_5,5,condition_contradicted,Not Supported,Not Supported
P54P4,P54P4_T1,P54P4_T1_5,5,condition_contradicted,Not Supported,Not Supported
P107P1,P107P1_T1,P107P1_T1_1,1,relation_contradicted,Not Supported,Not Supported
P70P13,P70P13_T2,P70P13_T2_4,4,supported,Supported,Supported
P19P2,P19P2_T1,P19P2_T1_3,3,condition_removed,Not Enough Evidence,Not Enough Evidence
P57P4,P57P4_T2,P57P4_T2_1,1,relation_contradicted,Not Supported,Not Supported
P84P5,P84P5_T2,P84P5_T2_5,5,condition_contradicted,Not Supported,Not Supported
P31P3,P31P3_T2,P31P3_T2_3,3,condition_removed,Not Enough Evidence,Not Enough Evidence
P116P3,P116P3_T1,P116P3_T1_5,5,condition_contradicted,Not Supported,Not Supported
P115P5,P115P5_T1,P115P5_T1_5,5,condition_contradicted,Not Supported,Not Supported
P54P4,P54P4_T2,P54P4_T2_1,1,relation_contradicted,Not Supported,Not Supported
P193P4,P193P4_T4,P193P4_T4_3,3,condition_removed,Not Enough Evidence,Not Enough Evidence
P98P8,P98P8_T1,P98P8_T1_1,1,relation_contradicted,Not Supported,Not Supported
P125P2,P125P2_T2,P125P2_T2_3,3,condition_removed,Not Enough Evidence,Not Enough Evidence
P67P2,P67P2_T4,P67P2_T4_2,2,condition_replaced,Not Enough Evidence,Not Enough Evidence
P55P2,P55P2_T1,P55P2_T1_4,4,supported,Supported,Supported
P88P10,P88P10_T1,P88P10_T1_5,5,condition_contradicted,Not Supported,Not Supported
P85P8,P85P8_T1,P85P8_T1_3,3,condition_removed,Not Enough Evidence,Not Enough Evidence
P83P7,P83P7_T4,P83P7_T4_4,4,supported,Supported,Not Supported
P73P2,P73P2_T1,P73P2_T1_5,5,condition_contradicted,Not Supported,Not Supported
P151P6,P151P6_T1,P151P6_T1_3,3,condition_removed,Not Enough Evidence,Not Enough Evidence
P94P4,P94P4_T1,P94P4_T1_5,5,condition_contradicted,Not Supported,Not Supported
P17P2,P17P2_T1,P17P2_T1_4,4,supported,Supported,Not Supported
P156P1,P156P1_T1,P156P1_T1_5,5,condition_contradicted,Not Supported,Supported
P32P1,P32P1_T2,P32P1_T2_2,2,condition_replaced,Not Enough Evidence,Not Enough Evidence
P87P20,P87P20_T5,P87P20_T5_1,1,relation_contradicted,Not Supported,Not Supported
P41P3,P41P3_T1,P41P3_T1_2,2,condition_replaced,Not Enough Evidence,Not Enough Evidence
P124P13,P124P13_T3,P124P13_T3_1,1,relation_contradicted,Not Supported,Not Supported
P94P1,P94P1_T2,P94P1_T2_3,3,condition_removed,Not Enough Evidence,Not Enough Evidence
P13P3,P13P3_T4,P13P3_T4_3,3,condition_removed,Not Enough Evidence,Not Enough Evidence
P11PR1,P11PR1_T1,P11PR1_T1_3,3,condition_removed,Not Enough Evidence,Not Enough Evidence
P73P8,P73P8_T1,P73P8_T1_1,1,relation_contradicted,Not Supported,Not Supported
P58P5,P58P5_T2,P58P5_T2_1,1,relation_contradicted,Not Supported,Not Supported
P188P7,P188P7_T1,P188P7_T1_5,5,condition_contradicted,Not Supported,Not Supported
P15P1,P15P1_T1,P15P1_T1_1,1,relation_contradicted,Not Supported,Not Supported
P30P5,P30P5_T1,P30P5_T1_3,3,condition_removed,Not Enough Evidence,Not Enough Evidence
P90P5,P90P5_T2,P90P5_T2_3,3,condition_removed,Not Enough Evidence,Not Enough Evidence
P81P1,P81P1_T4,P81P1_T4_4,4,supported,Supported,Supported
P113P26,P113P26_T1,P113P26_T1_3,3,condition_removed,Not Enough Evidence,Not Enough Evidence
P87P1,P87P1_T4,P87P1_T4_5,5,condition_contradicted,Not Supported,Not Supported
P109P6,P109P6_T1,P109P6_T1_4,4,supported,Supported,Supported
P163P7,P163P7_T1,P163P7_T1_5,5,condition_contradicted,Not Supported,Not Supported
P193P2,P193P2_T1,P193P2_T1_3,3,condition_removed,Not Enough Evidence,Not Enough Evidence
P33P1,P33P1_T2,P33P1_T2_5,5,condition_contradicted,Not Supported,Not Supported
P12PR8,P12PR8_T3,P12PR8_T3_4,4,supported,Supported,Not Supported
P105P8,P105P8_T1,P105P8_T1_3,3,condition_removed,Not Enough Evidence,Not Enough Evidence
P184P14,P184P14_T3,P184P14_T3_1,1,relation_contradicted,Not Supported,Not Supported
P20P2,P20P2_T2,P20P2_T2_5,5,condition_contradicted,Not Supported,Not Supported
P56P9,P56P9_T2,P56P9_T2_4,4,supported,Supported,Supported
P84P4,P84P4_T1,P84P4_T1_1,1,relation_contradicted,Not Supported,Supported
P13P4,P13P4_T1,P13P4_T1_5,5,condition_contradicted,Not Supported,Not Enough Evidence
P103P1,P103P1_T1,P103P1_T1_4,4,supported,Supported,Supported
P41P2,P41P2_T1,P41P2_T1_2,2,condition_replaced,Not Enough Evidence,Not Enough Evidence
P94P1,P94P1_T3,P94P1_T3_5,5,condition_contradicted,Not Supported,Not Supported
P70P4,P70P4_T1,P70P4_T1_5,5,condition_contradicted,Not Supported,Not Supported
P90P9,P90P9_T1,P90P9_T1_3,3,condition_removed,Not Enough Evidence,Not Enough Evidence
P66P4,P66P4_T2,P66P4_T2_1,1,relation_contradicted,Not Supported,Not Supported
P86P22,P86P22_T1,P86P22_T1_4,4,supported,Supported,Supported
P161P4,P161P4_T3,P161P4_T3_1,1,relation_contradicted,Not Supported,Supported
P121P1,P121P1_T1,P121P1_T1_2,2,condition_replaced,Not Enough Evidence,Not Enough Evidence
P49P2,P49P2_T1,P49P2_T1_2,2,condition_replaced,Not Enough Evidence,Not Enough Evidence
P105P1,P105P1_T2,P105P1_T2_5,5,condition_contradicted,Not Supported,Not Supported
P83P3,P83P3_T3,P83P3_T3_5,5,condition_contradicted,Not Supported,Not Supported
P72P11,P72P11_T2,P72P11_T2_1,1,relation_contradicted,Not Supported,Not Supported
P186P5,P186P5_T1,P186P5_T1_3,3,condition_removed,Not Enough Evidence,Not Enough Evidence
P157P2,P157P2_T1,P157P2_T1_2,2,condition_replaced,Not Enough Evidence,Supported
P56P10,P56P10_T2,P56P10_T2_2,2,condition_replaced,Not Enough Evidence,Not Enough Evidence
P90P5,P90P5_T2,P90P5_T2_4,4,supported,Supported,Supported
P157P4,P157P4_T1,P157P4_T1_4,4,supported,Supported,Supported
P57P7,P57P7_T3,P57P7_T3_3,3,condition_removed,Not Enough Evidence,Not Enough Evidence
P17P4,P17P4_T1,P17P4_T1_5,5,condition_contradicted,Not Supported,Not Supported
P66P1,P66P1_T6,P66P1_T6_1,1,relation_contradicted,Not Supported,Not Enough Evidence
P121P1,P121P1_T1,P121P1_T1_4,4,supported,Supported,Supported
P78P8,P78P8_T2,P78P8_T2_2,2,condition_replaced,Not Enough Evidence,Not Enough Evidence
P123P7,P123P7_T2,P123P7_T2_1,1,relation_contradicted,Not Supported,Not Supported
P165P10,P165P10_T1,P165P10_T1_3,3,condition_removed,Not Enough Evidence,Not Enough Evidence
P161P1,P161P1_T2,P161P1_T2_4,4,supported,Supported,Not Supported
P100P13,P100P13_T1,P100P13_T1_2,2,condition_replaced,Not Enough Evidence,Not Enough Evidence
P125P14,P125P14_T1,P125P14_T1_1,1,relation_contradicted,Not Supported,Not Supported
P31P5,P31P5_T2,P31P5_T2_4,4,supported,Supported,Supported
P70P6,P70P6_T3,P70P6_T3_5,5,condition_contradicted,Not Supported,Not Supported
P33P4,P33P4_T1,P33P4_T1_2,2,condition_replaced,Not Enough Evidence,Not Enough Evidence
P62P1,P62P1_T6,P62P1_T6_4,4,supported,Supported,Supported
P76P5,P76P5_T1,P76P5_T1_5,5,condition_contradicted,Not Supported,Not Supported
P104P2,P104P2_T4,P104P2_T4_5,5,condition_contradicted,Not Supported,Not Supported
P56P10,P56P10_T1,P56P10_T1_4,4,supported,Supported,Supported
P138P7,P138P7_T3,P138P7_T3_1,1,relation_contradicted,Not Supported,Not Supported
P179P3,P179P3_T1,P179P3_T1_1,1,relation_contradicted,Not Supported,Not Supported
P113P11,P113P11_T1,P113P11_T1_4,4,supported,Supported,Supported
P28P7,P28P7_T1,P28P7_T1_4,4,supported,Supported,Supported
P86P3,P86P3_T3,P86P3_T3_1,1,relation_contradicted,Not Supported,Not Supported
P125P10,P125P10_T2,P125P10_T2_1,1,relation_contradicted,Not Supported,Not Supported
P12PR8,P12PR8_T3,P12PR8_T3_1,1,relation_contradicted,Not Supported,Not Supported
P149P4,P149P4_T1,P149P4_T1_4,4,supported,Supported,Supported
P197P5,P197P5_T7,P197P5_T7_3,3,condition_removed,Not Enough Evidence,Not Enough Evidence
P65P6,P65P6_T1,P65P6_T1_5,5,condition_contradicted,Not Supported,Not Supported
P115P8,P115P8_T4,P115P8_T4_5,5,condition_contradicted,Not Supported,Not Supported
P72P7,P72P7_T4,P72P7_T4_5,5,condition_contradicted,Not Supported,Not Supported
P59P4,P59P4_T3,P59P4_T3_4,4,supported,Supported,Supported
P61P4,P61P4_T2,P61P4_T2_3,3,condition_removed,Not Enough Evidence,Not Enough Evidence
P88P18,P88P18_T1,P88P18_T1_1,1,relation_contradicted,Not Supported,Not Supported
P12PR4,P12PR4_T3,P12PR4_T3_1,1,relation_contradicted,Not Supported,Not Supported
P81P7,P81P7_T3,P81P7_T3_5,5,condition_contradicted,Not Supported,Not Supported
P40P8,P40P8_T2,P40P8_T2_3,3,condition_removed,Not Enough Evidence,Not Enough Evidence
P86P7,P86P7_T1,P86P7_T1_1,1,relation_contradicted,Not Supported,Not Supported
P151P6,P151P6_T1,P151P6_T1_1,1,relation_contradicted,Not Supported,Not Supported
P35P3,P35P3_T4,P35P3_T4_2,2,condition_replaced,Not Enough Evidence,Not Enough Evidence
P119P10,P119P10_T1,P119P10_T1_1,1,relation_contradicted,Not Supported,Not Supported
P12PR3,P12PR3_T1,P12PR3_T1_1,1,relation_contradicted,Not Supported,Not Enough Evidence
P161P4,P161P4_T3,P161P4_T3_2,2,condition_replaced,Not Enough Evidence,Not Enough Evidence
P185P1,P185P1_T2,P185P1_T2_4,4,supported,Supported,Supported
P56P2,P56P2_T1,P56P2_T1_5,5,condition_contradicted,Not Supported,Not Enough Evidence
P94P1,P94P1_T2,P94P1_T2_1,1,relation_contradicted,Not Supported,Not Supported
P79P8,P79P8_T3,P79P8_T3_3,3,condition_removed,Not Enough Evidence,Not Enough Evidence
P12PR4,P12PR4_T2,P12PR4_T2_4,4,supported,Supported,Not Supported
P62P1,P62P1_T1,P62P1_T1_5,5,condition_contradicted,Not Supported,Not Supported
P22P8,P22P8_T1,P22P8_T1_1,1,relation_contradicted,Not Supported,Not Supported
P163P13,P163P13_T1,P163P13_T1_2,2,condition_replaced,Not Enough Evidence,Not Enough Evidence
P197P1,P197P1_T5,P197P1_T5_1,1,relation_contradicted,Not Supported,Not Supported
P33P1,P33P1_T4,P33P1_T4_4,4,supported,Supported,Supported
P156P4,P156P4_T2,P156P4_T2_4,4,supported,Supported,Supported
P38P7,P38P7_T1,P38P7_T1_5,5,condition_contradicted,Not Supported,Not Supported
P193P4,P193P4_T2,P193P4_T2_4,4,supported,Supported,Supported
P72P8,P72P8_T3,P72P8_T3_1,1,relation_contradicted,Not Supported,Not Supported
P195P6,P195P6_T2,P195P6_T2_5,5,condition_contradicted,Not Supported,Not Supported
P113P14,P113P14_T1,P113P14_T1_2,2,condition_replaced,Not Enough Evidence,Not Enough Evidence
P83P7,P83P7_T1,P83P7_T1_4,4,supported,Supported,Not Supported
P115P4,P115P4_T3,P115P4_T3_1,1,relation_contradicted,Not Supported,Not Supported
P118P15,P118P15_T2,P118P15_T2_3,3,condition_removed,Not Enough Evidence,Not Enough Evidence
P49P2,P49P2_T1,P49P2_T1_4,4,supported,Supported,Supported
P148P5,P148P5_T2,P148P5_T2_1,1,relation_contradicted,Not Supported,Not Supported
P138P7,P138P7_T3,P138P7_T3_4,4,supported,Supported,Supported
P65P8,P65P8_T1,P65P8_T1_3,3,condition_removed,Not Enough Evidence,Not Enough Evidence
P158P3,P158P3_T2,P158P3_T2_2,2,condition_replaced,Not Enough Evidence,Not Enough Evidence
P112P8,P112P8_T1,P112P8_T1_3,3,condition_removed,Not Enough Evidence,Not Supported
P173P1,P173P1_T1,P173P1_T1_2,2,condition_replaced,Not Enough Evidence,Not Enough Evidence
P77P5,P77P5_T6,P77P5_T6_2,2,condition_replaced,Not Enough Evidence,Not Enough Evidence
P117P10,P117P10_T1,P117P10_T1_3,3,condition_removed,Not Enough Evidence,Not Enough Evidence
P11PR13,P11PR13_T1,P11PR13_T1_1,1,relation_contradicted,Not Supported,Not Supported
P163P11,P163P11_T1,P163P11_T1_4,4,supported,Supported,Supported
P127P15,P127P15_T2,P127P15_T2_1,1,relation_contradicted,Not Supported,Not Supported
P124P8,P124P8_T2,P124P8_T2_3,3,condition_removed,Not Enough Evidence,Not Enough Evidence
P32P2,P32P2_T1,P32P2_T1_5,5,condition_contradicted,Not Supported,Not Supported
P101P7,P101P7_T1,P101P7_T1_1,1,relation_contradicted,Not Supported,Not Supported
P149P4,P149P4_T1,P149P4_T1_1,1,relation_contradicted,Not Supported,Not Supported
P85P7,P85P7_T10,P85P7_T10_1,1,relation_contradicted,Not Supported,Not Supported
P17P6,P17P6_T3,P17P6_T3_5,5,condition_contradicted,Not Supported,Not Supported
P98P7,P98P7_T1,P98P7_T1_1,1,relation_contradicted,Not Supported,Not Supported
P85P7,P85P7_T3,P85P7_T3_3,3,condition_removed,Not Enough Evidence,Not Supported
P22P8,P22P8_T3,P22P8_T3_1,1,relation_contradicted,Not Supported,Not Supported
P148P5,P148P5_T1,P148P5_T1_3,3,condition_removed,Not Enough Evidence,Not Supported
P55P4,P55P4_T3,P55P4_T3_5,5,condition_contradicted,Not Supported,Not Supported
P197P5,P197P5_T7,P197P5_T7_5,5,condition_contradicted,Not Supported,Not Supported
P74P10,P74P10_T1,P74P10_T1_2,2,condition_replaced,Not Enough Evidence,Not Enough Evidence
P158P3,P158P3_T1,P158P3_T1_5,5,condition_contradicted,Not Supported,Not Supported
P39P9,P39P9_T2,P39P9_T2_2,2,condition_replaced,Not Enough Evidence,Not Enough Evidence
P119P13,P119P13_T1,P119P13_T1_1,1,relation_contradicted,Not Supported,Not Supported
P38P3,P38P3_T1,P38P3_T1_2,2,condition_replaced,Not Enough Evidence,Not Enough Evidence
P33P2,P33P2_T1,P33P2_T1_1,1,relation_contradicted,Not Supported,Not Supported
P86P5,P86P5_T2,P86P5_T2_4,4,supported,Supported,Supported
P36P7,P36P7_T3,P36P7_T3_4,4,supported,Supported,Supported
P57P10,P57P10_T1,P57P10_T1_2,2,condition_replaced,Not Enough Evidence,Not Enough Evidence
P127P4,P127P4_T1,P127P4_T1_1,1,relation_contradicted,Not Supported,Not Supported
P104P11,P104P11_T3,P104P11_T3_2,2,condition_replaced,Not Enough Evidence,Not Enough Evidence
P84P1,P84P1_T5,P84P1_T5_5,5,condition_contradicted,Not Supported,Not Supported
P161P4,P161P4_T1,P161P4_T1_3,3,condition_removed,Not Enough Evidence,Not Enough Evidence
P15P1,P15P1_T3,P15P1_T3_4,4,supported,Supported,Not Supported
P81P5,P81P5_T2,P81P5_T2_4,4,supported,Supported,Supported
P67P2,P67P2_T4,P67P2_T4_1,1,relation_contradicted,Not Supported,Not Supported
P32P4,P32P4_T1,P32P4_T1_3,3,condition_removed,Not Enough Evidence,Not Enough Evidence
P72P11,P72P11_T3,P72P11_T3_5,5,condition_contradicted,Not Supported,Not Supported
P69P6,P69P6_T1,P69P6_T1_2,2,condition_replaced,Not Enough Evidence,Not Enough Evidence
P88P14,P88P14_T1,P88P14_T1_4,4,supported,Supported,Supported
P93P1,P93P1_T3,P93P1_T3_4,4,supported,Supported,Supported
P11PR1,P11PR1_T2,P11PR1_T2_3,3,condition_removed,Not Enough Evidence,Not Enough Evidence
P177P7,P177P7_T3,P177P7_T3_4,4,supported,Supported,Supported
P103P10,P103P10_T3,P103P10_T3_5,5,condition_contradicted,Not Supported,Not Supported
P154P1,P154P1_T1,P154P1_T1_4,4,supported,Supported,Supported
P108P19,P108P19_T1,P108P19_T1_4,4,supported,Supported,Supported
P104P8,P104P8_T2,P104P8_T2_1,1,relation_contradicted,Not Supported,Not Supported
P102P1,P102P1_T1,P102P1_T1_2,2,condition_replaced,Not Enough Evidence,Not Enough Evidence
P118P15,P118P15_T1,P118P15_T1_2,2,condition_replaced,Not Enough Evidence,Not Enough Evidence
P81P7,P81P7_T2,P81P7_T2_4,4,supported,Supported,Supported
P76P11,P76P11_T2,P76P11_T2_3,3,condition_removed,Not Enough Evidence,Not Enough Evidence
P93P3,P93P3_T1,P93P3_T1_3,3,condition_removed,Not Enough Evidence,Not Enough Evidence
P50P3,P50P3_T1,P50P3_T1_3,3,condition_removed,Not Enough Evidence,Not Enough Evidence
P111P8,P111P8_T3,P111P8_T3_2,2,condition_replaced,Not Enough Evidence,Not Supported
P87P20,P87P20_T4,P87P20_T4_4,4,supported,Supported,Supported
P28P2,P28P2_T1,P28P2_T1_1,1,relation_contradicted,Not Supported,Not Supported
P39P6,P39P6_T2,P39P6_T2_4,4,supported,Supported,Supported
P185P6,P185P6_T2,P185P6_T2_1,1,relation_contradicted,Not Supported,Not Supported
P198P6,P198P6_T2,P198P6_T2_5,5,condition_contradicted,Not Supported,Not Enough Evidence
P45P8,P45P8_T1,P45P8_T1_4,4,supported,Supported,Not Supported
P127P1,P127P1_T3,P127P1_T3_5,5,condition_contradicted,Not Supported,Not Supported
P185P3,P185P3_T1,P185P3_T1_1,1,relation_contradicted,Not Supported,Not Supported
P106P10,P106P10_T2,P106P10_T2_3,3,condition_removed,Not Enough Evidence,Not Enough Evidence
P125P2,P125P2_T1,P125P2_T1_3,3,condition_removed,Not Enough Evidence,Not Enough Evidence
P81P6,P81P6_T2,P81P6_T2_1,1,relation_contradicted,Not Supported,Not Supported
P73P8,P73P8_T1,P73P8_T1_2,2,condition_replaced,Not Enough Evidence,Not Enough Evidence
P45P2,P45P2_T1,P45P2_T1_3,3,condition_removed,Not Enough Evidence,Not Enough Evidence
P31P5,P31P5_T2,P31P5_T2_3,3,condition_removed,Not Enough Evidence,Not Enough Evidence
P21P8,P21P8_T2,P21P8_T2_2,2,condition_replaced,Not Enough Evidence,Not Enough Evidence
P109P6,P109P6_T1,P109P6_T1_3,3,condition_removed,Not Enough Evidence,Not Enough Evidence
P83P1,P83P1_T2,P83P1_T2_2,2,condition_replaced,Not Enough Evidence,Not Supported
P139P5,P139P5_T1,P139P5_T1_3,3,condition_removed,Not Enough Evidence,Not Enough Evidence
P24P2,P24P2_T1,P24P2_T1_3,3,condition_removed,Not Enough Evidence,Not Enough Evidence
P44P6,P44P6_T1,P44P6_T1_1,1,relation_contradicted,Not Supported,Not Supported
P118P16,P118P16_T2,P118P16_T2_1,1,relation_contradicted,Not Supported,Not Supported
P124P11,P124P11_T1,P124P11_T1_1,1,relation_contradicted,Not Supported,Not Supported
P113P16,P113P16_T2,P113P16_T2_4,4,supported,Supported,Supported
P98P7,P98P7_T4,P98P7_T4_3,3,condition_removed,Not Enough Evidence,Not Supported
P181P5,P181P5_T2,P181P5_T2_2,2,condition_replaced,Not Enough Evidence,Not Enough Evidence
P105P1,P105P1_T1,P105P1_T1_3,3,condition_removed,Not Enough Evidence,Not Enough Evidence
P83P7,P83P7_T3,P83P7_T3_5,5,condition_contradicted,Not Supported,Not Supported
P96P14,P96P14_T1,P96P14_T1_4,4,supported,Supported,Supported
P192P1,P192P1_T3,P192P1_T3_4,4,supported,Supported,Supported
P22P3,P22P3_T2,P22P3_T2_2,2,condition_replaced,Not Enough Evidence,Not Enough Evidence
P38P6,P38P6_T3,P38P6_T3_2,2,condition_replaced,Not Enough Evidence,Not Enough Evidence
P46P4,P46P4_T2,P46P4_T2_2,2,condition_replaced,Not Enough Evidence,Not Enough Evidence
P85P7,P85P7_T8,P85P7_T8_2,2,condition_replaced,Not Enough Evidence,Not Supported
P118P14,P118P14_T1,P118P14_T1_2,2,condition_replaced,Not Enough Evidence,Not Enough Evidence
P91P1,P91P1_T1,P91P1_T1_1,1,relation_contradicted,Not Supported,Not Supported
P70P4,P70P4_T1,P70P4_T1_4,4,supported,Supported,Supported
P38P2,P38P2_T1,P38P2_T1_4,4,supported,Supported,Supported
P190P8,P190P8_T1,P190P8_T1_2,2,condition_replaced,Not Enough Evidence,Not Enough Evidence
P70P13,P70P13_T4,P70P13_T4_4,4,supported,Supported,Supported
P191P1,P191P1_T2,P191P1_T2_4,4,supported,Supported,Supported
P103P10,P103P10_T2,P103P10_T2_1,1,relation_contradicted,Not Supported,Not Supported
P86P7,P86P7_T1,P86P7_T1_2,2,condition_replaced,Not Enough Evidence,Not Enough Evidence
P194P3,P194P3_T4,P194P3_T4_3,3,condition_removed,Not Enough Evidence,Not Enough Evidence
P91P6,P91P6_T2,P91P6_T2_5,5,condition_contradicted,Not Supported,Not Enough Evidence
P74P9,P74P9_T1,P74P9_T1_3,3,condition_removed,Not Enough Evidence,Not Enough Evidence
P77P5,P77P5_T2,P77P5_T2_2,2,condition_replaced,Not Enough Evidence,Not Enough Evidence
P12PR8,P12PR8_T4,P12PR8_T4_3,3,condition_removed,Not Enough Evidence,Not Supported
P113P25,P113P25_T1,P113P25_T1_3,3,condition_removed,Not Enough Evidence,Not Enough Evidence
P59P3,P59P3_T1,P59P3_T1_4,4,supported,Supported,Supported
P102P5,P102P5_T3,P102P5_T3_5,5,condition_contradicted,Not Supported,Not Supported
P13P14,P13P14_T3,P13P14_T3_3,3,condition_removed,Not Enough Evidence,Not Enough Evidence
P15P1,P15P1_T4,P15P1_T4_5,5,condition_contradicted,Not Supported,Not Supported
P35P1,P35P1_T1,P35P1_T1_1,1,relation_contradicted,Not Supported,Not Supported
P109P11,P109P11_T1,P109P11_T1_2,2,condition_replaced,Not Enough Evidence,Not Enough Evidence
P171P1,P171P1_T1,P171P1_T1_2,2,condition_replaced,Not Enough Evidence,Not Enough Evidence
P197P5,P197P5_T1,P197P5_T1_3,3,condition_removed,Not Enough Evidence,Not Enough Evidence
P127P7,P127P7_T2,P127P7_T2_1,1,relation_contradicted,Not Supported,Not Supported
P32P4,P32P4_T2,P32P4_T2_5,5,condition_contradicted,Not Supported,Not Supported
P70P13,P70P13_T1,P70P13_T1_3,3,condition_removed,Not Enough Evidence,Not Enough Evidence
P47P3,P47P3_T2,P47P3_T2_2,2,condition_replaced,Not Enough Evidence,Not Enough Evidence
P157P2,P157P2_T1,P157P2_T1_5,5,condition_contradicted,Not Supported,Supported
P112P8,P112P8_T2,P112P8_T2_2,2,condition_replaced,Not Enough Evidence,Not Supported
P121P1,P121P1_T4,P121P1_T4_3,3,condition_removed,Not Enough Evidence,Not Enough Evidence
P37P6,P37P6_T1,P37P6_T1_1,1,relation_contradicted,Not Supported,Not Supported
P99P14,P99P14_T1,P99P14_T1_5,5,condition_contradicted,Not Supported,Not Supported
P125P10,P125P10_T3,P125P10_T3_2,2,condition_replaced,Not Enough Evidence,Not Enough Evidence
P90P9,P90P9_T1,P90P9_T1_5,5,condition_contradicted,Not Supported,Not Supported
P148P5,P148P5_T2,P148P5_T2_4,4,supported,Supported,Not Supported
P127P1,P127P1_T2,P127P1_T2_3,3,condition_removed,Not Enough Evidence,Not Enough Evidence
P85P7,P85P7_T4,P85P7_T4_3,3,condition_removed,Not Enough Evidence,Not Supported
P54P1,P54P1_T3,P54P1_T3_4,4,supported,Supported,Supported
P15P3,P15P3_T1,P15P3_T1_2,2,condition_replaced,Not Enough Evidence,Not Enough Evidence
P93P1,P93P1_T5,P93P1_T5_3,3,condition_removed,Not Enough Evidence,Not Enough Evidence
P84P1,P84P1_T5,P84P1_T5_3,3,condition_removed,Not Enough Evidence,Not Enough Evidence
P40P7,P40P7_T1,P40P7_T1_2,2,condition_replaced,Not Enough Evidence,Not Enough Evidence
P197P5,P197P5_T9,P197P5_T9_1,1,relation_contradicted,Not Supported,Not Supported
P112P9,P112P9_T1,P112P9_T1_4,4,supported,Supported,Supported
P78P8,P78P8_T1,P78P8_T1_5,5,condition_contradicted,Not Supported,Not Supported
P130P10,P130P10_T2,P130P10_T2_4,4,supported,Supported,Supported
P61P4,P61P4_T5,P61P4_T5_5,5,condition_contradicted,Not Supported,Not Supported
P161P5,P161P5_T1,P161P5_T1_1,1,relation_contradicted,Not Supported,Not Supported
P124P12,P124P12_T1,P124P12_T1_1,1,relation_contradicted,Not Supported,Not Supported
P32P8,P32P8_T1,P32P8_T1_4,4,supported,Supported,Supported
P19P4,P19P4_T2,P19P4_T2_4,4,supported,Supported,Supported
P127P1,P127P1_T2,P127P1_T2_4,4,supported,Supported,Supported
P47P3,P47P3_T1,P47P3_T1_4,4,supported,Supported,Supported
P83P6,P83P6_T4,P83P6_T4_3,3,condition_removed,Not Enough Evidence,Not Supported
P183P3,P183P3_T4,P183P3_T4_3,3,condition_removed,Not Enough Evidence,Not Enough Evidence
P81P7,P81P7_T5,P81P7_T5_1,1,relation_contradicted,Not Supported,Not Supported
P183P8,P183P8_T1,P183P8_T1_3,3,condition_removed,Not Enough Evidence,Not Enough Evidence
P188P1,P188P1_T1,P188P1_T1_1,1,relation_contradicted,Not Supported,Not Supported
P66P2,P66P2_T1,P66P2_T1_1,1,relation_contradicted,Not Supported,Not Supported
P113P11,P113P11_T1,P113P11_T1_3,3,condition_removed,Not Enough Evidence,Not Enough Evidence
P39P9,P39P9_T6,P39P9_T6_5,5,condition_contradicted,Not Supported,Not Supported
P173P6,P173P6_T1,P173P6_T1_1,1,relation_contradicted,Not Supported,Not Supported
P28P3,P28P3_T2,P28P3_T2_3,3,condition_removed,Not Enough Evidence,Not Enough Evidence
P11PR2,P11PR2_T1,P11PR2_T1_2,2,condition_replaced,Not Enough Evidence,Not Enough Evidence
P11PR1,P11PR1_T2,P11PR1_T2_1,1,relation_contradicted,Not Supported,Not Supported
P59P3,P59P3_T1,P59P3_T1_3,3,condition_removed,Not Enough Evidence,Not Enough Evidence
P70P12,P70P12_T3,P70P12_T3_2,2,condition_replaced,Not Enough Evidence,Not Enough Evidence
P57P3,P57P3_T1,P57P3_T1_2,2,condition_replaced,Not Enough Evidence,Not Enough Evidence
P26P5,P26P5_T1,P26P5_T1_2,2,condition_replaced,Not Enough Evidence,Not Enough Evidence
P113P13,P113P13_T3,P113P13_T3_4,4,supported,Supported,Supported
P82P10,P82P10_T1,P82P10_T1_5,5,condition_contradicted,Not Supported,Not Supported
P161P4,P161P4_T2,P161P4_T2_1,1,relation_contradicted,Not Supported,Not Supported
P197P3,P197P3_T2,P197P3_T2_3,3,condition_removed,Not Enough Evidence,Not Enough Evidence
P57P7,P57P7_T1,P57P7_T1_5,5,condition_contradicted,Not Supported,Not Supported
P132P1,P132P1_T1,P132P1_T1_4,4,supported,Supported,Supported
P19P2,P19P2_T3,P19P2_T3_4,4,supported,Supported,Supported
P83P3,P83P3_T7,P83P3_T7_1,1,relation_contradicted,Not Supported,Not Enough Evidence
P127P1,P127P1_T3,P127P1_T3_3,3,condition_removed,Not Enough Evidence,Not Enough Evidence
P62P1,P62P1_T5,P62P1_T5_1,1,relation_contradicted,Not Supported,Not Supported
P144P2,P144P2_T1,P144P2_T1_3,3,condition_removed,Not Enough Evidence,Not Enough Evidence
P112P8,P112P8_T2,P112P8_T2_1,1,relation_contradicted,Not Supported,Not Supported
P86P19,P86P19_T1,P86P19_T1_3,3,condition_removed,Not Enough Evidence,Not Enough Evidence
P11PR11,P11PR11_T1,P11PR11_T1_5,5,condition_contradicted,Not Supported,Not Supported
P28P4,P28P4_T1,P28P4_T1_2,2,condition_replaced,Not Enough Evidence,Not Enough Evidence
P77P1,P77P1_T3,P77P1_T3_4,4,supported,Supported,Supported
P91P6,P91P6_T1,P91P6_T1_2,2,condition_replaced,Not Enough Evidence,Not Enough Evidence
P200P12,P200P12_T2,P200P12_T2_3,3,condition_removed,Not Enough Evidence,Not Enough Evidence
P83P3,P83P3_T6,P83P3_T6_5,5,condition_contradicted,Not Supported,Not Supported
P90P1,P90P1_T1,P90P1_T1_4,4,supported,Supported,Supported
P22P8,P22P8_T3,P22P8_T3_2,2,condition_replaced,Not Enough Evidence,Not Enough Evidence
P132P1,P132P1_T3,P132P1_T3_1,1,relation_contradicted,Not Supported,Not Supported
P13P3,P13P3_T2,P13P3_T2_2,2,condition_replaced,Not Enough Evidence,Not Enough Evidence
P12PR4,P12PR4_T2,P12PR4_T2_2,2,condition_replaced,Not Enough Evidence,Not Enough Evidence
P118P5,P118P5_T2,P118P5_T2_3,3,condition_removed,Not Enough Evidence,Not Enough Evidence
P102P3,P102P3_T1,P102P3_T1_1,1,relation_contradicted,Not Supported,Not Enough Evidence
P103P7,P103P7_T4,P103P7_T4_3,3,condition_removed,Not Enough Evidence,Not Enough Evidence
P140P3,P140P3_T1,P140P3_T1_5,5,condition_contradicted,Not Supported,Not Supported
P48P4,P48P4_T3,P48P4_T3_1,1,relation_contradicted,Not Supported,Not Supported
P48P4,P48P4_T1,P48P4_T1_4,4,supported,Supported,Supported
P101P7,P101P7_T1,P101P7_T1_2,2,condition_replaced,Not Enough Evidence,Not Enough Evidence
P197P1,P197P1_T6,P197P1_T6_4,4,supported,Supported,Supported
P113P30,P113P30_T1,P113P30_T1_3,3,condition_removed,Not Enough Evidence,Not Enough Evidence
P72P3,P72P3_T2,P72P3_T2_4,4,supported,Supported,Supported
P20P6,P20P6_T1,P20P6_T1_4,4,supported,Supported,Supported
P70P13,P70P13_T1,P70P13_T1_5,5,condition_contradicted,Not Supported,Not Supported
P62P1,P62P1_T3,P62P1_T3_2,2,condition_replaced,Not Enough Evidence,Not Enough Evidence
P70P13,P70P13_T3,P70P13_T3_5,5,condition_contradicted,Not Supported,Not Supported
P178P4,P178P4_T3,P178P4_T3_2,2,condition_replaced,Not Enough Evidence,Not Enough Evidence
P28P7,P28P7_T1,P28P7_T1_2,2,condition_replaced,Not Enough Evidence,Not Enough Evidence
P117P13,P117P13_T1,P117P13_T1_2,2,condition_replaced,Not Enough Evidence,Not Enough Evidence
P36P3,P36P3_T2,P36P3_T2_5,5,condition_contradicted,Not Supported,Not Supported
P200P4,P200P4_T1,P200P4_T1_2,2,condition_replaced,Not Enough Evidence,Not Enough Evidence
P57P1,P57P1_T1,P57P1_T1_3,3,condition_removed,Not Enough Evidence,Not Enough Evidence
P17P6,P17P6_T3,P17P6_T3_4,4,supported,Supported,Supported
P127P7,P127P7_T2,P127P7_T2_4,4,supported,Supported,Supported
P140P1,P140P1_T2,P140P1_T2_5,5,condition_contradicted,Not Supported,Not Supported
P61P3,P61P3_T1,P61P3_T1_2,2,condition_replaced,Not Enough Evidence,Not Supported
P108P11,P108P11_T1,P108P11_T1_3,3,condition_removed,Not Enough Evidence,Not Enough Evidence
P90P12,P90P12_T1,P90P12_T1_3,3,condition_removed,Not Enough Evidence,Not Enough Evidence
P81P7,P81P7_T1,P81P7_T1_3,3,condition_removed,Not Enough Evidence,Not Enough Evidence
P29P10,P29P10_T2,P29P10_T2_3,3,condition_removed,Not Enough Evidence,Not Enough Evidence
P67P1,P67P1_T1,P67P1_T1_1,1,relation_contradicted,Not Supported,Not Supported
P115P8,P115P8_T4,P115P8_T4_1,1,relation_contradicted,Not Supported,Not Supported
P69P1,P69P1_T1,P69P1_T1_2,2,condition_replaced,Not Enough Evidence,Not Enough Evidence
P70P4,P70P4_T2,P70P4_T2_4,4,supported,Supported,Supported
P17P4,P17P4_T1,P17P4_T1_2,2,condition_replaced,Not Enough Evidence,Not Enough Evidence
P45P6,P45P6_T4,P45P6_T4_5,5,condition_contradicted,Not Supported,Not Supported
P132P1,P132P1_T3,P132P1_T3_2,2,condition_replaced,Not Enough Evidence,Not Enough Evidence
P103P4,P103P4_T2,P103P4_T2_2,2,condition_replaced,Not Enough Evidence,Not Enough Evidence
P130P6,P130P6_T1,P130P6_T1_3,3,condition_removed,Not Enough Evidence,Not Enough Evidence
P118P16,P118P16_T3,P118P16_T3_2,2,condition_replaced,Not Enough Evidence,Not Enough Evidence
P33P1,P33P1_T2,P33P1_T2_4,4,supported,Supported,Supported
P104P2,P104P2_T5,P104P2_T5_4,4,supported,Supported,Supported
P197P5,P197P5_T1,P197P5_T1_4,4,supported,Supported,Supported
P91P1,P91P1_T1,P91P1_T1_2,2,condition_replaced,Not Enough Evidence,Not Enough Evidence
P113P26,P113P26_T1,P113P26_T1_1,1,relation_contradicted,Not Supported,Not Supported
P100P13,P100P13_T1,P100P13_T1_3,3,condition_removed,Not Enough Evidence,Not Enough Evidence
P15P1,P15P1_T1,P15P1_T1_5,5,condition_contradicted,Not Supported,Not Supported
P121P4,P121P4_T1,P121P4_T1_5,5,condition_contradicted,Not Supported,Not Enough Evidence
P70P9,P70P9_T1,P70P9_T1_5,5,condition_contradicted,Not Supported,Not Supported
P22P5,P22P5_T1,P22P5_T1_2,2,condition_replaced,Not Enough Evidence,Not Enough Evidence
P70P13,P70P13_T4,P70P13_T4_2,2,condition_replaced,Not Enough Evidence,Not Enough Evidence
P75P8,P75P8_T1,P75P8_T1_5,5,condition_contradicted,Not Supported,Not Supported
P111P8,P111P8_T2,P111P8_T2_1,1,relation_contradicted,Not Supported,Not Supported
P60P3,P60P3_T2,P60P3_T2_2,2,condition_replaced,Not Enough Evidence,Not Enough Evidence
P178P4,P178P4_T2,P178P4_T2_3,3,condition_removed,Not Enough Evidence,Not Enough Evidence
P186P4,P186P4_T5,P186P4_T5_4,4,supported,Supported,Supported
P38P2,P38P2_T1,P38P2_T1_1,1,relation_contradicted,Not Supported,Not Supported
P128P1,P128P1_T1,P128P1_T1_5,5,condition_contradicted,Not Supported,Not Supported
P28P2,P28P2_T1,P28P2_T1_2,2,condition_replaced,Not Enough Evidence,Not Enough Evidence
P20P4,P20P4_T2,P20P4_T2_4,4,supported,Supported,Supported
P156P4,P156P4_T2,P156P4_T2_5,5,condition_contradicted,Not Supported,Not Supported
P76P2,P76P2_T2,P76P2_T2_3,3,condition_removed,Not Enough Evidence,Not Enough Evidence
P39P6,P39P6_T4,P39P6_T4_2,2,condition_replaced,Not Enough Evidence,Not Enough Evidence
P124P10,P124P10_T1,P124P10_T1_2,2,condition_replaced,Not Enough Evidence,Not Enough Evidence
P13P8,P13P8_T1,P13P8_T1_5,5,condition_contradicted,Not Supported,Not Supported
P169P10,P169P10_T2,P169P10_T2_1,1,relation_contradicted,Not Supported,Not Supported
P70P8,P70P8_T3,P70P8_T3_3,3,condition_removed,Not Enough Evidence,Not Enough Evidence
P184P14,P184P14_T1,P184P14_T1_4,4,supported,Supported,Supported
P175P6,P175P6_T1,P175P6_T1_3,3,condition_removed,Not Enough Evidence,Not Enough Evidence
P76P2,P76P2_T3,P76P2_T3_3,3,condition_removed,Not Enough Evidence,Not Enough Evidence
P74P10,P74P10_T2,P74P10_T2_3,3,condition_removed,Not Enough Evidence,Not Enough Evidence
P103P10,P103P10_T3,P103P10_T3_4,4,supported,Supported,Supported
P84P4,P84P4_T2,P84P4_T2_3,3,condition_removed,Not Enough Evidence,Not Enough Evidence
P15P1,P15P1_T9,P15P1_T9_5,5,condition_contradicted,Not Supported,Not Supported
P104P7,P104P7_T1,P104P7_T1_2,2,condition_replaced,Not Enough Evidence,Not Enough Evidence
P76P7,P76P7_T2,P76P7_T2_2,2,condition_replaced,Not Enough Evidence,Not Enough Evidence
P77P1,P77P1_T3,P77P1_T3_1,1,relation_contradicted,Not Supported,Not Supported
P125P8,P125P8_T1,P125P8_T1_3,3,condition_removed,Not Enough Evidence,Not Enough Evidence
P15P1,P15P1_T9,P15P1_T9_4,4,supported,Supported,Supported
P22P3,P22P3_T2,P22P3_T2_5,5,condition_contradicted,Not Supported,Not Supported
P61P1,P61P1_T5,P61P1_T5_3,3,condition_removed,Not Enough Evidence,Not Enough Evidence
P83P6,P83P6_T4,P83P6_T4_4,4,supported,Supported,Not Supported
P33P4,P33P4_T2,P33P4_T2_2,2,condition_replaced,Not Enough Evidence,Not Enough Evidence
P77P9,P77P9_T4,P77P9_T4_4,4,supported,Supported,Supported
P121P6,P121P6_T1,P121P6_T1_5,5,condition_contradicted,Not Supported,Not Supported
P191P2,P191P2_T1,P191P2_T1_1,1,relation_contradicted,Not Supported,Not Supported
P17P10,P17P10_T3,P17P10_T3_3,3,condition_removed,Not Enough Evidence,Not Enough Evidence
P55P2,P55P2_T2,P55P2_T2_4,4,supported,Supported,Supported
P12PR1,P12PR1_T3,P12PR1_T3_4,4,supported,Supported,Not Supported
P186P4,P186P4_T1,P186P4_T1_5,5,condition_contradicted,Not Supported,Not Supported
P72P8,P72P8_T4,P72P8_T4_4,4,supported,Supported,Supported
P173P6,P173P6_T1,P173P6_T1_5,5,condition_contradicted,Not Supported,Not Supported
P163P7,P163P7_T2,P163P7_T2_1,1,relation_contradicted,Not Supported,Not Supported
P121P6,P121P6_T1,P121P6_T1_4,4,supported,Supported,Supported
P98P8,P98P8_T1,P98P8_T1_5,5,condition_contradicted,Not Supported,Not Supported
P23P6,P23P6_T2,P23P6_T2_5,5,condition_contradicted,Not Supported,Not Supported
P168P1,P168P1_T1,P168P1_T1_1,1,relation_contradicted,Not Supported,Not Supported
P186P3,P186P3_T2,P186P3_T2_3,3,condition_removed,Not Enough Evidence,Not Enough Evidence
P23P6,P23P6_T6,P23P6_T6_3,3,condition_removed,Not Enough Evidence,Not Enough Evidence
P128P2,P128P2_T1,P128P2_T1_5,5,condition_contradicted,Not Supported,Not Supported
P125P8,P125P8_T1,P125P8_T1_2,2,condition_replaced,Not Enough Evidence,Not Enough Evidence
P194P5,P194P5_T1,P194P5_T1_5,5,condition_contradicted,Not Supported,Not Supported
P56P8,P56P8_T2,P56P8_T2_1,1,relation_contradicted,Not Supported,Not Supported
P103P6,P103P6_T1,P103P6_T1_4,4,supported,Supported,Supported
P13P7,P13P7_T2,P13P7_T2_1,1,relation_contradicted,Not Supported,Not Supported
P17P2,P17P2_T1,P17P2_T1_3,3,condition_removed,Not Enough Evidence,Not Enough Evidence
P123P7,P123P7_T1,P123P7_T1_4,4,supported,Supported,Supported
P67P2,P67P2_T3,P67P2_T3_5,5,condition_contradicted,Not Supported,Not Supported
P14P2,P14P2_T1,P14P2_T1_2,2,condition_replaced,Not Enough Evidence,Supported
P82P10,P82P10_T2,P82P10_T2_1,1,relation_contradicted,Not Supported,Not Supported
P61P1,P61P1_T3,P61P1_T3_4,4,supported,Supported,Supported
P128P5,P128P5_T3,P128P5_T3_1,1,relation_contradicted,Not Supported,Not Supported
P85P9,P85P9_T1,P85P9_T1_4,4,supported,Supported,Supported
P127P1,P127P1_T4,P127P1_T4_1,1,relation_contradicted,Not Supported,Not Supported
P90P3,P90P3_T3,P90P3_T3_1,1,relation_contradicted,Not Supported,Not Supported
P118P16,P118P16_T2,P118P16_T2_4,4,supported,Supported,Supported
P23P6,P23P6_T6,P23P6_T6_1,1,relation_contradicted,Not Supported,Not Supported
P124P11,P124P11_T1,P124P11_T1_2,2,condition_replaced,Not Enough Evidence,Not Enough Evidence
P198P6,P198P6_T4,P198P6_T4_3,3,condition_removed,Not Enough Evidence,Not Enough Evidence
P38P3,P38P3_T1,P38P3_T1_1,1,relation_contradicted,Not Supported,Not Supported
P105P5,P105P5_T1,P105P5_T1_4,4,supported,Supported,Supported
P84P1,P84P1_T3,P84P1_T3_3,3,condition_removed,Not Enough Evidence,Not Enough Evidence
P188P6,P188P6_T1,P188P6_T1_1,1,relation_contradicted,Not Supported,Not Supported
P200P9,P200P9_T1,P200P9_T1_3,3,condition_removed,Not Enough Evidence,Not Enough Evidence
P161P1,P161P1_T4,P161P1_T4_4,4,supported,Supported,Not Supported
P15P1,P15P1_T2,P15P1_T2_1,1,relation_contradicted,Not Supported,Not Supported
P28P1,P28P1_T1,P28P1_T1_5,5,condition_contradicted,Not Supported,Not Enough Evidence
P145P7,P145P7_T1,P145P7_T1_5,5,condition_contradicted,Not Supported,Not Supported
P72P3,P72P3_T1,P72P3_T1_3,3,condition_removed,Not Enough Evidence,Not Enough Evidence
P75P1,P75P1_T1,P75P1_T1_2,2,condition_replaced,Not Enough Evidence,Not Enough Evidence
P84P3,P84P3_T3,P84P3_T3_3,3,condition_removed,Not Enough Evidence,Not Enough Evidence
P77P9,P77P9_T2,P77P9_T2_1,1,relation_contradicted,Not Supported,Not Supported
P28P7,P28P7_T1,P28P7_T1_3,3,condition_removed,Not Enough Evidence,Not Enough Evidence
P19P3,P19P3_T1,P19P3_T1_5,5,condition_contradicted,Not Supported,Not Supported
P61P3,P61P3_T2,P61P3_T2_2,2,condition_replaced,Not Enough Evidence,Not Supported
P15P1,P15P1_T7,P15P1_T7_3,3,condition_removed,Not Enough Evidence,Not Enough Evidence
P57P7,P57P7_T5,P57P7_T5_5,5,condition_contradicted,Not Supported,Not Supported
P90P4,P90P4_T1,P90P4_T1_3,3,condition_removed,Not Enough Evidence,Not Enough Evidence
P181P5,P181P5_T2,P181P5_T2_3,3,condition_removed,Not Enough Evidence,Not Enough Evidence
P99P8,P99P8_T1,P99P8_T1_5,5,condition_contradicted,Not Supported,Supported
P189P8,P189P8_T1,P189P8_T1_5,5,condition_contradicted,Not Supported,Not Supported
P47P4,P47P4_T2,P47P4_T2_3,3,condition_removed,Not Enough Evidence,Not Enough Evidence
P33P1,P33P1_T3,P33P1_T3_2,2,condition_replaced,Not Enough Evidence,Not Enough Evidence
P65P6,P65P6_T1,P65P6_T1_4,4,supported,Supported,Supported
P121P2,P121P2_T2,P121P2_T2_5,5,condition_contradicted,Not Supported,Not Supported
P185P5,P185P5_T1,P185P5_T1_2,2,condition_replaced,Not Enough Evidence,Not Enough Evidence
P95P8,P95P8_T1,P95P8_T1_3,3,condition_removed,Not Enough Evidence,Not Enough Evidence
P69P3,P69P3_T2,P69P3_T2_3,3,condition_removed,Not Enough Evidence,Not Enough Evidence
P56P4,P56P4_T2,P56P4_T2_1,1,relation_contradicted,Not Supported,Not Supported
P46P2,P46P2_T2,P46P2_T2_1,1,relation_contradicted,Not Supported,Not Supported
P13P8,P13P8_T3,P13P8_T3_3,3,condition_removed,Not Enough Evidence,Not Enough Evidence
P67P2,P67P2_T4,P67P2_T4_4,4,supported,Supported,Supported
P161P1,P161P1_T1,P161P1_T1_4,4,supported,Supported,Not Supported
P85P7,P85P7_T9,P85P7_T9_3,3,condition_removed,Not Enough Evidence,Not Supported
P104P4,P104P4_T3,P104P4_T3_3,3,condition_removed,Not Enough Evidence,Not Enough Evidence
P76P12,P76P12_T1,P76P12_T1_2,2,condition_replaced,Not Enough Evidence,Not Enough Evidence
P36P7,P36P7_T1,P36P7_T1_5,5,condition_contradicted,Not Supported,Not Supported
P73P4,P73P4_T1,P73P4_T1_1,1,relation_contradicted,Not Supported,Not Supported
P160P6,P160P6_T2,P160P6_T2_4,4,supported,Supported,Supported
P35P5,P35P5_T1,P35P5_T1_1,1,relation_contradicted,Not Supported,Not Supported
P112P8,P112P8_T3,P112P8_T3_1,1,relation_contradicted,Not Supported,Not Supported
P87P20,P87P20_T5,P87P20_T5_2,2,condition_replaced,Not Enough Evidence,Not Enough Evidence
P102P10,P102P10_T3,P102P10_T3_1,1,relation_contradicted,Not Supported,Not Enough Evidence
P61P1,P61P1_T2,P61P1_T2_4,4,supported,Supported,Supported
P39P4,P39P4_T4,P39P4_T4_4,4,supported,Supported,Supported
P41P5,P41P5_T1,P41P5_T1_1,1,relation_contradicted,Not Supported,Not Supported
P70P8,P70P8_T2,P70P8_T2_4,4,supported,Supported,Supported
P115P4,P115P4_T1,P115P4_T1_1,1,relation_contradicted,Not Supported,Not Supported
P189P5,P189P5_T1,P189P5_T1_2,2,condition_replaced,Not Enough Evidence,Not Enough Evidence
P82P2,P82P2_T2,P82P2_T2_4,4,supported,Supported,Supported
P127P6,P127P6_T4,P127P6_T4_1,1,relation_contradicted,Not Supported,Not Supported
P37P9,P37P9_T1,P37P9_T1_2,2,condition_replaced,Not Enough Evidence,Not Enough Evidence
P127P3,P127P3_T1,P127P3_T1_4,4,supported,Supported,Supported
P100P13,P100P13_T1,P100P13_T1_5,5,condition_contradicted,Not Supported,Not Supported
P31P5,P31P5_T1,P31P5_T1_3,3,condition_removed,Not Enough Evidence,Not Enough Evidence
P13P7,P13P7_T1,P13P7_T1_5,5,condition_contradicted,Not Supported,Not Supported
P185P1,P185P1_T2,P185P1_T2_1,1,relation_contradicted,Not Supported,Not Supported
P59P3,P59P3_T2,P59P3_T2_5,5,condition_contradicted,Not Supported,Not Supported
P79P10,P79P10_T3,P79P10_T3_2,2,condition_replaced,Not Enough Evidence,Not Enough Evidence
P139P9,P139P9_T1,P139P9_T1_2,2,condition_replaced,Not Enough Evidence,Not Enough Evidence
P125P14,P125P14_T2,P125P14_T2_4,4,supported,Supported,Not Supported
P96P13,P96P13_T1,P96P13_T1_5,5,condition_contradicted,Not Supported,Not Supported
P84P1,P84P1_T6,P84P1_T6_2,2,condition_replaced,Not Enough Evidence,Not Enough Evidence
P90P7,P90P7_T1,P90P7_T1_2,2,condition_replaced,Not Enough Evidence,Not Enough Evidence
P118P14,P118P14_T2,P118P14_T2_4,4,supported,Supported,Supported
P154P16,P154P16_T2,P154P16_T2_4,4,supported,Supported,Supported
P86P3,P86P3_T2,P86P3_T2_5,5,condition_contradicted,Not Supported,Not Supported
P20P2,P20P2_T3,P20P2_T3_5,5,condition_contradicted,Not Supported,Not Supported
P23P6,P23P6_T5,P23P6_T5_2,2,condition_replaced,Not Enough Evidence,Not Enough Evidence
P45P10,P45P10_T1,P45P10_T1_3,3,condition_removed,Not Enough Evidence,Not Supported
P54P4,P54P4_T3,P54P4_T3_3,3,condition_removed,Not Enough Evidence,Not Supported
P163P9,P163P9_T1,P163P9_T1_1,1,relation_contradicted,Not Supported,Not Supported
P106P5,P106P5_T1,P106P5_T1_4,4,supported,Supported,Supported
P38P6,P38P6_T3,P38P6_T3_4,4,supported,Supported,Supported
P41P3,P41P3_T1,P41P3_T1_1,1,relation_contradicted,Not Supported,Not Supported
P13P3,P13P3_T3,P13P3_T3_5,5,condition_contradicted,Not Supported,Not Supported
P67P4,P67P4_T1,P67P4_T1_1,1,relation_contradicted,Not Supported,Not Supported
P57P7,P57P7_T1,P57P7_T1_3,3,condition_removed,Not Enough Evidence,Not Enough Evidence
P41P2,P41P2_T1,P41P2_T1_1,1,relation_contradicted,Not Supported,Not Supported
P112P9,P112P9_T2,P112P9_T2_5,5,condition_contradicted,Not Supported,Not Supported
P23P6,P23P6_T1,P23P6_T1_4,4,supported,Supported,Supported
P44P4,P44P4_T1,P44P4_T1_1,1,relation_contradicted,Not Supported,Not Supported
P183P8,P183P8_T1,P183P8_T1_4,4,supported,Supported,Supported
P56P8,P56P8_T2,P56P8_T2_5,5,condition_contradicted,Not Supported,Not Supported
P185P1,P185P1_T1,P185P1_T1_4,4,supported,Supported,Supported
P115P1,P115P1_T1,P115P1_T1_4,4,supported,Supported,Supported
P96P14,P96P14_T1,P96P14_T1_5,5,condition_contradicted,Not Supported,Not Supported
P104P8,P104P8_T2,P104P8_T2_3,3,condition_removed,Not Enough Evidence,Not Enough Evidence
P104P7,P104P7_T1,P104P7_T1_5,5,condition_contradicted,Not Supported,Not Supported
P183P8,P183P8_T1,P183P8_T1_1,1,relation_contradicted,Not Supported,Not Supported
P98P8,P98P8_T2,P98P8_T2_2,2,condition_replaced,Not Enough Evidence,Not Enough Evidence
P117P13,P117P13_T1,P117P13_T1_4,4,supported,Supported,Supported
P36P7,P36P7_T2,P36P7_T2_1,1,relation_contradicted,Not Supported,Not Supported
P103P7,P103P7_T3,P103P7_T3_2,2,condition_replaced,Not Enough Evidence,Not Enough Evidence
P127P4,P127P4_T5,P127P4_T5_4,4,supported,Supported,Not Supported
P66P4,P66P4_T3,P66P4_T3_2,2,condition_replaced,Not Enough Evidence,Not Enough Evidence
P197P5,P197P5_T11,P197P5_T11_3,3,condition_removed,Not Enough Evidence,Not Enough Evidence
P134P5,P134P5_T1,P134P5_T1_5,5,condition_contradicted,Not Supported,Not Supported
P154P6,P154P6_T1,P154P6_T1_4,4,supported,Supported,Not Supported
P58P1,P58P1_T2,P58P1_T2_3,3,condition_removed,Not Enough Evidence,Not Enough Evidence
P60P4,P60P4_T1,P60P4_T1_3,3,condition_removed,Not Enough Evidence,Not Enough Evidence
P75P1,P75P1_T2,P75P1_T2_1,1,relation_contradicted,Not Supported,Not Supported
P154P18,P154P18_T1,P154P18_T1_3,3,condition_removed,Not Enough Evidence,Not Enough Evidence
P21P8,P21P8_T2,P21P8_T2_1,1,relation_contradicted,Not Supported,Not Supported
P118P11,P118P11_T2,P118P11_T2_1,1,relation_contradicted,Not Supported,Not Supported
P57P8,P57P8_T1,P57P8_T1_3,3,condition_removed,Not Enough Evidence,Not Enough Evidence
P83P3,P83P3_T1,P83P3_T1_4,4,supported,Supported,Not Enough Evidence
P90P5,P90P5_T1,P90P5_T1_5,5,condition_contradicted,Not Supported,Not Supported
P48P4,P48P4_T3,P48P4_T3_2,2,condition_replaced,Not Enough Evidence,Not Enough Evidence
P163P7,P163P7_T1,P163P7_T1_3,3,condition_removed,Not Enough Evidence,Not Enough Evidence
P83P6,P83P6_T1,P83P6_T1_3,3,condition_removed,Not Enough Evidence,Not Enough Evidence
P90P10,P90P10_T1,P90P10_T1_1,1,relation_contradicted,Not Supported,Not Supported
P163P10,P163P10_T1,P163P10_T1_4,4,supported,Supported,Supported
P56P2,P56P2_T2,P56P2_T2_4,4,supported,Supported,Supported
P58P5,P58P5_T2,P58P5_T2_4,4,supported,Supported,Supported
P61P1,P61P1_T1,P61P1_T1_5,5,condition_contradicted,Not Supported,Not Enough Evidence
P119P8,P119P8_T1,P119P8_T1_4,4,supported,Supported,Not Supported
P55P4,P55P4_T5,P55P4_T5_2,2,condition_replaced,Not Enough Evidence,Not Supported
P77P6,P77P6_T1,P77P6_T1_1,1,relation_contradicted,Not Supported,Not Enough Evidence
P36P3,P36P3_T1,P36P3_T1_4,4,supported,Supported,Supported
P114P2,P114P2_T1,P114P2_T1_4,4,supported,Supported,Supported
P59P4,P59P4_T6,P59P4_T6_2,2,condition_replaced,Not Enough Evidence,Not Enough Evidence
P70P13,P70P13_T2,P70P13_T2_2,2,condition_replaced,Not Enough Evidence,Not Enough Evidence
P113P3,P113P3_T2,P113P3_T2_3,3,condition_removed,Not Enough Evidence,Not Supported
P48P4,P48P4_T4,P48P4_T4_5,5,condition_contradicted,Not Supported,Not Supported
P186P4,P186P4_T1,P186P4_T1_1,1,relation_contradicted,Not Supported,Not Supported
P81P11,P81P11_T3,P81P11_T3_4,4,supported,Supported,Not Supported
P61P3,P61P3_T1,P61P3_T1_5,5,condition_contradicted,Not Supported,Not Supported
P93P8,P93P8_T1,P93P8_T1_2,2,condition_replaced,Not Enough Evidence,Not Enough Evidence
P187P7,P187P7_T1,P187P7_T1_1,1,relation_contradicted,Not Supported,Not Supported
P121P1,P121P1_T5,P121P1_T5_5,5,condition_contradicted,Not Supported,Not Supported
P77P1,P77P1_T1,P77P1_T1_2,2,condition_replaced,Not Enough Evidence,Not Enough Evidence
P85P7,P85P7_T11,P85P7_T11_1,1,relation_contradicted,Not Supported,Not Supported
P72P7,P72P7_T2,P72P7_T2_4,4,supported,Supported,Supported
P75P8,P75P8_T1,P75P8_T1_4,4,supported,Supported,Supported
P65P8,P65P8_T2,P65P8_T2_5,5,condition_contradicted,Not Supported,Not Supported
P98P7,P98P7_T1,P98P7_T1_2,2,condition_replaced,Not Enough Evidence,Not Supported
P35P9,P35P9_T1,P35P9_T1_4,4,supported,Supported,Supported
P127P4,P127P4_T4,P127P4_T4_4,4,supported,Supported,Not Supported
P93P7,P93P7_T1,P93P7_T1_1,1,relation_contradicted,Not Supported,Not Supported
P198P7,P198P7_T1,P198P7_T1_1,1,relation_contradicted,Not Supported,Not Supported
P131P5,P131P5_T2,P131P5_T2_4,4,supported,Supported,Supported
P55P3,P55P3_T1,P55P3_T1_4,4,supported,Supported,Supported
P61P3,P61P3_T3,P61P3_T3_3,3,condition_removed,Not Enough Evidence,Not Supported
P185P4,P185P4_T3,P185P4_T3_4,4,supported,Supported,Supported
P190P5,P190P5_T1,P190P5_T1_1,1,relation_contradicted,Not Supported,Not Supported
P23P5,P23P5_T2,P23P5_T2_5,5,condition_contradicted,Not Supported,Not Supported
P19P2,P19P2_T6,P19P2_T6_5,5,condition_contradicted,Not Supported,Not Supported
P12PR4,P12PR4_T1,P12PR4_T1_2,2,condition_replaced,Not Enough Evidence,Not Enough Evidence
P93P7,P93P7_T1,P93P7_T1_5,5,condition_contradicted,Not Supported,Not Supported
P93P1,P93P1_T5,P93P1_T5_4,4,supported,Supported,Supported
P93P3,P93P3_T4,P93P3_T4_4,4,supported,Supported,Supported
P102P5,P102P5_T1,P102P5_T1_1,1,relation_contradicted,Not Supported,Not Enough Evidence
P89P22,P89P22_T1,P89P22_T1_4,4,supported,Supported,Supported
P11PR13,P11PR13_T3,P11PR13_T3_4,4,supported,Supported,Supported
P72P10,P72P10_T1,P72P10_T1_5,5,condition_contradicted,Not Supported,Not Supported
P83P8,P83P8_T2,P83P8_T2_3,3,condition_removed,Not Enough Evidence,Not Enough Evidence
P169P9,P169P9_T1,P169P9_T1_2,2,condition_replaced,Not Enough Evidence,Not Enough Evidence
P54P6,P54P6_T2,P54P6_T2_5,5,condition_contradicted,Not Supported,Not Supported
P38P2,P38P2_T1,P38P2_T1_2,2,condition_replaced,Not Enough Evidence,Not Enough Evidence
P133P1,P133P1_T1,P133P1_T1_4,4,supported,Supported,Supported
P186P3,P186P3_T1,P186P3_T1_3,3,condition_removed,Not Enough Evidence,Not Enough Evidence
P67P8,P67P8_T1,P67P8_T1_1,1,relation_contradicted,Not Supported,Not Supported
P179P2,P179P2_T2,P179P2_T2_5,5,condition_contradicted,Not Supported,Not Supported
P58P4,P58P4_T1,P58P4_T1_4,4,supported,Supported,Supported
P94P1,P94P1_T3,P94P1_T3_1,1,relation_contradicted,Not Supported,Not Supported
P54P6,P54P6_T3,P54P6_T3_2,2,condition_replaced,Not Enough Evidence,Not Enough Evidence
P62P1,P62P1_T1,P62P1_T1_1,1,relation_contradicted,Not Supported,Not Supported
P123P8,P123P8_T1,P123P8_T1_3,3,condition_removed,Not Enough Evidence,Not Enough Evidence
P169P10,P169P10_T3,P169P10_T3_3,3,condition_removed,Not Enough Evidence,Not Enough Evidence
P94P5,P94P5_T1,P94P5_T1_3,3,condition_removed,Not Enough Evidence,Not Enough Evidence
P11PR7,P11PR7_T1,P11PR7_T1_5,5,condition_contradicted,Not Supported,Not Supported
P32P7,P32P7_T1,P32P7_T1_1,1,relation_contradicted,Not Supported,Not Supported
P58P5,P58P5_T1,P58P5_T1_4,4,supported,Supported,Supported
P113P15,P113P15_T1,P113P15_T1_3,3,condition_removed,Not Enough Evidence,Not Enough Evidence
P96P11,P96P11_T1,P96P11_T1_3,3,condition_removed,Not Enough Evidence,Not Enough Evidence
P192P1,P192P1_T1,P192P1_T1_5,5,condition_contradicted,Not Supported,Not Supported
P90P10,P90P10_T2,P90P10_T2_5,5,condition_contradicted,Not Supported,Not Supported
P196P7,P196P7_T1,P196P7_T1_4,4,supported,Supported,Supported
P103P1,P103P1_T7,P103P1_T7_3,3,condition_removed,Not Enough Evidence,Not Supported
P139P7,P139P7_T2,P139P7_T2_5,5,condition_contradicted,Not Supported,Not Supported
P21P10,P21P10_T1,P21P10_T1_2,2,condition_replaced,Not Enough Evidence,Not Enough Evidence
P104P2,P104P2_T5,P104P2_T5_1,1,relation_contradicted,Not Supported,Not Supported
P74P2,P74P2_T1,P74P2_T1_1,1,relation_contradicted,Not Supported,Not Supported
P18P5,P18P5_T2,P18P5_T2_1,1,relation_contradicted,Not Supported,Not Supported
P151P6,P151P6_T1,P151P6_T1_4,4,supported,Supported,Supported
P61P1,P61P1_T3,P61P1_T3_1,1,relation_contradicted,Not Supported,Not Supported
P93P3,P93P3_T4,P93P3_T4_1,1,relation_contradicted,Not Supported,Not Supported
P186P3,P186P3_T3,P186P3_T3_5,5,condition_contradicted,Not Supported,Not Supported
P93P3,P93P3_T6,P93P3_T6_2,2,condition_replaced,Not Enough Evidence,Not Enough Evidence
P197P5,P197P5_T1,P197P5_T1_5,5,condition_contradicted,Not Supported,Not Supported
P11PR7,P11PR7_T2,P11PR7_T2_3,3,condition_removed,Not Enough Evidence,Not Enough Evidence
P115P4,P115P4_T3,P115P4_T3_5,5,condition_contradicted,Not Supported,Not Supported
P178P2,P178P2_T1,P178P2_T1_4,4,supported,Supported,Supported
P70P13,P70P13_T2,P70P13_T2_5,5,condition_contradicted,Not Supported,Not Supported
P35P3,P35P3_T5,P35P3_T5_1,1,relation_contradicted,Not Supported,Not Supported
P19P2,P19P2_T4,P19P2_T4_2,2,condition_replaced,Not Enough Evidence,Not Enough Evidence
P200P4,P200P4_T1,P200P4_T1_5,5,condition_contradicted,Not Supported,Not Supported
P31P3,P31P3_T1,P31P3_T1_5,5,condition_contradicted,Not Supported,Not Supported
P182P1,P182P1_T1,P182P1_T1_4,4,supported,Supported,Supported
P103P5,P103P5_T1,P103P5_T1_5,5,condition_contradicted,Not Supported,Not Supported
P113P16,P113P16_T1,P113P16_T1_4,4,supported,Supported,Supported
P57P8,P57P8_T1,P57P8_T1_1,1,relation_contradicted,Not Supported,Not Supported
P32P2,P32P2_T1,P32P2_T1_3,3,condition_removed,Not Enough Evidence,Not Enough Evidence
P54P3,P54P3_T1,P54P3_T1_2,2,condition_replaced,Not Enough Evidence,Not Enough Evidence
P197P5,P197P5_T3,P197P5_T3_5,5,condition_contradicted,Not Supported,Not Supported
P13P6,P13P6_T2,P13P6_T2_3,3,condition_removed,Not Enough Evidence,Not Enough Evidence
P105P1,P105P1_T2,P105P1_T2_4,4,supported,Supported,Supported
P113P30,P113P30_T1,P113P30_T1_4,4,supported,Supported,Supported
P71P9,P71P9_T1,P71P9_T1_3,3,condition_removed,Not Enough Evidence,Not Enough Evidence
P87P22,P87P22_T1,P87P22_T1_4,4,supported,Supported,Supported
P61P1,P61P1_T1,P61P1_T1_3,3,condition_removed,Not Enough Evidence,Not Enough Evidence
P98P7,P98P7_T6,P98P7_T6_1,1,relation_contradicted,Not Supported,Not Supported
P125P2,P125P2_T3,P125P2_T3_5,5,condition_contradicted,Not Supported,Not Supported
P40P8,P40P8_T3,P40P8_T3_1,1,relation_contradicted,Not Supported,Not Supported
P111P8,P111P8_T4,P111P8_T4_4,4,supported,Supported,Not Supported
P127P1,P127P1_T2,P127P1_T2_2,2,condition_replaced,Not Enough Evidence,Not Enough Evidence
P77P3,P77P3_T1,P77P3_T1_3,3,condition_removed,Not Enough Evidence,Not Enough Evidence
P66P1,P66P1_T5,P66P1_T5_1,1,relation_contradicted,Not Supported,Not Supported
P183P6,P183P6_T2,P183P6_T2_3,3,condition_removed,Not Enough Evidence,Not Enough Evidence
P200P7,P200P7_T1,P200P7_T1_5,5,condition_contradicted,Not Supported,Not Supported
P77P4,P77P4_T2,P77P4_T2_1,1,relation_contradicted,Not Supported,Not Supported
P79P8,P79P8_T1,P79P8_T1_5,5,condition_contradicted,Not Supported,Not Supported
P66P2,P66P2_T1,P66P2_T1_4,4,supported,Supported,Not Supported
P45P8,P45P8_T1,P45P8_T1_1,1,relation_contradicted,Not Supported,Not Supported
P122P7,P122P7_T2,P122P7_T2_1,1,relation_contradicted,Not Supported,Not Supported
P197P1,P197P1_T2,P197P1_T2_5,5,condition_contradicted,Not Supported,Not Supported
P104P2,P104P2_T1,P104P2_T1_3,3,condition_removed,Not Enough Evidence,Not Enough Evidence
P81P11,P81P11_T4,P81P11_T4_5,5,condition_contradicted,Not Supported,Not Supported
P77P1,P77P1_T4,P77P1_T4_1,1,relation_contradicted,Not Supported,Not Supported
P19P2,P19P2_T2,P19P2_T2_1,1,relation_contradicted,Not Supported,Not Supported
P22P8,P22P8_T1,P22P8_T1_4,4,supported,Supported,Supported
P81P7,P81P7_T2,P81P7_T2_2,2,condition_replaced,Not Enough Evidence,Not Enough Evidence
P83P3,P83P3_T2,P83P3_T2_4,4,supported,Supported,Not Enough Evidence
P78P8,P78P8_T1,P78P8_T1_4,4,supported,Supported,Supported
P32P8,P32P8_T1,P32P8_T1_2,2,condition_replaced,Not Enough Evidence,Not Enough Evidence
P81P8,P81P8_T1,P81P8_T1_5,5,condition_contradicted,Not Supported,Not Supported
P127P7,P127P7_T1,P127P7_T1_3,3,condition_removed,Not Enough Evidence,Not Enough Evidence
P106P10,P106P10_T1,P106P10_T1_3,3,condition_removed,Not Enough Evidence,Not Enough Evidence
P134P6,P134P6_T2,P134P6_T2_3,3,condition_removed,Not Enough Evidence,Not Enough Evidence
P113P30,P113P30_T1,P113P30_T1_5,5,condition_contradicted,Not Supported,Not Supported
P83P3,P83P3_T7,P83P3_T7_2,2,condition_replaced,Not Enough Evidence,Not Enough Evidence
P113P11,P113P11_T2,P113P11_T2_5,5,condition_contradicted,Not Supported,Not Supported
P163P7,P163P7_T2,P163P7_T2_3,3,condition_removed,Not Enough Evidence,Not Enough Evidence
P27P1,P27P1_T2,P27P1_T2_5,5,condition_contradicted,Not Supported,Not Supported
P32P6,P32P6_T1,P32P6_T1_5,5,condition_contradicted,Not Supported,Not Supported
P27P1,P27P1_T2,P27P1_T2_2,2,condition_replaced,Not Enough Evidence,Not Supported
P127P15,P127P15_T1,P127P15_T1_1,1,relation_contradicted,Not Supported,Not Supported
P59P4,P59P4_T4,P59P4_T4_5,5,condition_contradicted,Not Supported,Not Supported
P113P7,P113P7_T1,P113P7_T1_4,4,supported,Supported,Supported
P70P9,P70P9_T1,P70P9_T1_4,4,supported,Supported,Supported
P52P1,P52P1_T1,P52P1_T1_5,5,condition_contradicted,Not Supported,Not Supported
P72P11,P72P11_T2,P72P11_T2_5,5,condition_contradicted,Not Supported,Not Supported
P77P1,P77P1_T2,P77P1_T2_2,2,condition_replaced,Not Enough Evidence,Not Enough Evidence
P179P1,P179P1_T1,P179P1_T1_2,2,condition_replaced,Not Enough Evidence,Not Enough Evidence
P27P1,P27P1_T1,P27P1_T1_1,1,relation_contradicted,Not Supported,Not Supported
P55P2,P55P2_T2,P55P2_T2_5,5,condition_contradicted,Not Supported,Not Supported
P76P13,P76P13_T1,P76P13_T1_1,1,relation_contradicted,Not Supported,Supported
P54P4,P54P4_T6,P54P4_T6_4,4,supported,Supported,Not Supported
P23P5,P23P5_T1,P23P5_T1_4,4,supported,Supported,Supported
P14P2,P14P2_T2,P14P2_T2_4,4,supported,Supported,Not Supported
P22P3,P22P3_T3,P22P3_T3_1,1,relation_contradicted,Not Supported,Not Supported
P17P6,P17P6_T3,P17P6_T3_1,1,relation_contradicted,Not Supported,Not Supported
P70P4,P70P4_T1,P70P4_T1_2,2,condition_replaced,Not Enough Evidence,Not Enough Evidence
P39P9,P39P9_T6,P39P9_T6_3,3,condition_removed,Not Enough Evidence,Not Enough Evidence
P15P1,P15P1_T8,P15P1_T8_1,1,relation_contradicted,Not Supported,Supported
P87P1,P87P1_T4,P87P1_T4_3,3,condition_removed,Not Enough Evidence,Not Enough Evidence
P102P10,P102P10_T2,P102P10_T2_3,3,condition_removed,Not Enough Evidence,Not Enough Evidence
P16P2,P16P2_T1,P16P2_T1_4,4,supported,Supported,Supported
P31P5,P31P5_T1,P31P5_T1_2,2,condition_replaced,Not Enough Evidence,Not Enough Evidence
P57P9,P57P9_T2,P57P9_T2_3,3,condition_removed,Not Enough Evidence,Not Enough Evidence
P112P8,P112P8_T1,P112P8_T1_5,5,condition_contradicted,Not Supported,Not Supported
P138P6,P138P6_T1,P138P6_T1_5,5,condition_contradicted,Not Supported,Not Supported
P47P8,P47P8_T1,P47P8_T1_3,3,condition_removed,Not Enough Evidence,Not Enough Evidence
P185P1,P185P1_T5,P185P1_T5_5,5,condition_contradicted,Not Supported,Not Supported
P15P1,P15P1_T7,P15P1_T7_2,2,condition_replaced,Not Enough Evidence,Supported
P77P9,P77P9_T2,P77P9_T2_4,4,supported,Supported,Supported
P72P11,P72P11_T4,P72P11_T4_5,5,condition_contradicted,Not Supported,Not Supported
P85P7,P85P7_T5,P85P7_T5_3,3,condition_removed,Not Enough Evidence,Not Supported
P84P1,P84P1_T4,P84P1_T4_2,2,condition_replaced,Not Enough Evidence,Not Enough Evidence
P124P13,P124P13_T3,P124P13_T3_4,4,supported,Supported,Supported
P90P5,P90P5_T2,P90P5_T2_5,5,condition_contradicted,Not Supported,Not Supported
P90P10,P90P10_T2,P90P10_T2_3,3,condition_removed,Not Enough Evidence,Not Enough Evidence
P131P1,P131P1_T4,P131P1_T4_2,2,condition_replaced,Not Enough Evidence,Not Enough Evidence
P183P6,P183P6_T2,P183P6_T2_5,5,condition_contradicted,Not Supported,Not Supported
P87P3,P87P3_T1,P87P3_T1_1,1,relation_contradicted,Not Supported,Not Supported
P104P4,P104P4_T2,P104P4_T2_3,3,condition_removed,Not Enough Evidence,Not Enough Evidence
P163P7,P163P7_T2,P163P7_T2_2,2,condition_replaced,Not Enough Evidence,Not Enough Evidence
P173P1,P173P1_T2,P173P1_T2_4,4,supported,Supported,Supported
P77P1,P77P1_T2,P77P1_T2_3,3,condition_removed,Not Enough Evidence,Not Enough Evidence
P163P7,P163P7_T1,P163P7_T1_2,2,condition_replaced,Not Enough Evidence,Not Enough Evidence
P127P1,P127P1_T3,P127P1_T3_2,2,condition_replaced,Not Enough Evidence,Not Enough Evidence
P145P6,P145P6_T1,P145P6_T1_5,5,condition_contradicted,Not Supported,Not Supported
P11PR11,P11PR11_T2,P11PR11_T2_5,5,condition_contradicted,Not Supported,Not Supported
P81P7,P81P7_T5,P81P7_T5_4,4,supported,Supported,Supported
P91P7,P91P7_T1,P91P7_T1_1,1,relation_contradicted,Not Supported,Not Supported
P30P3,P30P3_T1,P30P3_T1_4,4,supported,Supported,Supported
P17P11,P17P11_T1,P17P11_T1_4,4,supported,Supported,Supported
P77P4,P77P4_T3,P77P4_T3_1,1,relation_contradicted,Not Supported,Not Supported
P197P5,P197P5_T3,P197P5_T3_2,2,condition_replaced,Not Enough Evidence,Not Enough Evidence
P60P1,P60P1_T1,P60P1_T1_1,1,relation_contradicted,Not Supported,Not Supported
P140P1,P140P1_T1,P140P1_T1_5,5,condition_contradicted,Not Supported,Not Supported
P66P4,P66P4_T2,P66P4_T2_4,4,supported,Supported,Supported
P108P7,P108P7_T2,P108P7_T2_3,3,condition_removed,Not Enough Evidence,Not Enough Evidence
P32P6,P32P6_T1,P32P6_T1_3,3,condition_removed,Not Enough Evidence,Not Enough Evidence
P69P5,P69P5_T1,P69P5_T1_5,5,condition_contradicted,Not Supported,Not Supported
P83P3,P83P3_T7,P83P3_T7_4,4,supported,Supported,Not Enough Evidence
P62P1,P62P1_T2,P62P1_T2_5,5,condition_contradicted,Not Supported,Not Supported
P101P7,P101P7_T2,P101P7_T2_5,5,condition_contradicted,Not Supported,Not Supported
P171P3,P171P3_T1,P171P3_T1_3,3,condition_removed,Not Enough Evidence,Not Enough Evidence
P200P9,P200P9_T1,P200P9_T1_5,5,condition_contradicted,Not Supported,Not Supported
P47P7,P47P7_T1,P47P7_T1_1,1,relation_contradicted,Not Supported,Not Enough Evidence
P133P1,P133P1_T2,P133P1_T2_1,1,relation_contradicted,Not Supported,Not Supported
P81P10,P81P10_T1,P81P10_T1_5,5,condition_contradicted,Not Supported,Not Supported
P83P6,P83P6_T4,P83P6_T4_1,1,relation_contradicted,Not Supported,Not Supported
P115P4,P115P4_T2,P115P4_T2_2,2,condition_replaced,Not Enough Evidence,Not Enough Evidence
P60P1,P60P1_T2,P60P1_T2_2,2,condition_replaced,Not Enough Evidence,Not Enough Evidence
P77P9,P77P9_T3,P77P9_T3_4,4,supported,Supported,Supported
P33P4,P33P4_T2,P33P4_T2_1,1,relation_contradicted,Not Supported,Not Supported
P102P3,P102P3_T2,P102P3_T2_5,5,condition_contradicted,Not Supported,Not Supported
P11PR9,P11PR9_T1,P11PR9_T1_3,3,condition_removed,Not Enough Evidence,Not Enough Evidence
P106P2,P106P2_T1,P106P2_T1_5,5,condition_contradicted,Not Supported,Not Supported
P145P6,P145P6_T1,P145P6_T1_3,3,condition_removed,Not Enough Evidence,Not Enough Evidence
P105P5,P105P5_T1,P105P5_T1_3,3,condition_removed,Not Enough Evidence,Not Enough Evidence
P54P1,P54P1_T1,P54P1_T1_4,4,supported,Supported,Supported
P50P2,P50P2_T1,P50P2_T1_3,3,condition_removed,Not Enough Evidence,Not Enough Evidence
P39P9,P39P9_T3,P39P9_T3_2,2,condition_replaced,Not Enough Evidence,Not Enough Evidence
P115P1,P115P1_T1,P115P1_T1_5,5,condition_contradicted,Not Supported,Not Supported
P157P3,P157P3_T1,P157P3_T1_3,3,condition_removed,Not Enough Evidence,Not Supported
P33P1,P33P1_T2,P33P1_T2_2,2,condition_replaced,Not Enough Evidence,Not Enough Evidence
P85P7,P85P7_T2,P85P7_T2_4,4,supported,Supported,Not Supported
P40P2,P40P2_T1,P40P2_T1_4,4,supported,Supported,Supported
P139P6,P139P6_T1,P139P6_T1_3,3,condition_removed,Not Enough Evidence,Not Enough Evidence
P184P14,P184P14_T2,P184P14_T2_4,4,supported,Supported,Supported
P127P4,P127P4_T2,P127P4_T2_1,1,relation_contradicted,Not Supported,Not Supported
P13P4,P13P4_T1,P13P4_T1_3,3,condition_removed,Not Enough Evidence,Not Enough Evidence
P118P15,P118P15_T1,P118P15_T1_3,3,condition_removed,Not Enough Evidence,Not Enough Evidence
P105P8,P105P8_T1,P105P8_T1_2,2,condition_replaced,Not Enough Evidence,Not Enough Evidence
P193P5,P193P5_T1,P193P5_T1_4,4,supported,Supported,Supported
P114P2,P114P2_T1,P114P2_T1_3,3,condition_removed,Not Enough Evidence,Not Enough Evidence
P113P14,P113P14_T1,P113P14_T1_3,3,condition_removed,Not Enough Evidence,Not Enough Evidence
P170P1,P170P1_T1,P170P1_T1_5,5,condition_contradicted,Not Supported,Not Enough Evidence
P124P8,P124P8_T2,P124P8_T2_4,4,supported,Supported,Supported
P54P2,P54P2_T2,P54P2_T2_5,5,condition_contradicted,Not Supported,Not Supported
P125P10,P125P10_T2,P125P10_T2_5,5,condition_contradicted,Not Supported,Not Supported
P39P9,P39P9_T1,P39P9_T1_3,3,condition_removed,Not Enough Evidence,Not Enough Evidence
P84P1,P84P1_T1,P84P1_T1_2,2,condition_replaced,Not Enough Evidence,Not Enough Evidence
P174P9,P174P9_T1,P174P9_T1_3,3,condition_removed,Not Enough Evidence,Not Enough Evidence
P73P8,P73P8_T1,P73P8_T1_5,5,condition_contradicted,Not Supported,Not Supported
P66P1,P66P1_T4,P66P1_T4_1,1,relation_contradicted,Not Supported,Not Supported
P102P2,P102P2_T2,P102P2_T2_1,1,relation_contradicted,Not Supported,Not Supported
P139P7,P139P7_T4,P139P7_T4_2,2,condition_replaced,Not Enough Evidence,Not Enough Evidence
P99P14,P99P14_T2,P99P14_T2_4,4,supported,Supported,Supported
P127P5,P127P5_T1,P127P5_T1_2,2,condition_replaced,Not Enough Evidence,Not Enough Evidence
P27P1,P27P1_T3,P27P1_T3_4,4,supported,Supported,Not Supported
P72P7,P72P7_T1,P72P7_T1_1,1,relation_contradicted,Not Supported,Not Supported
P62P1,P62P1_T2,P62P1_T2_3,3,condition_removed,Not Enough Evidence,Not Enough Evidence
P27P4,P27P4_T1,P27P4_T1_2,2,condition_replaced,Not Enough Evidence,Not Enough Evidence
P72P8,P72P8_T2,P72P8_T2_4,4,supported,Supported,Supported
P87P15,P87P15_T6,P87P15_T6_2,2,condition_replaced,Not Enough Evidence,Not Enough Evidence
P17P6,P17P6_T1,P17P6_T1_1,1,relation_contradicted,Not Supported,Not Enough Evidence
P200P12,P200P12_T1,P200P12_T1_3,3,condition_removed,Not Enough Evidence,Not Enough Evidence
P40P8,P40P8_T1,P40P8_T1_5,5,condition_contradicted,Not Supported,Not Enough Evidence
P113P7,P113P7_T1,P113P7_T1_3,3,condition_removed,Not Enough Evidence,Not Enough Evidence
P75P9,P75P9_T2,P75P9_T2_2,2,condition_replaced,Not Enough Evidence,Not Enough Evidence
P85P7,P85P7_T1,P85P7_T1_2,2,condition_replaced,Not Enough Evidence,Not Supported
P22P8,P22P8_T1,P22P8_T1_5,5,condition_contradicted,Not Supported,Not Supported
P91P6,P91P6_T1,P91P6_T1_1,1,relation_contradicted,Not Supported,Not Supported
P88P18,P88P18_T1,P88P18_T1_4,4,supported,Supported,Supported
P60P1,P60P1_T1,P60P1_T1_2,2,condition_replaced,Not Enough Evidence,Not Enough Evidence
P115P5,P115P5_T2,P115P5_T2_4,4,supported,Supported,Supported
P24P4,P24P4_T2,P24P4_T2_3,3,condition_removed,Not Enough Evidence,Not Enough Evidence
P84P3,P84P3_T1,P84P3_T1_1,1,relation_contradicted,Not Supported,Supported
P104P11,P104P11_T2,P104P11_T2_1,1,relation_contradicted,Not Supported,Not Supported
P128P8,P128P8_T1,P128P8_T1_2,2,condition_replaced,Not Enough Evidence,Not Enough Evidence
P103P7,P103P7_T3,P103P7_T3_3,3,condition_removed,Not Enough Evidence,Not Enough Evidence
P59P2,P59P2_T1,P59P2_T1_4,4,supported,Supported,Supported
P18P5,P18P5_T5,P18P5_T5_5,5,condition_contradicted,Not Supported,Not Supported
P32P8,P32P8_T1,P32P8_T1_3,3,condition_removed,Not Enough Evidence,Not Enough Evidence
P71P9,P71P9_T1,P71P9_T1_4,4,supported,Supported,Supported
P23P8,P23P8_T1,P23P8_T1_5,5,condition_contradicted,Not Supported,Not Supported
P192P1,P192P1_T1,P192P1_T1_3,3,condition_removed,Not Enough Evidence,Not Enough Evidence
P184P13,P184P13_T2,P184P13_T2_2,2,condition_replaced,Not Enough Evidence,Not Enough Evidence
P123P3,P123P3_T1,P123P3_T1_2,2,condition_replaced,Not Enough Evidence,Not Enough Evidence
P188P2,P188P2_T1,P188P2_T1_3,3,condition_removed,Not Enough Evidence,Not Enough Evidence
P124P4,P124P4_T1,P124P4_T1_1,1,relation_contradicted,Not Supported,Not Supported
P72P10,P72P10_T1,P72P10_T1_2,2,condition_replaced,Not Enough Evidence,Not Enough Evidence
P85P7,P85P7_T1,P85P7_T1_4,4,supported,Supported,Not Supported
P127P4,P127P4_T5,P127P4_T5_1,1,relation_contradicted,Not Supported,Not Supported
P139P4,P139P4_T1,P139P4_T1_5,5,condition_contradicted,Not Supported,Not Supported
P185P1,P185P1_T2,P185P1_T2_5,5,condition_contradicted,Not Supported,Supported
P25P1,P25P1_T1,P25P1_T1_3,3,condition_removed,Not Enough Evidence,Not Enough Evidence
P13P14,P13P14_T4,P13P14_T4_4,4,supported,Supported,Supported
P57P7,P57P7_T3,P57P7_T3_5,5,condition_contradicted,Not Supported,Not Supported
P71P8,P71P8_T1,P71P8_T1_5,5,condition_contradicted,Not Supported,Not Supported
P93P3,P93P3_T2,P93P3_T2_2,2,condition_replaced,Not Enough Evidence,Not Enough Evidence
P25P4,P25P4_T1,P25P4_T1_1,1,relation_contradicted,Not Supported,Not Supported
P131P1,P131P1_T3,P131P1_T3_3,3,condition_removed,Not Enough Evidence,Not Enough Evidence
P142P9,P142P9_T1,P142P9_T1_3,3,condition_removed,Not Enough Evidence,Not Enough Evidence
P54P4,P54P4_T3,P54P4_T3_4,4,supported,Supported,Not Supported
P91P7,P91P7_T7,P91P7_T7_1,1,relation_contradicted,Not Supported,Not Supported
P88P14,P88P14_T1,P88P14_T1_5,5,condition_contradicted,Not Supported,Not Supported
P39P6,P39P6_T3,P39P6_T3_5,5,condition_contradicted,Not Supported,Not Supported
P102P5,P102P5_T1,P102P5_T1_4,4,supported,Supported,Not Enough Evidence
P115P8,P115P8_T5,P115P8_T5_2,2,condition_replaced,Not Enough Evidence,Not Enough Evidence
P128P2,P128P2_T1,P128P2_T1_2,2,condition_replaced,Not Enough Evidence,Not Enough Evidence
P72P11,P72P11_T3,P72P11_T3_2,2,condition_replaced,Not Enough Evidence,Not Enough Evidence
P112P8,P112P8_T5,P112P8_T5_3,3,condition_removed,Not Enough Evidence,Not Supported
P72P11,P72P11_T2,P72P11_T2_3,3,condition_removed,Not Enough Evidence,Not Enough Evidence
P196P7,P196P7_T2,P196P7_T2_4,4,supported,Supported,Supported
P83P4,P83P4_T2,P83P4_T2_1,1,relation_contradicted,Not Supported,Not Supported
P124P13,P124P13_T2,P124P13_T2_5,5,condition_contradicted,Not Supported,Not Supported
P127P4,P127P4_T3,P127P4_T3_2,2,condition_replaced,Not Enough Evidence,Not Enough Evidence
P145P6,P145P6_T1,P145P6_T1_2,2,condition_replaced,Not Enough Evidence,Not Enough Evidence
P96P11,P96P11_T1,P96P11_T1_4,4,supported,Supported,Supported
P86P3,P86P3_T3,P86P3_T3_2,2,condition_replaced,Not Enough Evidence,Not Enough Evidence
P38P6,P38P6_T3,P38P6_T3_5,5,condition_contradicted,Not Supported,Not Supported
P70P13,P70P13_T5,P70P13_T5_5,5,condition_contradicted,Not Supported,Not Supported
P87P20,P87P20_T4,P87P20_T4_5,5,condition_contradicted,Not Supported,Not Supported
P115P8,P115P8_T1,P115P8_T1_4,4,supported,Supported,Supported
P115P8,P115P8_T3,P115P8_T3_3,3,condition_removed,Not Enough Evidence,Not Enough Evidence
P147P6,P147P6_T4,P147P6_T4_4,4,supported,Supported,Supported
P11PR12,P11PR12_T1,P11PR12_T1_5,5,condition_contradicted,Not Supported,Not Supported
P157P3,P157P3_T2,P157P3_T2_2,2,condition_replaced,Not Enough Evidence,Not Supported
P197P5,P197P5_T10,P197P5_T10_1,1,relation_contradicted,Not Supported,Not Supported
P89P22,P89P22_T1,P89P22_T1_5,5,condition_contradicted,Not Supported,Not Supported
P127P4,P127P4_T3,P127P4_T3_5,5,condition_contradicted,Not Supported,Not Supported
P47P3,P47P3_T1,P47P3_T1_1,1,relation_contradicted,Not Supported,Not Supported
P156P4,P156P4_T2,P156P4_T2_3,3,condition_removed,Not Enough Evidence,Not Enough Evidence
P35P1,P35P1_T1,P35P1_T1_4,4,supported,Supported,Not Supported
P59P4,P59P4_T4,P59P4_T4_4,4,supported,Supported,Supported
P57P3,P57P3_T1,P57P3_T1_3,3,condition_removed,Not Enough Evidence,Not Enough Evidence
P104P2,P104P2_T4,P104P2_T4_1,1,relation_contradicted,Not Supported,Not Supported
P70P9,P70P9_T1,P70P9_T1_3,3,condition_removed,Not Enough Evidence,Not Enough Evidence
P125P14,P125P14_T1,P125P14_T1_3,3,condition_removed,Not Enough Evidence,Not Enough Evidence
P72P8,P72P8_T3,P72P8_T3_4,4,supported,Supported,Supported
P13P6,P13P6_T2,P13P6_T2_5,5,condition_contradicted,Not Supported,Not Supported
P54P4,P54P4_T4,P54P4_T4_5,5,condition_contradicted,Not Supported,Not Supported
P50P2,P50P2_T1,P50P2_T1_2,2,condition_replaced,Not Enough Evidence,Not Enough Evidence
P15P1,P15P1_T9,P15P1_T9_1,1,relation_contradicted,Not Supported,Supported
P90P12,P90P12_T1,P90P12_T1_2,2,condition_replaced,Not Enough Evidence,Not Enough Evidence
P21P9,P21P9_T1,P21P9_T1_5,5,condition_contradicted,Not Supported,Not Supported
P119P13,P119P13_T1,P119P13_T1_2,2,condition_replaced,Not Enough Evidence,Not Enough Evidence
P22P5,P22P5_T2,P22P5_T2_1,1,relation_contradicted,Not Supported,Not Supported
P106P2,P106P2_T1,P106P2_T1_1,1,relation_contradicted,Not Supported,Not Supported
P27P3,P27P3_T1,P27P3_T1_5,5,condition_contradicted,Not Supported,Not Supported
P194P3,P194P3_T6,P194P3_T6_2,2,condition_replaced,Not Enough Evidence,Not Enough Evidence
P113P11,P113P11_T2,P113P11_T2_2,2,condition_replaced,Not Enough Evidence,Not Enough Evidence
P118P14,P118P14_T2,P118P14_T2_1,1,relation_contradicted,Not Supported,Not Supported
P87P1,P87P1_T3,P87P1_T3_3,3,condition_removed,Not Enough Evidence,Not Enough Evidence
P104P2,P104P2_T4,P104P2_T4_4,4,supported,Supported,Supported
P198P6,P198P6_T4,P198P6_T4_5,5,condition_contradicted,Not Supported,Not Enough Evidence
P27P3,P27P3_T1,P27P3_T1_2,2,condition_replaced,Not Enough Evidence,Not Enough Evidence
P72P7,P72P7_T4,P72P7_T4_3,3,condition_removed,Not Enough Evidence,Not Enough Evidence
P124P7,P124P7_T2,P124P7_T2_2,2,condition_replaced,Not Enough Evidence,Not Enough Evidence
P66P1,P66P1_T2,P66P1_T2_2,2,condition_replaced,Not Enough Evidence,Not Enough Evidence
P125P2,P125P2_T2,P125P2_T2_5,5,condition_contradicted,Not Supported,Not Supported
P187P4,P187P4_T1,P187P4_T1_5,5,condition_contradicted,Not Supported,Not Supported
P85P7,P85P7_T6,P85P7_T6_2,2,condition_replaced,Not Enough Evidence,Not Supported
P173P5,P173P5_T1,P173P5_T1_1,1,relation_contradicted,Not Supported,Not Supported
P118P16,P118P16_T2,P118P16_T2_2,2,condition_replaced,Not Enough Evidence,Not Enough Evidence
P13P3,P13P3_T4,P13P3_T4_2,2,condition_replaced,Not Enough Evidence,Not Enough Evidence
P50P1,P50P1_T1,P50P1_T1_2,2,condition_replaced,Not Enough Evidence,Not Enough Evidence
P62P1,P62P1_T1,P62P1_T1_3,3,condition_removed,Not Enough Evidence,Not Enough Evidence
P20P2,P20P2_T2,P20P2_T2_4,4,supported,Supported,Supported
P83P2,P83P2_T2,P83P2_T2_1,1,relation_contradicted,Not Supported,Not Supported
P35P6,P35P6_T2,P35P6_T2_2,2,condition_replaced,Not Enough Evidence,Not Enough Evidence
P19P2,P19P2_T6,P19P2_T6_3,3,condition_removed,Not Enough Evidence,Not Enough Evidence
P72P12,P72P12_T1,P72P12_T1_1,1,relation_contradicted,Not Supported,Not Enough Evidence
P22P5,P22P5_T1,P22P5_T1_1,1,relation_contradicted,Not Supported,Not Supported
P94P5,P94P5_T2,P94P5_T2_4,4,supported,Supported,Supported
P116P1,P116P1_T3,P116P1_T3_3,3,condition_removed,Not Enough Evidence,Not Enough Evidence
P54P4,P54P4_T2,P54P4_T2_5,5,condition_contradicted,Not Supported,Not Supported
P163P7,P163P7_T1,P163P7_T1_1,1,relation_contradicted,Not Supported,Not Supported
P20P2,P20P2_T2,P20P2_T2_3,3,condition_removed,Not Enough Evidence,Not Enough Evidence
P192P1,P192P1_T4,P192P1_T4_3,3,condition_removed,Not Enough Evidence,Not Enough Evidence
P139P8,P139P8_T2,P139P8_T2_3,3,condition_removed,Not Enough Evidence,Not Enough Evidence
P13P15,P13P15_T1,P13P15_T1_1,1,relation_contradicted,Not Supported,Not Supported
P26P5,P26P5_T2,P26P5_T2_5,5,condition_contradicted,Not Supported,Not Enough Evidence
P127P7,P127P7_T2,P127P7_T2_2,2,condition_replaced,Not Enough Evidence,Not Enough Evidence
P139P8,P139P8_T1,P139P8_T1_2,2,condition_replaced,Not Enough Evidence,Not Enough Evidence
P109P16,P109P16_T1,P109P16_T1_3,3,condition_removed,Not Enough Evidence,Not Enough Evidence
P76P9,P76P9_T1,P76P9_T1_4,4,supported,Supported,Supported
P113P4,P113P4_T1,P113P4_T1_3,3,condition_removed,Not Enough Evidence,Not Enough Evidence
P54P3,P54P3_T1,P54P3_T1_4,4,supported,Supported,Supported
P91P7,P91P7_T8,P91P7_T8_4,4,supported,Supported,Not Supported
P78P2,P78P2_T1,P78P2_T1_4,4,supported,Supported,Supported
P127P1,P127P1_T1,P127P1_T1_1,1,relation_contradicted,Not Supported,Not Supported
P27P3,P27P3_T3,P27P3_T3_3,3,condition_removed,Not Enough Evidence,Not Enough Evidence
P143P4,P143P4_T1,P143P4_T1_3,3,condition_removed,Not Enough Evidence,Not Enough Evidence
P19P2,P19P2_T5,P19P2_T5_3,3,condition_removed,Not Enough Evidence,Not Enough Evidence
P70P13,P70P13_T1,P70P13_T1_1,1,relation_contradicted,Not Supported,Not Supported
P72P7,P72P7_T3,P72P7_T3_4,4,supported,Supported,Supported
P85P7,P85P7_T6,P85P7_T6_5,5,condition_contradicted,Not Supported,Not Supported
P20P6,P20P6_T2,P20P6_T2_4,4,supported,Supported,Supported
P17P6,P17P6_T1,P17P6_T1_2,2,condition_replaced,Not Enough Evidence,Not Enough Evidence
P156P4,P156P4_T3,P156P4_T3_3,3,condition_removed,Not Enough Evidence,Not Enough Evidence
P90P5,P90P5_T1,P90P5_T1_2,2,condition_replaced,Not Enough Evidence,Not Enough Evidence
P124P13,P124P13_T3,P124P13_T3_3,3,condition_removed,Not Enough Evidence,Not Enough Evidence
P72P9,P72P9_T1,P72P9_T1_1,1,relation_contradicted,Not Supported,Not Enough Evidence
P194P8,P194P8_T1,P194P8_T1_4,4,supported,Supported,Supported
P183P6,P183P6_T1,P183P6_T1_3,3,condition_removed,Not Enough Evidence,Not Enough Evidence
P19P2,P19P2_T4,P19P2_T4_4,4,supported,Supported,Supported
P139P3,P139P3_T4,P139P3_T4_3,3,condition_removed,Not Enough Evidence,Not Enough Evidence
P93P7,P93P7_T1,P93P7_T1_4,4,supported,Supported,Supported
P31P2,P31P2_T1,P31P2_T1_1,1,relation_contradicted,Not Supported,Supported
P73P9,P73P9_T1,P73P9_T1_5,5,condition_contradicted,Not Supported,Not Supported
P177P7,P177P7_T1,P177P7_T1_5,5,condition_contradicted,Not Supported,Not Supported
P38P6,P38P6_T3,P38P6_T3_1,1,relation_contradicted,Not Supported,Not Supported
P56P10,P56P10_T2,P56P10_T2_4,4,supported,Supported,Supported
P103P7,P103P7_T2,P103P7_T2_3,3,condition_removed,Not Enough Evidence,Not Enough Evidence
P87P26,P87P26_T1,P87P26_T1_5,5,condition_contradicted,Not Supported,Not Supported
P69P3,P69P3_T1,P69P3_T1_3,3,condition_removed,Not Enough Evidence,Not Enough Evidence
P56P8,P56P8_T1,P56P8_T1_3,3,condition_removed,Not Enough Evidence,Not Enough Evidence
P57P7,P57P7_T1,P57P7_T1_2,2,condition_replaced,Not Enough Evidence,Not Enough Evidence
P46P3,P46P3_T4,P46P3_T4_4,4,supported,Supported,Not Supported
P25P4,P25P4_T2,P25P4_T2_1,1,relation_contradicted,Not Supported,Not Supported
P94P5,P94P5_T1,P94P5_T1_5,5,condition_contradicted,Not Supported,Not Supported
P57P4,P57P4_T1,P57P4_T1_2,2,condition_replaced,Not Enough Evidence,Not Enough Evidence
P81P10,P81P10_T2,P81P10_T2_5,5,condition_contradicted,Not Supported,Not Supported
P12PR1,P12PR1_T5,P12PR1_T5_1,1,relation_contradicted,Not Supported,Not Supported
P35P3,P35P3_T2,P35P3_T2_5,5,condition_contradicted,Not Supported,Not Supported
P57P8,P57P8_T2,P57P8_T2_3,3,condition_removed,Not Enough Evidence,Not Enough Evidence
P56P2,P56P2_T1,P56P2_T1_3,3,condition_removed,Not Enough Evidence,Not Enough Evidence
P103P10,P103P10_T3,P103P10_T3_3,3,condition_removed,Not Enough Evidence,Not Enough Evidence
P124P13,P124P13_T1,P124P13_T1_1,1,relation_contradicted,Not Supported,Not Supported
P84P1,P84P1_T5,P84P1_T5_2,2,condition_replaced,Not Enough Evidence,Not Enough Evidence
P76P7,P76P7_T2,P76P7_T2_5,5,condition_contradicted,Not Supported,Not Supported
P69P6,P69P6_T1,P69P6_T1_3,3,condition_removed,Not Enough Evidence,Not Enough Evidence
P13P15,P13P15_T2,P13P15_T2_1,1,relation_contradicted,Not Supported,Not Supported
P54P1,P54P1_T4,P54P1_T4_4,4,supported,Supported,Not Supported
P54P4,P54P4_T4,P54P4_T4_1,1,relation_contradicted,Not Supported,Not Supported
P116P1,P116P1_T2,P116P1_T2_3,3,condition_removed,Not Enough Evidence,Not Enough Evidence
P70P6,P70P6_T1,P70P6_T1_1,1,relation_contradicted,Not Supported,Not Supported
P81P13,P81P13_T1,P81P13_T1_4,4,supported,Supported,Supported
P153P1,P153P1_T1,P153P1_T1_1,1,relation_contradicted,Not Supported,Not Supported
P79P10,P79P10_T3,P79P10_T3_4,4,supported,Supported,Supported
P81P4,P81P4_T1,P81P4_T1_3,3,condition_removed,Not Enough Evidence,Not Enough Evidence
P62P3,P62P3_T1,P62P3_T1_4,4,supported,Supported,Not Supported
P13P7,P13P7_T2,P13P7_T2_4,4,supported,Supported,Supported
P172P5,P172P5_T2,P172P5_T2_1,1,relation_contradicted,Not Supported,Not Supported
P94P1,P94P1_T2,P94P1_T2_4,4,supported,Supported,Supported
P17P2,P17P2_T1,P17P2_T1_2,2,condition_replaced,Not Enough Evidence,Not Enough Evidence
P29P10,P29P10_T1,P29P10_T1_3,3,condition_removed,Not Enough Evidence,Not Enough Evidence
P76P4,P76P4_T1,P76P4_T1_1,1,relation_contradicted,Not Supported,Not Supported
P93P7,P93P7_T2,P93P7_T2_2,2,condition_replaced,Not Enough Evidence,Not Enough Evidence
P12PR8,P12PR8_T4,P12PR8_T4_4,4,supported,Supported,Not Supported
P112P8,P112P8_T5,P112P8_T5_2,2,condition_replaced,Not Enough Evidence,Not Supported
P28P3,P28P3_T1,P28P3_T1_4,4,supported,Supported,Supported
P177P6,P177P6_T1,P177P6_T1_3,3,condition_removed,Not Enough Evidence,Not Enough Evidence
P28P2,P28P2_T1,P28P2_T1_5,5,condition_contradicted,Not Supported,Not Supported
P46P3,P46P3_T2,P46P3_T2_3,3,condition_removed,Not Enough Evidence,Not Enough Evidence
P186P4,P186P4_T4,P186P4_T4_5,5,condition_contradicted,Not Supported,Not Supported
P93P1,P93P1_T1,P93P1_T1_1,1,relation_contradicted,Not Supported,Not Supported
P70P12,P70P12_T1,P70P12_T1_3,3,condition_removed,Not Enough Evidence,Not Enough Evidence
P38P5,P38P5_T1,P38P5_T1_1,1,relation_contradicted,Not Supported,Not Supported
P87P4,P87P4_T1,P87P4_T1_2,2,condition_replaced,Not Enough Evidence,Not Enough Evidence
P63P8,P63P8_T1,P63P8_T1_3,3,condition_removed,Not Enough Evidence,Not Enough Evidence
P83P1,P83P1_T1,P83P1_T1_3,3,condition_removed,Not Enough Evidence,Not Supported
P113P28,P113P28_T1,P113P28_T1_1,1,relation_contradicted,Not Supported,Not Supported
P61P4,P61P4_T2,P61P4_T2_2,2,condition_replaced,Not Enough Evidence,Not Enough Evidence
P70P11,P70P11_T1,P70P11_T1_1,1,relation_contradicted,Not Supported,Not Supported
P17P6,P17P6_T2,P17P6_T2_1,1,relation_contradicted,Not Supported,Not Supported
P145P6,P145P6_T1,P145P6_T1_4,4,supported,Supported,Supported
P29P1,P29P1_T1,P29P1_T1_4,4,supported,Supported,Supported
P87P20,P87P20_T4,P87P20_T4_1,1,relation_contradicted,Not Supported,Not Supported
P54P4,P54P4_T5,P54P4_T5_4,4,supported,Supported,Not Supported
P91P6,P91P6_T2,P91P6_T2_2,2,condition_replaced,Not Enough Evidence,Not Enough Evidence
P46P4,P46P4_T1,P46P4_T1_5,5,condition_contradicted,Not Supported,Not Supported
P31P4,P31P4_T2,P31P4_T2_3,3,condition_removed,Not Enough Evidence,Not Enough Evidence
P67P2,P67P2_T4,P67P2_T4_5,5,condition_contradicted,Not Supported,Not Supported
P130P10,P130P10_T2,P130P10_T2_5,5,condition_contradicted,Not Supported,Not Supported
P18P5,P18P5_T5,P18P5_T5_1,1,relation_contradicted,Not Supported,Not Supported
P153P3,P153P3_T1,P153P3_T1_5,5,condition_contradicted,Not Supported,Not Supported
P58P4,P58P4_T2,P58P4_T2_1,1,relation_contradicted,Not Supported,Not Supported
P104P1,P104P1_T1,P104P1_T1_1,1,relation_contradicted,Not Supported,Not Supported
P39P4,P39P4_T3,P39P4_T3_5,5,condition_contradicted,Not Supported,Not Supported
P45P6,P45P6_T4,P45P6_T4_2,2,condition_replaced,Not Enough Evidence,Not Supported
P168P1,P168P1_T4,P168P1_T4_1,1,relation_contradicted,Not Supported,Not Supported
P189P7,P189P7_T1,P189P7_T1_1,1,relation_contradicted,Not Supported,Not Supported
P81P11,P81P11_T3,P81P11_T3_1,1,relation_contradicted,Not Supported,Not Supported
P36P7,P36P7_T2,P36P7_T2_2,2,condition_replaced,Not Enough Evidence,Not Enough Evidence
P102P5,P102P5_T3,P102P5_T3_3,3,condition_removed,Not Enough Evidence,Not Enough Evidence
P61P1,P61P1_T1,P61P1_T1_4,4,supported,Supported,Supported
P83P8,P83P8_T1,P83P8_T1_2,2,condition_replaced,Not Enough Evidence,Not Enough Evidence
P114P2,P114P2_T1,P114P2_T1_2,2,condition_replaced,Not Enough Evidence,Not Enough Evidence
P23P6,P23P6_T5,P23P6_T5_4,4,supported,Supported,Supported
P58P1,P58P1_T1,P58P1_T1_4,4,supported,Supported,Supported
P39P9,P39P9_T5,P39P9_T5_5,5,condition_contradicted,Not Supported,Not Supported
P58P1,P58P1_T2,P58P1_T2_5,5,condition_contradicted,Not Supported,Not Supported
P20P4,P20P4_T1,P20P4_T1_2,2,condition_replaced,Not Enough Evidence,Not Enough Evidence
P45P2,P45P2_T1,P45P2_T1_1,1,relation_contradicted,Not Supported,Not Supported
P61P1,P61P1_T5,P61P1_T5_4,4,supported,Supported,Supported
P102P10,P102P10_T1,P102P10_T1_2,2,condition_replaced,Not Enough Evidence,Not Enough Evidence
P81P5,P81P5_T1,P81P5_T1_4,4,supported,Supported,Not Supported
P81P11,P81P11_T4,P81P11_T4_3,3,condition_removed,Not Enough Evidence,Not Enough Evidence
P94P3,P94P3_T1,P94P3_T1_2,2,condition_replaced,Not Enough Evidence,Not Enough Evidence
P190P7,P190P7_T1,P190P7_T1_4,4,supported,Supported,Supported
P193P5,P193P5_T1,P193P5_T1_3,3,condition_removed,Not Enough Evidence,Not Enough Evidence
P94P4,P94P4_T2,P94P4_T2_2,2,condition_replaced,Not Enough Evidence,Not Enough Evidence
P58P4,P58P4_T1,P58P4_T1_1,1,relation_contradicted,Not Supported,Not Supported
P179P2,P179P2_T2,P179P2_T2_1,1,relation_contradicted,Not Supported,Not Supported
P12PR9,P12PR9_T1,P12PR9_T1_4,4,supported,Supported,Not Supported
P45P2,P45P2_T1,P45P2_T1_2,2,condition_replaced,Not Enough Evidence,Not Enough Evidence
P111P8,P111P8_T5,P111P8_T5_4,4,supported,Supported,Not Supported
P153P2,P153P2_T1,P153P2_T1_1,1,relation_contradicted,Not Supported,Not Supported
P12PR3,P12PR3_T4,P12PR3_T4_5,5,condition_contradicted,Not Supported,Not Supported
P88P18,P88P18_T1,P88P18_T1_5,5,condition_contradicted,Not Supported,Not Supported
P49P2,P49P2_T1,P49P2_T1_3,3,condition_removed,Not Enough Evidence,Not Enough Evidence
P76P7,P76P7_T1,P76P7_T1_1,1,relation_contradicted,Not Supported,Not Supported
P70P7,P70P7_T2,P70P7_T2_1,1,relation_contradicted,Not Supported,Not Supported
P147P6,P147P6_T2,P147P6_T2_4,4,supported,Supported,Not Supported
P157P4,P157P4_T1,P157P4_T1_3,3,condition_removed,Not Enough Evidence,Not Enough Evidence
P83P6,P83P6_T1,P83P6_T1_2,2,condition_replaced,Not Enough Evidence,Supported
P59P4,P59P4_T5,P59P4_T5_2,2,condition_replaced,Not Enough Evidence,Not Enough Evidence
P185P1,P185P1_T2,P185P1_T2_3,3,condition_removed,Not Enough Evidence,Not Enough Evidence
P118P17,P118P17_T1,P118P17_T1_5,5,condition_contradicted,Not Supported,Not Supported
P118P5,P118P5_T4,P118P5_T4_2,2,condition_replaced,Not Enough Evidence,Not Enough Evidence
P80P1,P80P1_T1,P80P1_T1_1,1,relation_contradicted,Not Supported,Not Supported
P45P6,P45P6_T1,P45P6_T1_3,3,condition_removed,Not Enough Evidence,Not Supported
P87P3,P87P3_T4,P87P3_T4_5,5,condition_contradicted,Not Supported,Not Supported
P79P10,P79P10_T2,P79P10_T2_2,2,condition_replaced,Not Enough Evidence,Not Enough Evidence
P118P5,P118P5_T4,P118P5_T4_3,3,condition_removed,Not Enough Evidence,Not Enough Evidence
P12PR1,P12PR1_T1,P12PR1_T1_1,1,relation_contradicted,Not Supported,Not Supported
P90P13,P90P13_T2,P90P13_T2_2,2,condition_replaced,Not Enough Evidence,Not Enough Evidence
P32P1,P32P1_T1,P32P1_T1_2,2,condition_replaced,Not Enough Evidence,Not Enough Evidence
P186P5,P186P5_T1,P186P5_T1_1,1,relation_contradicted,Not Supported,Not Supported
P73P9,P73P9_T1,P73P9_T1_2,2,condition_replaced,Not Enough Evidence,Not Enough Evidence
P69P1,P69P1_T2,P69P1_T2_5,5,condition_contradicted,Not Supported,Not Supported
P103P5,P103P5_T1,P103P5_T1_2,2,condition_replaced,Not Enough Evidence,Not Enough Evidence
P124P8,P124P8_T1,P124P8_T1_5,5,condition_contradicted,Not Supported,Not Supported
P183P3,P183P3_T3,P183P3_T3_1,1,relation_contradicted,Not Supported,Not Supported
P131P5,P131P5_T1,P131P5_T1_5,5,condition_contradicted,Not Supported,Not Supported
P60P2,P60P2_T1,P60P2_T1_4,4,supported,Supported,Supported
P108P7,P108P7_T2,P108P7_T2_2,2,condition_replaced,Not Enough Evidence,Not Enough Evidence
P24P2,P24P2_T1,P24P2_T1_1,1,relation_contradicted,Not Supported,Not Supported
P94P5,P94P5_T1,P94P5_T1_4,4,supported,Supported,Supported
P185P4,P185P4_T2,P185P4_T2_3,3,condition_removed,Not Enough Evidence,Not Enough Evidence
P13P3,P13P3_T3,P13P3_T3_3,3,condition_removed,Not Enough Evidence,Not Enough Evidence
P70P4,P70P4_T3,P70P4_T3_5,5,condition_contradicted,Not Supported,Not Supported
P49P2,P49P2_T1,P49P2_T1_5,5,condition_contradicted,Not Supported,Not Supported
P20P6,P20P6_T2,P20P6_T2_5,5,condition_contradicted,Not Supported,Not Supported
P118P12,P118P12_T2,P118P12_T2_4,4,supported,Supported,Supported
P94P1,P94P1_T1,P94P1_T1_5,5,condition_contradicted,Not Supported,Not Supported
P87P15,P87P15_T5,P87P15_T5_3,3,condition_removed,Not Enough Evidence,Not Enough Evidence
P23P6,P23P6_T3,P23P6_T3_2,2,condition_replaced,Not Enough Evidence,Not Enough Evidence
P77P5,P77P5_T2,P77P5_T2_3,3,condition_removed,Not Enough Evidence,Not Enough Evidence
P31P3,P31P3_T1,P31P3_T1_3,3,condition_removed,Not Enough Evidence,Not Enough Evidence
P130P10,P130P10_T2,P130P10_T2_3,3,condition_removed,Not Enough Evidence,Not Enough Evidence
P198P7,P198P7_T1,P198P7_T1_2,2,condition_replaced,Not Enough Evidence,Not Enough Evidence
P171P2,P171P2_T1,P171P2_T1_3,3,condition_removed,Not Enough Evidence,Not Enough Evidence
P54P3,P54P3_T3,P54P3_T3_1,1,relation_contradicted,Not Supported,Not Supported
P45P9,P45P9_T1,P45P9_T1_1,1,relation_contradicted,Not Supported,Not Supported
P113P3,P113P3_T2,P113P3_T2_4,4,supported,Supported,Not Supported
P85P9,P85P9_T1,P85P9_T1_2,2,condition_replaced,Not Enough Evidence,Not Enough Evidence
P78P2,P78P2_T1,P78P2_T1_3,3,condition_removed,Not Enough Evidence,Not Enough Evidence
P54P6,P54P6_T3,P54P6_T3_5,5,condition_contradicted,Not Supported,Not Supported
P85P7,P85P7_T10,P85P7_T10_4,4,supported,Supported,Not Supported
P127P6,P127P6_T2,P127P6_T2_4,4,supported,Supported,Supported
P86P4,P86P4_T1,P86P4_T1_4,4,supported,Supported,Supported
P75P9,P75P9_T1,P75P9_T1_5,5,condition_contradicted,Not Supported,Not Supported
P115P8,P115P8_T1,P115P8_T1_2,2,condition_replaced,Not Enough Evidence,Not Enough Evidence
P87P20,P87P20_T5,P87P20_T5_3,3,condition_removed,Not Enough Evidence,Not Enough Evidence
P138P6,P138P6_T2,P138P6_T2_2,2,condition_replaced,Not Enough Evidence,Not Enough Evidence
P29P10,P29P10_T2,P29P10_T2_2,2,condition_replaced,Not Enough Evidence,Not Enough Evidence
P24P1,P24P1_T2,P24P1_T2_4,4,supported,Supported,Not Supported
P94P4,P94P4_T1,P94P4_T1_3,3,condition_removed,Not Enough Evidence,Not Enough Evidence
P86P3,P86P3_T2,P86P3_T2_1,1,relation_contradicted,Not Supported,Supported
P127P15,P127P15_T1,P127P15_T1_5,5,condition_contradicted,Not Supported,Not Supported
P47P4,P47P4_T2,P47P4_T2_2,2,condition_replaced,Not Enough Evidence,Not Enough Evidence
P100P7,P100P7_T1,P100P7_T1_1,1,relation_contradicted,Not Supported,Not Supported
P26P3,P26P3_T1,P26P3_T1_3,3,condition_removed,Not Enough Evidence,Not Enough Evidence
P26P5,P26P5_T2,P26P5_T2_1,1,relation_contradicted,Not Supported,Not Supported
P13P3,P13P3_T1,P13P3_T1_1,1,relation_contradicted,Not Supported,Not Supported
P194P4,P194P4_T1,P194P4_T1_2,2,condition_replaced,Not Enough Evidence,Not Enough Evidence
P196P3,P196P3_T1,P196P3_T1_4,4,supported,Supported,Supported
P72P8,P72P8_T1,P72P8_T1_2,2,condition_replaced,Not Enough Evidence,Not Enough Evidence
P186P3,P186P3_T2,P186P3_T2_4,4,supported,Supported,Supported
P20P3,P20P3_T2,P20P3_T2_2,2,condition_replaced,Not Enough Evidence,Not Enough Evidence
P163P11,P163P11_T1,P163P11_T1_2,2,condition_replaced,Not Enough Evidence,Not Enough Evidence
P34P4,P34P4_T2,P34P4_T2_1,1,relation_contradicted,Not Supported,Not Supported
P81P1,P81P1_T3,P81P1_T3_3,3,condition_removed,Not Enough Evidence,Not Enough Evidence
P28P1,P28P1_T1,P28P1_T1_1,1,relation_contradicted,Not Supported,Not Supported
P200P12,P200P12_T1,P200P12_T1_1,1,relation_contradicted,Not Supported,Not Supported
P35P6,P35P6_T4,P35P6_T4_5,5,condition_contradicted,Not Supported,Not Supported
P22P3,P22P3_T1,P22P3_T1_4,4,supported,Supported,Supported
P40P2,P40P2_T1,P40P2_T1_3,3,condition_removed,Not Enough Evidence,Not Enough Evidence
P172P5,P172P5_T3,P172P5_T3_4,4,supported,Supported,Supported
P130P4,P130P4_T1,P130P4_T1_1,1,relation_contradicted,Not Supported,Not Supported
P90P13,P90P13_T1,P90P13_T1_5,5,condition_contradicted,Not Supported,Not Supported
P66P1,P66P1_T3,P66P1_T3_3,3,condition_removed,Not Enough Evidence,Not Enough Evidence
P87P20,P87P20_T3,P87P20_T3_4,4,supported,Supported,Supported
P22P5,P22P5_T2,P22P5_T2_5,5,condition_contradicted,Not Supported,Not Enough Evidence
P193P4,P193P4_T1,P193P4_T1_3,3,condition_removed,Not Enough Evidence,Not Enough Evidence
P13P15,P13P15_T1,P13P15_T1_5,5,condition_contradicted,Not Supported,Not Supported
P57P10,P57P10_T4,P57P10_T4_3,3,condition_removed,Not Enough Evidence,Not Enough Evidence
P118P11,P118P11_T1,P118P11_T1_1,1,relation_contradicted,Not Supported,Not Supported
P21P9,P21P9_T1,P21P9_T1_3,3,condition_removed,Not Enough Evidence,Not Enough Evidence
P56P8,P56P8_T3,P56P8_T3_1,1,relation_contradicted,Not Supported,Not Supported
P54P6,P54P6_T2,P54P6_T2_2,2,condition_replaced,Not Enough Evidence,Not Enough Evidence
P60P2,P60P2_T1,P60P2_T1_2,2,condition_replaced,Not Enough Evidence,Not Enough Evidence
P13P3,P13P3_T4,P13P3_T4_5,5,condition_contradicted,Not Supported,Not Supported
P127P3,P127P3_T1,P127P3_T1_2,2,condition_replaced,Not Enough Evidence,Not Enough Evidence
P39P4,P39P4_T2,P39P4_T2_3,3,condition_removed,Not Enough Evidence,Not Enough Evidence
P39P6,P39P6_T1,P39P6_T1_1,1,relation_contradicted,Not Supported,Not Enough Evidence
P67P2,P67P2_T3,P67P2_T3_1,1,relation_contradicted,Not Supported,Not Supported
P134P8,P134P8_T1,P134P8_T1_1,1,relation_contradicted,Not Supported,Not Supported
P61P1,P61P1_T2,P61P1_T2_1,1,relation_contradicted,Not Supported,Not Supported
P12PR3,P12PR3_T4,P12PR3_T4_1,1,relation_contradicted,Not Supported,Not Supported
P72P7,P72P7_T1,P72P7_T1_5,5,condition_contradicted,Not Supported,Not Supported
P87P22,P87P22_T1,P87P22_T1_3,3,condition_removed,Not Enough Evidence,Not Enough Evidence
P59P1,P59P1_T3,P59P1_T3_1,1,relation_contradicted,Not Supported,Not Supported
P70P6,P70P6_T1,P70P6_T1_3,3,condition_removed,Not Enough Evidence,Not Enough Evidence
P194P3,P194P3_T3,P194P3_T3_4,4,supported,Supported,Supported
P57P10,P57P10_T3,P57P10_T3_2,2,condition_replaced,Not Enough Evidence,Not Enough Evidence
P19P3,P19P3_T1,P19P3_T1_1,1,relation_contradicted,Not Supported,Not Supported
P161P5,P161P5_T1,P161P5_T1_5,5,condition_contradicted,Not Supported,Not Supported
P122P7,P122P7_T1,P122P7_T1_5,5,condition_contradicted,Not Supported,Not Supported
P27P1,P27P1_T4,P27P1_T4_4,4,supported,Supported,Not Supported
P27P1,P27P1_T4,P27P1_T4_2,2,condition_replaced,Not Enough Evidence,Not Supported
P55P4,P55P4_T10,P55P4_T10_1,1,relation_contradicted,Not Supported,Not Supported
P36P7,P36P7_T3,P36P7_T3_2,2,condition_replaced,Not Enough Evidence,Not Enough Evidence
P118P12,P118P12_T2,P118P12_T2_5,5,condition_contradicted,Not Supported,Not Supported
P56P11,P56P11_T1,P56P11_T1_3,3,condition_removed,Not Enough Evidence,Not Enough Evidence
P115P8,P115P8_T1,P115P8_T1_1,1,relation_contradicted,Not Supported,Not Supported
P185P4,P185P4_T3,P185P4_T3_1,1,relation_contradicted,Not Supported,Not Supported
P39P4,P39P4_T2,P39P4_T2_2,2,condition_replaced,Not Enough Evidence,Not Enough Evidence
P58P4,P58P4_T1,P58P4_T1_5,5,condition_contradicted,Not Supported,Not Supported
P85P7,P85P7_T3,P85P7_T3_1,1,relation_contradicted,Not Supported,Not Supported
P82P2,P82P2_T1,P82P2_T1_4,4,supported,Supported,Supported
P94P4,P94P4_T1,P94P4_T1_1,1,relation_contradicted,Not Supported,Not Supported
P65P4,P65P4_T1,P65P4_T1_1,1,relation_contradicted,Not Supported,Not Supported
P87P15,P87P15_T1,P87P15_T1_2,2,condition_replaced,Not Enough Evidence,Not Enough Evidence
P172P3,P172P3_T2,P172P3_T2_2,2,condition_replaced,Not Enough Evidence,Not Enough Evidence
P56P11,P56P11_T1,P56P11_T1_1,1,relation_contradicted,Not Supported,Not Supported
P175P3,P175P3_T1,P175P3_T1_4,4,supported,Supported,Supported
P13P14,P13P14_T3,P13P14_T3_4,4,supported,Supported,Supported
P81P13,P81P13_T1,P81P13_T1_5,5,condition_contradicted,Not Supported,Not Supported
P40P8,P40P8_T2,P40P8_T2_4,4,supported,Supported,Supported
P31P4,P31P4_T2,P31P4_T2_4,4,supported,Supported,Not Supported
P139P8,P139P8_T1,P139P8_T1_5,5,condition_contradicted,Not Supported,Not Supported
P139P6,P139P6_T1,P139P6_T1_2,2,condition_replaced,Not Enough Evidence,Not Enough Evidence
P74P4,P74P4_T1,P74P4_T1_4,4,supported,Supported,Supported
P197P5,P197P5_T5,P197P5_T5_1,1,relation_contradicted,Not Supported,Not Supported
P147P6,P147P6_T4,P147P6_T4_1,1,relation_contradicted,Not Supported,Not Supported
P182P1,P182P1_T1,P182P1_T1_3,3,condition_removed,Not Enough Evidence,Not Enough Evidence
P113P26,P113P26_T1,P113P26_T1_2,2,condition_replaced,Not Enough Evidence,Not Enough Evidence
P31P4,P31P4_T2,P31P4_T2_2,2,condition_replaced,Not Enough Evidence,Supported
P46P3,P46P3_T4,P46P3_T4_1,1,relation_contradicted,Not Supported,Not Supported
P72P8,P72P8_T3,P72P8_T3_5,5,condition_contradicted,Not Supported,Not Supported
P70P13,P70P13_T1,P70P13_T1_2,2,condition_replaced,Not Enough Evidence,Not Enough Evidence
P11PR13,P11PR13_T1,P11PR13_T1_4,4,supported,Supported,Supported
P23P6,P23P6_T5,P23P6_T5_3,3,condition_removed,Not Enough Evidence,Not Enough Evidence
P47P3,P47P3_T2,P47P3_T2_5,5,condition_contradicted,Not Supported,Not Supported
P80P1,P80P1_T1,P80P1_T1_3,3,condition_removed,Not Enough Evidence,Not Enough Evidence
P88P10,P88P10_T1,P88P10_T1_1,1,relation_contradicted,Not Supported,Not Supported
P116P3,P116P3_T1,P116P3_T1_2,2,condition_replaced,Not Enough Evidence,Not Enough Evidence
P91P7,P91P7_T4,P91P7_T4_1,1,relation_contradicted,Not Supported,Not Supported
P127P6,P127P6_T1,P127P6_T1_4,4,supported,Supported,Supported
P59P4,P59P4_T7,P59P4_T7_2,2,condition_replaced,Not Enough Evidence,Not Enough Evidence
P70P13,P70P13_T3,P70P13_T3_4,4,supported,Supported,Supported
P104P11,P104P11_T3,P104P11_T3_5,5,condition_contradicted,Not Supported,Not Supported
P197P5,P197P5_T10,P197P5_T10_3,3,condition_removed,Not Enough Evidence,Not Enough Evidence
P35P3,P35P3_T3,P35P3_T3_2,2,condition_replaced,Not Enough Evidence,Not Enough Evidence
P81P13,P81P13_T2,P81P13_T2_5,5,condition_contradicted,Not Supported,Not Supported
P87P21,P87P21_T1,P87P21_T1_2,2,condition_replaced,Not Enough Evidence,Not Enough Evidence
P185P6,P185P6_T1,P185P6_T1_3,3,condition_removed,Not Enough Evidence,Not Enough Evidence
P188P1,P188P1_T2,P188P1_T2_5,5,condition_contradicted,Not Supported,Not Supported
P99P14,P99P14_T2,P99P14_T2_2,2,condition_replaced,Not Enough Evidence,Not Enough Evidence
P197P5,P197P5_T9,P197P5_T9_4,4,supported,Supported,Supported
P142P2,P142P2_T1,P142P2_T1_2,2,condition_replaced,Not Enough Evidence,Not Enough Evidence
P59P4,P59P4_T5,P59P4_T5_1,1,relation_contradicted,Not Supported,Not Supported
P84P1,P84P1_T3,P84P1_T3_2,2,condition_replaced,Not Enough Evidence,Not Enough Evidence
P55P4,P55P4_T9,P55P4_T9_4,4,supported,Supported,Not Supported
P124P13,P124P13_T2,P124P13_T2_2,2,condition_replaced,Not Enough Evidence,Not Enough Evidence
P27P1,P27P1_T2,P27P1_T2_1,1,relation_contradicted,Not Supported,Not Supported
P115P10,P115P10_T1,P115P10_T1_2,2,condition_replaced,Not Enough Evidence,Not Enough Evidence
P91P14,P91P14_T3,P91P14_T3_5,5,condition_contradicted,Not Supported,Not Supported
P77P9,P77P9_T4,P77P9_T4_2,2,condition_replaced,Not Enough Evidence,Not Enough Evidence
P131P1,P131P1_T2,P131P1_T2_3,3,condition_removed,Not Enough Evidence,Not Enough Evidence
P61P1,P61P1_T2,P61P1_T2_2,2,condition_replaced,Not Enough Evidence,Not Enough Evidence
P20P7,P20P7_T2,P20P7_T2_2,2,condition_replaced,Not Enough Evidence,Not Enough Evidence
P115P5,P115P5_T1,P115P5_T1_4,4,supported,Supported,Supported
P132P1,P132P1_T1,P132P1_T1_5,5,condition_contradicted,Not Supported,Not Supported
P77P4,P77P4_T2,P77P4_T2_5,5,condition_contradicted,Not Supported,Not Enough Evidence
P60P2,P60P2_T1,P60P2_T1_3,3,condition_removed,Not Enough Evidence,Supported
P81P1,P81P1_T2,P81P1_T2_1,1,relation_contradicted,Not Supported,Not Supported
P108P7,P108P7_T1,P108P7_T1_2,2,condition_replaced,Not Enough Evidence,Not Enough Evidence
P76P2,P76P2_T2,P76P2_T2_4,4,supported,Supported,Supported
P61P1,P61P1_T3,P61P1_T3_5,5,condition_contradicted,Not Supported,Not Supported
P88P18,P88P18_T1,P88P18_T1_2,2,condition_replaced,Not Enough Evidence,Not Enough Evidence
P66P5,P66P5_T1,P66P5_T1_5,5,condition_contradicted,Not Supported,Not Supported
P106P10,P106P10_T2,P106P10_T2_4,4,supported,Supported,Supported
P200P7,P200P7_T2,P200P7_T2_3,3,condition_removed,Not Enough Evidence,Not Enough Evidence
P84P9,P84P9_T1,P84P9_T1_1,1,relation_contradicted,Not Supported,Not Supported
P77P5,P77P5_T5,P77P5_T5_3,3,condition_removed,Not Enough Evidence,Not Enough Evidence
P62P6,P62P6_T1,P62P6_T1_1,1,relation_contradicted,Not Supported,Not Supported
P192P1,P192P1_T1,P192P1_T1_2,2,condition_replaced,Not Enough Evidence,Supported
P104P4,P104P4_T3,P104P4_T3_2,2,condition_replaced,Not Enough Evidence,Not Enough Evidence
P83P2,P83P2_T3,P83P2_T3_5,5,condition_contradicted,Not Supported,Not Supported
P134P5,P134P5_T1,P134P5_T1_2,2,condition_replaced,Not Enough Evidence,Not Enough Evidence
P11PR1,P11PR1_T1,P11PR1_T1_4,4,supported,Supported,Supported
P139P7,P139P7_T3,P139P7_T3_5,5,condition_contradicted,Not Supported,Not Supported
P103P7,P103P7_T3,P103P7_T3_1,1,relation_contradicted,Not Supported,Not Supported
P20P3,P20P3_T1,P20P3_T1_4,4,supported,Supported,Supported
P87P1,P87P1_T4,P87P1_T4_4,4,supported,Supported,Supported
P121P2,P121P2_T3,P121P2_T3_4,4,supported,Supported,Supported
P127P11,P127P11_T1,P127P11_T1_5,5,condition_contradicted,Not Supported,Not Enough Evidence
P87P3,P87P3_T3,P87P3_T3_5,5,condition_contradicted,Not Supported,Not Supported
P189P5,P189P5_T1,P189P5_T1_3,3,condition_removed,Not Enough Evidence,Not Enough Evidence
P12PR8,P12PR8_T6,P12PR8_T6_4,4,supported,Supported,Not Supported
P41P7,P41P7_T3,P41P7_T3_4,4,supported,Supported,Supported
P139P9,P139P9_T1,P139P9_T1_5,5,condition_contradicted,Not Supported,Not Supported
P154P16,P154P16_T2,P154P16_T2_3,3,condition_removed,Not Enough Evidence,Not Enough Evidence
P163P9,P163P9_T2,P163P9_T2_2,2,condition_replaced,Not Enough Evidence,Not Enough Evidence
P77P3,P77P3_T1,P77P3_T1_2,2,condition_replaced,Not Enough Evidence,Not Enough Evidence
P116P4,P116P4_T1,P116P4_T1_3,3,condition_removed,Not Enough Evidence,Not Enough Evidence
P68P6,P68P6_T2,P68P6_T2_4,4,supported,Supported,Supported
P68P3,P68P3_T2,P68P3_T2_1,1,relation_contradicted,Not Supported,Not Supported
P57P9,P57P9_T1,P57P9_T1_4,4,supported,Supported,Supported
P76P10,P76P10_T1,P76P10_T1_4,4,supported,Supported,Supported
P117P6,P117P6_T1,P117P6_T1_3,3,condition_removed,Not Enough Evidence,Not Enough Evidence
P38P7,P38P7_T1,P38P7_T1_1,1,relation_contradicted,Not Supported,Not Enough Evidence
P72P8,P72P8_T1,P72P8_T1_4,4,supported,Supported,Supported
P200P12,P200P12_T1,P200P12_T1_2,2,condition_replaced,Not Enough Evidence,Not Enough Evidence
P18P10,P18P10_T1,P18P10_T1_2,2,condition_replaced,Not Enough Evidence,Not Enough Evidence
P117P8,P117P8_T1,P117P8_T1_4,4,supported,Supported,Supported
P173P6,P173P6_T2,P173P6_T2_5,5,condition_contradicted,Not Supported,Not Supported
P39P6,P39P6_T3,P39P6_T3_4,4,supported,Supported,Supported
P47P7,P47P7_T1,P47P7_T1_2,2,condition_replaced,Not Enough Evidence,Not Enough Evidence
P83P7,P83P7_T3,P83P7_T3_4,4,supported,Supported,Not Supported
P23P5,P23P5_T1,P23P5_T1_3,3,condition_removed,Not Enough Evidence,Not Enough Evidence
P38P7,P38P7_T3,P38P7_T3_5,5,condition_contradicted,Not Supported,Not Supported
P83P6,P83P6_T3,P83P6_T3_1,1,relation_contradicted,Not Supported,Not Supported
P68P6,P68P6_T2,P68P6_T2_3,3,condition_removed,Not Enough Evidence,Not Enough Evidence
P74P1,P74P1_T1,P74P1_T1_4,4,supported,Supported,Supported
P93P3,P93P3_T2,P93P3_T2_4,4,supported,Supported,Not Supported
P188P8,P188P8_T1,P188P8_T1_2,2,condition_replaced,Not Enough Evidence,Not Enough Evidence
P139P7,P139P7_T1,P139P7_T1_3,3,condition_removed,Not Enough Evidence,Not Enough Evidence
P87P15,P87P15_T4,P87P15_T4_5,5,condition_contradicted,Not Supported,Not Supported
P79P3,P79P3_T1,P79P3_T1_5,5,condition_contradicted,Not Supported,Not Supported
P12PR8,P12PR8_T1,P12PR8_T1_2,2,condition_replaced,Not Enough Evidence,Not Supported
P121P1,P121P1_T2,P121P1_T2_4,4,supported,Supported,Supported
P94P4,P94P4_T1,P94P4_T1_2,2,condition_replaced,Not Enough Evidence,Not Enough Evidence
P94P3,P94P3_T1,P94P3_T1_1,1,relation_contradicted,Not Supported,Not Supported
P86P3,P86P3_T3,P86P3_T3_5,5,condition_contradicted,Not Supported,Not Supported
P93P3,P93P3_T6,P93P3_T6_3,3,condition_removed,Not Enough Evidence,Not Enough Evidence
P87P15,P87P15_T6,P87P15_T6_3,3,condition_removed,Not Enough Evidence,Not Enough Evidence
P143P4,P143P4_T1,P143P4_T1_5,5,condition_contradicted,Not Supported,Not Supported
P48P4,P48P4_T5,P48P4_T5_2,2,condition_replaced,Not Enough Evidence,Not Enough Evidence
P99P15,P99P15_T2,P99P15_T2_1,1,relation_contradicted,Not Supported,Not Supported
P91P14,P91P14_T2,P91P14_T2_3,3,condition_removed,Not Enough Evidence,Not Supported
P85P7,P85P7_T5,P85P7_T5_1,1,relation_contradicted,Not Supported,Not Supported
P58P6,P58P6_T1,P58P6_T1_3,3,condition_removed,Not Enough Evidence,Not Enough Evidence
P34P2,P34P2_T1,P34P2_T1_5,5,condition_contradicted,Not Supported,Not Supported
P81P6,P81P6_T1,P81P6_T1_4,4,supported,Supported,Not Supported
P184P11,P184P11_T3,P184P11_T3_5,5,condition_contradicted,Not Supported,Not Supported
P83P2,P83P2_T1,P83P2_T1_5,5,condition_contradicted,Not Supported,Not Supported
P58P6,P58P6_T1,P58P6_T1_1,1,relation_contradicted,Not Supported,Not Supported
P83P8,P83P8_T1,P83P8_T1_3,3,condition_removed,Not Enough Evidence,Not Enough Evidence
P127P6,P127P6_T1,P127P6_T1_1,1,relation_contradicted,Not Supported,Not Supported
P194P3,P194P3_T1,P194P3_T1_5,5,condition_contradicted,Not Supported,Not Supported
P19P2,P19P2_T4,P19P2_T4_3,3,condition_removed,Not Enough Evidence,Not Enough Evidence
P127P7,P127P7_T2,P127P7_T2_3,3,condition_removed,Not Enough Evidence,Not Enough Evidence
P33P1,P33P1_T2,P33P1_T2_1,1,relation_contradicted,Not Supported,Not Supported
P70P7,P70P7_T3,P70P7_T3_1,1,relation_contradicted,Not Supported,Not Supported
P127P6,P127P6_T1,P127P6_T1_2,2,condition_replaced,Not Enough Evidence,Not Enough Evidence
P185P4,P185P4_T1,P185P4_T1_5,5,condition_contradicted,Not Supported,Not Supported
P54P6,P54P6_T3,P54P6_T3_1,1,relation_contradicted,Not Supported,Not Supported
P81P10,P81P10_T4,P81P10_T4_5,5,condition_contradicted,Not Supported,Not Supported
P93P1,P93P1_T4,P93P1_T4_3,3,condition_removed,Not Enough Evidence,Not Enough Evidence
P13P6,P13P6_T4,P13P6_T4_1,1,relation_contradicted,Not Supported,Not Supported
P91P10,P91P10_T2,P91P10_T2_5,5,condition_contradicted,Not Supported,Not Supported
P181P5,P181P5_T2,P181P5_T2_4,4,supported,Supported,Supported
P69P3,P69P3_T2,P69P3_T2_4,4,supported,Supported,Supported
P73P4,P73P4_T1,P73P4_T1_2,2,condition_replaced,Not Enough Evidence,Not Enough Evidence
P113P22,P113P22_T1,P113P22_T1_3,3,condition_removed,Not Enough Evidence,Not Enough Evidence
P77P1,P77P1_T4,P77P1_T4_3,3,condition_removed,Not Enough Evidence,Not Enough Evidence
P21P10,P21P10_T1,P21P10_T1_3,3,condition_removed,Not Enough Evidence,Not Enough Evidence
P185P5,P185P5_T1,P185P5_T1_5,5,condition_contradicted,Not Supported,Not Supported
P65P4,P65P4_T1,P65P4_T1_5,5,condition_contradicted,Not Supported,Not Supported
P173P1,P173P1_T1,P173P1_T1_4,4,supported,Supported,Supported
P157P3,P157P3_T1,P157P3_T1_1,1,relation_contradicted,Not Supported,Not Supported
P18P5,P18P5_T4,P18P5_T4_4,4,supported,Supported,Supported
P33P4,P33P4_T2,P33P4_T2_5,5,condition_contradicted,Not Supported,Not Supported
P123P8,P123P8_T1,P123P8_T1_5,5,condition_contradicted,Not Supported,Not Supported
P134P6,P134P6_T2,P134P6_T2_2,2,condition_replaced,Not Enough Evidence,Not Enough Evidence
P153P1,P153P1_T1,P153P1_T1_3,3,condition_removed,Not Enough Evidence,Not Enough Evidence
P57P7,P57P7_T1,P57P7_T1_1,1,relation_contradicted,Not Supported,Not Supported
P127P1,P127P1_T1,P127P1_T1_4,4,supported,Supported,Supported
P163P9,P163P9_T1,P163P9_T1_2,2,condition_replaced,Not Enough Evidence,Not Enough Evidence
P61P4,P61P4_T3,P61P4_T3_4,4,supported,Supported,Not Supported
P185P6,P185P6_T2,P185P6_T2_3,3,condition_removed,Not Enough Evidence,Not Enough Evidence
P79P8,P79P8_T2,P79P8_T2_1,1,relation_contradicted,Not Supported,Not Supported
P57P10,P57P10_T1,P57P10_T1_4,4,supported,Supported,Supported
P98P8,P98P8_T1,P98P8_T1_3,3,condition_removed,Not Enough Evidence,Not Enough Evidence
P18P9,P18P9_T1,P18P9_T1_2,2,condition_replaced,Not Enough Evidence,Not Enough Evidence
P113P28,P113P28_T1,P113P28_T1_3,3,condition_removed,Not Enough Evidence,Not Enough Evidence
P39P6,P39P6_T4,P39P6_T4_3,3,condition_removed,Not Enough Evidence,Not Enough Evidence
P153P1,P153P1_T1,P153P1_T1_4,4,supported,Supported,Supported
P113P13,P113P13_T1,P113P13_T1_4,4,supported,Supported,Supported
P12PR8,P12PR8_T3,P12PR8_T3_2,2,condition_replaced,Not Enough Evidence,Not Supported
P113P7,P113P7_T1,P113P7_T1_1,1,relation_contradicted,Not Supported,Not Supported
P20P2,P20P2_T1,P20P2_T1_5,5,condition_contradicted,Not Supported,Not Supported
P73P2,P73P2_T1,P73P2_T1_4,4,supported,Supported,Supported
P186P3,P186P3_T2,P186P3_T2_1,1,relation_contradicted,Not Supported,Not Supported
P88P17,P88P17_T1,P88P17_T1_2,2,condition_replaced,Not Enough Evidence,Not Enough Evidence
P20P7,P20P7_T1,P20P7_T1_1,1,relation_contradicted,Not Supported,Not Supported
P91P7,P91P7_T2,P91P7_T2_5,5,condition_contradicted,Not Supported,Not Supported
P187P7,P187P7_T1,P187P7_T1_4,4,supported,Supported,Not Supported
P83P3,P83P3_T3,P83P3_T3_3,3,condition_removed,Not Enough Evidence,Not Enough Evidence
P13P8,P13P8_T4,P13P8_T4_3,3,condition_removed,Not Enough Evidence,Not Enough Evidence
P28P7,P28P7_T1,P28P7_T1_5,5,condition_contradicted,Not Supported,Not Supported
P58P1,P58P1_T3,P58P1_T3_5,5,condition_contradicted,Not Supported,Not Supported
P87P15,P87P15_T7,P87P15_T7_4,4,supported,Supported,Not Supported
P74P4,P74P4_T1,P74P4_T1_1,1,relation_contradicted,Not Supported,Not Supported
P88P10,P88P10_T1,P88P10_T1_3,3,condition_removed,Not Enough Evidence,Not Enough Evidence
P87P15,P87P15_T5,P87P15_T5_2,2,condition_replaced,Not Enough Evidence,Not Enough Evidence
P13P6,P13P6_T2,P13P6_T2_1,1,relation_contradicted,Not Supported,Not Supported
P99P15,P99P15_T1,P99P15_T1_1,1,relation_contradicted,Not Supported,Not Supported
P103P7,P103P7_T1,P103P7_T1_1,1,relation_contradicted,Not Supported,Not Supported
P38P2,P38P2_T1,P38P2_T1_3,3,condition_removed,Not Enough Evidence,Not Enough Evidence
P63P8,P63P8_T1,P63P8_T1_4,4,supported,Supported,Supported
P72P1,P72P1_T1,P72P1_T1_3,3,condition_removed,Not Enough Evidence,Not Enough Evidence
P186P4,P186P4_T1,P186P4_T1_2,2,condition_replaced,Not Enough Evidence,Not Enough Evidence
P139P3,P139P3_T3,P139P3_T3_4,4,supported,Supported,Supported
P85P7,P85P7_T4,P85P7_T4_4,4,supported,Supported,Not Supported
P72P12,P72P12_T1,P72P12_T1_3,3,condition_removed,Not Enough Evidence,Not Enough Evidence
P197P5,P197P5_T5,P197P5_T5_5,5,condition_contradicted,Not Supported,Not Supported
P16P3,P16P3_T2,P16P3_T2_3,3,condition_removed,Not Enough Evidence,Not Enough Evidence
P81P12,P81P12_T1,P81P12_T1_1,1,relation_contradicted,Not Supported,Not Supported
P55P4,P55P4_T2,P55P4_T2_2,2,condition_replaced,Not Enough Evidence,Not Supported
P185P1,P185P1_T3,P185P1_T3_4,4,supported,Supported,Supported
P161P4,P161P4_T3,P161P4_T3_4,4,supported,Supported,Supported
P46P3,P46P3_T3,P46P3_T3_3,3,condition_removed,Not Enough Evidence,Not Enough Evidence
P116P1,P116P1_T2,P116P1_T2_2,2,condition_replaced,Not Enough Evidence,Not Enough Evidence
P45P9,P45P9_T1,P45P9_T1_5,5,condition_contradicted,Not Supported,Not Supported
P35P5,P35P5_T1,P35P5_T1_5,5,condition_contradicted,Not Supported,Not Supported
P41P7,P41P7_T3,P41P7_T3_5,5,condition_contradicted,Not Supported,Not Supported
P38P6,P38P6_T2,P38P6_T2_3,3,condition_removed,Not Enough Evidence,Not Enough Evidence
P96P13,P96P13_T1,P96P13_T1_4,4,supported,Supported,Supported
P15P1,P15P1_T6,P15P1_T6_4,4,supported,Supported,Not Supported
P184P11,P184P11_T3,P184P11_T3_1,1,relation_contradicted,Not Supported,Not Supported
P74P10,P74P10_T2,P74P10_T2_2,2,condition_replaced,Not Enough Evidence,Not Supported
P13P3,P13P3_T1,P13P3_T1_4,4,supported,Supported,Supported
P85P6,P85P6_T1,P85P6_T1_1,1,relation_contradicted,Not Supported,Not Supported
P103P4,P103P4_T1,P103P4_T1_3,3,condition_removed,Not Enough Evidence,Not Enough Evidence
P104P8,P104P8_T1,P104P8_T1_4,4,supported,Supported,Supported
P134P8,P134P8_T1,P134P8_T1_4,4,supported,Supported,Supported
P139P7,P139P7_T4,P139P7_T4_5,5,condition_contradicted,Not Supported,Not Supported
P188P1,P188P1_T1,P188P1_T1_4,4,supported,Supported,Not Supported
P116P9,P116P9_T2,P116P9_T2_2,2,condition_replaced,Not Enough Evidence,Not Enough Evidence
P175P6,P175P6_T1,P175P6_T1_1,1,relation_contradicted,Not Supported,Not Supported
P33P1,P33P1_T1,P33P1_T1_4,4,supported,Supported,Supported
P124P12,P124P12_T2,P124P12_T2_3,3,condition_removed,Not Enough Evidence,Not Enough Evidence
P75P8,P75P8_T1,P75P8_T1_2,2,condition_replaced,Not Enough Evidence,Not Enough Evidence
P196P3,P196P3_T1,P196P3_T1_5,5,condition_contradicted,Not Supported,Not Supported
P73P10,P73P10_T1,P73P10_T1_4,4,supported,Supported,Supported
P183P3,P183P3_T1,P183P3_T1_3,3,condition_removed,Not Enough Evidence,Not Enough Evidence
P12PR8,P12PR8_T4,P12PR8_T4_1,1,relation_contradicted,Not Supported,Not Supported
P197P3,P197P3_T1,P197P3_T1_4,4,supported,Supported,Supported
P54P2,P54P2_T2,P54P2_T2_4,4,supported,Supported,Supported
P98P7,P98P7_T2,P98P7_T2_1,1,relation_contradicted,Not Supported,Not Supported
P86P3,P86P3_T4,P86P3_T4_4,4,supported,Supported,Supported
P13P6,P13P6_T3,P13P6_T3_4,4,supported,Supported,Supported
P83P4,P83P4_T1,P83P4_T1_4,4,supported,Supported,Supported
P17P6,P17P6_T2,P17P6_T2_2,2,condition_replaced,Not Enough Evidence,Not Enough Evidence
P155P7,P155P7_T1,P155P7_T1_4,4,supported,Supported,Supported
P60P3,P60P3_T2,P60P3_T2_4,4,supported,Supported,Supported
P112P8,P112P8_T3,P112P8_T3_4,4,supported,Supported,Not Supported
P147P6,P147P6_T3,P147P6_T3_3,3,condition_removed,Not Enough Evidence,Not Enough Evidence
P148P5,P148P5_T1,P148P5_T1_1,1,relation_contradicted,Not Supported,Not Supported
P194P3,P194P3_T1,P194P3_T1_1,1,relation_contradicted,Not Supported,Not Supported
P83P1,P83P1_T2,P83P1_T2_5,5,condition_contradicted,Not Supported,Not Supported
P54P4,P54P4_T6,P54P4_T6_1,1,relation_contradicted,Not Supported,Not Supported
P24P4,P24P4_T1,P24P4_T1_2,2,condition_replaced,Not Enough Evidence,Not Enough Evidence
P113P14,P113P14_T1,P113P14_T1_1,1,relation_contradicted,Not Supported,Not Supported
P127P7,P127P7_T3,P127P7_T3_1,1,relation_contradicted,Not Supported,Not Supported
P46P4,P46P4_T2,P46P4_T2_1,1,relation_contradicted,Not Supported,Not Supported
P78P1,P78P1_T1,P78P1_T1_3,3,condition_removed,Not Enough Evidence,Not Enough Evidence
P39P3,P39P3_T1,P39P3_T1_5,5,condition_contradicted,Not Supported,Not Enough Evidence
P46P3,P46P3_T1,P46P3_T1_2,2,condition_replaced,Not Enough Evidence,Not Enough Evidence
P54P3,P54P3_T2,P54P3_T2_5,5,condition_contradicted,Not Supported,Not Supported
P13P14,P13P14_T2,P13P14_T2_4,4,supported,Supported,Supported
P117P9,P117P9_T1,P117P9_T1_1,1,relation_contradicted,Not Supported,Not Supported
P190P3,P190P3_T1,P190P3_T1_1,1,relation_contradicted,Not Supported,Not Supported
P61P4,P61P4_T1,P61P4_T1_3,3,condition_removed,Not Enough Evidence,Not Enough Evidence
P127P10,P127P10_T1,P127P10_T1_1,1,relation_contradicted,Not Supported,Not Enough Evidence
P24P1,P24P1_T1,P24P1_T1_2,2,condition_replaced,Not Enough Evidence,Not Supported
P184P14,P184P14_T2,P184P14_T2_3,3,condition_removed,Not Enough Evidence,Not Enough Evidence
P75P1,P75P1_T1,P75P1_T1_1,1,relation_contradicted,Not Supported,Not Supported
P37P8,P37P8_T1,P37P8_T1_4,4,supported,Supported,Supported
P21P8,P21P8_T1,P21P8_T1_3,3,condition_removed,Not Enough Evidence,Not Enough Evidence
P104P11,P104P11_T2,P104P11_T2_5,5,condition_contradicted,Not Supported,Not Supported
P163P7,P163P7_T2,P163P7_T2_4,4,supported,Supported,Supported
P73P2,P73P2_T1,P73P2_T1_2,2,condition_replaced,Not Enough Evidence,Not Enough Evidence
P177P8,P177P8_T1,P177P8_T1_3,3,condition_removed,Not Enough Evidence,Not Enough Evidence
P44P6,P44P6_T1,P44P6_T1_3,3,condition_removed,Not Enough Evidence,Not Enough Evidence
P45P6,P45P6_T3,P45P6_T3_2,2,condition_replaced,Not Enough Evidence,Not Supported
P17P10,P17P10_T2,P17P10_T2_3,3,condition_removed,Not Enough Evidence,Not Enough Evidence
P87P3,P87P3_T4,P87P3_T4_1,1,relation_contradicted,Not Supported,Not Supported
P44P7,P44P7_T1,P44P7_T1_5,5,condition_contradicted,Not Supported,Not Supported
P183P6,P183P6_T2,P183P6_T2_1,1,relation_contradicted,Not Supported,Not Supported
P87P1,P87P1_T1,P87P1_T1_4,4,supported,Supported,Supported
P111P8,P111P8_T1,P111P8_T1_1,1,relation_contradicted,Not Supported,Not Supported
P161P4,P161P4_T1,P161P4_T1_4,4,supported,Supported,Supported
P83P2,P83P2_T4,P83P2_T4_2,2,condition_replaced,Not Enough Evidence,Not Enough Evidence
P54P4,P54P4_T1,P54P4_T1_1,1,relation_contradicted,Not Supported,Not Supported
P200P12,P200P12_T3,P200P12_T3_4,4,supported,Supported,Not Supported
P197P1,P197P1_T2,P197P1_T2_4,4,supported,Supported,Supported
P197P3,P197P3_T3,P197P3_T3_2,2,condition_replaced,Not Enough Evidence,Not Enough Evidence
P184P11,P184P11_T2,P184P11_T2_2,2,condition_replaced,Not Enough Evidence,Not Enough Evidence
P12PR9,P12PR9_T1,P12PR9_T1_1,1,relation_contradicted,Not Supported,Not Supported
P139P6,P139P6_T3,P139P6_T3_4,4,supported,Supported,Not Supported
P161P1,P161P1_T3,P161P1_T3_5,5,condition_contradicted,Not Supported,Not Supported
P87P20,P87P20_T4,P87P20_T4_3,3,condition_removed,Not Enough Evidence,Not Enough Evidence
P185P1,P185P1_T5,P185P1_T5_2,2,condition_replaced,Not Enough Evidence,Not Enough Evidence
P102P1,P102P1_T1,P102P1_T1_4,4,supported,Supported,Supported
P194P3,P194P3_T4,P194P3_T4_5,5,condition_contradicted,Not Supported,Not Supported
P37P7,P37P7_T1,P37P7_T1_5,5,condition_contradicted,Not Supported,Not Supported
P184P11,P184P11_T3,P184P11_T3_4,4,supported,Supported,Supported
P20P4,P20P4_T1,P20P4_T1_1,1,relation_contradicted,Not Supported,Supported
P186P4,P186P4_T2,P186P4_T2_4,4,supported,Supported,Supported
P87P15,P87P15_T1,P87P15_T1_5,5,condition_contradicted,Not Supported,Not Supported
P125P11,P125P11_T1,P125P11_T1_5,5,condition_contradicted,Not Supported,Not Supported
P66P1,P66P1_T5,P66P1_T5_5,5,condition_contradicted,Not Supported,Not Supported
P81P13,P81P13_T4,P81P13_T4_3,3,condition_removed,Not Enough Evidence,Not Enough Evidence
P127P1,P127P1_T1,P127P1_T1_5,5,condition_contradicted,Not Supported,Not Supported
P33P1,P33P1_T1,P33P1_T1_5,5,condition_contradicted,Not Supported,Not Supported
P133P1,P133P1_T2,P133P1_T2_4,4,supported,Supported,Supported
P71P8,P71P8_T1,P71P8_T1_2,2,condition_replaced,Not Enough Evidence,Not Enough Evidence
P36P7,P36P7_T1,P36P7_T1_2,2,condition_replaced,Not Enough Evidence,Not Enough Evidence
P113P13,P113P13_T2,P113P13_T2_5,5,condition_contradicted,Not Supported,Not Enough Evidence
P86P22,P86P22_T1,P86P22_T1_2,2,condition_replaced,Not Enough Evidence,Not Enough Evidence
P11PR2,P11PR2_T1,P11PR2_T1_1,1,relation_contradicted,Not Supported,Not Supported
P88P10,P88P10_T2,P88P10_T2_1,1,relation_contradicted,Not Supported,Not Supported
P194P3,P194P3_T1,P194P3_T1_4,4,supported,Supported,Supported
P70P8,P70P8_T3,P70P8_T3_2,2,condition_replaced,Not Enough Evidence,Not Enough Evidence
P118P15,P118P15_T1,P118P15_T1_5,5,condition_contradicted,Not Supported,Not Supported
P94P3,P94P3_T1,P94P3_T1_3,3,condition_removed,Not Enough Evidence,Not Enough Evidence
P75P12,P75P12_T2,P75P12_T2_2,2,condition_replaced,Not Enough Evidence,Not Enough Evidence
P192P1,P192P1_T5,P192P1_T5_1,1,relation_contradicted,Not Supported,Not Supported
P139P7,P139P7_T3,P139P7_T3_3,3,condition_removed,Not Enough Evidence,Not Enough Evidence
P77P5,P77P5_T5,P77P5_T5_4,4,supported,Supported,Supported
P38P6,P38P6_T2,P38P6_T2_4,4,supported,Supported,Supported
P197P5,P197P5_T5,P197P5_T5_4,4,supported,Supported,Supported
P33P1,P33P1_T1,P33P1_T1_1,1,relation_contradicted,Not Supported,Not Supported
P76P10,P76P10_T1,P76P10_T1_1,1,relation_contradicted,Not Supported,Not Supported
P57P7,P57P7_T4,P57P7_T4_5,5,condition_contradicted,Not Supported,Not Supported
P54P3,P54P3_T3,P54P3_T3_2,2,condition_replaced,Not Enough Evidence,Not Enough Evidence
P40P5,P40P5_T1,P40P5_T1_5,5,condition_contradicted,Not Supported,Not Supported
P61P3,P61P3_T3,P61P3_T3_2,2,condition_replaced,Not Enough Evidence,Not Supported
P70P13,P70P13_T5,P70P13_T5_4,4,supported,Supported,Supported
P172P4,P172P4_T1,P172P4_T1_2,2,condition_replaced,Not Enough Evidence,Not Enough Evidence
P15P3,P15P3_T1,P15P3_T1_4,4,supported,Supported,Supported
P94P5,P94P5_T2,P94P5_T2_3,3,condition_removed,Not Enough Evidence,Not Enough Evidence
P21P8,P21P8_T3,P21P8_T3_5,5,condition_contradicted,Not Supported,Not Supported
P68P4,P68P4_T2,P68P4_T2_5,5,condition_contradicted,Not Supported,Not Supported
P87P20,P87P20_T3,P87P20_T3_3,3,condition_removed,Not Enough Evidence,Not Enough Evidence
P131P5,P131P5_T2,P131P5_T2_3,3,condition_removed,Not Enough Evidence,Not Enough Evidence
P81P1,P81P1_T2,P81P1_T2_3,3,condition_removed,Not Enough Evidence,Not Enough Evidence
P56P9,P56P9_T1,P56P9_T1_2,2,condition_replaced,Not Enough Evidence,Not Enough Evidence
P60P4,P60P4_T1,P60P4_T1_2,2,condition_replaced,Not Enough Evidence,Not Enough Evidence
P113P1,P113P1_T1,P113P1_T1_2,2,condition_replaced,Not Enough Evidence,Not Enough Evidence
P38P2,P38P2_T3,P38P2_T3_3,3,condition_removed,Not Enough Evidence,Not Enough Evidence
P127P6,P127P6_T4,P127P6_T4_3,3,condition_removed,Not Enough Evidence,Not Enough Evidence
P122P7,P122P7_T1,P122P7_T1_4,4,supported,Supported,Supported
P47P7,P47P7_T1,P47P7_T1_5,5,condition_contradicted,Not Supported,Not Supported
P65P2,P65P2_T1,P65P2_T1_5,5,condition_contradicted,Not Supported,Not Supported
P185P2,P185P2_T1,P185P2_T1_1,1,relation_contradicted,Not Supported,Not Supported
P182P9,P182P9_T2,P182P9_T2_2,2,condition_replaced,Not Enough Evidence,Not Enough Evidence
P124P3,P124P3_T1,P124P3_T1_3,3,condition_removed,Not Enough Evidence,Not Enough Evidence
P102P2,P102P2_T1,P102P2_T1_2,2,condition_replaced,Not Enough Evidence,Not Enough Evidence
P196P7,P196P7_T2,P196P7_T2_3,3,condition_removed,Not Enough Evidence,Not Enough Evidence
P77P4,P77P4_T3,P77P4_T3_4,4,supported,Supported,Supported
P104P2,P104P2_T1,P104P2_T1_4,4,supported,Supported,Supported
P163P6,P163P6_T1,P163P6_T1_4,4,supported,Supported,Not Supported
P131P5,P131P5_T1,P131P5_T1_3,3,condition_removed,Not Enough Evidence,Not Enough Evidence
P112P9,P112P9_T2,P112P9_T2_3,3,condition_removed,Not Enough Evidence,Not Enough Evidence
P118P11,P118P11_T2,P118P11_T2_5,5,condition_contradicted,Not Supported,Not Supported
P128P8,P128P8_T1,P128P8_T1_5,5,condition_contradicted,Not Supported,Not Supported
P13P14,P13P14_T1,P13P14_T1_1,1,relation_contradicted,Not Supported,Not Supported
P139P7,P139P7_T3,P139P7_T3_1,1,relation_contradicted,Not Supported,Not Supported
P173P5,P173P5_T2,P173P5_T2_4,4,supported,Supported,Supported
P57P10,P57P10_T3,P57P10_T3_1,1,relation_contradicted,Not Supported,Not Supported
P81P7,P81P7_T1,P81P7_T1_1,1,relation_contradicted,Not Supported,Not Supported
P84P4,P84P4_T1,P84P4_T1_2,2,condition_replaced,Not Enough Evidence,Not Enough Evidence
P86P9,P86P9_T1,P86P9_T1_3,3,condition_removed,Not Enough Evidence,Not Enough Evidence
P124P13,P124P13_T2,P124P13_T2_1,1,relation_contradicted,Not Supported,Not Supported
P87P15,P87P15_T5,P87P15_T5_1,1,relation_contradicted,Not Supported,Not Supported
P66P1,P66P1_T4,P66P1_T4_5,5,condition_contradicted,Not Supported,Not Supported
P11PR13,P11PR13_T2,P11PR13_T2_2,2,condition_replaced,Not Enough Evidence,Not Enough Evidence
P87P2,P87P2_T1,P87P2_T1_3,3,condition_removed,Not Enough Evidence,Not Enough Evidence
P72P7,P72P7_T3,P72P7_T3_1,1,relation_contradicted,Not Supported,Not Supported
P133P1,P133P1_T1,P133P1_T1_5,5,condition_contradicted,Not Supported,Not Enough Evidence
P81P11,P81P11_T2,P81P11_T2_4,4,supported,Supported,Supported
P116P1,P116P1_T3,P116P1_T3_4,4,supported,Supported,Supported
P75P12,P75P12_T1,P75P12_T1_1,1,relation_contradicted,Not Supported,Not Supported
P39P4,P39P4_T2,P39P4_T2_4,4,supported,Supported,Supported
P197P1,P197P1_T6,P197P1_T6_1,1,relation_contradicted,Not Supported,Not Supported
P145P6,P145P6_T1,P145P6_T1_1,1,relation_contradicted,Not Supported,Not Supported
P39P9,P39P9_T6,P39P9_T6_4,4,supported,Supported,Supported
P108P19,P108P19_T1,P108P19_T1_2,2,condition_replaced,Not Enough Evidence,Not Enough Evidence
P185P4,P185P4_T4,P185P4_T4_5,5,condition_contradicted,Not Supported,Not Supported
P125P2,P125P2_T3,P125P2_T3_1,1,relation_contradicted,Not Supported,Not Supported
P185P1,P185P1_T4,P185P1_T4_5,5,condition_contradicted,Not Supported,Supported
P27P4,P27P4_T2,P27P4_T2_2,2,condition_replaced,Not Enough Evidence,Not Enough Evidence
P39P6,P39P6_T2,P39P6_T2_2,2,condition_replaced,Not Enough Evidence,Not Enough Evidence
P67P2,P67P2_T2,P67P2_T2_3,3,condition_removed,Not Enough Evidence,Not Enough Evidence
P111P9,P111P9_T1,P111P9_T1_2,2,condition_replaced,Not Enough Evidence,Not Enough Evidence
P118P16,P118P16_T2,P118P16_T2_5,5,condition_contradicted,Not Supported,Not Supported
P103P1,P103P1_T5,P103P1_T5_4,4,supported,Supported,Supported
P125P14,P125P14_T2,P125P14_T2_1,1,relation_contradicted,Not Supported,Not Supported
P37P8,P37P8_T1,P37P8_T1_1,1,relation_contradicted,Not Supported,Not Supported
P123P7,P123P7_T1,P123P7_T1_5,5,condition_contradicted,Not Supported,Not Supported
P173P5,P173P5_T2,P173P5_T2_2,2,condition_replaced,Not Enough Evidence,Not Enough Evidence
P87P15,P87P15_T5,P87P15_T5_5,5,condition_contradicted,Not Supported,Not Supported
P104P8,P104P8_T1,P104P8_T1_3,3,condition_removed,Not Enough Evidence,Not Enough Evidence
P171P2,P171P2_T1,P171P2_T1_1,1,relation_contradicted,Not Supported,Not Supported
P12PR4,P12PR4_T3,P12PR4_T3_2,2,condition_replaced,Not Enough Evidence,Not Enough Evidence
P127P3,P127P3_T1,P127P3_T1_5,5,condition_contradicted,Not Supported,Not Supported
P83P8,P83P8_T1,P83P8_T1_4,4,supported,Supported,Supported
P124P14,P124P14_T1,P124P14_T1_5,5,condition_contradicted,Not Supported,Not Supported
P14P7,P14P7_T1,P14P7_T1_4,4,supported,Supported,Supported
P184P12,P184P12_T1,P184P12_T1_1,1,relation_contradicted,Not Supported,Not Supported
P159P7,P159P7_T1,P159P7_T1_5,5,condition_contradicted,Not Supported,Not Supported
P57P4,P57P4_T2,P57P4_T2_3,3,condition_removed,Not Enough Evidence,Not Enough Evidence
P57P7,P57P7_T2,P57P7_T2_5,5,condition_contradicted,Not Supported,Not Supported
P31P2,P31P2_T2,P31P2_T2_2,2,condition_replaced,Not Enough Evidence,Not Enough Evidence
P94P1,P94P1_T1,P94P1_T1_4,4,supported,Supported,Supported
P103P10,P103P10_T2,P103P10_T2_3,3,condition_removed,Not Enough Evidence,Not Enough Evidence
P17P6,P17P6_T4,P17P6_T4_5,5,condition_contradicted,Not Supported,Not Supported
P44P4,P44P4_T1,P44P4_T1_4,4,supported,Supported,Not Supported
P113P11,P113P11_T2,P113P11_T2_4,4,supported,Supported,Supported
P45P6,P45P6_T2,P45P6_T2_3,3,condition_removed,Not Enough Evidence,Not Supported
P15P3,P15P3_T2,P15P3_T2_2,2,condition_replaced,Not Enough Evidence,Not Enough Evidence
P13P3,P13P3_T3,P13P3_T3_1,1,relation_contradicted,Not Supported,Not Supported
P168P1,P168P1_T4,P168P1_T4_3,3,condition_removed,Not Enough Evidence,Not Enough Evidence
P66P4,P66P4_T3,P66P4_T3_1,1,relation_contradicted,Not Supported,Not Supported
P87P21,P87P21_T1,P87P21_T1_4,4,supported,Supported,Supported
P139P7,P139P7_T4,P139P7_T4_1,1,relation_contradicted,Not Supported,Not Supported
P187P4,P187P4_T1,P187P4_T1_3,3,condition_removed,Not Enough Evidence,Not Enough Evidence
P82P2,P82P2_T2,P82P2_T2_5,5,condition_contradicted,Not Supported,Not Supported
P184P13,P184P13_T2,P184P13_T2_5,5,condition_contradicted,Not Supported,Not Supported
P12PR1,P12PR1_T6,P12PR1_T6_2,2,condition_replaced,Not Enough Evidence,Not Supported
P103P10,P103P10_T3,P103P10_T3_1,1,relation_contradicted,Not Supported,Not Supported
P66P1,P66P1_T5,P66P1_T5_2,2,condition_replaced,Not Enough Evidence,Not Enough Evidence
P13P3,P13P3_T1,P13P3_T1_2,2,condition_replaced,Not Enough Evidence,Not Enough Evidence
P140P3,P140P3_T1,P140P3_T1_2,2,condition_replaced,Not Enough Evidence,Supported
P12PR1,P12PR1_T3,P12PR1_T3_1,1,relation_contradicted,Not Supported,Not Supported
P99P8,P99P8_T1,P99P8_T1_2,2,condition_replaced,Not Enough Evidence,Not Enough Evidence
P65P7,P65P7_T1,P65P7_T1_1,1,relation_contradicted,Not Supported,Not Supported
P27P2,P27P2_T1,P27P2_T1_4,4,supported,Supported,Not Supported
P81P12,P81P12_T1,P81P12_T1_3,3,condition_removed,Not Enough Evidence,Not Enough Evidence
P39P9,P39P9_T4,P39P9_T4_5,5,condition_contradicted,Not Supported,Not Supported
P103P10,P103P10_T1,P103P10_T1_5,5,condition_contradicted,Not Supported,Not Supported
P186P4,P186P4_T5,P186P4_T5_3,3,condition_removed,Not Enough Evidence,Not Enough Evidence
P101P7,P101P7_T1,P101P7_T1_3,3,condition_removed,Not Enough Evidence,Not Enough Evidence
P93P1,P93P1_T1,P93P1_T1_5,5,condition_contradicted,Not Supported,Not Supported
P56P8,P56P8_T1,P56P8_T1_1,1,relation_contradicted,Not Supported,Not Supported
P128P1,P128P1_T1,P128P1_T1_2,2,condition_replaced,Not Enough Evidence,Not Supported
P85P7,P85P7_T7,P85P7_T7_4,4,supported,Supported,Not Supported
P94P4,P94P4_T2,P94P4_T2_3,3,condition_removed,Not Enough Evidence,Not Enough Evidence
P91P14,P91P14_T1,P91P14_T1_3,3,condition_removed,Not Enough Evidence,Not Supported
P39P9,P39P9_T2,P39P9_T2_1,1,relation_contradicted,Not Supported,Not Supported
P70P6,P70P6_T2,P70P6_T2_5,5,condition_contradicted,Not Supported,Not Supported
P61P4,P61P4_T4,P61P4_T4_4,4,supported,Supported,Supported
P113P13,P113P13_T4,P113P13_T4_2,2,condition_replaced,Not Enough Evidence,Not Enough Evidence
P27P3,P27P3_T3,P27P3_T3_1,1,relation_contradicted,Not Supported,Not Supported
P179P3,P179P3_T1,P179P3_T1_4,4,supported,Supported,Supported
P15P1,P15P1_T8,P15P1_T8_2,2,condition_replaced,Not Enough Evidence,Supported
P86P4,P86P4_T1,P86P4_T1_1,1,relation_contradicted,Not Supported,Not Supported
P181P2,P181P2_T1,P181P2_T1_4,4,supported,Supported,Supported
P55P4,P55P4_T1,P55P4_T1_5,5,condition_contradicted,Not Supported,Not Supported
P147P6,P147P6_T3,P147P6_T3_2,2,condition_replaced,Not Enough Evidence,Not Enough Evidence
P99P14,P99P14_T1,P99P14_T1_1,1,relation_contradicted,Not Supported,Not Supported
P104P11,P104P11_T3,P104P11_T3_3,3,condition_removed,Not Enough Evidence,Not Enough Evidence
P84P1,P84P1_T2,P84P1_T2_3,3,condition_removed,Not Enough Evidence,Not Enough Evidence
P46P3,P46P3_T1,P46P3_T1_4,4,supported,Supported,Supported
P30P4,P30P4_T2,P30P4_T2_4,4,supported,Supported,Supported
P124P12,P124P12_T1,P124P12_T1_2,2,condition_replaced,Not Enough Evidence,Not Enough Evidence
P103P1,P103P1_T7,P103P1_T7_5,5,condition_contradicted,Not Supported,Not Supported
P197P1,P197P1_T1,P197P1_T1_3,3,condition_removed,Not Enough Evidence,Not Enough Evidence
P90P3,P90P3_T2,P90P3_T2_4,4,supported,Supported,Supported
P158P3,P158P3_T2,P158P3_T2_3,3,condition_removed,Not Enough Evidence,Not Enough Evidence
P194P4,P194P4_T2,P194P4_T2_5,5,condition_contradicted,Not Supported,Not Supported
P194P3,P194P3_T6,P194P3_T6_3,3,condition_removed,Not Enough Evidence,Not Enough Evidence
P56P4,P56P4_T1,P56P4_T1_5,5,condition_contradicted,Not Supported,Not Supported
P76P9,P76P9_T1,P76P9_T1_5,5,condition_contradicted,Not Supported,Not Supported
P195P6,P195P6_T2,P195P6_T2_4,4,supported,Supported,Supported
P116P9,P116P9_T1,P116P9_T1_5,5,condition_contradicted,Not Supported,Not Supported
P76P5,P76P5_T1,P76P5_T1_2,2,condition_replaced,Not Enough Evidence,Not Enough Evidence
P20P7,P20P7_T3,P20P7_T3_1,1,relation_contradicted,Not Supported,Not Supported
P50P1,P50P1_T1,P50P1_T1_1,1,relation_contradicted,Not Supported,Not Supported
P142P2,P142P2_T1,P142P2_T1_5,5,condition_contradicted,Not Supported,Not Supported
P139P7,P139P7_T2,P139P7_T2_1,1,relation_contradicted,Not Supported,Not Supported
P123P7,P123P7_T1,P123P7_T1_3,3,condition_removed,Not Enough Evidence,Not Enough Evidence
P132P1,P132P1_T1,P132P1_T1_3,3,condition_removed,Not Enough Evidence,Not Enough Evidence
P113P30,P113P30_T1,P113P30_T1_1,1,relation_contradicted,Not Supported,Not Supported
P12PR8,P12PR8_T2,P12PR8_T2_1,1,relation_contradicted,Not Supported,Not Supported
P198P6,P198P6_T1,P198P6_T1_1,1,relation_contradicted,Not Supported,Supported
P127P5,P127P5_T1,P127P5_T1_1,1,relation_contradicted,Not Supported,Not Supported
P50P2,P50P2_T1,P50P2_T1_1,1,relation_contradicted,Not Supported,Not Supported
P59P5,P59P5_T2,P59P5_T2_1,1,relation_contradicted,Not Supported,Not Supported
P23P6,P23P6_T4,P23P6_T4_3,3,condition_removed,Not Enough Evidence,Not Enough Evidence
P83P3,P83P3_T5,P83P3_T5_4,4,supported,Supported,Not Enough Evidence
P121P1,P121P1_T4,P121P1_T4_5,5,condition_contradicted,Not Supported,Not Supported
P20P4,P20P4_T4,P20P4_T4_2,2,condition_replaced,Not Enough Evidence,Not Enough Evidence
P15P1,P15P1_T10,P15P1_T10_5,5,condition_contradicted,Not Supported,Not Supported
P65P8,P65P8_T1,P65P8_T1_4,4,supported,Supported,Supported
P102P3,P102P3_T1,P102P3_T1_2,2,condition_replaced,Not Enough Evidence,Not Enough Evidence
P31P5,P31P5_T2,P31P5_T2_2,2,condition_replaced,Not Enough Evidence,Not Enough Evidence
P54P1,P54P1_T4,P54P1_T4_5,5,condition_contradicted,Not Supported,Supported
P134P5,P134P5_T1,P134P5_T1_4,4,supported,Supported,Supported
P84P5,P84P5_T3,P84P5_T3_2,2,condition_replaced,Not Enough Evidence,Not Enough Evidence
P36P7,P36P7_T3,P36P7_T3_5,5,condition_contradicted,Not Supported,Not Supported
P87P3,P87P3_T2,P87P3_T2_3,3,condition_removed,Not Enough Evidence,Not Enough Evidence
P23P6,P23P6_T2,P23P6_T2_2,2,condition_replaced,Not Enough Evidence,Not Enough Evidence
P74P1,P74P1_T1,P74P1_T1_1,1,relation_contradicted,Not Supported,Not Supported
P91P7,P91P7_T6,P91P7_T6_1,1,relation_contradicted,Not Supported,Not Supported
P157P3,P157P3_T1,P157P3_T1_2,2,condition_replaced,Not Enough Evidence,Not Supported
P59P4,P59P4_T2,P59P4_T2_4,4,supported,Supported,Supported
P70P12,P70P12_T4,P70P12_T4_4,4,supported,Supported,Supported
P37P9,P37P9_T1,P37P9_T1_4,4,supported,Supported,Supported
P54P4,P54P4_T1,P54P4_T1_2,2,condition_replaced,Not Enough Evidence,Not Supported
P27P1,P27P1_T4,P27P1_T4_5,5,condition_contradicted,Not Supported,Not Supported
P69P4,P69P4_T1,P69P4_T1_5,5,condition_contradicted,Not Supported,Not Supported
P119P8,P119P8_T1,P119P8_T1_5,5,condition_contradicted,Not Supported,Not Supported
P168P1,P168P1_T2,P168P1_T2_1,1,relation_contradicted,Not Supported,Not Supported
P41P7,P41P7_T2,P41P7_T2_3,3,condition_removed,Not Enough Evidence,Not Enough Evidence
P104P2,P104P2_T5,P104P2_T5_2,2,condition_replaced,Not Enough Evidence,Not Enough Evidence
P118P5,P118P5_T3,P118P5_T3_3,3,condition_removed,Not Enough Evidence,Not Enough Evidence
P91P7,P91P7_T1,P91P7_T1_2,2,condition_replaced,Not Enough Evidence,Not Enough Evidence
P113P3,P113P3_T1,P113P3_T1_2,2,condition_replaced,Not Enough Evidence,Not Supported
P139P8,P139P8_T1,P139P8_T1_3,3,condition_removed,Not Enough Evidence,Not Enough Evidence
P48P4,P48P4_T2,P48P4_T2_2,2,condition_replaced,Not Enough Evidence,Not Enough Evidence
P192P1,P192P1_T5,P192P1_T5_4,4,supported,Supported,Supported
P37P9,P37P9_T1,P37P9_T1_3,3,condition_removed,Not Enough Evidence,Not Enough Evidence
P70P4,P70P4_T3,P70P4_T3_4,4,supported,Supported,Supported
P121P6,P121P6_T1,P121P6_T1_1,1,relation_contradicted,Not Supported,Not Supported
P104P11,P104P11_T1,P104P11_T1_4,4,supported,Supported,Supported
P71P4,P71P4_T1,P71P4_T1_1,1,relation_contradicted,Not Supported,Not Supported
P118P16,P118P16_T3,P118P16_T3_5,5,condition_contradicted,Not Supported,Not Supported
P116P1,P116P1_T1,P116P1_T1_5,5,condition_contradicted,Not Supported,Not Supported
P81P10,P81P10_T3,P81P10_T3_2,2,condition_replaced,Not Enough Evidence,Not Enough Evidence
P153P3,P153P3_T1,P153P3_T1_3,3,condition_removed,Not Enough Evidence,Not Enough Evidence
P74P8,P74P8_T1,P74P8_T1_4,4,supported,Supported,Supported
P30P3,P30P3_T1,P30P3_T1_1,1,relation_contradicted,Not Supported,Not Supported
P112P8,P112P8_T2,P112P8_T2_4,4,supported,Supported,Not Supported
P27P1,P27P1_T4,P27P1_T4_3,3,condition_removed,Not Enough Evidence,Not Supported
P11PR8,P11PR8_T1,P11PR8_T1_2,2,condition_replaced,Not Enough Evidence,Not Enough Evidence
P66P1,P66P1_T5,P66P1_T5_3,3,condition_removed,Not Enough Evidence,Not Enough Evidence
P13P8,P13P8_T4,P13P8_T4_1,1,relation_contradicted,Not Supported,Supported
P111P8,P111P8_T2,P111P8_T2_5,5,condition_contradicted,Not Supported,Not Supported
P83P10,P83P10_T1,P83P10_T1_5,5,condition_contradicted,Not Supported,Not Supported
P194P3,P194P3_T1,P194P3_T1_3,3,condition_removed,Not Enough Evidence,Not Enough Evidence
P57P7,P57P7_T5,P57P7_T5_1,1,relation_contradicted,Not Supported,Not Supported
P62P1,P62P1_T6,P62P1_T6_2,2,condition_replaced,Not Enough Evidence,Not Supported
P124P3,P124P3_T2,P124P3_T2_5,5,condition_contradicted,Not Supported,Not Supported
P91P6,P91P6_T2,P91P6_T2_3,3,condition_removed,Not Enough Evidence,Not Enough Evidence
P75P9,P75P9_T1,P75P9_T1_2,2,condition_replaced,Not Enough Evidence,Not Enough Evidence
P112P8,P112P8_T4,P112P8_T4_2,2,condition_replaced,Not Enough Evidence,Not Supported
P115P5,P115P5_T2,P115P5_T2_1,1,relation_contradicted,Not Supported,Not Supported
P118P11,P118P11_T1,P118P11_T1_5,5,condition_contradicted,Not Supported,Not Supported
P139P8,P139P8_T2,P139P8_T2_4,4,supported,Supported,Supported
P187P9,P187P9_T1,P187P9_T1_2,2,condition_replaced,Not Enough Evidence,Not Enough Evidence
P117P1,P117P1_T1,P117P1_T1_3,3,condition_removed,Not Enough Evidence,Not Enough Evidence
P56P4,P56P4_T1,P56P4_T1_3,3,condition_removed,Not Enough Evidence,Not Enough Evidence
P62P6,P62P6_T1,P62P6_T1_3,3,condition_removed,Not Enough Evidence,Not Enough Evidence
P35P6,P35P6_T1,P35P6_T1_2,2,condition_replaced,Not Enough Evidence,Not Enough Evidence
P77P5,P77P5_T5,P77P5_T5_2,2,condition_replaced,Not Enough Evidence,Not Enough Evidence
P70P7,P70P7_T1,P70P7_T1_1,1,relation_contradicted,Not Supported,Not Supported
P198P3,P198P3_T1,P198P3_T1_1,1,relation_contradicted,Not Supported,Not Supported
P115P8,P115P8_T2,P115P8_T2_3,3,condition_removed,Not Enough Evidence,Not Enough Evidence
P193P2,P193P2_T1,P193P2_T1_4,4,supported,Supported,Supported
P139P6,P139P6_T2,P139P6_T2_3,3,condition_removed,Not Enough Evidence,Not Enough Evidence
P57P1,P57P1_T1,P57P1_T1_2,2,condition_replaced,Not Enough Evidence,Not Enough Evidence
P197P6,P197P6_T1,P197P6_T1_2,2,condition_replaced,Not Enough Evidence,Not Enough Evidence
P83P1,P83P1_T1,P83P1_T1_5,5,condition_contradicted,Not Supported,Not Supported
P179P4,P179P4_T1,P179P4_T1_4,4,supported,Supported,Not Enough Evidence
P197P5,P197P5_T11,P197P5_T11_2,2,condition_replaced,Not Enough Evidence,Not Enough Evidence
P186P1,P186P1_T1,P186P1_T1_3,3,condition_removed,Not Enough Evidence,Not Supported
P153P3,P153P3_T1,P153P3_T1_4,4,supported,Supported,Supported
P91P7,P91P7_T2,P91P7_T2_3,3,condition_removed,Not Enough Evidence,Not Enough Evidence
P118P17,P118P17_T1,P118P17_T1_1,1,relation_contradicted,Not Supported,Not Supported
P83P7,P83P7_T2,P83P7_T2_4,4,supported,Supported,Supported
P104P1,P104P1_T1,P104P1_T1_3,3,condition_removed,Not Enough Evidence,Not Enough Evidence
P70P13,P70P13_T4,P70P13_T4_1,1,relation_contradicted,Not Supported,Not Supported
P54P1,P54P1_T1,P54P1_T1_1,1,relation_contradicted,Not Supported,Not Supported
P187P2,P187P2_T1,P187P2_T1_4,4,supported,Supported,Supported
P125P11,P125P11_T1,P125P11_T1_1,1,relation_contradicted,Not Supported,Not Supported
P61P4,P61P4_T3,P61P4_T3_2,2,condition_replaced,Not Enough Evidence,Not Enough Evidence
P117P1,P117P1_T1,P117P1_T1_1,1,relation_contradicted,Not Supported,Not Supported
P103P4,P103P4_T2,P103P4_T2_4,4,supported,Supported,Supported
P118P14,P118P14_T1,P118P14_T1_1,1,relation_contradicted,Not Supported,Not Supported
P111P8,P111P8_T1,P111P8_T1_5,5,condition_contradicted,Not Supported,Not Supported
P101P11,P101P11_T2,P101P11_T2_4,4,supported,Supported,Supported
P20P6,P20P6_T3,P20P6_T3_5,5,condition_contradicted,Not Supported,Not Supported
P12PR1,P12PR1_T4,P12PR1_T4_3,3,condition_removed,Not Enough Evidence,Not Supported
P157P4,P157P4_T1,P157P4_T1_5,5,condition_contradicted,Not Supported,Not Supported
P172P4,P172P4_T1,P172P4_T1_3,3,condition_removed,Not Enough Evidence,Not Enough Evidence
P127P6,P127P6_T2,P127P6_T2_2,2,condition_replaced,Not Enough Evidence,Not Enough Evidence
P56P10,P56P10_T1,P56P10_T1_1,1,relation_contradicted,Not Supported,Not Supported
P113P15,P113P15_T1,P113P15_T1_2,2,condition_replaced,Not Enough Evidence,Not Enough Evidence
P93P1,P93P1_T1,P93P1_T1_2,2,condition_replaced,Not Enough Evidence,Not Enough Evidence
P127P5,P127P5_T1,P127P5_T1_5,5,condition_contradicted,Not Supported,Not Supported
P103P1,P103P1_T4,P103P1_T4_2,2,condition_replaced,Not Enough Evidence,Not Supported
P134P6,P134P6_T1,P134P6_T1_2,2,condition_replaced,Not Enough Evidence,Not Enough Evidence
P77P5,P77P5_T7,P77P5_T7_4,4,supported,Supported,Supported
P109P11,P109P11_T1,P109P11_T1_1,1,relation_contradicted,Not Supported,Not Supported
P39P6,P39P6_T1,P39P6_T1_2,2,condition_replaced,Not Enough Evidence,Not Enough Evidence
P128P6,P128P6_T1,P128P6_T1_3,3,condition_removed,Not Enough Evidence,Not Enough Evidence
P102P10,P102P10_T2,P102P10_T2_4,4,supported,Supported,Supported
P83P2,P83P2_T2,P83P2_T2_5,5,condition_contradicted,Not Supported,Not Supported
P60P3,P60P3_T1,P60P3_T1_1,1,relation_contradicted,Not Supported,Not Supported
P131P5,P131P5_T2,P131P5_T2_1,1,relation_contradicted,Not Supported,Not Enough Evidence
P87P22,P87P22_T1,P87P22_T1_2,2,condition_replaced,Not Enough Evidence,Not Enough Evidence
P47P4,P47P4_T2,P47P4_T2_4,4,supported,Supported,Supported
P88P13,P88P13_T1,P88P13_T1_1,1,relation_contradicted,Not Supported,Not Supported
P79P3,P79P3_T1,P79P3_T1_4,4,supported,Supported,Supported
P183P3,P183P3_T3,P183P3_T3_4,4,supported,Supported,Supported
P70P12,P70P12_T3,P70P12_T3_3,3,condition_removed,Not Enough Evidence,Not Enough Evidence
P28P7,P28P7_T3,P28P7_T3_1,1,relation_contradicted,Not Supported,Not Supported
P88P14,P88P14_T1,P88P14_T1_1,1,relation_contradicted,Not Supported,Not Supported
P81P6,P81P6_T2,P81P6_T2_2,2,condition_replaced,Not Enough Evidence,Not Enough Evidence
P91P7,P91P7_T4,P91P7_T4_2,2,condition_replaced,Not Enough Evidence,Not Enough Evidence
P197P1,P197P1_T3,P197P1_T3_1,1,relation_contradicted,Not Supported,Not Supported
P188P8,P188P8_T1,P188P8_T1_4,4,supported,Supported,Supported
P91P7,P91P7_T4,P91P7_T4_5,5,condition_contradicted,Not Supported,Not Supported
P66P4,P66P4_T3,P66P4_T3_5,5,condition_contradicted,Not Supported,Not Supported
P87P8,P87P8_T1,P87P8_T1_3,3,condition_removed,Not Enough Evidence,Not Enough Evidence
P163P9,P163P9_T1,P163P9_T1_3,3,condition_removed,Not Enough Evidence,Not Enough Evidence
P101P7,P101P7_T2,P101P7_T2_1,1,relation_contradicted,Not Supported,Not Supported
P173P6,P173P6_T1,P173P6_T1_4,4,supported,Supported,Supported
P127P7,P127P7_T3,P127P7_T3_4,4,supported,Supported,Supported
P177P6,P177P6_T1,P177P6_T1_2,2,condition_replaced,Not Enough Evidence,Not Enough Evidence
P23P5,P23P5_T1,P23P5_T1_1,1,relation_contradicted,Not Supported,Not Supported
P77P9,P77P9_T3,P77P9_T3_3,3,condition_removed,Not Enough Evidence,Not Enough Evidence
P103P7,P103P7_T3,P103P7_T3_4,4,supported,Supported,Supported
P186P3,P186P3_T3,P186P3_T3_4,4,supported,Supported,Supported
P87P15,P87P15_T2,P87P15_T2_3,3,condition_removed,Not Enough Evidence,Not Enough Evidence
P200P7,P200P7_T2,P200P7_T2_4,4,supported,Supported,Supported
P71P8,P71P8_T1,P71P8_T1_4,4,supported,Supported,Supported
P81P10,P81P10_T3,P81P10_T3_4,4,supported,Supported,Not Supported
P81P13,P81P13_T2,P81P13_T2_3,3,condition_removed,Not Enough Evidence,Not Enough Evidence
P94P4,P94P4_T1,P94P4_T1_4,4,supported,Supported,Supported
P11PR11,P11PR11_T3,P11PR11_T3_5,5,condition_contradicted,Not Supported,Not Supported
P133P1,P133P1_T2,P133P1_T2_2,2,condition_replaced,Not Enough Evidence,Not Enough Evidence
P37P5,P37P5_T1,P37P5_T1_5,5,condition_contradicted,Not Supported,Not Supported
P77P5,P77P5_T5,P77P5_T5_1,1,relation_contradicted,Not Supported,Not Supported
P78P1,P78P1_T1,P78P1_T1_2,2,condition_replaced,Not Enough Evidence,Not Enough Evidence
P66P2,P66P2_T1,P66P2_T1_3,3,condition_removed,Not Enough Evidence,Not Enough Evidence
P19P3,P19P3_T1,P19P3_T1_3,3,condition_removed,Not Enough Evidence,Not Enough Evidence
P113P25,P113P25_T2,P113P25_T2_1,1,relation_contradicted,Not Supported,Not Supported
P124P3,P124P3_T1,P124P3_T1_4,4,supported,Supported,Supported
P174P9,P174P9_T1,P174P9_T1_5,5,condition_contradicted,Not Supported,Not Supported
P71P9,P71P9_T1,P71P9_T1_2,2,condition_replaced,Not Enough Evidence,Not Enough Evidence
P69P5,P69P5_T1,P69P5_T1_3,3,condition_removed,Not Enough Evidence,Not Enough Evidence
P124P12,P124P12_T2,P124P12_T2_5,5,condition_contradicted,Not Supported,Not Supported
P76P11,P76P11_T1,P76P11_T1_4,4,supported,Supported,Supported
P72P9,P72P9_T1,P72P9_T1_5,5,condition_contradicted,Not Supported,Not Supported
P83P10,P83P10_T2,P83P10_T2_1,1,relation_contradicted,Not Supported,Not Supported
P18P5,P18P5_T3,P18P5_T3_4,4,supported,Supported,Supported
P111P8,P111P8_T5,P111P8_T5_1,1,relation_contradicted,Not Supported,Not Supported
P59P4,P59P4_T6,P59P4_T6_1,1,relation_contradicted,Not Supported,Not Supported
P41P5,P41P5_T1,P41P5_T1_3,3,condition_removed,Not Enough Evidence,Not Enough Evidence
P13P3,P13P3_T2,P13P3_T2_1,1,relation_contradicted,Not Supported,Not Supported
P21P8,P21P8_T2,P21P8_T2_3,3,condition_removed,Not Enough Evidence,Not Enough Evidence
P13P6,P13P6_T4,P13P6_T4_4,4,supported,Supported,Supported
P41P5,P41P5_T1,P41P5_T1_5,5,condition_contradicted,Not Supported,Not Supported
P73P2,P73P2_T1,P73P2_T1_3,3,condition_removed,Not Enough Evidence,Not Enough Evidence
P125P11,P125P11_T2,P125P11_T2_1,1,relation_contradicted,Not Supported,Not Supported
P116P4,P116P4_T2,P116P4_T2_3,3,condition_removed,Not Enough Evidence,Not Enough Evidence
P196P5,P196P5_T1,P196P5_T1_3,3,condition_removed,Not Enough Evidence,Not Enough Evidence
P18P5,P18P5_T4,P18P5_T4_1,1,relation_contradicted,Not Supported,Not Supported
P79P8,P79P8_T2,P79P8_T2_2,2,condition_replaced,Not Enough Evidence,Not Enough Evidence
P88P18,P88P18_T1,P88P18_T1_3,3,condition_removed,Not Enough Evidence,Not Enough Evidence
P127P4,P127P4_T7,P127P4_T7_4,4,supported,Supported,Not Supported
P186P1,P186P1_T1,P186P1_T1_5,5,condition_contradicted,Not Supported,Not Supported
P79P3,P79P3_T1,P79P3_T1_3,3,condition_removed,Not Enough Evidence,Not Enough Evidence
P13P8,P13P8_T1,P13P8_T1_4,4,supported,Supported,Supported
P181P5,P181P5_T1,P181P5_T1_2,2,condition_replaced,Not Enough Evidence,Not Enough Evidence
P156P1,P156P1_T2,P156P1_T2_3,3,condition_removed,Not Enough Evidence,Supported
P198P6,P198P6_T2,P198P6_T2_1,1,relation_contradicted,Not Supported,Not Supported
P84P5,P84P5_T1,P84P5_T1_4,4,supported,Supported,Supported
P76P12,P76P12_T1,P76P12_T1_4,4,supported,Supported,Supported
P115P8,P115P8_T1,P115P8_T1_3,3,condition_removed,Not Enough Evidence,Not Enough Evidence
P65P7,P65P7_T1,P65P7_T1_3,3,condition_removed,Not Enough Evidence,Not Enough Evidence
P90P12,P90P12_T1,P90P12_T1_1,1,relation_contradicted,Not Supported,Not Supported
P102P5,P102P5_T1,P102P5_T1_2,2,condition_replaced,Not Enough Evidence,Not Enough Evidence
P76P11,P76P11_T1,P76P11_T1_5,5,condition_contradicted,Not Supported,Not Supported
P178P4,P178P4_T3,P178P4_T3_1,1,relation_contradicted,Not Supported,Not Supported
P116P2,P116P2_T1,P116P2_T1_3,3,condition_removed,Not Enough Evidence,Not Enough Evidence
P22P8,P22P8_T2,P22P8_T2_1,1,relation_contradicted,Not Supported,Not Enough Evidence
P32P4,P32P4_T1,P32P4_T1_1,1,relation_contradicted,Not Supported,Not Supported
P130P18,P130P18_T1,P130P18_T1_5,5,condition_contradicted,Not Supported,Not Supported
P154P6,P154P6_T1,P154P6_T1_3,3,condition_removed,Not Enough Evidence,Not Enough Evidence
P59P2,P59P2_T1,P59P2_T1_3,3,condition_removed,Not Enough Evidence,Not Enough Evidence
P111P8,P111P8_T3,P111P8_T3_1,1,relation_contradicted,Not Supported,Not Supported
P102P5,P102P5_T2,P102P5_T2_1,1,relation_contradicted,Not Supported,Not Enough Evidence
P168P1,P168P1_T3,P168P1_T3_3,3,condition_removed,Not Enough Evidence,Not Enough Evidence
P41P7,P41P7_T3,P41P7_T3_3,3,condition_removed,Not Enough Evidence,Not Enough Evidence
P189P8,P189P8_T1,P189P8_T1_4,4,supported,Supported,Supported
P18P10,P18P10_T1,P18P10_T1_1,1,relation_contradicted,Not Supported,Not Supported
P83P3,P83P3_T4,P83P3_T4_3,3,condition_removed,Not Enough Evidence,Not Enough Evidence
P104P1,P104P1_T2,P104P1_T2_5,5,condition_contradicted,Not Supported,Not Supported
P91P7,P91P7_T5,P91P7_T5_2,2,condition_replaced,Not Enough Evidence,Not Enough Evidence
P87P20,P87P20_T2,P87P20_T2_5,5,condition_contradicted,Not Supported,Not Supported
P96P13,P96P13_T1,P96P13_T1_2,2,condition_replaced,Not Enough Evidence,Not Enough Evidence
P70P3,P70P3_T1,P70P3_T1_2,2,condition_replaced,Not Enough Evidence,Not Enough Evidence
P161P1,P161P1_T3,P161P1_T3_2,2,condition_replaced,Not Enough Evidence,Not Supported
P55P3,P55P3_T2,P55P3_T2_2,2,condition_replaced,Not Enough Evidence,Not Enough Evidence
P71P8,P71P8_T1,P71P8_T1_1,1,relation_contradicted,Not Supported,Not Supported
P172P3,P172P3_T1,P172P3_T1_1,1,relation_contradicted,Not Supported,Not Supported
P12PR8,P12PR8_T8,P12PR8_T8_1,1,relation_contradicted,Not Supported,Not Supported
P65P4,P65P4_T1,P65P4_T1_2,2,condition_replaced,Not Enough Evidence,Not Enough Evidence
P77P5,P77P5_T6,P77P5_T6_3,3,condition_removed,Not Enough Evidence,Not Enough Evidence
P91P6,P91P6_T2,P91P6_T2_1,1,relation_contradicted,Not Supported,Not Supported
P24P3,P24P3_T1,P24P3_T1_4,4,supported,Supported,Supported
P83P3,P83P3_T3,P83P3_T3_4,4,supported,Supported,Supported
P197P5,P197P5_T7,P197P5_T7_4,4,supported,Supported,Supported
P163P6,P163P6_T1,P163P6_T1_3,3,condition_removed,Not Enough Evidence,Not Supported
P104P4,P104P4_T3,P104P4_T3_1,1,relation_contradicted,Not Supported,Not Supported
P138P7,P138P7_T1,P138P7_T1_5,5,condition_contradicted,Not Supported,Not Supported
P74P9,P74P9_T1,P74P9_T1_5,5,condition_contradicted,Not Supported,Not Supported
P117P7,P117P7_T1,P117P7_T1_4,4,supported,Supported,Supported
P32P1,P32P1_T1,P32P1_T1_5,5,condition_contradicted,Not Supported,Not Supported
P93P3,P93P3_T3,P93P3_T3_1,1,relation_contradicted,Not Supported,Not Supported
P66P1,P66P1_T2,P66P1_T2_4,4,supported,Supported,Supported
P87P15,P87P15_T2,P87P15_T2_1,1,relation_contradicted,Not Supported,Not Supported
P12PR8,P12PR8_T7,P12PR8_T7_5,5,condition_contradicted,Not Supported,Not Supported
P127P6,P127P6_T3,P127P6_T3_3,3,condition_removed,Not Enough Evidence,Not Enough Evidence
P17P6,P17P6_T3,P17P6_T3_2,2,condition_replaced,Not Enough Evidence,Not Enough Evidence
P81P10,P81P10_T4,P81P10_T4_1,1,relation_contradicted,Not Supported,Not Supported
P124P7,P124P7_T2,P124P7_T2_5,5,condition_contradicted,Not Supported,Not Supported
P148P5,P148P5_T1,P148P5_T1_4,4,supported,Supported,Not Supported
P81P1,P81P1_T1,P81P1_T1_4,4,supported,Supported,Supported
P83P3,P83P3_T1,P83P3_T1_2,2,condition_replaced,Not Enough Evidence,Not Enough Evidence
P23P6,P23P6_T2,P23P6_T2_3,3,condition_removed,Not Enough Evidence,Not Enough Evidence
P60P1,P60P1_T1,P60P1_T1_3,3,condition_removed,Not Enough Evidence,Not Enough Evidence
P190P2,P190P2_T1,P190P2_T1_3,3,condition_removed,Not Enough Evidence,Not Enough Evidence
P84P3,P84P3_T3,P84P3_T3_1,1,relation_contradicted,Not Supported,Supported
P197P3,P197P3_T1,P197P3_T1_3,3,condition_removed,Not Enough Evidence,Not Enough Evidence
P116P3,P116P3_T1,P116P3_T1_1,1,relation_contradicted,Not Supported,Not Supported
P179P1,P179P1_T1,P179P1_T1_1,1,relation_contradicted,Not Supported,Not Supported
P81P1,P81P1_T1,P81P1_T1_2,2,condition_replaced,Not Enough Evidence,Not Enough Evidence
P197P3,P197P3_T4,P197P3_T4_3,3,condition_removed,Not Enough Evidence,Not Enough Evidence
P178P4,P178P4_T2,P178P4_T2_5,5,condition_contradicted,Not Supported,Not Supported
P75P12,P75P12_T1,P75P12_T1_4,4,supported,Supported,Supported
P12PR1,P12PR1_T5,P12PR1_T5_5,5,condition_contradicted,Not Supported,Not Supported
P81P11,P81P11_T5,P81P11_T5_1,1,relation_contradicted,Not Supported,Not Supported
P62P5,P62P5_T1,P62P5_T1_1,1,relation_contradicted,Not Supported,Not Supported
P18P5,P18P5_T4,P18P5_T4_2,2,condition_replaced,Not Enough Evidence,Not Enough Evidence
P198P6,P198P6_T3,P198P6_T3_3,3,condition_removed,Not Enough Evidence,Not Enough Evidence
P18P9,P18P9_T1,P18P9_T1_4,4,supported,Supported,Supported
P35P6,P35P6_T3,P35P6_T3_5,5,condition_contradicted,Not Supported,Not Supported
P185P2,P185P2_T1,P185P2_T1_2,2,condition_replaced,Not Enough Evidence,Not Enough Evidence
P39P9,P39P9_T3,P39P9_T3_1,1,relation_contradicted,Not Supported,Not Supported
P65P3,P65P3_T1,P65P3_T1_5,5,condition_contradicted,Not Supported,Not Enough Evidence
P86P9,P86P9_T1,P86P9_T1_4,4,supported,Supported,Supported
P29P1,P29P1_T1,P29P1_T1_5,5,condition_contradicted,Not Supported,Not Supported
P86P5,P86P5_T2,P86P5_T2_1,1,relation_contradicted,Not Supported,Not Supported
P13P15,P13P15_T3,P13P15_T3_2,2,condition_replaced,Not Enough Evidence,Not Enough Evidence
P103P4,P103P4_T1,P103P4_T1_1,1,relation_contradicted,Not Supported,Not Supported
P139P7,P139P7_T2,P139P7_T2_2,2,condition_replaced,Not Enough Evidence,Not Enough Evidence
P182P9,P182P9_T2,P182P9_T2_4,4,supported,Supported,Supported
P39P6,P39P6_T4,P39P6_T4_5,5,condition_contradicted,Not Supported,Not Supported
P98P5,P98P5_T1,P98P5_T1_3,3,condition_removed,Not Enough Evidence,Not Enough Evidence
P62P1,P62P1_T5,P62P1_T5_4,4,supported,Supported,Supported
P81P3,P81P3_T1,P81P3_T1_2,2,condition_replaced,Not Enough Evidence,Not Enough Evidence
P125P14,P125P14_T2,P125P14_T2_2,2,condition_replaced,Not Enough Evidence,Not Enough Evidence
P127P11,P127P11_T3,P127P11_T3_4,4,supported,Supported,Not Enough Evidence
P50P6,P50P6_T1,P50P6_T1_3,3,condition_removed,Not Enough Evidence,Not Enough Evidence
P124P3,P124P3_T1,P124P3_T1_2,2,condition_replaced,Not Enough Evidence,Not Enough Evidence
P187P2,P187P2_T1,P187P2_T1_3,3,condition_removed,Not Enough Evidence,Not Enough Evidence
P19P3,P19P3_T2,P19P3_T2_3,3,condition_removed,Not Enough Evidence,Not Enough Evidence
P87P11,P87P11_T1,P87P11_T1_5,5,condition_contradicted,Not Supported,Not Supported
P101P11,P101P11_T2,P101P11_T2_5,5,condition_contradicted,Not Supported,Not Supported
P167P6,P167P6_T1,P167P6_T1_2,2,condition_replaced,Not Enough Evidence,Not Enough Evidence
P59P1,P59P1_T3,P59P1_T3_2,2,condition_replaced,Not Enough Evidence,Not Enough Evidence
P104P8,P104P8_T2,P104P8_T2_2,2,condition_replaced,Not Enough Evidence,Not Enough Evidence
P37P6,P37P6_T1,P37P6_T1_3,3,condition_removed,Not Enough Evidence,Not Enough Evidence
P197P1,P197P1_T4,P197P1_T4_3,3,condition_removed,Not Enough Evidence,Not Enough Evidence
P20P4,P20P4_T4,P20P4_T4_5,5,condition_contradicted,Not Supported,Not Supported
P81P11,P81P11_T5,P81P11_T5_3,3,condition_removed,Not Enough Evidence,Not Enough Evidence
P17P11,P17P11_T1,P17P11_T1_5,5,condition_contradicted,Not Supported,Not Supported
P24P4,P24P4_T3,P24P4_T3_3,3,condition_removed,Not Enough Evidence,Not Enough Evidence
P28P7,P28P7_T3,P28P7_T3_2,2,condition_replaced,Not Enough Evidence,Not Enough Evidence
P13P6,P13P6_T3,P13P6_T3_3,3,condition_removed,Not Enough Evidence,Not Enough Evidence
P100P13,P100P13_T1,P100P13_T1_4,4,supported,Supported,Supported
P125P14,P125P14_T1,P125P14_T1_4,4,supported,Supported,Supported
P154P18,P154P18_T1,P154P18_T1_5,5,condition_contradicted,Not Supported,Not Supported
P65P4,P65P4_T1,P65P4_T1_3,3,condition_removed,Not Enough Evidence,Not Enough Evidence
P13P8,P13P8_T1,P13P8_T1_1,1,relation_contradicted,Not Supported,Not Supported
P197P3,P197P3_T2,P197P3_T2_4,4,supported,Supported,Supported
P112P8,P112P8_T2,P112P8_T2_3,3,condition_removed,Not Enough Evidence,Not Supported
P87P15,P87P15_T6,P87P15_T6_4,4,supported,Supported,Not Supported
P85P7,P85P7_T2,P85P7_T2_5,5,condition_contradicted,Not Supported,Not Supported
P15P1,P15P1_T5,P15P1_T5_2,2,condition_replaced,Not Enough Evidence,Supported
P139P3,P139P3_T1,P139P3_T1_2,2,condition_replaced,Not Enough Evidence,Not Enough Evidence
P87P15,P87P15_T3,P87P15_T3_3,3,condition_removed,Not Enough Evidence,Not Enough Evidence
P44P6,P44P6_T1,P44P6_T1_2,2,condition_replaced,Not Enough Evidence,Not Enough Evidence
P121P1,P121P1_T2,P121P1_T2_2,2,condition_replaced,Not Enough Evidence,Not Enough Evidence
P91P7,P91P7_T7,P91P7_T7_2,2,condition_replaced,Not Enough Evidence,Not Enough Evidence
P17P4,P17P4_T1,P17P4_T1_1,1,relation_contradicted,Not Supported,Not Supported
P83P3,P83P3_T4,P83P3_T4_1,1,relation_contradicted,Not Supported,Not Supported
P49P8,P49P8_T1,P49P8_T1_1,1,relation_contradicted,Not Supported,Not Supported
P21P10,P21P10_T1,P21P10_T1_1,1,relation_contradicted,Not Supported,Supported
P197P5,P197P5_T6,P197P5_T6_4,4,supported,Supported,Supported
P22P11,P22P11_T1,P22P11_T1_5,5,condition_contradicted,Not Supported,Not Supported
P184P13,P184P13_T2,P184P13_T2_1,1,relation_contradicted,Not Supported,Not Supported
P70P12,P70P12_T4,P70P12_T4_1,1,relation_contradicted,Not Supported,Not Supported
P121P2,P121P2_T2,P121P2_T2_3,3,condition_removed,Not Enough Evidence,Not Enough Evidence
P59P4,P59P4_T4,P59P4_T4_3,3,condition_removed,Not Enough Evidence,Not Enough Evidence
P62P4,P62P4_T1,P62P4_T1_5,5,condition_contradicted,Not Supported,Not Supported
P93P3,P93P3_T5,P93P3_T5_5,5,condition_contradicted,Not Supported,Not Enough Evidence
P118P12,P118P12_T1,P118P12_T1_1,1,relation_contradicted,Not Supported,Not Supported
P44P7,P44P7_T1,P44P7_T1_2,2,condition_replaced,Not Enough Evidence,Not Enough Evidence
P105P8,P105P8_T1,P105P8_T1_4,4,supported,Supported,Supported
P56P11,P56P11_T1,P56P11_T1_2,2,condition_replaced,Not Enough Evidence,Not Enough Evidence
P39P9,P39P9_T4,P39P9_T4_3,3,condition_removed,Not Enough Evidence,Not Enough Evidence
P65P6,P65P6_T1,P65P6_T1_3,3,condition_removed,Not Enough Evidence,Not Enough Evidence
P187P4,P187P4_T1,P187P4_T1_2,2,condition_replaced,Not Enough Evidence,Not Enough Evidence
P173P5,P173P5_T1,P173P5_T1_5,5,condition_contradicted,Not Supported,Not Supported
P67P2,P67P2_T3,P67P2_T3_2,2,condition_replaced,Not Enough Evidence,Not Enough Evidence
P34P4,P34P4_T1,P34P4_T1_1,1,relation_contradicted,Not Supported,Not Enough Evidence
P39P9,P39P9_T1,P39P9_T1_4,4,supported,Supported,Supported
P127P1,P127P1_T4,P127P1_T4_5,5,condition_contradicted,Not Supported,Not Supported
P116P3,P116P3_T1,P116P3_T1_4,4,supported,Supported,Supported
P104P2,P104P2_T2,P104P2_T2_3,3,condition_removed,Not Enough Evidence,Not Enough Evidence
P39P9,P39P9_T4,P39P9_T4_2,2,condition_replaced,Not Enough Evidence,Not Enough Evidence
P87P1,P87P1_T2,P87P1_T2_4,4,supported,Supported,Supported
P139P8,P139P8_T2,P139P8_T2_2,2,condition_replaced,Not Enough Evidence,Not Enough Evidence
P94P5,P94P5_T2,P94P5_T2_2,2,condition_replaced,Not Enough Evidence,Not Enough Evidence
P67P7,P67P7_T1,P67P7_T1_5,5,condition_contradicted,Not Supported,Not Supported
P179P1,P179P1_T1,P179P1_T1_4,4,supported,Supported,Supported
P104P11,P104P11_T2,P104P11_T2_4,4,supported,Supported,Supported
P85P7,P85P7_T10,P85P7_T10_5,5,condition_contradicted,Not Supported,Not Supported
P33P4,P33P4_T2,P33P4_T2_4,4,supported,Supported,Supported
P96P14,P96P14_T1,P96P14_T1_3,3,condition_removed,Not Enough Evidence,Not Enough Evidence
P84P1,P84P1_T1,P84P1_T1_5,5,condition_contradicted,Not Supported,Not Supported
P57P7,P57P7_T2,P57P7_T2_2,2,condition_replaced,Not Enough Evidence,Not Enough Evidence
P99P8,P99P8_T1,P99P8_T1_3,3,condition_removed,Not Enough Evidence,Not Enough Evidence
P81P7,P81P7_T4,P81P7_T4_4,4,supported,Supported,Supported
P38P2,P38P2_T2,P38P2_T2_2,2,condition_replaced,Not Enough Evidence,Not Enough Evidence
P156P4,P156P4_T3,P156P4_T3_2,2,condition_replaced,Not Enough Evidence,Not Enough Evidence
P27P1,P27P1_T3,P27P1_T3_3,3,condition_removed,Not Enough Evidence,Not Supported
P115P4,P115P4_T3,P115P4_T3_3,3,condition_removed,Not Enough Evidence,Not Enough Evidence
P59P5,P59P5_T1,P59P5_T1_4,4,supported,Supported,Supported
P198P6,P198P6_T1,P198P6_T1_4,4,supported,Supported,Supported
P66P5,P66P5_T1,P66P5_T1_1,1,relation_contradicted,Not Supported,Not Supported
P32P6,P32P6_T1,P32P6_T1_1,1,relation_contradicted,Not Supported,Not Supported
P185P4,P185P4_T2,P185P4_T2_4,4,supported,Supported,Not Supported
P106P10,P106P10_T1,P106P10_T1_1,1,relation_contradicted,Not Supported,Not Supported
P19P2,P19P2_T2,P19P2_T2_4,4,supported,Supported,Supported
P192P1,P192P1_T2,P192P1_T2_4,4,supported,Supported,Supported
P70P7,P70P7_T1,P70P7_T1_4,4,supported,Supported,Supported
P85P7,P85P7_T6,P85P7_T6_1,1,relation_contradicted,Not Supported,Not Supported
P70P7,P70P7_T2,P70P7_T2_5,5,condition_contradicted,Not Supported,Not Supported
P54P1,P54P1_T3,P54P1_T3_1,1,relation_contradicted,Not Supported,Supported
P62P1,P62P1_T5,P62P1_T5_5,5,condition_contradicted,Not Supported,Not Supported
P20P6,P20P6_T3,P20P6_T3_3,3,condition_removed,Not Enough Evidence,Not Enough Evidence
P127P6,P127P6_T3,P127P6_T3_2,2,condition_replaced,Not Enough Evidence,Not Enough Evidence
P76P11,P76P11_T4,P76P11_T4_1,1,relation_contradicted,Not Supported,Not Supported
P115P4,P115P4_T2,P115P4_T2_5,5,condition_contradicted,Not Supported,Not Supported
P17P6,P17P6_T1,P17P6_T1_4,4,supported,Supported,Supported
P195P6,P195P6_T3,P195P6_T3_3,3,condition_removed,Not Enough Evidence,Not Enough Evidence
P17P5,P17P5_T1,P17P5_T1_2,2,condition_replaced,Not Enough Evidence,Not Enough Evidence
P71P8,P71P8_T1,P71P8_T1_3,3,condition_removed,Not Enough Evidence,Not Enough Evidence
P77P1,P77P1_T1,P77P1_T1_5,5,condition_contradicted,Not Supported,Not Supported
P161P5,P161P5_T1,P161P5_T1_3,3,condition_removed,Not Enough Evidence,Not Enough Evidence
P183P3,P183P3_T3,P183P3_T3_2,2,condition_replaced,Not Enough Evidence,Not Enough Evidence
P29P10,P29P10_T2,P29P10_T2_1,1,relation_contradicted,Not Supported,Not Supported
P77P1,P77P1_T4,P77P1_T4_5,5,condition_contradicted,Not Supported,Not Supported
P79P8,P79P8_T2,P79P8_T2_5,5,condition_contradicted,Not Supported,Not Supported
P13P15,P13P15_T1,P13P15_T1_3,3,condition_removed,Not Enough Evidence,Not Enough Evidence
P57P10,P57P10_T2,P57P10_T2_5,5,condition_contradicted,Not Supported,Supported
P35P3,P35P3_T3,P35P3_T3_3,3,condition_removed,Not Enough Evidence,Not Enough Evidence
P84P1,P84P1_T1,P84P1_T1_1,1,relation_contradicted,Not Supported,Not Supported
P118P5,P118P5_T1,P118P5_T1_3,3,condition_removed,Not Enough Evidence,Not Enough Evidence
P127P4,P127P4_T2,P127P4_T2_4,4,supported,Supported,Not Supported
P39P4,P39P4_T1,P39P4_T1_4,4,supported,Supported,Supported
P161P4,P161P4_T2,P161P4_T2_2,2,condition_replaced,Not Enough Evidence,Not Enough Evidence
P105P1,P105P1_T2,P105P1_T2_3,3,condition_removed,Not Enough Evidence,Not Enough Evidence
P47P6,P47P6_T1,P47P6_T1_2,2,condition_replaced,Not Enough Evidence,Not Enough Evidence
P127P15,P127P15_T2,P127P15_T2_4,4,supported,Supported,Supported
P105P8,P105P8_T1,P105P8_T1_5,5,condition_contradicted,Not Supported,Not Supported
P124P13,P124P13_T1,P124P13_T1_5,5,condition_contradicted,Not Supported,Not Supported
P54P1,P54P1_T4,P54P1_T4_3,3,condition_removed,Not Enough Evidence,Not Supported
P142P9,P142P9_T1,P142P9_T1_4,4,supported,Supported,Supported
P196P7,P196P7_T2,P196P7_T2_1,1,relation_contradicted,Not Supported,Not Supported
P127P4,P127P4_T4,P127P4_T4_1,1,relation_contradicted,Not Supported,Not Supported
P26P5,P26P5_T1,P26P5_T1_5,5,condition_contradicted,Not Supported,Not Supported
P174P9,P174P9_T1,P174P9_T1_2,2,condition_replaced,Not Enough Evidence,Not Enough Evidence
P20P7,P20P7_T3,P20P7_T3_2,2,condition_replaced,Not Enough Evidence,Not Enough Evidence
P27P2,P27P2_T1,P27P2_T1_3,3,condition_removed,Not Enough Evidence,Not Enough Evidence
P93P3,P93P3_T3,P93P3_T3_4,4,supported,Supported,Supported
P99P14,P99P14_T4,P99P14_T4_5,5,condition_contradicted,Not Supported,Not Supported
P12PR8,P12PR8_T5,P12PR8_T5_2,2,condition_replaced,Not Enough Evidence,Not Supported
P90P5,P90P5_T2,P90P5_T2_2,2,condition_replaced,Not Enough Evidence,Not Enough Evidence
P121P5,P121P5_T1,P121P5_T1_2,2,condition_replaced,Not Enough Evidence,Not Enough Evidence
P57P4,P57P4_T2,P57P4_T2_2,2,condition_replaced,Not Enough Evidence,Not Enough Evidence
P45P6,P45P6_T3,P45P6_T3_1,1,relation_contradicted,Not Supported,Not Supported
P184P14,P184P14_T3,P184P14_T3_3,3,condition_removed,Not Enough Evidence,Not Enough Evidence
P80P1,P80P1_T2,P80P1_T2_4,4,supported,Supported,Supported
P77P1,P77P1_T5,P77P1_T5_1,1,relation_contradicted,Not Supported,Not Supported
P12PR3,P12PR3_T2,P12PR3_T2_2,2,condition_replaced,Not Enough Evidence,Not Enough Evidence
P40P8,P40P8_T1,P40P8_T1_3,3,condition_removed,Not Enough Evidence,Not Enough Evidence
P37P7,P37P7_T1,P37P7_T1_3,3,condition_removed,Not Enough Evidence,Not Enough Evidence
P13P8,P13P8_T3,P13P8_T3_4,4,supported,Supported,Supported
P178P2,P178P2_T1,P178P2_T1_5,5,condition_contradicted,Not Supported,Not Supported
P76P7,P76P7_T3,P76P7_T3_5,5,condition_contradicted,Not Supported,Not Supported
P84P3,P84P3_T1,P84P3_T1_3,3,condition_removed,Not Enough Evidence,Not Enough Evidence
P83P2,P83P2_T4,P83P2_T4_4,4,supported,Supported,Not Enough Evidence
P76P2,P76P2_T1,P76P2_T1_1,1,relation_contradicted,Not Supported,Not Supported
P79P8,P79P8_T2,P79P8_T2_4,4,supported,Supported,Not Supported
P54P6,P54P6_T3,P54P6_T3_3,3,condition_removed,Not Enough Evidence,Not Enough Evidence
P72P6,P72P6_T1,P72P6_T1_2,2,condition_replaced,Not Enough Evidence,Not Enough Evidence
P130P10,P130P10_T1,P130P10_T1_5,5,condition_contradicted,Not Supported,Not Supported
P128P5,P128P5_T1,P128P5_T1_3,3,condition_removed,Not Enough Evidence,Not Enough Evidence
P11PR3,P11PR3_T1,P11PR3_T1_1,1,relation_contradicted,Not Supported,Not Supported
P103P4,P103P4_T2,P103P4_T2_5,5,condition_contradicted,Not Supported,Not Supported
P30P4,P30P4_T1,P30P4_T1_5,5,condition_contradicted,Not Supported,Not Supported
P177P8,P177P8_T1,P177P8_T1_1,1,relation_contradicted,Not Supported,Not Supported
P78P1,P78P1_T1,P78P1_T1_1,1,relation_contradicted,Not Supported,Not Supported
P104P1,P104P1_T1,P104P1_T1_5,5,condition_contradicted,Not Supported,Not Supported
P121P2,P121P2_T1,P121P2_T1_5,5,condition_contradicted,Not Supported,Not Supported
P122P7,P122P7_T2,P122P7_T2_3,3,condition_removed,Not Enough Evidence,Not Enough Evidence
P134P6,P134P6_T1,P134P6_T1_5,5,condition_contradicted,Not Supported,Not Supported
P193P4,P193P4_T4,P193P4_T4_4,4,supported,Supported,Supported
P29P9,P29P9_T1,P29P9_T1_2,2,condition_replaced,Not Enough Evidence,Not Enough Evidence
P79P10,P79P10_T2,P79P10_T2_4,4,supported,Supported,Not Supported
P81P9,P81P9_T1,P81P9_T1_3,3,condition_removed,Not Enough Evidence,Not Enough Evidence
P87P20,P87P20_T4,P87P20_T4_2,2,condition_replaced,Not Enough Evidence,Not Enough Evidence
P117P6,P117P6_T1,P117P6_T1_5,5,condition_contradicted,Not Supported,Not Supported
P155P7,P155P7_T1,P155P7_T1_1,1,relation_contradicted,Not Supported,Not Supported
P163P6,P163P6_T1,P163P6_T1_1,1,relation_contradicted,Not Supported,Not Supported
P15P4,P15P4_T1,P15P4_T1_3,3,condition_removed,Not Enough Evidence,Not Enough Evidence
P170P1,P170P1_T1,P170P1_T1_4,4,supported,Supported,Supported
P104P8,P104P8_T2,P104P8_T2_5,5,condition_contradicted,Not Supported,Not Supported
P20P6,P20P6_T1,P20P6_T1_2,2,condition_replaced,Not Enough Evidence,Not Enough Evidence
P183P3,P183P3_T2,P183P3_T2_2,2,condition_replaced,Not Enough Evidence,Not Enough Evidence
P58P4,P58P4_T2,P58P4_T2_5,5,condition_contradicted,Not Supported,Not Supported
P85P7,P85P7_T1,P85P7_T1_3,3,condition_removed,Not Enough Evidence,Not Supported
P130P4,P130P4_T1,P130P4_T1_4,4,supported,Supported,Supported
P87P4,P87P4_T1,P87P4_T1_5,5,condition_contradicted,Not Supported,Not Supported
P197P1,P197P1_T2,P197P1_T2_3,3,condition_removed,Not Enough Evidence,Not Enough Evidence
P76P8,P76P8_T3,P76P8_T3_5,5,condition_contradicted,Not Supported,Not Supported
P104P2,P104P2_T1,P104P2_T1_5,5,condition_contradicted,Not Supported,Not Supported
P88P14,P88P14_T1,P88P14_T1_2,2,condition_replaced,Not Enough Evidence,Not Enough Evidence
P172P3,P172P3_T1,P172P3_T1_3,3,condition_removed,Not Enough Evidence,Not Enough Evidence
P179P4,P179P4_T1,P179P4_T1_3,3,condition_removed,Not Enough Evidence,Not Enough Evidence
P75P1,P75P1_T1,P75P1_T1_4,4,supported,Supported,Supported
P135P7,P135P7_T1,P135P7_T1_3,3,condition_removed,Not Enough Evidence,Not Enough Evidence
P173P3,P173P3_T1,P173P3_T1_4,4,supported,Supported,Not Supported
P125P2,P125P2_T3,P125P2_T3_2,2,condition_replaced,Not Enough Evidence,Not Enough Evidence
P129P8,P129P8_T1,P129P8_T1_2,2,condition_replaced,Not Enough Evidence,Not Enough Evidence
P127P1,P127P1_T4,P127P1_T4_2,2,condition_replaced,Not Enough Evidence,Not Enough Evidence
P27P2,P27P2_T1,P27P2_T1_5,5,condition_contradicted,Not Supported,Not Supported
P188P2,P188P2_T1,P188P2_T1_2,2,condition_replaced,Not Enough Evidence,Not Enough Evidence
P23P8,P23P8_T1,P23P8_T1_2,2,condition_replaced,Not Enough Evidence,Not Enough Evidence
P59P1,P59P1_T4,P59P1_T4_3,3,condition_removed,Not Enough Evidence,Not Enough Evidence
P71P4,P71P4_T1,P71P4_T1_4,4,supported,Supported,Supported
P192P1,P192P1_T3,P192P1_T3_5,5,condition_contradicted,Not Supported,Not Supported
P23P6,P23P6_T3,P23P6_T3_5,5,condition_contradicted,Not Supported,Not Supported
P66P4,P66P4_T1,P66P4_T1_2,2,condition_replaced,Not Enough Evidence,Not Enough Evidence
P20P7,P20P7_T2,P20P7_T2_5,5,condition_contradicted,Not Supported,Not Supported
P38P6,P38P6_T1,P38P6_T1_4,4,supported,Supported,Supported
P11PR12,P11PR12_T1,P11PR12_T1_2,2,condition_replaced,Not Enough Evidence,Not Enough Evidence
P19P2,P19P2_T2,P19P2_T2_3,3,condition_removed,Not Enough Evidence,Not Enough Evidence
P197P1,P197P1_T2,P197P1_T2_1,1,relation_contradicted,Not Supported,Not Supported
P192P1,P192P1_T2,P192P1_T2_3,3,condition_removed,Not Enough Evidence,Not Enough Evidence
P20P2,P20P2_T2,P20P2_T2_2,2,condition_replaced,Not Enough Evidence,Not Enough Evidence
P38P6,P38P6_T3,P38P6_T3_3,3,condition_removed,Not Enough Evidence,Not Enough Evidence
P197P1,P197P1_T2,P197P1_T2_2,2,condition_replaced,Not Enough Evidence,Not Enough Evidence
P94P1,P94P1_T3,P94P1_T3_3,3,condition_removed,Not Enough Evidence,Not Enough Evidence
P87P20,P87P20_T1,P87P20_T1_2,2,condition_replaced,Not Enough Evidence,Not Enough Evidence
P102P10,P102P10_T3,P102P10_T3_2,2,condition_replaced,Not Enough Evidence,Not Enough Evidence
P90P3,P90P3_T2,P90P3_T2_3,3,condition_removed,Not Enough Evidence,Not Enough Evidence
P68P6,P68P6_T3,P68P6_T3_1,1,relation_contradicted,Not Supported,Not Supported
P55P4,P55P4_T3,P55P4_T3_3,3,condition_removed,Not Enough Evidence,Not Supported
P198P6,P198P6_T4,P198P6_T4_2,2,condition_replaced,Not Enough Evidence,Not Enough Evidence
P159P7,P159P7_T1,P159P7_T1_2,2,condition_replaced,Not Enough Evidence,Not Enough Evidence
P187P2,P187P2_T1,P187P2_T1_1,1,relation_contradicted,Not Supported,Not Supported
P12PR8,P12PR8_T3,P12PR8_T3_5,5,condition_contradicted,Not Supported,Not Supported
P138P7,P138P7_T1,P138P7_T1_2,2,condition_replaced,Not Enough Evidence,Not Enough Evidence
P167P6,P167P6_T1,P167P6_T1_5,5,condition_contradicted,Not Supported,Not Supported
P83P3,P83P3_T6,P83P3_T6_4,4,supported,Supported,Not Enough Evidence
P103P1,P103P1_T5,P103P1_T5_3,3,condition_removed,Not Enough Evidence,Not Enough Evidence
P81P12,P81P12_T1,P81P12_T1_5,5,condition_contradicted,Not Supported,Not Supported
P103P7,P103P7_T2,P103P7_T2_4,4,supported,Supported,Supported
P175P3,P175P3_T1,P175P3_T1_5,5,condition_contradicted,Not Supported,Not Supported
P76P11,P76P11_T4,P76P11_T4_5,5,condition_contradicted,Not Supported,Not Supported
P58P1,P58P1_T3,P58P1_T3_4,4,supported,Supported,Supported
P72P11,P72P11_T3,P72P11_T3_4,4,supported,Supported,Supported
P83P3,P83P3_T2,P83P3_T2_2,2,condition_replaced,Not Enough Evidence,Not Enough Evidence
P185P1,P185P1_T3,P185P1_T3_5,5,condition_contradicted,Not Supported,Not Enough Evidence
P76P7,P76P7_T4,P76P7_T4_5,5,condition_contradicted,Not Supported,Not Supported
P47P6,P47P6_T1,P47P6_T1_4,4,supported,Supported,Supported
P128P5,P128P5_T1,P128P5_T1_5,5,condition_contradicted,Not Supported,Not Supported
P12PR8,P12PR8_T2,P12PR8_T2_2,2,condition_replaced,Not Enough Evidence,Not Supported
P33P1,P33P1_T3,P33P1_T3_1,1,relation_contradicted,Not Supported,Not Supported
P47P3,P47P3_T1,P47P3_T1_3,3,condition_removed,Not Enough Evidence,Not Enough Evidence
P127P4,P127P4_T1,P127P4_T1_5,5,condition_contradicted,Not Supported,Not Supported
P27P1,P27P1_T3,P27P1_T3_5,5,condition_contradicted,Not Supported,Not Supported
P81P5,P81P5_T2,P81P5_T2_2,2,condition_replaced,Not Enough Evidence,Not Enough Evidence
P20P7,P20P7_T3,P20P7_T3_4,4,supported,Supported,Supported
P72P3,P72P3_T1,P72P3_T1_5,5,condition_contradicted,Not Supported,Not Supported
P98P7,P98P7_T5,P98P7_T5_3,3,condition_removed,Not Enough Evidence,Not Supported
P127P1,P127P1_T5,P127P1_T5_3,3,condition_removed,Not Enough Evidence,Not Enough Evidence
P182P6,P182P6_T1,P182P6_T1_1,1,relation_contradicted,Not Supported,Not Supported
P11PR9,P11PR9_T1,P11PR9_T1_1,1,relation_contradicted,Not Supported,Not Supported
P72P11,P72P11_T4,P72P11_T4_1,1,relation_contradicted,Not Supported,Not Supported
P55P2,P55P2_T1,P55P2_T1_3,3,condition_removed,Not Enough Evidence,Not Enough Evidence
P86P7,P86P7_T1,P86P7_T1_3,3,condition_removed,Not Enough Evidence,Not Enough Evidence
P172P4,P172P4_T1,P172P4_T1_1,1,relation_contradicted,Not Supported,Not Supported
P37P5,P37P5_T1,P37P5_T1_2,2,condition_replaced,Not Enough Evidence,Not Enough Evidence
P102P10,P102P10_T3,P102P10_T3_4,4,supported,Supported,Supported
P39P9,P39P9_T5,P39P9_T5_4,4,supported,Supported,Supported
P85P7,P85P7_T3,P85P7_T3_4,4,supported,Supported,Not Supported
P168P1,P168P1_T4,P168P1_T4_5,5,condition_contradicted,Not Supported,Not Supported
P85P7,P85P7_T11,P85P7_T11_5,5,condition_contradicted,Not Supported,Not Supported
P86P9,P86P9_T1,P86P9_T1_2,2,condition_replaced,Not Enough Evidence,Not Enough Evidence
P59P1,P59P1_T1,P59P1_T1_3,3,condition_removed,Not Enough Evidence,Not Enough Evidence
P32P1,P32P1_T1,P32P1_T1_3,3,condition_removed,Not Enough Evidence,Not Enough Evidence
P67P4,P67P4_T1,P67P4_T1_4,4,supported,Supported,Supported
P184P11,P184P11_T2,P184P11_T2_5,5,condition_contradicted,Not Supported,Not Supported
P76P8,P76P8_T2,P76P8_T2_1,1,relation_contradicted,Not Supported,Not Enough Evidence
P190P5,P190P5_T1,P190P5_T1_4,4,supported,Supported,Supported
P127P6,P127P6_T4,P127P6_T4_5,5,condition_contradicted,Not Supported,Not Supported
P62P1,P62P1_T6,P62P1_T6_3,3,condition_removed,Not Enough Evidence,Not Enough Evidence
P47P8,P47P8_T1,P47P8_T1_1,1,relation_contradicted,Not Supported,Not Supported
P198P6,P198P6_T2,P198P6_T2_3,3,condition_removed,Not Enough Evidence,Not Enough Evidence
P55P3,P55P3_T2,P55P3_T2_1,1,relation_contradicted,Not Supported,Not Supported
P75P12,P75P12_T1,P75P12_T1_3,3,condition_removed,Not Enough Evidence,Not Enough Evidence
P87P15,P87P15_T2,P87P15_T2_4,4,supported,Supported,Supported
P35P6,P35P6_T3,P35P6_T3_1,1,relation_contradicted,Not Supported,Not Supported
P39P3,P39P3_T1,P39P3_T1_2,2,condition_replaced,Not Enough Evidence,Not Enough Evidence
P90P3,P90P3_T1,P90P3_T1_5,5,condition_contradicted,Not Supported,Not Supported
P57P10,P57P10_T2,P57P10_T2_3,3,condition_removed,Not Enough Evidence,Not Enough Evidence
P28P3,P28P3_T2,P28P3_T2_4,4,supported,Supported,Supported
P90P13,P90P13_T1,P90P13_T1_2,2,condition_replaced,Not Enough Evidence,Not Enough Evidence
P188P7,P188P7_T2,P188P7_T2_3,3,condition_removed,Not Enough Evidence,Not Enough Evidence
P77P9,P77P9_T4,P77P9_T4_5,5,condition_contradicted,Not Supported,Not Supported
P113P3,P113P3_T1,P113P3_T1_3,3,condition_removed,Not Enough Evidence,Not Supported
P98P8,P98P8_T1,P98P8_T1_4,4,supported,Supported,Supported
P186P5,P186P5_T2,P186P5_T2_2,2,condition_replaced,Not Enough Evidence,Not Enough Evidence
P109P16,P109P16_T1,P109P16_T1_2,2,condition_replaced,Not Enough Evidence,Not Enough Evidence
P86P5,P86P5_T1,P86P5_T1_5,5,condition_contradicted,Not Supported,Not Enough Evidence
P186P5,P186P5_T2,P186P5_T2_3,3,condition_removed,Not Enough Evidence,Not Enough Evidence
P113P4,P113P4_T1,P113P4_T1_2,2,condition_replaced,Not Enough Evidence,Not Enough Evidence
P20P7,P20P7_T2,P20P7_T2_3,3,condition_removed,Not Enough Evidence,Not Enough Evidence
P102P2,P102P2_T1,P102P2_T1_5,5,condition_contradicted,Not Supported,Not Supported
P124P10,P124P10_T1,P124P10_T1_1,1,relation_contradicted,Not Supported,Not Supported
P72P8,P72P8_T2,P72P8_T2_1,1,relation_contradicted,Not Supported,Not Supported
P105P5,P105P5_T1,P105P5_T1_2,2,condition_replaced,Not Enough Evidence,Not Enough Evidence
P70P8,P70P8_T2,P70P8_T2_2,2,condition_replaced,Not Enough Evidence,Not Enough Evidence
P21P8,P21P8_T3,P21P8_T3_1,1,relation_contradicted,Not Supported,Not Supported
P13P14,P13P14_T2,P13P14_T2_2,2,condition_replaced,Not Enough Evidence,Not Enough Evidence
P189P7,P189P7_T1,P189P7_T1_5,5,condition_contradicted,Not Supported,Not Supported
P45P8,P45P8_T1,P45P8_T1_3,3,condition_removed,Not Enough Evidence,Not Enough Evidence
P72P6,P72P6_T1,P72P6_T1_3,3,condition_removed,Not Enough Evidence,Not Enough Evidence
P81P13,P81P13_T4,P81P13_T4_5,5,condition_contradicted,Not Supported,Not Supported
P81P5,P81P5_T1,P81P5_T1_3,3,condition_removed,Not Enough Evidence,Not Enough Evidence
P113P13,P113P13_T2,P113P13_T2_4,4,supported,Supported,Not Supported
P28P1,P28P1_T1,P28P1_T1_3,3,condition_removed,Not Enough Evidence,Not Enough Evidence
P187P7,P187P7_T1,P187P7_T1_5,5,condition_contradicted,Not Supported,Not Supported
P73P9,P73P9_T2,P73P9_T2_3,3,condition_removed,Not Enough Evidence,Not Enough Evidence
P12PR1,P12PR1_T2,P12PR1_T2_3,3,condition_removed,Not Enough Evidence,Not Supported
P12PR1,P12PR1_T4,P12PR1_T4_1,1,relation_contradicted,Not Supported,Not Supported
P39P9,P39P9_T2,P39P9_T2_5,5,condition_contradicted,Not Supported,Not Supported
P88P10,P88P10_T2,P88P10_T2_4,4,supported,Supported,Supported
P138P7,P138P7_T4,P138P7_T4_3,3,condition_removed,Not Enough Evidence,Not Enough Evidence
P39P6,P39P6_T4,P39P6_T4_1,1,relation_contradicted,Not Supported,Not Supported
P11PR11,P11PR11_T3,P11PR11_T3_3,3,condition_removed,Not Enough Evidence,Not Enough Evidence
P91P10,P91P10_T2,P91P10_T2_4,4,supported,Supported,Supported
P138P7,P138P7_T4,P138P7_T4_2,2,condition_replaced,Not Enough Evidence,Not Enough Evidence
P184P11,P184P11_T3,P184P11_T3_2,2,condition_replaced,Not Enough Evidence,Not Enough Evidence
P33P1,P33P1_T1,P33P1_T1_2,2,condition_replaced,Not Enough Evidence,Not Enough Evidence
P75P12,P75P12_T3,P75P12_T3_2,2,condition_replaced,Not Enough Evidence,Not Enough Evidence
P102P10,P102P10_T2,P102P10_T2_5,5,condition_contradicted,Not Supported,Not Supported
P186P4,P186P4_T3,P186P4_T3_4,4,supported,Supported,Supported
P197P3,P197P3_T1,P197P3_T1_2,2,condition_replaced,Not Enough Evidence,Not Enough Evidence
P11PR11,P11PR11_T2,P11PR11_T2_4,4,supported,Supported,Not Supported
P83P4,P83P4_T2,P83P4_T2_5,5,condition_contradicted,Not Supported,Not Supported
P12PR8,P12PR8_T4,P12PR8_T4_5,5,condition_contradicted,Not Supported,Not Supported
P112P9,P112P9_T2,P112P9_T2_2,2,condition_replaced,Not Enough Evidence,Not Enough Evidence
P91P7,P91P7_T5,P91P7_T5_1,1,relation_contradicted,Not Supported,Not Supported
P100P1,P100P1_T1,P100P1_T1_1,1,relation_contradicted,Not Supported,Not Enough Evidence
P56P9,P56P9_T2,P56P9_T2_1,1,relation_contradicted,Not Supported,Not Supported
P67P2,P67P2_T1,P67P2_T1_5,5,condition_contradicted,Not Supported,Not Supported
P15P4,P15P4_T1,P15P4_T1_2,2,condition_replaced,Not Enough Evidence,Not Enough Evidence
P129P8,P129P8_T1,P129P8_T1_5,5,condition_contradicted,Not Supported,Not Supported
P103P7,P103P7_T4,P103P7_T4_2,2,condition_replaced,Not Enough Evidence,Not Enough Evidence
P84P5,P84P5_T3,P84P5_T3_4,4,supported,Supported,Supported
P113P28,P113P28_T1,P113P28_T1_5,5,condition_contradicted,Not Supported,Not Supported
P12PR1,P12PR1_T4,P12PR1_T4_4,4,supported,Supported,Not Supported
P132P1,P132P1_T3,P132P1_T3_5,5,condition_contradicted,Not Supported,Not Enough Evidence
P17P10,P17P10_T2,P17P10_T2_2,2,condition_replaced,Not Enough Evidence,Not Enough Evidence
P70P4,P70P4_T2,P70P4_T2_3,3,condition_removed,Not Enough Evidence,Not Enough Evidence
P74P10,P74P10_T1,P74P10_T1_1,1,relation_contradicted,Not Supported,Not Supported
P179P2,P179P2_T2,P179P2_T2_2,2,condition_replaced,Not Enough Evidence,Not Enough Evidence
P118P5,P118P5_T4,P118P5_T4_4,4,supported,Supported,Not Supported
P12PR8,P12PR8_T1,P12PR8_T1_1,1,relation_contradicted,Not Supported,Not Supported
P34P2,P34P2_T1,P34P2_T1_3,3,condition_removed,Not Enough Evidence,Not Enough Evidence
P182P1,P182P1_T1,P182P1_T1_5,5,condition_contradicted,Not Supported,Not Supported
P125P11,P125P11_T1,P125P11_T1_2,2,condition_replaced,Not Enough Evidence,Not Enough Evidence
P87P1,P87P1_T2,P87P1_T2_5,5,condition_contradicted,Not Supported,Not Supported
P83P10,P83P10_T2,P83P10_T2_3,3,condition_removed,Not Enough Evidence,Not Enough Evidence
P17P6,P17P6_T3,P17P6_T3_3,3,condition_removed,Not Enough Evidence,Not Enough Evidence
P72P3,P72P3_T1,P72P3_T1_1,1,relation_contradicted,Not Supported,Not Supported
P113P4,P113P4_T1,P113P4_T1_5,5,condition_contradicted,Not Supported,Not Supported
P83P7,P83P7_T3,P83P7_T3_1,1,relation_contradicted,Not Supported,Not Supported
P84P3,P84P3_T1,P84P3_T1_4,4,supported,Supported,Not Supported
P88P17,P88P17_T1,P88P17_T1_1,1,relation_contradicted,Not Supported,Not Supported
P111P8,P111P8_T4,P111P8_T4_2,2,condition_replaced,Not Enough Evidence,Not Supported
P153P2,P153P2_T1,P153P2_T1_4,4,supported,Supported,Supported
P85P7,P85P7_T10,P85P7_T10_3,3,condition_removed,Not Enough Evidence,Not Supported
P21P8,P21P8_T2,P21P8_T2_4,4,supported,Supported,Not Enough Evidence
P186P4,P186P4_T1,P186P4_T1_4,4,supported,Supported,Supported
P81P11,P81P11_T5,P81P11_T5_4,4,supported,Supported,Supported
P123P6,P123P6_T1,P123P6_T1_3,3,condition_removed,Not Enough Evidence,Not Enough Evidence
P185P4,P185P4_T1,P185P4_T1_4,4,supported,Supported,Supported
P183P6,P183P6_T1,P183P6_T1_4,4,supported,Supported,Supported
P98P7,P98P7_T3,P98P7_T3_4,4,supported,Supported,Not Supported
P99P15,P99P15_T2,P99P15_T2_4,4,supported,Supported,Supported
P112P9,P112P9_T1,P112P9_T1_2,2,condition_replaced,Not Enough Evidence,Not Enough Evidence
P59P1,P59P1_T2,P59P1_T2_4,4,supported,Supported,Supported
P32P4,P32P4_T1,P32P4_T1_2,2,condition_replaced,Not Enough Evidence,Not Enough Evidence
P134P5,P134P5_T1,P134P5_T1_3,3,condition_removed,Not Enough Evidence,Not Enough Evidence
P125P11,P125P11_T2,P125P11_T2_2,2,condition_replaced,Not Enough Evidence,Not Enough Evidence
P159P7,P159P7_T1,P159P7_T1_3,3,condition_removed,Not Enough Evidence,Not Enough Evidence
P45P6,P45P6_T5,P45P6_T5_4,4,supported,Supported,Not Supported
P102P3,P102P3_T2,P102P3_T2_4,4,supported,Supported,Supported
P19P2,P19P2_T3,P19P2_T3_1,1,relation_contradicted,Not Supported,Not Supported
P185P1,P185P1_T4,P185P1_T4_2,2,condition_replaced,Not Enough Evidence,Supported
P192P1,P192P1_T3,P192P1_T3_3,3,condition_removed,Not Enough Evidence,Not Enough Evidence
P128P5,P128P5_T3,P128P5_T3_3,3,condition_removed,Not Enough Evidence,Not Enough Evidence
P54P4,P54P4_T3,P54P4_T3_2,2,condition_replaced,Not Enough Evidence,Not Supported
P154P16,P154P16_T2,P154P16_T2_2,2,condition_replaced,Not Enough Evidence,Not Enough Evidence
P185P1,P185P1_T3,P185P1_T3_1,1,relation_contradicted,Not Supported,Not Supported
P153P2,P153P2_T1,P153P2_T1_2,2,condition_replaced,Not Enough Evidence,Not Enough Evidence
P132P1,P132P1_T3,P132P1_T3_4,4,supported,Supported,Supported
P57P4,P57P4_T1,P57P4_T1_1,1,relation_contradicted,Not Supported,Not Supported
P127P4,P127P4_T6,P127P4_T6_4,4,supported,Supported,Not Supported
P85P9,P85P9_T1,P85P9_T1_5,5,condition_contradicted,Not Supported,Not Supported
P113P25,P113P25_T1,P113P25_T1_1,1,relation_contradicted,Not Supported,Not Supported
P127P11,P127P11_T1,P127P11_T1_2,2,condition_replaced,Not Enough Evidence,Not Enough Evidence
P128P5,P128P5_T4,P128P5_T4_5,5,condition_contradicted,Not Supported,Not Supported
P139P3,P139P3_T1,P139P3_T1_4,4,supported,Supported,Supported
P111P8,P111P8_T5,P111P8_T5_5,5,condition_contradicted,Not Supported,Not Supported
P197P3,P197P3_T3,P197P3_T3_3,3,condition_removed,Not Enough Evidence,Not Enough Evidence
P37P7,P37P7_T2,P37P7_T2_2,2,condition_replaced,Not Enough Evidence,Not Enough Evidence
P86P8,P86P8_T1,P86P8_T1_4,4,supported,Supported,Supported
P16P2,P16P2_T3,P16P2_T3_4,4,supported,Supported,Supported
P12PR1,P12PR1_T5,P12PR1_T5_3,3,condition_removed,Not Enough Evidence,Not Supported
P183P3,P183P3_T3,P183P3_T3_3,3,condition_removed,Not Enough Evidence,Not Enough Evidence
P195P6,P195P6_T2,P195P6_T2_3,3,condition_removed,Not Enough Evidence,Not Enough Evidence
P62P6,P62P6_T1,P62P6_T1_5,5,condition_contradicted,Not Supported,Not Supported
P91P10,P91P10_T1,P91P10_T1_5,5,condition_contradicted,Not Supported,Not Supported
P113P13,P113P13_T3,P113P13_T3_3,3,condition_removed,Not Enough Evidence,Not Enough Evidence
P11PR13,P11PR13_T1,P11PR13_T1_3,3,condition_removed,Not Enough Evidence,Not Enough Evidence
P125P2,P125P2_T3,P125P2_T3_4,4,supported,Supported,Supported
P193P4,P193P4_T3,P193P4_T3_3,3,condition_removed,Not Enough Evidence,Not Enough Evidence
P185P4,P185P4_T4,P185P4_T4_1,1,relation_contradicted,Not Supported,Not Supported
P197P6,P197P6_T1,P197P6_T1_3,3,condition_removed,Not Enough Evidence,Not Enough Evidence
P94P1,P94P1_T3,P94P1_T3_4,4,supported,Supported,Not Supported
P95P10,P95P10_T2,P95P10_T2_2,2,condition_replaced,Not Enough Evidence,Not Enough Evidence
P12PR1,P12PR1_T3,P12PR1_T3_2,2,condition_replaced,Not Enough Evidence,Not Supported
P58P5,P58P5_T2,P58P5_T2_3,3,condition_removed,Not Enough Evidence,Not Enough Evidence
P131P1,P131P1_T3,P131P1_T3_2,2,condition_replaced,Not Enough Evidence,Not Enough Evidence
P189P5,P189P5_T1,P189P5_T1_5,5,condition_contradicted,Not Supported,Not Supported
P16P3,P16P3_T1,P16P3_T1_5,5,condition_contradicted,Not Supported,Not Supported
P109P11,P109P11_T1,P109P11_T1_3,3,condition_removed,Not Enough Evidence,Not Enough Evidence
P54P6,P54P6_T1,P54P6_T1_2,2,condition_replaced,Not Enough Evidence,Not Enough Evidence
P70P8,P70P8_T2,P70P8_T2_3,3,condition_removed,Not Enough Evidence,Not Enough Evidence
P32P4,P32P4_T2,P32P4_T2_2,2,condition_replaced,Not Enough Evidence,Not Enough Evidence
P22P6,P22P6_T1,P22P6_T1_2,2,condition_replaced,Not Enough Evidence,Not Enough Evidence
P36P4,P36P4_T1,P36P4_T1_1,1,relation_contradicted,Not Supported,Not Supported
P161P4,P161P4_T3,P161P4_T3_5,5,condition_contradicted,Not Supported,Not Supported
P127P6,P127P6_T3,P127P6_T3_1,1,relation_contradicted,Not Supported,Not Supported
P130P18,P130P18_T1,P130P18_T1_3,3,condition_removed,Not Enough Evidence,Not Enough Evidence
P82P2,P82P2_T2,P82P2_T2_3,3,condition_removed,Not Enough Evidence,Not Enough Evidence
P13P6,P13P6_T4,P13P6_T4_2,2,condition_replaced,Not Enough Evidence,Not Enough Evidence
P13P7,P13P7_T1,P13P7_T1_3,3,condition_removed,Not Enough Evidence,Not Enough Evidence
P193P4,P193P4_T2,P193P4_T2_1,1,relation_contradicted,Not Supported,Not Supported
P59P1,P59P1_T2,P59P1_T2_1,1,relation_contradicted,Not Supported,Not Supported
P87P1,P87P1_T4,P87P1_T4_1,1,relation_contradicted,Not Supported,Not Supported
P83P6,P83P6_T2,P83P6_T2_1,1,relation_contradicted,Not Supported,Supported
P12PR1,P12PR1_T2,P12PR1_T2_1,1,relation_contradicted,Not Supported,Not Supported
P16P2,P16P2_T2,P16P2_T2_5,5,condition_contradicted,Not Supported,Not Enough Evidence
P103P7,P103P7_T1,P103P7_T1_4,4,supported,Supported,Supported
P160P6,P160P6_T2,P160P6_T2_5,5,condition_contradicted,Not Supported,Supported
P76P8,P76P8_T2,P76P8_T2_4,4,supported,Supported,Supported
P20P4,P20P4_T1,P20P4_T1_3,3,condition_removed,Not Enough Evidence,Not Enough Evidence
P22P11,P22P11_T1,P22P11_T1_3,3,condition_removed,Not Enough Evidence,Not Enough Evidence
P31P5,P31P5_T1,P31P5_T1_1,1,relation_contradicted,Not Supported,Not Supported
P87P15,P87P15_T7,P87P15_T7_5,5,condition_contradicted,Not Supported,Not Supported
P87P8,P87P8_T1,P87P8_T1_1,1,relation_contradicted,Not Supported,Not Supported
P112P8,P112P8_T4,P112P8_T4_1,1,relation_contradicted,Not Supported,Not Supported
P47P3,P47P3_T2,P47P3_T2_1,1,relation_contradicted,Not Supported,Not Supported
P41P7,P41P7_T2,P41P7_T2_1,1,relation_contradicted,Not Supported,Not Supported
P87P20,P87P20_T5,P87P20_T5_5,5,condition_contradicted,Not Supported,Not Supported
P67P8,P67P8_T1,P67P8_T1_4,4,supported,Supported,Supported
P116P4,P116P4_T2,P116P4_T2_4,4,supported,Supported,Not Supported
P75P1,P75P1_T1,P75P1_T1_5,5,condition_contradicted,Not Supported,Not Supported
P12PR6,P12PR6_T1,P12PR6_T1_1,1,relation_contradicted,Not Supported,Not Supported
P55P4,P55P4_T6,P55P4_T6_3,3,condition_removed,Not Enough Evidence,Not Supported
P121P2,P121P2_T2,P121P2_T2_1,1,relation_contradicted,Not Supported,Not Supported
P139P3,P139P3_T4,P139P3_T4_5,5,condition_contradicted,Not Supported,Not Supported
P125P2,P125P2_T3,P125P2_T3_3,3,condition_removed,Not Enough Evidence,Not Enough Evidence
P37P8,P37P8_T1,P37P8_T1_5,5,condition_contradicted,Not Supported,Not Supported
P113P4,P113P4_T1,P113P4_T1_4,4,supported,Supported,Supported
P196P5,P196P5_T1,P196P5_T1_1,1,relation_contradicted,Not Supported,Not Supported
P17P6,P17P6_T1,P17P6_T1_5,5,condition_contradicted,Not Supported,Not Supported
P91P14,P91P14_T2,P91P14_T2_5,5,condition_contradicted,Not Supported,Not Supported
P96P3,P96P3_T1,P96P3_T1_2,2,condition_replaced,Not Enough Evidence,Not Enough Evidence
P188P7,P188P7_T2,P188P7_T2_5,5,condition_contradicted,Not Supported,Not Supported
P13P3,P13P3_T3,P13P3_T3_4,4,supported,Supported,Supported
P163P6,P163P6_T1,P163P6_T1_2,2,condition_replaced,Not Enough Evidence,Not Supported
P127P3,P127P3_T1,P127P3_T1_1,1,relation_contradicted,Not Supported,Not Supported
P61P4,P61P4_T3,P61P4_T3_5,5,condition_contradicted,Not Supported,Not Supported
P19P2,P19P2_T1,P19P2_T1_4,4,supported,Supported,Not Supported
P104P8,P104P8_T3,P104P8_T3_2,2,condition_replaced,Not Enough Evidence,Not Enough Evidence
P33P1,P33P1_T4,P33P1_T4_1,1,relation_contradicted,Not Supported,Not Supported
P94P1,P94P1_T1,P94P1_T1_1,1,relation_contradicted,Not Supported,Not Supported
P32P7,P32P7_T1,P32P7_T1_4,4,supported,Supported,Supported
P109P6,P109P6_T1,P109P6_T1_1,1,relation_contradicted,Not Supported,Not Supported
P132P1,P132P1_T3,P132P1_T3_3,3,condition_removed,Not Enough Evidence,Not Enough Evidence
P23P5,P23P5_T2,P23P5_T2_4,4,supported,Supported,Not Supported
P124P10,P124P10_T1,P124P10_T1_5,5,condition_contradicted,Not Supported,Not Supported
P168P1,P168P1_T1,P168P1_T1_3,3,condition_removed,Not Enough Evidence,Not Enough Evidence
P95P8,P95P8_T1,P95P8_T1_1,1,relation_contradicted,Not Supported,Not Supported
P139P6,P139P6_T2,P139P6_T2_2,2,condition_replaced,Not Enough Evidence,Not Enough Evidence
P84P1,P84P1_T6,P84P1_T6_3,3,condition_removed,Not Enough Evidence,Not Enough Evidence
P21P7,P21P7_T1,P21P7_T1_5,5,condition_contradicted,Not Supported,Not Supported
P85P7,P85P7_T4,P85P7_T4_2,2,condition_replaced,Not Enough Evidence,Not Supported
P68P6,P68P6_T1,P68P6_T1_3,3,condition_removed,Not Enough Evidence,Not Enough Evidence
P73P10,P73P10_T1,P73P10_T1_5,5,condition_contradicted,Not Supported,Not Supported
P14P6,P14P6_T1,P14P6_T1_5,5,condition_contradicted,Not Supported,Not Supported
P16P2,P16P2_T3,P16P2_T3_1,1,relation_contradicted,Not Supported,Not Supported
P194P8,P194P8_T1,P194P8_T1_2,2,condition_replaced,Not Enough Evidence,Not Enough Evidence
P23P6,P23P6_T3,P23P6_T3_4,4,supported,Supported,Supported
P79P10,P79P10_T3,P79P10_T3_1,1,relation_contradicted,Not Supported,Not Supported
P118P5,P118P5_T2,P118P5_T2_2,2,condition_replaced,Not Enough Evidence,Not Enough Evidence
P71P7,P71P7_T1,P71P7_T1_5,5,condition_contradicted,Not Supported,Not Supported
P12PR8,P12PR8_T7,P12PR8_T7_1,1,relation_contradicted,Not Supported,Not Supported
P124P13,P124P13_T2,P124P13_T2_3,3,condition_removed,Not Enough Evidence,Not Enough Evidence
P163P11,P163P11_T1,P163P11_T1_3,3,condition_removed,Not Enough Evidence,Not Enough Evidence
P105P7,P105P7_T1,P105P7_T1_2,2,condition_replaced,Not Enough Evidence,Not Supported
P27P1,P27P1_T3,P27P1_T3_1,1,relation_contradicted,Not Supported,Not Supported
P197P5,P197P5_T4,P197P5_T4_1,1,relation_contradicted,Not Supported,Not Enough Evidence
P127P4,P127P4_T1,P127P4_T1_2,2,condition_replaced,Not Enough Evidence,Not Enough Evidence
P70P11,P70P11_T1,P70P11_T1_3,3,condition_removed,Not Enough Evidence,Not Enough Evidence
P138P6,P138P6_T2,P138P6_T2_4,4,supported,Supported,Supported
P81P6,P81P6_T2,P81P6_T2_3,3,condition_removed,Not Enough Evidence,Not Enough Evidence
P46P6,P46P6_T1,P46P6_T1_4,4,supported,Supported,Supported
P20P2,P20P2_T3,P20P2_T3_4,4,supported,Supported,Supported
P76P2,P76P2_T1,P76P2_T1_2,2,condition_replaced,Not Enough Evidence,Not Enough Evidence
P169P10,P169P10_T3,P169P10_T3_4,4,supported,Supported,Supported
P104P2,P104P2_T2,P104P2_T2_2,2,condition_replaced,Not Enough Evidence,Not Enough Evidence
P83P3,P83P3_T5,P83P3_T5_5,5,condition_contradicted,Not Supported,Not Supported
P19P2,P19P2_T1,P19P2_T1_2,2,condition_replaced,Not Enough Evidence,Not Enough Evidence
P105P1,P105P1_T1,P105P1_T1_5,5,condition_contradicted,Not Supported,Not Supported
P102P5,P102P5_T3,P102P5_T3_4,4,supported,Supported,Not Enough Evidence
P18P5,P18P5_T1,P18P5_T1_1,1,relation_contradicted,Not Supported,Not Supported
P175P6,P175P6_T1,P175P6_T1_2,2,condition_replaced,Not Enough Evidence,Not Enough Evidence
P106P10,P106P10_T1,P106P10_T1_4,4,supported,Supported,Supported
P58P1,P58P1_T2,P58P1_T2_1,1,relation_contradicted,Not Supported,Not Supported
P31P3,P31P3_T2,P31P3_T2_2,2,condition_replaced,Not Enough Evidence,Not Enough Evidence
P86P5,P86P5_T1,P86P5_T1_3,3,condition_removed,Not Enough Evidence,Not Enough Evidence
P33P4,P33P4_T1,P33P4_T1_4,4,supported,Supported,Supported
P79P5,P79P5_T1,P79P5_T1_4,4,supported,Supported,Supported
P106P5,P106P5_T1,P106P5_T1_1,1,relation_contradicted,Not Supported,Not Supported
P84P5,P84P5_T2,P84P5_T2_2,2,condition_replaced,Not Enough Evidence,Not Enough Evidence
P167P6,P167P6_T1,P167P6_T1_4,4,supported,Supported,Supported
P20P4,P20P4_T3,P20P4_T3_1,1,relation_contradicted,Not Supported,Not Supported
P197P5,P197P5_T9,P197P5_T9_5,5,condition_contradicted,Not Supported,Not Supported
P87P22,P87P22_T1,P87P22_T1_5,5,condition_contradicted,Not Supported,Not Supported
P15P1,P15P1_T10,P15P1_T10_3,3,condition_removed,Not Enough Evidence,Not Enough Evidence
P83P10,P83P10_T1,P83P10_T1_4,4,supported,Supported,Supported
P194P5,P194P5_T1,P194P5_T1_2,2,condition_replaced,Not Enough Evidence,Not Enough Evidence
P12PR1,P12PR1_T2,P12PR1_T2_2,2,condition_replaced,Not Enough Evidence,Not Supported
P17P10,P17P10_T3,P17P10_T3_1,1,relation_contradicted,Not Supported,Not Enough Evidence
P113P4,P113P4_T1,P113P4_T1_1,1,relation_contradicted,Not Supported,Not Supported
P54P4,P54P4_T5,P54P4_T5_2,2,condition_replaced,Not Enough Evidence,Not Supported
P138P6,P138P6_T1,P138P6_T1_3,3,condition_removed,Not Enough Evidence,Not Enough Evidence
P28P7,P28P7_T1,P28P7_T1_1,1,relation_contradicted,Not Supported,Not Supported
P74P10,P74P10_T1,P74P10_T1_3,3,condition_removed,Not Enough Evidence,Not Enough Evidence
P70P4,P70P4_T1,P70P4_T1_3,3,condition_removed,Not Enough Evidence,Not Enough Evidence
P71P4,P71P4_T1,P71P4_T1_2,2,condition_replaced,Not Enough Evidence,Not Supported
P31P4,P31P4_T1,P31P4_T1_4,4,supported,Supported,Supported
P12PR3,P12PR3_T3,P12PR3_T3_1,1,relation_contradicted,Not Supported,Not Supported
P22P5,P22P5_T1,P22P5_T1_3,3,condition_removed,Not Enough Evidence,Not Enough Evidence
P62P1,P62P1_T8,P62P1_T8_2,2,condition_replaced,Not Enough Evidence,Not Enough Evidence
P197P1,P197P1_T3,P197P1_T3_2,2,condition_replaced,Not Enough Evidence,Not Enough Evidence
P179P2,P179P2_T1,P179P2_T1_3,3,condition_removed,Not Enough Evidence,Not Enough Evidence
P60P3,P60P3_T1,P60P3_T1_4,4,supported,Supported,Supported
P83P2,P83P2_T1,P83P2_T1_1,1,relation_contradicted,Not Supported,Not Supported
P50P1,P50P1_T1,P50P1_T1_4,4,supported,Supported,Not Supported
P185P2,P185P2_T1,P185P2_T1_4,4,supported,Supported,Supported
P127P4,P127P4_T3,P127P4_T3_4,4,supported,Supported,Not Supported
P59P1,P59P1_T3,P59P1_T3_3,3,condition_removed,Not Enough Evidence,Not Enough Evidence
P24P2,P24P2_T1,P24P2_T1_4,4,supported,Supported,Supported
P81P10,P81P10_T3,P81P10_T3_1,1,relation_contradicted,Not Supported,Not Supported
P84P9,P84P9_T1,P84P9_T1_3,3,condition_removed,Not Enough Evidence,Not Enough Evidence
P90P7,P90P7_T1,P90P7_T1_1,1,relation_contradicted,Not Supported,Not Supported
P83P6,P83P6_T1,P83P6_T1_4,4,supported,Supported,Not Supported
P192P1,P192P1_T1,P192P1_T1_4,4,supported,Supported,Supported
P127P7,P127P7_T2,P127P7_T2_5,5,condition_contradicted,Not Supported,Not Supported
P81P5,P81P5_T1,P81P5_T1_1,1,relation_contradicted,Not Supported,Not Supported
P76P8,P76P8_T1,P76P8_T1_4,4,supported,Supported,Supported
P47P6,P47P6_T1,P47P6_T1_3,3,condition_removed,Not Enough Evidence,Not Enough Evidence
P15P1,P15P1_T2,P15P1_T2_5,5,condition_contradicted,Not Supported,Not Supported
P81P5,P81P5_T1,P81P5_T1_5,5,condition_contradicted,Not Supported,Not Supported
P39P6,P39P6_T1,P39P6_T1_3,3,condition_removed,Not Enough Evidence,Not Enough Evidence
P111P8,P111P8_T2,P111P8_T2_2,2,condition_replaced,Not Enough Evidence,Not Supported
P24P4,P24P4_T1,P24P4_T1_5,5,condition_contradicted,Not Supported,Not Supported
P163P9,P163P9_T2,P163P9_T2_4,4,supported,Supported,Supported
P23P5,P23P5_T2,P23P5_T2_1,1,relation_contradicted,Not Supported,Not Supported
P23P6,P23P6_T1,P23P6_T1_2,2,condition_replaced,Not Enough Evidence,Not Enough Evidence
P139P3,P139P3_T1,P139P3_T1_1,1,relation_contradicted,Not Supported,Supported
P93P3,P93P3_T3,P93P3_T3_2,2,condition_replaced,Not Enough Evidence,Not Enough Evidence
P188P1,P188P1_T2,P188P1_T2_2,2,condition_replaced,Not Enough Evidence,Not Enough Evidence
P139P3,P139P3_T4,P139P3_T4_1,1,relation_contradicted,Not Supported,Not Supported
P53P4,P53P4_T1,P53P4_T1_3,3,condition_removed,Not Enough Evidence,Not Enough Evidence
P75P2,P75P2_T1,P75P2_T1_3,3,condition_removed,Not Enough Evidence,Not Enough Evidence
P18P5,P18P5_T4,P18P5_T4_5,5,condition_contradicted,Not Supported,Not Supported
P81P11,P81P11_T1,P81P11_T1_2,2,condition_replaced,Not Enough Evidence,Not Enough Evidence
P116P1,P116P1_T3,P116P1_T3_1,1,relation_contradicted,Not Supported,Not Supported
P179P2,P179P2_T1,P179P2_T1_4,4,supported,Supported,Supported
P70P12,P70P12_T2,P70P12_T2_4,4,supported,Supported,Supported
P54P4,P54P4_T2,P54P4_T2_4,4,supported,Supported,Not Supported
P56P12,P56P12_T1,P56P12_T1_4,4,supported,Supported,Supported
P54P3,P54P3_T2,P54P3_T2_3,3,condition_removed,Not Enough Evidence,Not Enough Evidence
P27P1,P27P1_T1,P27P1_T1_2,2,condition_replaced,Not Enough Evidence,Not Supported
P185P4,P185P4_T2,P185P4_T2_2,2,condition_replaced,Not Enough Evidence,Not Enough Evidence
P93P3,P93P3_T2,P93P3_T2_5,5,condition_contradicted,Not Supported,Not Supported
P41P7,P41P7_T3,P41P7_T3_1,1,relation_contradicted,Not Supported,Not Supported
P84P9,P84P9_T1,P84P9_T1_5,5,condition_contradicted,Not Supported,Not Supported
P188P7,P188P7_T2,P188P7_T2_4,4,supported,Supported,Supported
P36P7,P36P7_T4,P36P7_T4_3,3,condition_removed,Not Enough Evidence,Not Enough Evidence
P13P15,P13P15_T3,P13P15_T3_4,4,supported,Supported,Supported
P60P4,P60P4_T1,P60P4_T1_1,1,relation_contradicted,Not Supported,Not Supported
P124P12,P124P12_T2,P124P12_T2_2,2,condition_replaced,Not Enough Evidence,Not Enough Evidence
P14P7,P14P7_T1,P14P7_T1_1,1,relation_contradicted,Not Supported,Supported
P197P1,P197P1_T1,P197P1_T1_2,2,condition_replaced,Not Enough Evidence,Not Enough Evidence
P198P6,P198P6_T3,P198P6_T3_4,4,supported,Supported,Not Enough Evidence
P22P5,P22P5_T2,P22P5_T2_4,4,supported,Supported,Supported
P84P4,P84P4_T2,P84P4_T2_1,1,relation_contradicted,Not Supported,Not Supported
P66P4,P66P4_T1,P66P4_T1_4,4,supported,Supported,Not Supported
P127P6,P127P6_T4,P127P6_T4_4,4,supported,Supported,Supported
P81P9,P81P9_T1,P81P9_T1_1,1,relation_contradicted,Not Supported,Not Supported
P131P1,P131P1_T3,P131P1_T3_1,1,relation_contradicted,Not Supported,Not Supported
P87P2,P87P2_T1,P87P2_T1_5,5,condition_contradicted,Not Supported,Not Supported
P112P9,P112P9_T2,P112P9_T2_4,4,supported,Supported,Supported
P40P8,P40P8_T3,P40P8_T3_2,2,condition_replaced,Not Enough Evidence,Not Enough Evidence
P76P13,P76P13_T1,P76P13_T1_2,2,condition_replaced,Not Enough Evidence,Not Enough Evidence
P48P3,P48P3_T1,P48P3_T1_4,4,supported,Supported,Supported
P156P4,P156P4_T1,P156P4_T1_1,1,relation_contradicted,Not Supported,Not Supported
P58P4,P58P4_T2,P58P4_T2_2,2,condition_replaced,Not Enough Evidence,Not Enough Evidence
P22P7,P22P7_T1,P22P7_T1_3,3,condition_removed,Not Enough Evidence,Not Enough Evidence
P90P13,P90P13_T2,P90P13_T2_3,3,condition_removed,Not Enough Evidence,Not Enough Evidence
P112P8,P112P8_T3,P112P8_T3_2,2,condition_replaced,Not Enough Evidence,Not Supported
P113P25,P113P25_T1,P113P25_T1_4,4,supported,Supported,Supported
P87P1,P87P1_T3,P87P1_T3_2,2,condition_replaced,Not Enough Evidence,Not Enough Evidence
P25P1,P25P1_T1,P25P1_T1_2,2,condition_replaced,Not Enough Evidence,Not Enough Evidence
P11PR13,P11PR13_T3,P11PR13_T3_2,2,condition_replaced,Not Enough Evidence,Not Enough Evidence
P183P8,P183P8_T2,P183P8_T2_5,5,condition_contradicted,Not Supported,Not Supported
P31P3,P31P3_T2,P31P3_T2_1,1,relation_contradicted,Not Supported,Not Supported
P62P4,P62P4_T1,P62P4_T1_1,1,relation_contradicted,Not Supported,Not Supported
P18P1,P18P1_T1,P18P1_T1_3,3,condition_removed,Not Enough Evidence,Not Enough Evidence
P91P7,P91P7_T2,P91P7_T2_1,1,relation_contradicted,Not Supported,Not Supported
P26P5,P26P5_T1,P26P5_T1_3,3,condition_removed,Not Enough Evidence,Not Enough Evidence
P83P3,P83P3_T6,P83P3_T6_3,3,condition_removed,Not Enough Evidence,Not Enough Evidence
P93P3,P93P3_T6,P93P3_T6_1,1,relation_contradicted,Not Supported,Not Supported
P65P1,P65P1_T1,P65P1_T1_2,2,condition_replaced,Not Enough Evidence,Not Enough Evidence
P145P7,P145P7_T1,P145P7_T1_1,1,relation_contradicted,Not Supported,Not Supported
P74P1,P74P1_T3,P74P1_T3_4,4,supported,Supported,Supported
P169P10,P169P10_T2,P169P10_T2_5,5,condition_contradicted,Not Supported,Not Supported
P165P6,P165P6_T2,P165P6_T2_3,3,condition_removed,Not Enough Evidence,Not Enough Evidence
P55P4,P55P4_T11,P55P4_T11_3,3,condition_removed,Not Enough Evidence,Not Supported
P200P9,P200P9_T1,P200P9_T1_4,4,supported,Supported,Supported
P14P6,P14P6_T1,P14P6_T1_4,4,supported,Supported,Supported
P66P4,P66P4_T1,P66P4_T1_5,5,condition_contradicted,Not Supported,Not Supported
P72P8,P72P8_T1,P72P8_T1_3,3,condition_removed,Not Enough Evidence,Not Enough Evidence
P127P6,P127P6_T4,P127P6_T4_2,2,condition_replaced,Not Enough Evidence,Not Enough Evidence
P124P13,P124P13_T1,P124P13_T1_2,2,condition_replaced,Not Enough Evidence,Not Enough Evidence
P113P16,P113P16_T1,P113P16_T1_2,2,condition_replaced,Not Enough Evidence,Not Enough Evidence
P20P6,P20P6_T3,P20P6_T3_4,4,supported,Supported,Supported
P104P2,P104P2_T3,P104P2_T3_1,1,relation_contradicted,Not Supported,Not Enough Evidence
P117P1,P117P1_T1,P117P1_T1_4,4,supported,Supported,Supported
P57P10,P57P10_T4,P57P10_T4_4,4,supported,Supported,Supported
P200P7,P200P7_T1,P200P7_T1_3,3,condition_removed,Not Enough Evidence,Not Enough Evidence
P183P5,P183P5_T1,P183P5_T1_2,2,condition_replaced,Not Enough Evidence,Not Enough Evidence
P139P7,P139P7_T1,P139P7_T1_1,1,relation_contradicted,Not Supported,Not Supported
P57P7,P57P7_T5,P57P7_T5_2,2,condition_replaced,Not Enough Evidence,Not Enough Evidence
P83P7,P83P7_T1,P83P7_T1_1,1,relation_contradicted,Not Supported,Not Supported
P127P11,P127P11_T2,P127P11_T2_3,3,condition_removed,Not Enough Evidence,Not Enough Evidence
P197P1,P197P1_T4,P197P1_T4_1,1,relation_contradicted,Not Supported,Not Supported
P161P1,P161P1_T4,P161P1_T4_1,1,relation_contradicted,Not Supported,Not Supported
P95P3,P95P3_T1,P95P3_T1_4,4,supported,Supported,Supported
P57P10,P57P10_T3,P57P10_T3_5,5,condition_contradicted,Not Supported,Not Supported
P54P4,P54P4_T5,P54P4_T5_5,5,condition_contradicted,Not Supported,Not Supported
P103P10,P103P10_T2,P103P10_T2_2,2,condition_replaced,Not Enough Evidence,Not Enough Evidence
P54P1,P54P1_T2,P54P1_T2_5,5,condition_contradicted,Not Supported,Not Supported
P72P8,P72P8_T3,P72P8_T3_3,3,condition_removed,Not Enough Evidence,Not Enough Evidence
P27P4,P27P4_T1,P27P4_T1_4,4,supported,Supported,Supported
P12PR4,P12PR4_T3,P12PR4_T3_4,4,supported,Supported,Not Supported
P169P10,P169P10_T2,P169P10_T2_2,2,condition_replaced,Not Enough Evidence,Not Enough Evidence
P81P7,P81P7_T4,P81P7_T4_5,5,condition_contradicted,Not Supported,Not Supported
P59P3,P59P3_T2,P59P3_T2_1,1,relation_contradicted,Not Supported,Not Supported
P115P8,P115P8_T3,P115P8_T3_2,2,condition_replaced,Not Enough Evidence,Not Enough Evidence
P87P20,P87P20_T1,P87P20_T1_4,4,supported,Supported,Not Supported
P86P3,P86P3_T3,P86P3_T3_4,4,supported,Supported,Supported
P11PR12,P11PR12_T1,P11PR12_T1_3,3,condition_removed,Not Enough Evidence,Not Enough Evidence
P104P6,P104P6_T1,P104P6_T1_3,3,condition_removed,Not Enough Evidence,Not Enough Evidence
P79P3,P79P3_T1,P79P3_T1_2,2,condition_replaced,Not Enough Evidence,Not Enough Evidence
P54P3,P54P3_T2,P54P3_T2_2,2,condition_replaced,Not Enough Evidence,Not Enough Evidence
P101P7,P101P7_T1,P101P7_T1_5,5,condition_contradicted,Not Supported,Not Supported
P127P10,P127P10_T1,P127P10_T1_2,2,condition_replaced,Not Enough Evidence,Supported
P22P3,P22P3_T1,P22P3_T1_1,1,relation_contradicted,Not Supported,Not Supported
P61P1,P61P1_T4,P61P1_T4_5,5,condition_contradicted,Not Supported,Not Supported
P18P1,P18P1_T1,P18P1_T1_5,5,condition_contradicted,Not Supported,Not Supported
P47P4,P47P4_T1,P47P4_T1_1,1,relation_contradicted,Not Supported,Not Supported
P59P4,P59P4_T2,P59P4_T2_3,3,condition_removed,Not Enough Evidence,Not Enough Evidence
P81P7,P81P7_T4,P81P7_T4_2,2,condition_replaced,Not Enough Evidence,Not Enough Evidence
P15P1,P15P1_T1,P15P1_T1_2,2,condition_replaced,Not Enough Evidence,Not Supported
P58P1,P58P1_T2,P58P1_T2_4,4,supported,Supported,Supported
P116P4,P116P4_T1,P116P4_T1_1,1,relation_contradicted,Not Supported,Not Supported
P102P10,P102P10_T2,P102P10_T2_2,2,condition_replaced,Not Enough Evidence,Not Enough Evidence
P85P7,P85P7_T1,P85P7_T1_1,1,relation_contradicted,Not Supported,Not Supported
P59P3,P59P3_T2,P59P3_T2_3,3,condition_removed,Not Enough Evidence,Not Supported
P81P9,P81P9_T1,P81P9_T1_4,4,supported,Supported,Supported
P121P1,P121P1_T3,P121P1_T3_1,1,relation_contradicted,Not Supported,Not Supported
P65P4,P65P4_T1,P65P4_T1_4,4,supported,Supported,Supported
P12PR3,P12PR3_T3,P12PR3_T3_3,3,condition_removed,Not Enough Evidence,Not Enough Evidence
P83P7,P83P7_T4,P83P7_T4_2,2,condition_replaced,Not Enough Evidence,Not Supported
P62P1,P62P1_T7,P62P1_T7_1,1,relation_contradicted,Not Supported,Not Supported
P139P3,P139P3_T2,P139P3_T2_1,1,relation_contradicted,Not Supported,Not Supported
P83P4,P83P4_T1,P83P4_T1_1,1,relation_contradicted,Not Supported,Not Supported
P44P4,P44P4_T1,P44P4_T1_2,2,condition_replaced,Not Enough Evidence,Not Enough Evidence
P27P3,P27P3_T3,P27P3_T3_2,2,condition_replaced,Not Enough Evidence,Not Enough Evidence
P75P12,P75P12_T1,P75P12_T1_5,5,condition_contradicted,Not Supported,Not Supported
P46P3,P46P3_T4,P46P3_T4_5,5,condition_contradicted,Not Supported,Not Supported
P183P3,P183P3_T2,P183P3_T2_1,1,relation_contradicted,Not Supported,Not Supported
P69P3,P69P3_T2,P69P3_T2_1,1,relation_contradicted,Not Supported,Not Supported
P27P4,P27P4_T1,P27P4_T1_5,5,condition_contradicted,Not Supported,Not Enough Evidence
P58P5,P58P5_T1,P58P5_T1_1,1,relation_contradicted,Not Supported,Not Supported
P197P3,P197P3_T2,P197P3_T2_1,1,relation_contradicted,Not Supported,Not Supported
P121P1,P121P1_T1,P121P1_T1_3,3,condition_removed,Not Enough Evidence,Not Enough Evidence
P41P3,P41P3_T1,P41P3_T1_3,3,condition_removed,Not Enough Evidence,Not Enough Evidence
P165P6,P165P6_T1,P165P6_T1_1,1,relation_contradicted,Not Supported,Not Supported
P15P1,P15P1_T3,P15P1_T3_2,2,condition_replaced,Not Enough Evidence,Not Supported
P61P4,P61P4_T4,P61P4_T4_3,3,condition_removed,Not Enough Evidence,Not Enough Evidence
P173P6,P173P6_T2,P173P6_T2_3,3,condition_removed,Not Enough Evidence,Not Enough Evidence
P188P7,P188P7_T1,P188P7_T1_2,2,condition_replaced,Not Enough Evidence,Not Enough Evidence
P183P6,P183P6_T2,P183P6_T2_4,4,supported,Supported,Supported
P11PR8,P11PR8_T1,P11PR8_T1_1,1,relation_contradicted,Not Supported,Not Supported
P128P5,P128P5_T1,P128P5_T1_2,2,condition_replaced,Not Enough Evidence,Not Enough Evidence
P59P1,P59P1_T1,P59P1_T1_1,1,relation_contradicted,Not Supported,Not Supported
P45P6,P45P6_T5,P45P6_T5_2,2,condition_replaced,Not Enough Evidence,Not Supported
P48P3,P48P3_T1,P48P3_T1_3,3,condition_removed,Not Enough Evidence,Not Enough Evidence
P72P10,P72P10_T1,P72P10_T1_3,3,condition_removed,Not Enough Evidence,Not Enough Evidence
P197P1,P197P1_T5,P197P1_T5_3,3,condition_removed,Not Enough Evidence,Not Enough Evidence
P127P4,P127P4_T6,P127P4_T6_3,3,condition_removed,Not Enough Evidence,Not Enough Evidence
P24P1,P24P1_T1,P24P1_T1_3,3,condition_removed,Not Enough Evidence,Not Enough Evidence
P52P1,P52P1_T1,P52P1_T1_3,3,condition_removed,Not Enough Evidence,Not Enough Evidence
P178P4,P178P4_T3,P178P4_T3_4,4,supported,Supported,Not Supported
P100P1,P100P1_T1,P100P1_T1_3,3,condition_removed,Not Enough Evidence,Not Enough Evidence
P94P1,P94P1_T1,P94P1_T1_3,3,condition_removed,Not Enough Evidence,Not Enough Evidence
P98P7,P98P7_T7,P98P7_T7_3,3,condition_removed,Not Enough Evidence,Not Supported
P142P2,P142P2_T1,P142P2_T1_3,3,condition_removed,Not Enough Evidence,Not Enough Evidence
P39P4,P39P4_T3,P39P4_T3_4,4,supported,Supported,Supported
P76P12,P76P12_T1,P76P12_T1_5,5,condition_contradicted,Not Supported,Not Supported
P125P10,P125P10_T3,P125P10_T3_1,1,relation_contradicted,Not Supported,Not Supported
P72P11,P72P11_T2,P72P11_T2_4,4,supported,Supported,Supported
P131P1,P131P1_T1,P131P1_T1_1,1,relation_contradicted,Not Supported,Not Supported
P66P1,P66P1_T6,P66P1_T6_2,2,condition_replaced,Not Enough Evidence,Not Enough Evidence
P55P4,P55P4_T8,P55P4_T8_4,4,supported,Supported,Not Supported
P90P16,P90P16_T1,P90P16_T1_3,3,condition_removed,Not Enough Evidence,Not Enough Evidence
P121P1,P121P1_T1,P121P1_T1_5,5,condition_contradicted,Not Supported,Not Supported
P36P3,P36P3_T1,P36P3_T1_1,1,relation_contradicted,Not Supported,Not Supported
P83P3,P83P3_T4,P83P3_T4_2,2,condition_replaced,Not Enough Evidence,Not Enough Evidence
P91P7,P91P7_T4,P91P7_T4_4,4,supported,Supported,Supported
P184P11,P184P11_T2,P184P11_T2_4,4,supported,Supported,Supported
P98P7,P98P7_T1,P98P7_T1_3,3,condition_removed,Not Enough Evidence,Not Supported
P17P3,P17P3_T1,P17P3_T1_4,4,supported,Supported,Supported
P34P4,P34P4_T2,P34P4_T2_5,5,condition_contradicted,Not Supported,Not Supported
P106P2,P106P2_T2,P106P2_T2_1,1,relation_contradicted,Not Supported,Not Supported
P13P13,P13P13_T1,P13P13_T1_1,1,relation_contradicted,Not Supported,Not Supported
P125P8,P125P8_T1,P125P8_T1_5,5,condition_contradicted,Not Supported,Not Supported
P157P2,P157P2_T1,P157P2_T1_3,3,condition_removed,Not Enough Evidence,Supported
P81P11,P81P11_T4,P81P11_T4_4,4,supported,Supported,Supported
P35P3,P35P3_T5,P35P3_T5_3,3,condition_removed,Not Enough Evidence,Not Enough Evidence
P127P7,P127P7_T4,P127P7_T4_2,2,condition_replaced,Not Enough Evidence,Not Enough Evidence
P61P3,P61P3_T1,P61P3_T1_3,3,condition_removed,Not Enough Evidence,Not Supported
P90P16,P90P16_T1,P90P16_T1_1,1,relation_contradicted,Not Supported,Not Supported
P74P1,P74P1_T3,P74P1_T3_1,1,relation_contradicted,Not Supported,Not Supported
P140P1,P140P1_T1,P140P1_T1_1,1,relation_contradicted,Not Supported,Not Enough Evidence
P99P14,P99P14_T3,P99P14_T3_1,1,relation_contradicted,Not Supported,Not Supported
P59P4,P59P4_T3,P59P4_T3_2,2,condition_replaced,Not Enough Evidence,Not Enough Evidence
P33P1,P33P1_T1,P33P1_T1_3,3,condition_removed,Not Enough Evidence,Not Enough Evidence
P197P3,P197P3_T3,P197P3_T3_1,1,relation_contradicted,Not Supported,Not Supported
P76P7,P76P7_T4,P76P7_T4_2,2,condition_replaced,Not Enough Evidence,Not Enough Evidence
P185P3,P185P3_T1,P185P3_T1_5,5,condition_contradicted,Not Supported,Not Supported
P130P10,P130P10_T1,P130P10_T1_1,1,relation_contradicted,Not Supported,Not Supported
P61P1,P61P1_T4,P61P1_T4_1,1,relation_contradicted,Not Supported,Not Supported
P56P8,P56P8_T3,P56P8_T3_5,5,condition_contradicted,Not Supported,Not Supported
P54P1,P54P1_T3,P54P1_T3_2,2,condition_replaced,Not Enough Evidence,Not Supported
P86P9,P86P9_T1,P86P9_T1_1,1,relation_contradicted,Not Supported,Not Supported
P190P3,P190P3_T1,P190P3_T1_2,2,condition_replaced,Not Enough Evidence,Not Enough Evidence
P76P7,P76P7_T2,P76P7_T2_1,1,relation_contradicted,Not Supported,Not Supported
P17P10,P17P10_T1,P17P10_T1_3,3,condition_removed,Not Enough Evidence,Not Enough Evidence
P196P5,P196P5_T1,P196P5_T1_2,2,condition_replaced,Not Enough Evidence,Not Enough Evidence
P41P7,P41P7_T2,P41P7_T2_5,5,condition_contradicted,Not Supported,Not Supported
P118P5,P118P5_T3,P118P5_T3_5,5,condition_contradicted,Not Supported,Not Supported
P68P3,P68P3_T2,P68P3_T2_3,3,condition_removed,Not Enough Evidence,Not Enough Evidence
P36P7,P36P7_T3,P36P7_T3_3,3,condition_removed,Not Enough Evidence,Not Enough Evidence
P83P6,P83P6_T3,P83P6_T3_2,2,condition_replaced,Not Enough Evidence,Not Enough Evidence
P124P12,P124P12_T1,P124P12_T1_4,4,supported,Supported,Supported
P77P4,P77P4_T3,P77P4_T3_5,5,condition_contradicted,Not Supported,Not Supported
P20P7,P20P7_T1,P20P7_T1_2,2,condition_replaced,Not Enough Evidence,Not Enough Evidence
P23P6,P23P6_T4,P23P6_T4_4,4,supported,Supported,Supported
P117P8,P117P8_T1,P117P8_T1_5,5,condition_contradicted,Not Supported,Not Supported
P62P6,P62P6_T2,P62P6_T2_2,2,condition_replaced,Not Enough Evidence,Not Enough Evidence
P184P11,P184P11_T1,P184P11_T1_4,4,supported,Supported,Supported
P124P14,P124P14_T1,P124P14_T1_4,4,supported,Supported,Supported
P122P7,P122P7_T1,P122P7_T1_2,2,condition_replaced,Not Enough Evidence,Not Enough Evidence
P79P10,P79P10_T2,P79P10_T2_3,3,condition_removed,Not Enough Evidence,Not Enough Evidence
P76P12,P76P12_T1,P76P12_T1_1,1,relation_contradicted,Not Supported,Not Supported
P80P1,P80P1_T2,P80P1_T2_2,2,condition_replaced,Not Enough Evidence,Not Enough Evidence
P104P1,P104P1_T2,P104P1_T2_1,1,relation_contradicted,Not Supported,Not Supported
P122P7,P122P7_T2,P122P7_T2_5,5,condition_contradicted,Not Supported,Not Supported
P83P3,P83P3_T6,P83P3_T6_1,1,relation_contradicted,Not Supported,Not Supported
P45P6,P45P6_T4,P45P6_T4_3,3,condition_removed,Not Enough Evidence,Not Supported
P27P3,P27P3_T2,P27P3_T2_4,4,supported,Supported,Supported
P91P14,P91P14_T2,P91P14_T2_4,4,supported,Supported,Not Supported
P13P13,P13P13_T1,P13P13_T1_2,2,condition_replaced,Not Enough Evidence,Not Enough Evidence
P14P2,P14P2_T1,P14P2_T1_3,3,condition_removed,Not Enough Evidence,Not Enough Evidence
P182P6,P182P6_T1,P182P6_T1_2,2,condition_replaced,Not Enough Evidence,Not Enough Evidence
P198P6,P198P6_T3,P198P6_T3_1,1,relation_contradicted,Not Supported,Not Supported
P118P16,P118P16_T3,P118P16_T3_3,3,condition_removed,Not Enough Evidence,Not Enough Evidence
P83P7,P83P7_T3,P83P7_T3_2,2,condition_replaced,Not Enough Evidence,Not Enough Evidence
P124P12,P124P12_T2,P124P12_T2_4,4,supported,Supported,Supported
P184P13,P184P13_T1,P184P13_T1_2,2,condition_replaced,Not Enough Evidence,Not Enough Evidence
P62P1,P62P1_T5,P62P1_T5_3,3,condition_removed,Not Enough Evidence,Not Enough Evidence
P38P5,P38P5_T1,P38P5_T1_5,5,condition_contradicted,Not Supported,Not Supported
P76P11,P76P11_T3,P76P11_T3_3,3,condition_removed,Not Enough Evidence,Not Enough Evidence
P127P1,P127P1_T5,P127P1_T5_4,4,supported,Supported,Supported
P103P6,P103P6_T1,P103P6_T1_2,2,condition_replaced,Not Enough Evidence,Not Enough Evidence
P181P2,P181P2_T1,P181P2_T1_5,5,condition_contradicted,Not Supported,Not Supported
P35P9,P35P9_T1,P35P9_T1_3,3,condition_removed,Not Enough Evidence,Not Enough Evidence
P11PR2,P11PR2_T1,P11PR2_T1_4,4,supported,Supported,Supported
P74P1,P74P1_T1,P74P1_T1_2,2,condition_replaced,Not Enough Evidence,Not Enough Evidence
P11PR3,P11PR3_T1,P11PR3_T1_3,3,condition_removed,Not Enough Evidence,Not Enough Evidence
P18P9,P18P9_T1,P18P9_T1_3,3,condition_removed,Not Enough Evidence,Not Enough Evidence
P113P26,P113P26_T1,P113P26_T1_5,5,condition_contradicted,Not Supported,Not Supported
P87P5,P87P5_T1,P87P5_T1_2,2,condition_replaced,Not Enough Evidence,Not Enough Evidence
P124P14,P124P14_T1,P124P14_T1_2,2,condition_replaced,Not Enough Evidence,Not Enough Evidence
P38P1,P38P1_T1,P38P1_T1_5,5,condition_contradicted,Not Supported,Not Supported
P123P3,P123P3_T1,P123P3_T1_1,1,relation_contradicted,Not Supported,Not Supported
P160P6,P160P6_T2,P160P6_T2_2,2,condition_replaced,Not Enough Evidence,Supported
P15P1,P15P1_T2,P15P1_T2_3,3,condition_removed,Not Enough Evidence,Not Enough Evidence
P104P6,P104P6_T1,P104P6_T1_5,5,condition_contradicted,Not Supported,Not Supported
P37P6,P37P6_T1,P37P6_T1_4,4,supported,Supported,Supported
P69P3,P69P3_T1,P69P3_T1_5,5,condition_contradicted,Not Supported,Not Supported
P186P4,P186P4_T2,P186P4_T2_1,1,relation_contradicted,Not Supported,Not Supported
P12PR6,P12PR6_T1,P12PR6_T1_4,4,supported,Supported,Not Supported
P88P17,P88P17_T1,P88P17_T1_5,5,condition_contradicted,Not Supported,Not Supported
P81P6,P81P6_T2,P81P6_T2_4,4,supported,Supported,Supported
P30P5,P30P5_T1,P30P5_T1_1,1,relation_contradicted,Not Supported,Not Supported
P109P16,P109P16_T1,P109P16_T1_1,1,relation_contradicted,Not Supported,Not Supported
P118P17,P118P17_T1,P118P17_T1_2,2,condition_replaced,Not Enough Evidence,Not Enough Evidence
P11PR7,P11PR7_T2,P11PR7_T2_2,2,condition_replaced,Not Enough Evidence,Not Enough Evidence
P118P15,P118P15_T2,P118P15_T2_1,1,relation_contradicted,Not Supported,Not Supported
P15P1,P15P1_T1,P15P1_T1_4,4,supported,Supported,Not Supported
P194P3,P194P3_T5,P194P3_T5_3,3,condition_removed,Not Enough Evidence,Not Enough Evidence
P54P1,P54P1_T1,P54P1_T1_3,3,condition_removed,Not Enough Evidence,Not Supported
P16P2,P16P2_T4,P16P2_T4_2,2,condition_replaced,Not Enough Evidence,Not Enough Evidence
P72P7,P72P7_T4,P72P7_T4_2,2,condition_replaced,Not Enough Evidence,Not Enough Evidence
P91P10,P91P10_T1,P91P10_T1_4,4,supported,Supported,Supported
P30P4,P30P4_T2,P30P4_T2_1,1,relation_contradicted,Not Supported,Not Supported
P36P3,P36P3_T2,P36P3_T2_3,3,condition_removed,Not Enough Evidence,Not Enough Evidence
P55P4,P55P4_T8,P55P4_T8_1,1,relation_contradicted,Not Supported,Not Supported
P20P4,P20P4_T3,P20P4_T3_5,5,condition_contradicted,Not Supported,Not Supported
P81P10,P81P10_T1,P81P10_T1_4,4,supported,Supported,Supported
P128P6,P128P6_T1,P128P6_T1_1,1,relation_contradicted,Not Supported,Not Supported
P195P6,P195P6_T1,P195P6_T1_1,1,relation_contradicted,Not Supported,Not Supported
P102P5,P102P5_T3,P102P5_T3_1,1,relation_contradicted,Not Supported,Not Enough Evidence
P118P17,P118P17_T1,P118P17_T1_4,4,supported,Supported,Supported
P70P8,P70P8_T1,P70P8_T1_4,4,supported,Supported,Supported
P153P2,P153P2_T1,P153P2_T1_5,5,condition_contradicted,Not Supported,Not Supported
P12PR3,P12PR3_T2,P12PR3_T2_3,3,condition_removed,Not Enough Evidence,Not Enough Evidence
P70P12,P70P12_T4,P70P12_T4_5,5,condition_contradicted,Not Supported,Not Supported
P37P5,P37P5_T1,P37P5_T1_1,1,relation_contradicted,Not Supported,Not Supported
P66P1,P66P1_T1,P66P1_T1_1,1,relation_contradicted,Not Supported,Not Supported
P124P11,P124P11_T2,P124P11_T2_5,5,condition_contradicted,Not Supported,Not Supported
P57P9,P57P9_T1,P57P9_T1_3,3,condition_removed,Not Enough Evidence,Not Enough Evidence
P104P8,P104P8_T3,P104P8_T3_1,1,relation_contradicted,Not Supported,Not Supported
P17P3,P17P3_T1,P17P3_T1_1,1,relation_contradicted,Not Supported,Not Supported
P41P7,P41P7_T1,P41P7_T1_4,4,supported,Supported,Supported
P197P5,P197P5_T3,P197P5_T3_4,4,supported,Supported,Supported
P198P6,P198P6_T1,P198P6_T1_2,2,condition_replaced,Not Enough Evidence,Not Enough Evidence
P161P4,P161P4_T1,P161P4_T1_2,2,condition_replaced,Not Enough Evidence,Not Enough Evidence
P46P3,P46P3_T1,P46P3_T1_5,5,condition_contradicted,Not Supported,Not Supported
P56P2,P56P2_T2,P56P2_T2_1,1,relation_contradicted,Not Supported,Supported
P147P6,P147P6_T2,P147P6_T2_3,3,condition_removed,Not Enough Evidence,Not Enough Evidence
P171P1,P171P1_T1,P171P1_T1_3,3,condition_removed,Not Enough Evidence,Not Enough Evidence
P27P2,P27P2_T1,P27P2_T1_1,1,relation_contradicted,Not Supported,Not Supported
P197P3,P197P3_T2,P197P3_T2_5,5,condition_contradicted,Not Supported,Not Supported
P16P2,P16P2_T3,P16P2_T3_5,5,condition_contradicted,Not Supported,Not Supported
P93P8,P93P8_T1,P93P8_T1_5,5,condition_contradicted,Not Supported,Not Supported
P47P8,P47P8_T1,P47P8_T1_4,4,supported,Supported,Supported
P90P10,P90P10_T1,P90P10_T1_3,3,condition_removed,Not Enough Evidence,Not Enough Evidence
P15P1,P15P1_T3,P15P1_T3_3,3,condition_removed,Not Enough Evidence,Not Enough Evidence
P12PR8,P12PR8_T5,P12PR8_T5_4,4,supported,Supported,Not Supported
P163P7,P163P7_T2,P163P7_T2_5,5,condition_contradicted,Not Supported,Not Supported
P78P7,P78P7_T2,P78P7_T2_1,1,relation_contradicted,Not Supported,Not Enough Evidence
P37P5,P37P5_T2,P37P5_T2_5,5,condition_contradicted,Not Supported,Not Supported
P91P7,P91P7_T3,P91P7_T3_5,5,condition_contradicted,Not Supported,Not Supported
P70P6,P70P6_T3,P70P6_T3_2,2,condition_replaced,Not Enough Evidence,Not Enough Evidence
P70P3,P70P3_T1,P70P3_T1_1,1,relation_contradicted,Not Supported,Not Supported
P161P1,P161P1_T2,P161P1_T2_5,5,condition_contradicted,Not Supported,Not Supported
P91P7,P91P7_T3,P91P7_T3_3,3,condition_removed,Not Enough Evidence,Not Enough Evidence
P77P1,P77P1_T5,P77P1_T5_2,2,condition_replaced,Not Enough Evidence,Not Enough Evidence
P38P2,P38P2_T2,P38P2_T2_5,5,condition_contradicted,Not Supported,Not Supported
P161P1,P161P1_T3,P161P1_T3_1,1,relation_contradicted,Not Supported,Not Supported
P32P2,P32P2_T1,P32P2_T1_4,4,supported,Supported,Supported
P193P2,P193P2_T1,P193P2_T1_2,2,condition_replaced,Not Enough Evidence,Not Enough Evidence
P62P1,P62P1_T6,P62P1_T6_5,5,condition_contradicted,Not Supported,Not Supported
P35P6,P35P6_T1,P35P6_T1_1,1,relation_contradicted,Not Supported,Not Supported
P85P7,P85P7_T1,P85P7_T1_5,5,condition_contradicted,Not Supported,Not Supported
P98P7,P98P7_T3,P98P7_T3_3,3,condition_removed,Not Enough Evidence,Not Supported
P105P5,P105P5_T1,P105P5_T1_5,5,condition_contradicted,Not Supported,Not Supported
P103P1,P103P1_T2,P103P1_T2_1,1,relation_contradicted,Not Supported,Supported
P91P10,P91P10_T2,P91P10_T2_3,3,condition_removed,Not Enough Evidence,Not Enough Evidence
P186P3,P186P3_T1,P186P3_T1_2,2,condition_replaced,Not Enough Evidence,Not Enough Evidence
P38P3,P38P3_T1,P38P3_T1_3,3,condition_removed,Not Enough Evidence,Not Enough Evidence
P23P6,P23P6_T4,P23P6_T4_5,5,condition_contradicted,Not Supported,Not Supported
P81P13,P81P13_T3,P81P13_T3_4,4,supported,Supported,Supported
P95P8,P95P8_T1,P95P8_T1_5,5,condition_contradicted,Not Supported,Not Enough Evidence
P185P6,P185P6_T1,P185P6_T1_2,2,condition_replaced,Not Enough Evidence,Not Enough Evidence
P87P23,P87P23_T1,P87P23_T1_5,5,condition_contradicted,Not Supported,Not Supported
P173P1,P173P1_T1,P173P1_T1_3,3,condition_removed,Not Enough Evidence,Not Enough Evidence
P75P9,P75P9_T1,P75P9_T1_4,4,supported,Supported,Supported
P183P5,P183P5_T1,P183P5_T1_4,4,supported,Supported,Not Supported
P29P1,P29P1_T1,P29P1_T1_1,1,relation_contradicted,Not Supported,Not Supported
P12PR1,P12PR1_T4,P12PR1_T4_2,2,condition_replaced,Not Enough Evidence,Not Supported
P39P6,P39P6_T1,P39P6_T1_5,5,condition_contradicted,Not Supported,Not Supported
P15P1,P15P1_T7,P15P1_T7_1,1,relation_contradicted,Not Supported,Not Supported
P72P11,P72P11_T4,P72P11_T4_4,4,supported,Supported,Supported
P167P7,P167P7_T1,P167P7_T1_1,1,relation_contradicted,Not Supported,Not Supported
P33P1,P33P1_T4,P33P1_T4_2,2,condition_replaced,Not Enough Evidence,Not Enough Evidence
P171P2,P171P2_T1,P171P2_T1_2,2,condition_replaced,Not Enough Evidence,Not Enough Evidence
P37P9,P37P9_T1,P37P9_T1_5,5,condition_contradicted,Not Supported,Not Supported
P81P7,P81P7_T1,P81P7_T1_5,5,condition_contradicted,Not Supported,Not Supported
P72P12,P72P12_T1,P72P12_T1_5,5,condition_contradicted,Not Supported,Not Supported
P45P2,P45P2_T1,P45P2_T1_4,4,supported,Supported,Supported
P57P10,P57P10_T1,P57P10_T1_1,1,relation_contradicted,Not Supported,Not Supported
P102P10,P102P10_T1,P102P10_T1_4,4,supported,Supported,Supported
P38P3,P38P3_T1,P38P3_T1_4,4,supported,Supported,Supported
P76P9,P76P9_T1,P76P9_T1_3,3,condition_removed,Not Enough Evidence,Not Enough Evidence
P54P5,P54P5_T1,P54P5_T1_4,4,supported,Supported,Supported
P73P4,P73P4_T1,P73P4_T1_5,5,condition_contradicted,Not Supported,Not Supported
P18P5,P18P5_T1,P18P5_T1_5,5,condition_contradicted,Not Supported,Not Supported
P197P5,P197P5_T4,P197P5_T4_2,2,condition_replaced,Not Enough Evidence,Not Enough Evidence
P68P6,P68P6_T1,P68P6_T1_5,5,condition_contradicted,Not Supported,Not Supported
P95P3,P95P3_T1,P95P3_T1_1,1,relation_contradicted,Not Supported,Not Supported
P75P9,P75P9_T1,P75P9_T1_1,1,relation_contradicted,Not Supported,Not Supported
P85P7,P85P7_T2,P85P7_T2_3,3,condition_removed,Not Enough Evidence,Not Supported
P53P4,P53P4_T1,P53P4_T1_1,1,relation_contradicted,Not Supported,Not Supported
P81P11,P81P11_T3,P81P11_T3_2,2,condition_replaced,Not Enough Evidence,Not Enough Evidence
P147P6,P147P6_T4,P147P6_T4_2,2,condition_replaced,Not Enough Evidence,Not Enough Evidence
P124P3,P124P3_T2,P124P3_T2_1,1,relation_contradicted,Not Supported,Not Supported
P35P9,P35P9_T1,P35P9_T1_2,2,condition_replaced,Not Enough Evidence,Not Enough Evidence
P69P3,P69P3_T1,P69P3_T1_1,1,relation_contradicted,Not Supported,Not Supported
P179P4,P179P4_T1,P179P4_T1_1,1,relation_contradicted,Not Supported,Not Enough Evidence
P125P2,P125P2_T1,P125P2_T1_4,4,supported,Supported,Supported
P83P6,P83P6_T4,P83P6_T4_2,2,condition_replaced,Not Enough Evidence,Not Supported
P35P6,P35P6_T4,P35P6_T4_3,3,condition_removed,Not Enough Evidence,Not Enough Evidence
P22P8,P22P8_T3,P22P8_T3_5,5,condition_contradicted,Not Supported,Not Supported
P81P5,P81P5_T2,P81P5_T2_1,1,relation_contradicted,Not Supported,Not Supported
P71P1,P71P1_T1,P71P1_T1_3,3,condition_removed,Not Enough Evidence,Not Enough Evidence
P106P10,P106P10_T2,P106P10_T2_1,1,relation_contradicted,Not Supported,Not Supported
P192P5,P192P5_T1,P192P5_T1_1,1,relation_contradicted,Not Supported,Not Supported
P183P3,P183P3_T2,P183P3_T2_5,5,condition_contradicted,Not Supported,Not Supported
P123P7,P123P7_T2,P123P7_T2_5,5,condition_contradicted,Not Supported,Not Supported
P83P2,P83P2_T1,P83P2_T1_4,4,supported,Supported,Not Enough Evidence
P178P4,P178P4_T3,P178P4_T3_3,3,condition_removed,Not Enough Evidence,Not Enough Evidence
P128P6,P128P6_T1,P128P6_T1_2,2,condition_replaced,Not Enough Evidence,Not Enough Evidence
P83P2,P83P2_T2,P83P2_T2_3,3,condition_removed,Not Enough Evidence,Not Enough Evidence
P183P5,P183P5_T1,P183P5_T1_5,5,condition_contradicted,Not Supported,Not Supported
P198P6,P198P6_T4,P198P6_T4_4,4,supported,Supported,Not Enough Evidence
P56P8,P56P8_T3,P56P8_T3_2,2,condition_replaced,Not Enough Evidence,Not Enough Evidence
P41P2,P41P2_T1,P41P2_T1_4,4,supported,Supported,Supported
P11PR7,P11PR7_T1,P11PR7_T1_4,4,supported,Supported,Supported
P153P3,P153P3_T1,P153P3_T1_1,1,relation_contradicted,Not Supported,Not Supported
P107P1,P107P1_T2,P107P1_T2_2,2,condition_replaced,Not Enough Evidence,Not Enough Evidence
P17P4,P17P4_T1,P17P4_T1_4,4,supported,Supported,Supported
P83P3,P83P3_T2,P83P3_T2_3,3,condition_removed,Not Enough Evidence,Not Enough Evidence
P19P4,P19P4_T2,P19P4_T2_1,1,relation_contradicted,Not Supported,Not Supported
P87P21,P87P21_T1,P87P21_T1_1,1,relation_contradicted,Not Supported,Not Supported
P133P1,P133P1_T1,P133P1_T1_2,2,condition_replaced,Not Enough Evidence,Not Enough Evidence
P65P6,P65P6_T1,P65P6_T1_1,1,relation_contradicted,Not Supported,Not Supported
P197P6,P197P6_T1,P197P6_T1_4,4,supported,Supported,Not Supported
P161P1,P161P1_T3,P161P1_T3_4,4,supported,Supported,Not Supported
P59P5,P59P5_T2,P59P5_T2_3,3,condition_removed,Not Enough Evidence,Not Enough Evidence
P55P4,P55P4_T7,P55P4_T7_1,1,relation_contradicted,Not Supported,Not Supported
P184P13,P184P13_T2,P184P13_T2_4,4,supported,Supported,Supported
P197P5,P197P5_T7,P197P5_T7_1,1,relation_contradicted,Not Supported,Not Enough Evidence
P21P7,P21P7_T1,P21P7_T1_1,1,relation_contradicted,Not Supported,Not Supported
P115P8,P115P8_T5,P115P8_T5_1,1,relation_contradicted,Not Supported,Not Supported
P62P3,P62P3_T1,P62P3_T1_1,1,relation_contradicted,Not Supported,Not Supported
P54P6,P54P6_T1,P54P6_T1_1,1,relation_contradicted,Not Supported,Not Supported
P81P7,P81P7_T1,P81P7_T1_2,2,condition_replaced,Not Enough Evidence,Not Enough Evidence
P121P1,P121P1_T2,P121P1_T2_3,3,condition_removed,Not Enough Evidence,Not Enough Evidence
P154P16,P154P16_T1,P154P16_T1_3,3,condition_removed,Not Enough Evidence,Not Enough Evidence
P39P9,P39P9_T1,P39P9_T1_5,5,condition_contradicted,Not Supported,Not Supported
P87P15,P87P15_T1,P87P15_T1_1,1,relation_contradicted,Not Supported,Not Supported
P87P26,P87P26_T1,P87P26_T1_2,2,condition_replaced,Not Enough Evidence,Not Enough Evidence
P76P11,P76P11_T3,P76P11_T3_4,4,supported,Supported,Supported
P22P3,P22P3_T1,P22P3_T1_5,5,condition_contradicted,Not Supported,Not Supported
P12PR1,P12PR1_T3,P12PR1_T3_3,3,condition_removed,Not Enough Evidence,Not Supported
P11PR2,P11PR2_T1,P11PR2_T1_3,3,condition_removed,Not Enough Evidence,Not Enough Evidence
P198P6,P198P6_T3,P198P6_T3_2,2,condition_replaced,Not Enough Evidence,Not Enough Evidence
P35P1,P35P1_T1,P35P1_T1_2,2,condition_replaced,Not Enough Evidence,Not Enough Evidence
P154P6,P154P6_T1,P154P6_T1_2,2,condition_replaced,Not Enough Evidence,Not Enough Evidence
P56P8,P56P8_T1,P56P8_T1_4,4,supported,Supported,Supported
P54P4,P54P4_T5,P54P4_T5_1,1,relation_contradicted,Not Supported,Not Supported
P161P1,P161P1_T1,P161P1_T1_3,3,condition_removed,Not Enough Evidence,Not Supported
P12PR11,P12PR11_T1,P12PR11_T1_5,5,condition_contradicted,Not Supported,Not Supported
P107P1,P107P1_T2,P107P1_T2_4,4,supported,Supported,Supported
P61P2,P61P2_T1,P61P2_T1_2,2,condition_replaced,Not Enough Evidence,Not Enough Evidence
P13P7,P13P7_T1,P13P7_T1_2,2,condition_replaced,Not Enough Evidence,Not Enough Evidence
P182P9,P182P9_T2,P182P9_T2_1,1,relation_contradicted,Not Supported,Not Supported
P98P7,P98P7_T2,P98P7_T2_5,5,condition_contradicted,Not Supported,Not Supported
P39P6,P39P6_T2,P39P6_T2_3,3,condition_removed,Not Enough Evidence,Not Enough Evidence
P79P5,P79P5_T1,P79P5_T1_3,3,condition_removed,Not Enough Evidence,Not Enough Evidence
P113P16,P113P16_T2,P113P16_T2_2,2,condition_replaced,Not Enough Evidence,Not Enough Evidence
P29P10,P29P10_T3,P29P10_T3_2,2,condition_replaced,Not Enough Evidence,Not Enough Evidence
P127P4,P127P4_T5,P127P4_T5_3,3,condition_removed,Not Enough Evidence,Not Enough Evidence
P87P1,P87P1_T2,P87P1_T2_2,2,condition_replaced,Not Enough Evidence,Not Enough Evidence
P194P3,P194P3_T5,P194P3_T5_5,5,condition_contradicted,Not Supported,Not Supported
P39P4,P39P4_T3,P39P4_T3_3,3,condition_removed,Not Enough Evidence,Not Enough Evidence
P103P1,P103P1_T6,P103P1_T6_3,3,condition_removed,Not Enough Evidence,Not Supported
P77P1,P77P1_T3,P77P1_T3_2,2,condition_replaced,Not Enough Evidence,Not Enough Evidence
P191P1,P191P1_T2,P191P1_T2_5,5,condition_contradicted,Not Supported,Not Supported
P121P1,P121P1_T5,P121P1_T5_2,2,condition_replaced,Not Enough Evidence,Not Enough Evidence
P124P8,P124P8_T1,P124P8_T1_2,2,condition_replaced,Not Enough Evidence,Not Enough Evidence
P113P14,P113P14_T1,P113P14_T1_4,4,supported,Supported,Supported
P74P1,P74P1_T3,P74P1_T3_2,2,condition_replaced,Not Enough Evidence,Not Enough Evidence
P83P1,P83P1_T2,P83P1_T2_3,3,condition_removed,Not Enough Evidence,Not Supported
P87P26,P87P26_T1,P87P26_T1_3,3,condition_removed,Not Enough Evidence,Not Enough Evidence
P197P5,P197P5_T3,P197P5_T3_1,1,relation_contradicted,Not Supported,Not Supported
P71P1,P71P1_T1,P71P1_T1_2,2,condition_replaced,Not Enough Evidence,Not Enough Evidence
P73P9,P73P9_T2,P73P9_T2_5,5,condition_contradicted,Not Supported,Not Supported
P154P18,P154P18_T1,P154P18_T1_4,4,supported,Supported,Supported
P15P1,P15P1_T1,P15P1_T1_3,3,condition_removed,Not Enough Evidence,Not Enough Evidence
P119P13,P119P13_T1,P119P13_T1_4,4,supported,Supported,Supported
P58P1,P58P1_T2,P58P1_T2_2,2,condition_replaced,Not Enough Evidence,Not Enough Evidence
P145P6,P145P6_T2,P145P6_T2_4,4,supported,Supported,Supported
P84P9,P84P9_T1,P84P9_T1_2,2,condition_replaced,Not Enough Evidence,Not Enough Evidence
P83P2,P83P2_T4,P83P2_T4_5,5,condition_contradicted,Not Supported,Not Supported
P98P7,P98P7_T3,P98P7_T3_1,1,relation_contradicted,Not Supported,Not Supported
P70P12,P70P12_T3,P70P12_T3_1,1,relation_contradicted,Not Supported,Not Supported
P72P12,P72P12_T2,P72P12_T2_1,1,relation_contradicted,Not Supported,Not Enough Evidence
P102P5,P102P5_T2,P102P5_T2_5,5,condition_contradicted,Not Supported,Not Enough Evidence
P13P3,P13P3_T2,P13P3_T2_3,3,condition_removed,Not Enough Evidence,Not Enough Evidence
P24P4,P24P4_T2,P24P4_T2_5,5,condition_contradicted,Not Supported,Not Supported
P70P12,P70P12_T2,P70P12_T2_2,2,condition_replaced,Not Enough Evidence,Not Enough Evidence
P18P1,P18P1_T1,P18P1_T1_2,2,condition_replaced,Not Enough Evidence,Not Enough Evidence
P61P2,P61P2_T1,P61P2_T1_4,4,supported,Supported,Supported
P165P6,P165P6_T2,P165P6_T2_1,1,relation_contradicted,Not Supported,Not Supported
P16P2,P16P2_T1,P16P2_T1_2,2,condition_replaced,Not Enough Evidence,Not Enough Evidence
P113P28,P113P28_T1,P113P28_T1_4,4,supported,Supported,Supported
P19P4,P19P4_T2,P19P4_T2_2,2,condition_replaced,Not Enough Evidence,Not Enough Evidence
P118P16,P118P16_T1,P118P16_T1_4,4,supported,Supported,Supported
P16P3,P16P3_T1,P16P3_T1_3,3,condition_removed,Not Enough Evidence,Not Enough Evidence
P83P6,P83P6_T3,P83P6_T3_3,3,condition_removed,Not Enough Evidence,Not Enough Evidence
P57P7,P57P7_T3,P57P7_T3_4,4,supported,Supported,Supported
P83P8,P83P8_T2,P83P8_T2_4,4,supported,Supported,Supported
P61P3,P61P3_T2,P61P3_T2_4,4,supported,Supported,Not Supported
P76P13,P76P13_T1,P76P13_T1_3,3,condition_removed,Not Enough Evidence,Not Enough Evidence
P189P8,P189P8_T1,P189P8_T1_1,1,relation_contradicted,Not Supported,Not Supported
P15P1,P15P1_T6,P15P1_T6_5,5,condition_contradicted,Not Supported,Not Supported
P74P1,P74P1_T1,P74P1_T1_5,5,condition_contradicted,Not Supported,Not Supported
P94P5,P94P5_T1,P94P5_T1_2,2,condition_replaced,Not Enough Evidence,Not Enough Evidence
P31P2,P31P2_T2,P31P2_T2_4,4,supported,Supported,Supported
P93P7,P93P7_T2,P93P7_T2_3,3,condition_removed,Not Enough Evidence,Not Enough Evidence
P55P4,P55P4_T4,P55P4_T4_3,3,condition_removed,Not Enough Evidence,Not Supported
P13P14,P13P14_T3,P13P14_T3_1,1,relation_contradicted,Not Supported,Not Supported
P85P6,P85P6_T1,P85P6_T1_2,2,condition_replaced,Not Enough Evidence,Not Enough Evidence
P188P6,P188P6_T1,P188P6_T1_5,5,condition_contradicted,Not Supported,Not Supported
P191P1,P191P1_T2,P191P1_T2_2,2,condition_replaced,Not Enough Evidence,Not Enough Evidence
P127P4,P127P4_T7,P127P4_T7_2,2,condition_replaced,Not Enough Evidence,Not Enough Evidence
P79P3,P79P3_T2,P79P3_T2_4,4,supported,Supported,Supported
P197P5,P197P5_T10,P197P5_T10_5,5,condition_contradicted,Not Supported,Not Supported
P19P2,P19P2_T5,P19P2_T5_2,2,condition_replaced,Not Enough Evidence,Not Enough Evidence
P161P1,P161P1_T2,P161P1_T2_3,3,condition_removed,Not Enough Evidence,Not Supported
P81P11,P81P11_T2,P81P11_T2_3,3,condition_removed,Not Enough Evidence,Not Enough Evidence
P53P4,P53P4_T1,P53P4_T1_2,2,condition_replaced,Not Enough Evidence,Not Enough Evidence
P40P8,P40P8_T1,P40P8_T1_1,1,relation_contradicted,Not Supported,Not Supported
P103P10,P103P10_T1,P103P10_T1_3,3,condition_removed,Not Enough Evidence,Not Enough Evidence
P55P3,P55P3_T2,P55P3_T2_3,3,condition_removed,Not Enough Evidence,Not Enough Evidence
P103P7,P103P7_T1,P103P7_T1_5,5,condition_contradicted,Not Supported,Not Supported
P90P3,P90P3_T2,P90P3_T2_2,2,condition_replaced,Not Enough Evidence,Not Enough Evidence
P138P6,P138P6_T2,P138P6_T2_3,3,condition_removed,Not Enough Evidence,Not Enough Evidence
P19P3,P19P3_T2,P19P3_T2_2,2,condition_replaced,Not Enough Evidence,Not Enough Evidence
P94P5,P94P5_T1,P94P5_T1_1,1,relation_contradicted,Not Supported,Not Supported
P12PR3,P12PR3_T3,P12PR3_T3_2,2,condition_replaced,Not Enough Evidence,Not Enough Evidence
P76P2,P76P2_T2,P76P2_T2_5,5,condition_contradicted,Not Supported,Not Supported
P183P8,P183P8_T2,P183P8_T2_3,3,condition_removed,Not Enough Evidence,Not Enough Evidence
P113P15,P113P15_T1,P113P15_T1_5,5,condition_contradicted,Not Supported,Not Supported
P15P1,P15P1_T5,P15P1_T5_5,5,condition_contradicted,Not Supported,Not Supported
P101P11,P101P11_T1,P101P11_T1_4,4,supported,Supported,Supported
P38P2,P38P2_T3,P38P2_T3_5,5,condition_contradicted,Not Supported,Not Supported
P194P3,P194P3_T5,P194P3_T5_4,4,supported,Supported,Supported
P160P6,P160P6_T1,P160P6_T1_5,5,condition_contradicted,Not Supported,Supported
P69P4,P69P4_T1,P69P4_T1_1,1,relation_contradicted,Not Supported,Not Supported
P165P10,P165P10_T1,P165P10_T1_5,5,condition_contradicted,Not Supported,Not Supported
P124P7,P124P7_T2,P124P7_T2_3,3,condition_removed,Not Enough Evidence,Not Enough Evidence
P103P1,P103P1_T2,P103P1_T2_3,3,condition_removed,Not Enough Evidence,Not Enough Evidence
P85P7,P85P7_T2,P85P7_T2_1,1,relation_contradicted,Not Supported,Not Supported
P81P3,P81P3_T1,P81P3_T1_4,4,supported,Supported,Supported
P197P5,P197P5_T9,P197P5_T9_2,2,condition_replaced,Not Enough Evidence,Not Enough Evidence
P68P4,P68P4_T2,P68P4_T2_2,2,condition_replaced,Not Enough Evidence,Not Enough Evidence
P190P3,P190P3_T1,P190P3_T1_3,3,condition_removed,Not Enough Evidence,Not Enough Evidence
P198P7,P198P7_T1,P198P7_T1_4,4,supported,Supported,Not Enough Evidence
P81P4,P81P4_T1,P81P4_T1_4,4,supported,Supported,Supported
P113P13,P113P13_T2,P113P13_T2_2,2,condition_replaced,Not Enough Evidence,Not Enough Evidence
P115P10,P115P10_T1,P115P10_T1_3,3,condition_removed,Not Enough Evidence,Not Enough Evidence
P90P3,P90P3_T3,P90P3_T3_4,4,supported,Supported,Supported
P54P3,P54P3_T1,P54P3_T1_5,5,condition_contradicted,Not Supported,Not Supported
P32P8,P32P8_T2,P32P8_T2_2,2,condition_replaced,Not Enough Evidence,Not Enough Evidence
P103P7,P103P7_T4,P103P7_T4_4,4,supported,Supported,Supported
P56P2,P56P2_T1,P56P2_T1_2,2,condition_replaced,Not Enough Evidence,Not Enough Evidence
P30P5,P30P5_T1,P30P5_T1_2,2,condition_replaced,Not Enough Evidence,Not Enough Evidence
P12PR4,P12PR4_T3,P12PR4_T3_3,3,condition_removed,Not Enough Evidence,Not Enough Evidence
P93P7,P93P7_T1,P93P7_T1_2,2,condition_replaced,Not Enough Evidence,Not Enough Evidence
P27P3,P27P3_T1,P27P3_T1_1,1,relation_contradicted,Not Supported,Not Supported
P78P7,P78P7_T2,P78P7_T2_4,4,supported,Supported,Supported
P26P5,P26P5_T2,P26P5_T2_3,3,condition_removed,Not Enough Evidence,Not Enough Evidence
P139P7,P139P7_T2,P139P7_T2_4,4,supported,Supported,Supported
P77P9,P77P9_T1,P77P9_T1_3,3,condition_removed,Not Enough Evidence,Not Enough Evidence
P138P7,P138P7_T1,P138P7_T1_4,4,supported,Supported,Supported
P118P16,P118P16_T3,P118P16_T3_4,4,supported,Supported,Supported
P63P8,P63P8_T1,P63P8_T1_1,1,relation_contradicted,Not Supported,Not Enough Evidence
P144P2,P144P2_T1,P144P2_T1_2,2,condition_replaced,Not Enough Evidence,Not Enough Evidence
P87P20,P87P20_T3,P87P20_T3_2,2,condition_replaced,Not Enough Evidence,Not Enough Evidence
P113P22,P113P22_T1,P113P22_T1_1,1,relation_contradicted,Not Supported,Not Supported
P88P13,P88P13_T1,P88P13_T1_2,2,condition_replaced,Not Enough Evidence,Not Enough Evidence
P18P5,P18P5_T3,P18P5_T3_3,3,condition_removed,Not Enough Evidence,Not Enough Evidence
P15P1,P15P1_T10,P15P1_T10_4,4,supported,Supported,Not Supported
P98P7,P98P7_T2,P98P7_T2_2,2,condition_replaced,Not Enough Evidence,Not Supported
P155P7,P155P7_T1,P155P7_T1_3,3,condition_removed,Not Enough Evidence,Not Enough Evidence
P182P6,P182P6_T1,P182P6_T1_3,3,condition_removed,Not Enough Evidence,Not Enough Evidence
P84P1,P84P1_T3,P84P1_T3_4,4,supported,Supported,Supported
P119P8,P119P8_T1,P119P8_T1_3,3,condition_removed,Not Enough Evidence,Not Enough Evidence
P57P8,P57P8_T2,P57P8_T2_2,2,condition_replaced,Not Enough Evidence,Not Enough Evidence
P83P2,P83P2_T3,P83P2_T3_3,3,condition_removed,Not Enough Evidence,Not Enough Evidence
P102P5,P102P5_T1,P102P5_T1_3,3,condition_removed,Not Enough Evidence,Not Enough Evidence
P61P4,P61P4_T3,P61P4_T3_1,1,relation_contradicted,Not Supported,Not Supported
P154P16,P154P16_T1,P154P16_T1_2,2,condition_replaced,Not Enough Evidence,Not Enough Evidence
P68P3,P68P3_T1,P68P3_T1_1,1,relation_contradicted,Not Supported,Not Supported
P96P3,P96P3_T2,P96P3_T2_4,4,supported,Supported,Supported
P87P15,P87P15_T6,P87P15_T6_1,1,relation_contradicted,Not Supported,Not Supported
P117P7,P117P7_T1,P117P7_T1_1,1,relation_contradicted,Not Supported,Not Supported
P16P2,P16P2_T2,P16P2_T2_1,1,relation_contradicted,Not Supported,Not Supported
P59P4,P59P4_T7,P59P4_T7_5,5,condition_contradicted,Not Supported,Supported
P65P1,P65P1_T1,P65P1_T1_4,4,supported,Supported,Supported
P113P13,P113P13_T4,P113P13_T4_1,1,relation_contradicted,Not Supported,Not Supported
P191P2,P191P2_T1,P191P2_T1_3,3,condition_removed,Not Enough Evidence,Not Enough Evidence
P83P3,P83P3_T4,P83P3_T4_4,4,supported,Supported,Not Enough Evidence
P82P10,P82P10_T2,P82P10_T2_5,5,condition_contradicted,Not Supported,Not Supported
P72P3,P72P3_T2,P72P3_T2_1,1,relation_contradicted,Not Supported,Not Supported
P118P5,P118P5_T1,P118P5_T1_5,5,condition_contradicted,Not Supported,Not Supported
P103P1,P103P1_T7,P103P1_T7_2,2,condition_replaced,Not Enough Evidence,Not Enough Evidence
P29P9,P29P9_T1,P29P9_T1_5,5,condition_contradicted,Not Supported,Not Supported
P118P12,P118P12_T1,P118P12_T1_2,2,condition_replaced,Not Enough Evidence,Not Enough Evidence
P193P4,P193P4_T4,P193P4_T4_2,2,condition_replaced,Not Enough Evidence,Not Enough Evidence
P84P1,P84P1_T2,P84P1_T2_5,5,condition_contradicted,Not Supported,Not Supported
P134P6,P134P6_T2,P134P6_T2_5,5,condition_contradicted,Not Supported,Not Supported
P98P5,P98P5_T1,P98P5_T1_2,2,condition_replaced,Not Enough Evidence,Not Enough Evidence
P75P9,P75P9_T2,P75P9_T2_3,3,condition_removed,Not Enough Evidence,Not Enough Evidence
P157P3,P157P3_T2,P157P3_T2_1,1,relation_contradicted,Not Supported,Not Supported
P161P5,P161P5_T1,P161P5_T1_4,4,supported,Supported,Supported
P22P3,P22P3_T1,P22P3_T1_3,3,condition_removed,Not Enough Evidence,Not Enough Evidence
P101P7,P101P7_T2,P101P7_T2_2,2,condition_replaced,Not Enough Evidence,Not Enough Evidence
P167P7,P167P7_T1,P167P7_T1_2,2,condition_replaced,Not Enough Evidence,Not Enough Evidence
P81P1,P81P1_T1,P81P1_T1_5,5,condition_contradicted,Not Supported,Not Supported
P188P7,P188P7_T1,P188P7_T1_1,1,relation_contradicted,Not Supported,Not Supported
P102P3,P102P3_T1,P102P3_T1_5,5,condition_contradicted,Not Supported,Not Enough Evidence
P132P1,P132P1_T1,P132P1_T1_2,2,condition_replaced,Not Enough Evidence,Not Enough Evidence
P70P13,P70P13_T4,P70P13_T4_3,3,condition_removed,Not Enough Evidence,Not Enough Evidence
P93P3,P93P3_T2,P93P3_T2_3,3,condition_removed,Not Enough Evidence,Not Enough Evidence
P19P2,P19P2_T3,P19P2_T3_3,3,condition_removed,Not Enough Evidence,Not Enough Evidence
P29P10,P29P10_T2,P29P10_T2_5,5,condition_contradicted,Not Supported,Not Supported
P36P4,P36P4_T1,P36P4_T1_5,5,condition_contradicted,Not Supported,Not Supported
P70P8,P70P8_T3,P70P8_T3_4,4,supported,Supported,Supported
P38P5,P38P5_T1,P38P5_T1_2,2,condition_replaced,Not Enough Evidence,Not Enough Evidence
P90P4,P90P4_T1,P90P4_T1_4,4,supported,Supported,Supported
P200P12,P200P12_T2,P200P12_T2_4,4,supported,Supported,Not Supported
P198P6,P198P6_T2,P198P6_T2_4,4,supported,Supported,Supported
P138P7,P138P7_T4,P138P7_T4_4,4,supported,Supported,Supported
P55P4,P55P4_T10,P55P4_T10_4,4,supported,Supported,Not Supported
P72P11,P72P11_T3,P72P11_T3_1,1,relation_contradicted,Not Supported,Not Supported
P17P3,P17P3_T1,P17P3_T1_5,5,condition_contradicted,Not Supported,Not Supported
P54P2,P54P2_T1,P54P2_T1_4,4,supported,Supported,Supported
P28P1,P28P1_T1,P28P1_T1_2,2,condition_replaced,Not Enough Evidence,Not Enough Evidence
P76P11,P76P11_T2,P76P11_T2_2,2,condition_replaced,Not Enough Evidence,Not Enough Evidence
P19P2,P19P2_T4,P19P2_T4_5,5,condition_contradicted,Not Supported,Not Supported
P155P7,P155P7_T1,P155P7_T1_5,5,condition_contradicted,Not Supported,Not Supported
P113P26,P113P26_T2,P113P26_T2_2,2,condition_replaced,Not Enough Evidence,Not Enough Evidence
P108P19,P108P19_T1,P108P19_T1_5,5,condition_contradicted,Not Supported,Not Supported
P62P1,P62P1_T4,P62P1_T4_3,3,condition_removed,Not Enough Evidence,Not Enough Evidence
P28P2,P28P2_T1,P28P2_T1_3,3,condition_removed,Not Enough Evidence,Not Enough Evidence
P88P10,P88P10_T2,P88P10_T2_3,3,condition_removed,Not Enough Evidence,Not Enough Evidence
P11PR11,P11PR11_T2,P11PR11_T2_1,1,relation_contradicted,Not Supported,Not Supported
P66P1,P66P1_T4,P66P1_T4_4,4,supported,Supported,Supported
P87P15,P87P15_T3,P87P15_T3_4,4,supported,Supported,Not Supported
P61P1,P61P1_T4,P61P1_T4_3,3,condition_removed,Not Enough Evidence,Not Enough Evidence
P67P2,P67P2_T2,P67P2_T2_2,2,condition_replaced,Not Enough Evidence,Not Enough Evidence
P88P13,P88P13_T1,P88P13_T1_3,3,condition_removed,Not Enough Evidence,Not Enough Evidence
P91P7,P91P7_T6,P91P7_T6_4,4,supported,Supported,Supported
P102P2,P102P2_T2,P102P2_T2_2,2,condition_replaced,Not Enough Evidence,Not Enough Evidence
P145P5,P145P5_T1,P145P5_T1_3,3,condition_removed,Not Enough Evidence,Not Enough Evidence
P77P5,P77P5_T1,P77P5_T1_2,2,condition_replaced,Not Enough Evidence,Not Enough Evidence
P190P7,P190P7_T1,P190P7_T1_3,3,condition_removed,Not Enough Evidence,Not Enough Evidence
P98P5,P98P5_T1,P98P5_T1_1,1,relation_contradicted,Not Supported,Not Supported
P17P6,P17P6_T4,P17P6_T4_3,3,condition_removed,Not Enough Evidence,Not Enough Evidence
P98P7,P98P7_T6,P98P7_T6_4,4,supported,Supported,Not Supported
P47P3,P47P3_T1,P47P3_T1_5,5,condition_contradicted,Not Supported,Not Supported
P93P1,P93P1_T1,P93P1_T1_4,4,supported,Supported,Supported
P139P5,P139P5_T1,P139P5_T1_5,5,condition_contradicted,Not Supported,Not Supported
P48P4,P48P4_T4,P48P4_T4_2,2,condition_replaced,Not Enough Evidence,Not Enough Evidence
P59P3,P59P3_T1,P59P3_T1_5,5,condition_contradicted,Not Supported,Not Supported
P84P1,P84P1_T4,P84P1_T4_1,1,relation_contradicted,Not Supported,Supported
P55P4,P55P4_T1,P55P4_T1_4,4,supported,Supported,Not Supported
P190P8,P190P8_T1,P190P8_T1_1,1,relation_contradicted,Not Supported,Not Supported
P13P6,P13P6_T2,P13P6_T2_2,2,condition_replaced,Not Enough Evidence,Not Enough Evidence
P45P6,P45P6_T1,P45P6_T1_1,1,relation_contradicted,Not Supported,Not Supported
P194P8,P194P8_T2,P194P8_T2_4,4,supported,Supported,Supported
P17P11,P17P11_T1,P17P11_T1_2,2,condition_replaced,Not Enough Evidence,Not Enough Evidence
P55P4,P55P4_T1,P55P4_T1_2,2,condition_replaced,Not Enough Evidence,Not Supported
P90P13,P90P13_T2,P90P13_T2_4,4,supported,Supported,Supported
P139P6,P139P6_T1,P139P6_T1_1,1,relation_contradicted,Not Supported,Not Supported
P38P6,P38P6_T1,P38P6_T1_3,3,condition_removed,Not Enough Evidence,Not Enough Evidence
P177P7,P177P7_T2,P177P7_T2_2,2,condition_replaced,Not Enough Evidence,Not Enough Evidence
P163P10,P163P10_T1,P163P10_T1_2,2,condition_replaced,Not Enough Evidence,Not Enough Evidence
P66P1,P66P1_T3,P66P1_T3_2,2,condition_replaced,Not Enough Evidence,Not Enough Evidence
P160P6,P160P6_T1,P160P6_T1_4,4,supported,Supported,Supported
P54P3,P54P3_T2,P54P3_T2_1,1,relation_contradicted,Not Supported,Not Supported
P16P2,P16P2_T1,P16P2_T1_3,3,condition_removed,Not Enough Evidence,Not Enough Evidence
P98P7,P98P7_T4,P98P7_T4_1,1,relation_contradicted,Not Supported,Not Supported
P172P5,P172P5_T2,P172P5_T2_5,5,condition_contradicted,Not Supported,Not Supported
P111P8,P111P8_T4,P111P8_T4_3,3,condition_removed,Not Enough Evidence,Not Supported
P36P3,P36P3_T1,P36P3_T1_2,2,condition_replaced,Not Enough Evidence,Not Enough Evidence
P17P10,P17P10_T2,P17P10_T2_5,5,condition_contradicted,Not Supported,Not Supported
P76P10,P76P10_T1,P76P10_T1_5,5,condition_contradicted,Not Supported,Not Supported
P37P6,P37P6_T1,P37P6_T1_5,5,condition_contradicted,Not Supported,Not Supported
P12PR9,P12PR9_T1,P12PR9_T1_3,3,condition_removed,Not Enough Evidence,Not Enough Evidence
P68P4,P68P4_T2,P68P4_T2_3,3,condition_removed,Not Enough Evidence,Not Enough Evidence
P85P7,P85P7_T8,P85P7_T8_4,4,supported,Supported,Not Supported
P37P7,P37P7_T1,P37P7_T1_2,2,condition_replaced,Not Enough Evidence,Not Enough Evidence
P157P3,P157P3_T2,P157P3_T2_5,5,condition_contradicted,Not Supported,Not Supported
P45P6,P45P6_T2,P45P6_T2_5,5,condition_contradicted,Not Supported,Not Supported
P69P3,P69P3_T1,P69P3_T1_4,4,supported,Supported,Supported
P193P4,P193P4_T2,P193P4_T2_3,3,condition_removed,Not Enough Evidence,Not Enough Evidence
P80P1,P80P1_T1,P80P1_T1_4,4,supported,Supported,Supported
P84P1,P84P1_T3,P84P1_T3_1,1,relation_contradicted,Not Supported,Supported
P177P7,P177P7_T2,P177P7_T2_5,5,condition_contradicted,Not Supported,Not Supported
P46P3,P46P3_T3,P46P3_T3_2,2,condition_replaced,Not Enough Evidence,Not Enough Evidence
P104P6,P104P6_T1,P104P6_T1_1,1,relation_contradicted,Not Supported,Not Supported
P131P5,P131P5_T1,P131P5_T1_2,2,condition_replaced,Not Enough Evidence,Not Enough Evidence
P124P7,P124P7_T1,P124P7_T1_5,5,condition_contradicted,Not Supported,Not Supported
P200P7,P200P7_T1,P200P7_T1_1,1,relation_contradicted,Not Supported,Not Supported
P67P2,P67P2_T2,P67P2_T2_4,4,supported,Supported,Supported
P112P8,P112P8_T4,P112P8_T4_4,4,supported,Supported,Not Supported
P172P4,P172P4_T1,P172P4_T1_4,4,supported,Supported,Supported
P125P11,P125P11_T2,P125P11_T2_5,5,condition_contradicted,Not Supported,Not Supported
P46P3,P46P3_T3,P46P3_T3_5,5,condition_contradicted,Not Supported,Not Supported
P95P10,P95P10_T2,P95P10_T2_4,4,supported,Supported,Supported
P90P3,P90P3_T2,P90P3_T2_5,5,condition_contradicted,Not Supported,Not Supported
P54P1,P54P1_T2,P54P1_T2_1,1,relation_contradicted,Not Supported,Not Supported
P27P3,P27P3_T3,P27P3_T3_4,4,supported,Supported,Supported
P117P13,P117P13_T1,P117P13_T1_3,3,condition_removed,Not Enough Evidence,Not Enough Evidence
P97P8,P97P8_T1,P97P8_T1_5,5,condition_contradicted,Not Supported,Not Enough Evidence
P87P23,P87P23_T1,P87P23_T1_3,3,condition_removed,Not Enough Evidence,Not Enough Evidence
P46P2,P46P2_T1,P46P2_T1_1,1,relation_contradicted,Not Supported,Not Supported
P98P5,P98P5_T2,P98P5_T2_5,5,condition_contradicted,Not Supported,Not Supported
P103P1,P103P1_T5,P103P1_T5_5,5,condition_contradicted,Not Supported,Not Supported
P38P7,P38P7_T3,P38P7_T3_2,2,condition_replaced,Not Enough Evidence,Not Enough Evidence
P74P10,P74P10_T1,P74P10_T1_5,5,condition_contradicted,Not Supported,Not Supported
P173P5,P173P5_T2,P173P5_T2_5,5,condition_contradicted,Not Supported,Not Supported
P181P5,P181P5_T2,P181P5_T2_5,5,condition_contradicted,Not Supported,Not Supported
P20P2,P20P2_T1,P20P2_T1_3,3,condition_removed,Not Enough Evidence,Not Enough Evidence
P103P1,P103P1_T6,P103P1_T6_4,4,supported,Supported,Supported
P15P1,P15P1_T2,P15P1_T2_4,4,supported,Supported,Supported
P169P10,P169P10_T1,P169P10_T1_3,3,condition_removed,Not Enough Evidence,Not Enough Evidence
P103P7,P103P7_T1,P103P7_T1_3,3,condition_removed,Not Enough Evidence,Not Enough Evidence
P104P8,P104P8_T2,P104P8_T2_4,4,supported,Supported,Not Supported
P77P4,P77P4_T2,P77P4_T2_4,4,supported,Supported,Supported
P72P8,P72P8_T3,P72P8_T3_2,2,condition_replaced,Not Enough Evidence,Not Enough Evidence
P54P1,P54P1_T1,P54P1_T1_5,5,condition_contradicted,Not Supported,Not Supported
P119P13,P119P13_T1,P119P13_T1_3,3,condition_removed,Not Enough Evidence,Not Enough Evidence
P61P4,P61P4_T1,P61P4_T1_4,4,supported,Supported,Supported
P57P9,P57P9_T1,P57P9_T1_1,1,relation_contradicted,Not Supported,Not Supported
P70P13,P70P13_T3,P70P13_T3_2,2,condition_replaced,Not Enough Evidence,Not Enough Evidence
P86P3,P86P3_T2,P86P3_T2_3,3,condition_removed,Not Enough Evidence,Not Enough Evidence
P58P1,P58P1_T4,P58P1_T4_4,4,supported,Supported,Supported
P62P3,P62P3_T1,P62P3_T1_3,3,condition_removed,Not Enough Evidence,Not Enough Evidence
P76P11,P76P11_T2,P76P11_T2_4,4,supported,Supported,Supported
P55P4,P55P4_T5,P55P4_T5_1,1,relation_contradicted,Not Supported,Not Supported
P116P9,P116P9_T2,P116P9_T2_4,4,supported,Supported,Not Supported
P32P5,P32P5_T1,P32P5_T1_1,1,relation_contradicted,Not Supported,Not Supported
P85P7,P85P7_T9,P85P7_T9_5,5,condition_contradicted,Not Supported,Not Supported
P127P4,P127P4_T4,P127P4_T4_3,3,condition_removed,Not Enough Evidence,Not Enough Evidence
P87P15,P87P15_T4,P87P15_T4_3,3,condition_removed,Not Enough Evidence,Not Enough Evidence
P196P5,P196P5_T1,P196P5_T1_4,4,supported,Supported,Supported
P98P7,P98P7_T3,P98P7_T3_2,2,condition_replaced,Not Enough Evidence,Not Supported
P36P4,P36P4_T1,P36P4_T1_2,2,condition_replaced,Not Enough Evidence,Not Enough Evidence
P98P7,P98P7_T1,P98P7_T1_5,5,condition_contradicted,Not Supported,Not Supported
P12PR8,P12PR8_T5,P12PR8_T5_1,1,relation_contradicted,Not Supported,Not Supported
P121P2,P121P2_T3,P121P2_T3_5,5,condition_contradicted,Not Supported,Not Supported
P123P6,P123P6_T1,P123P6_T1_1,1,relation_contradicted,Not Supported,Not Supported
P59P4,P59P4_T5,P59P4_T5_5,5,condition_contradicted,Not Supported,Not Supported
P100P7,P100P7_T1,P100P7_T1_5,5,condition_contradicted,Not Supported,Not Supported
P184P11,P184P11_T2,P184P11_T2_1,1,relation_contradicted,Not Supported,Not Supported
P124P12,P124P12_T1,P124P12_T1_5,5,condition_contradicted,Not Supported,Not Supported
P127P1,P127P1_T3,P127P1_T3_4,4,supported,Supported,Supported
P87P10,P87P10_T1,P87P10_T1_4,4,supported,Supported,Supported
P53P4,P53P4_T1,P53P4_T1_4,4,supported,Supported,Supported
P38P6,P38P6_T2,P38P6_T2_1,1,relation_contradicted,Not Supported,Not Supported
P128P5,P128P5_T4,P128P5_T4_1,1,relation_contradicted,Not Supported,Not Supported
P185P6,P185P6_T1,P185P6_T1_1,1,relation_contradicted,Not Supported,Not Supported
P193P4,P193P4_T4,P193P4_T4_1,1,relation_contradicted,Not Supported,Not Supported
P83P1,P83P1_T3,P83P1_T3_1,1,relation_contradicted,Not Supported,Not Supported
P59P4,P59P4_T7,P59P4_T7_3,3,condition_removed,Not Enough Evidence,Not Enough Evidence
P47P8,P47P8_T1,P47P8_T1_2,2,condition_replaced,Not Enough Evidence,Not Enough Evidence
P98P7,P98P7_T3,P98P7_T3_5,5,condition_contradicted,Not Supported,Not Supported
P13P14,P13P14_T4,P13P14_T4_2,2,condition_replaced,Not Enough Evidence,Not Enough Evidence
P127P11,P127P11_T3,P127P11_T3_1,1,relation_contradicted,Not Supported,Not Enough Evidence
P87P5,P87P5_T1,P87P5_T1_3,3,condition_removed,Not Enough Evidence,Not Enough Evidence
P26P5,P26P5_T2,P26P5_T2_2,2,condition_replaced,Not Enough Evidence,Not Enough Evidence
P153P4,P153P4_T1,P153P4_T1_1,1,relation_contradicted,Not Supported,Not Supported
P79P3,P79P3_T2,P79P3_T2_5,5,condition_contradicted,Not Supported,Not Supported
P105P1,P105P1_T1,P105P1_T1_2,2,condition_replaced,Not Enough Evidence,Not Enough Evidence
P133P3,P133P3_T1,P133P3_T1_1,1,relation_contradicted,Not Supported,Not Supported
P72P12,P72P12_T1,P72P12_T1_2,2,condition_replaced,Not Enough Evidence,Not Enough Evidence
P139P3,P139P3_T2,P139P3_T2_5,5,condition_contradicted,Not Supported,Not Supported
P50P1,P50P1_T1,P50P1_T1_3,3,condition_removed,Not Enough Evidence,Not Enough Evidence
P87P3,P87P3_T1,P87P3_T1_2,2,condition_replaced,Not Enough Evidence,Not Enough Evidence
P55P2,P55P2_T2,P55P2_T2_3,3,condition_removed,Not Enough Evidence,Not Enough Evidence
P11PR7,P11PR7_T1,P11PR7_T1_1,1,relation_contradicted,Not Supported,Not Supported
P77P5,P77P5_T3,P77P5_T3_5,5,condition_contradicted,Not Supported,Not Supported
P169P9,P169P9_T1,P169P9_T1_3,3,condition_removed,Not Enough Evidence,Not Enough Evidence
P14P2,P14P2_T2,P14P2_T2_3,3,condition_removed,Not Enough Evidence,Not Enough Evidence
P61P4,P61P4_T5,P61P4_T5_4,4,supported,Supported,Supported
P112P8,P112P8_T4,P112P8_T4_5,5,condition_contradicted,Not Supported,Not Supported
P13P7,P13P7_T2,P13P7_T2_5,5,condition_contradicted,Not Supported,Not Supported
P55P2,P55P2_T2,P55P2_T2_1,1,relation_contradicted,Not Supported,Not Supported
P66P4,P66P4_T1,P66P4_T1_1,1,relation_contradicted,Not Supported,Not Supported
P18P10,P18P10_T1,P18P10_T1_3,3,condition_removed,Not Enough Evidence,Not Enough Evidence
P16P3,P16P3_T1,P16P3_T1_4,4,supported,Supported,Supported
P81P1,P81P1_T3,P81P1_T3_2,2,condition_replaced,Not Enough Evidence,Not Enough Evidence
P111P8,P111P8_T3,P111P8_T3_3,3,condition_removed,Not Enough Evidence,Not Supported
P134P6,P134P6_T2,P134P6_T2_4,4,supported,Supported,Supported
P118P16,P118P16_T3,P118P16_T3_1,1,relation_contradicted,Not Supported,Not Supported
P22P3,P22P3_T3,P22P3_T3_5,5,condition_contradicted,Not Supported,Not Supported
P29P1,P29P1_T1,P29P1_T1_3,3,condition_removed,Not Enough Evidence,Not Enough Evidence
P87P15,P87P15_T4,P87P15_T4_2,2,condition_replaced,Not Enough Evidence,Not Enough Evidence
P102P10,P102P10_T3,P102P10_T3_3,3,condition_removed,Not Enough Evidence,Not Enough Evidence
P41P7,P41P7_T1,P41P7_T1_2,2,condition_replaced,Not Enough Evidence,Not Enough Evidence
P72P8,P72P8_T2,P72P8_T2_3,3,condition_removed,Not Enough Evidence,Not Enough Evidence
P172P5,P172P5_T2,P172P5_T2_2,2,condition_replaced,Not Enough Evidence,Not Enough Evidence
P67P7,P67P7_T1,P67P7_T1_2,2,condition_replaced,Not Enough Evidence,Not Enough Evidence
P197P5,P197P5_T5,P197P5_T5_2,2,condition_replaced,Not Enough Evidence,Not Enough Evidence
P12PR9,P12PR9_T1,P12PR9_T1_2,2,condition_replaced,Not Enough Evidence,Not Enough Evidence
P19P2,P19P2_T6,P19P2_T6_1,1,relation_contradicted,Not Supported,Not Supported
P24P4,P24P4_T1,P24P4_T1_1,1,relation_contradicted,Not Supported,Not Supported
P23P6,P23P6_T3,P23P6_T3_1,1,relation_contradicted,Not Supported,Not Supported
P46P2,P46P2_T1,P46P2_T1_4,4,supported,Supported,Not Supported
P76P4,P76P4_T1,P76P4_T1_3,3,condition_removed,Not Enough Evidence,Not Enough Evidence
P173P6,P173P6_T2,P173P6_T2_2,2,condition_replaced,Not Enough Evidence,Not Enough Evidence
P200P12,P200P12_T2,P200P12_T2_5,5,condition_contradicted,Not Supported,Not Supported
P185P1,P185P1_T1,P185P1_T1_3,3,condition_removed,Not Enough Evidence,Not Enough Evidence
P13P14,P13P14_T2,P13P14_T2_5,5,condition_contradicted,Not Supported,Not Supported
P48P4,P48P4_T1,P48P4_T1_3,3,condition_removed,Not Enough Evidence,Not Enough Evidence
P19P2,P19P2_T3,P19P2_T3_2,2,condition_replaced,Not Enough Evidence,Not Enough Evidence
P77P4,P77P4_T3,P77P4_T3_3,3,condition_removed,Not Enough Evidence,Not Enough Evidence
P60P3,P60P3_T1,P60P3_T1_5,5,condition_contradicted,Not Supported,Not Supported
P194P5,P194P5_T1,P194P5_T1_4,4,supported,Supported,Supported
P48P4,P48P4_T2,P48P4_T2_3,3,condition_removed,Not Enough Evidence,Not Enough Evidence
P113P14,P113P14_T1,P113P14_T1_5,5,condition_contradicted,Not Supported,Not Supported
P91P14,P91P14_T1,P91P14_T1_1,1,relation_contradicted,Not Supported,Not Supported
P121P5,P121P5_T1,P121P5_T1_1,1,relation_contradicted,Not Supported,Not Supported
P90P5,P90P5_T1,P90P5_T1_4,4,supported,Supported,Supported
P102P3,P102P3_T2,P102P3_T2_2,2,condition_replaced,Not Enough Evidence,Not Enough Evidence
P200P12,P200P12_T1,P200P12_T1_5,5,condition_contradicted,Not Supported,Not Supported
P87P20,P87P20_T5,P87P20_T5_4,4,supported,Supported,Supported
P154P18,P154P18_T1,P154P18_T1_1,1,relation_contradicted,Not Supported,Not Supported
P66P4,P66P4_T2,P66P4_T2_5,5,condition_contradicted,Not Supported,Not Supported
P39P3,P39P3_T1,P39P3_T1_3,3,condition_removed,Not Enough Evidence,Not Enough Evidence
P87P1,P87P1_T3,P87P1_T3_4,4,supported,Supported,Supported
P127P6,P127P6_T3,P127P6_T3_5,5,condition_contradicted,Not Supported,Not Supported
P161P4,P161P4_T2,P161P4_T2_5,5,condition_contradicted,Not Supported,Not Supported
P139P7,P139P7_T2,P139P7_T2_3,3,condition_removed,Not Enough Evidence,Not Enough Evidence
P190P7,P190P7_T1,P190P7_T1_2,2,condition_replaced,Not Enough Evidence,Not Enough Evidence
P69P4,P69P4_T1,P69P4_T1_2,2,condition_replaced,Not Enough Evidence,Not Enough Evidence
P76P8,P76P8_T1,P76P8_T1_3,3,condition_removed,Not Enough Evidence,Not Enough Evidence
P16P2,P16P2_T2,P16P2_T2_3,3,condition_removed,Not Enough Evidence,Not Enough Evidence
P194P8,P194P8_T1,P194P8_T1_3,3,condition_removed,Not Enough Evidence,Not Enough Evidence
P117P10,P117P10_T1,P117P10_T1_1,1,relation_contradicted,Not Supported,Not Supported
P102P2,P102P2_T2,P102P2_T2_4,4,supported,Supported,Not Supported
P14P6,P14P6_T1,P14P6_T1_1,1,relation_contradicted,Not Supported,Not Enough Evidence
P39P4,P39P4_T1,P39P4_T1_3,3,condition_removed,Not Enough Evidence,Not Enough Evidence
P69P6,P69P6_T1,P69P6_T1_5,5,condition_contradicted,Not Supported,Not Supported
P197P1,P197P1_T3,P197P1_T3_4,4,supported,Supported,Supported
P113P13,P113P13_T3,P113P13_T3_2,2,condition_replaced,Not Enough Evidence,Not Enough Evidence
P74P2,P74P2_T1,P74P2_T1_2,2,condition_replaced,Not Enough Evidence,Not Enough Evidence
P112P8,P112P8_T2,P112P8_T2_5,5,condition_contradicted,Not Supported,Not Supported
P67P2,P67P2_T4,P67P2_T4_3,3,condition_removed,Not Enough Evidence,Not Enough Evidence
P75P9,P75P9_T2,P75P9_T2_4,4,supported,Supported,Supported
P133P1,P133P1_T2,P133P1_T2_5,5,condition_contradicted,Not Supported,Not Enough Evidence
P117P7,P117P7_T1,P117P7_T1_5,5,condition_contradicted,Not Supported,Not Supported
P21P9,P21P9_T1,P21P9_T1_4,4,supported,Supported,Supported
P139P9,P139P9_T1,P139P9_T1_4,4,supported,Supported,Supported
P128P5,P128P5_T3,P128P5_T3_2,2,condition_replaced,Not Enough Evidence,Not Enough Evidence
P15P1,P15P1_T3,P15P1_T3_1,1,relation_contradicted,Not Supported,Not Supported
P23P6,P23P6_T1,P23P6_T1_3,3,condition_removed,Not Enough Evidence,Not Enough Evidence
P62P1,P62P1_T6,P62P1_T6_1,1,relation_contradicted,Not Supported,Not Supported
P66P5,P66P5_T1,P66P5_T1_2,2,condition_replaced,Not Enough Evidence,Not Enough Evidence
P35P6,P35P6_T2,P35P6_T2_1,1,relation_contradicted,Not Supported,Not Supported
P62P1,P62P1_T8,P62P1_T8_4,4,supported,Supported,Supported
P124P8,P124P8_T2,P124P8_T2_1,1,relation_contradicted,Not Supported,Not Supported
P103P7,P103P7_T3,P103P7_T3_5,5,condition_contradicted,Not Supported,Not Supported
P123P7,P123P7_T2,P123P7_T2_2,2,condition_replaced,Not Enough Evidence,Not Enough Evidence
P197P5,P197P5_T6,P197P5_T6_5,5,condition_contradicted,Not Supported,Not Supported
P59P5,P59P5_T1,P59P5_T1_5,5,condition_contradicted,Not Supported,Not Supported
P184P14,P184P14_T3,P184P14_T3_5,5,condition_contradicted,Not Supported,Not Supported
P108P11,P108P11_T1,P108P11_T1_5,5,condition_contradicted,Not Supported,Not Enough Evidence
P121P1,P121P1_T4,P121P1_T4_1,1,relation_contradicted,Not Supported,Not Supported
P191P1,P191P1_T1,P191P1_T1_1,1,relation_contradicted,Not Supported,Not Supported
P134P6,P134P6_T1,P134P6_T1_4,4,supported,Supported,Supported
P83P7,P83P7_T4,P83P7_T4_5,5,condition_contradicted,Not Supported,Not Supported
P48P4,P48P4_T5,P48P4_T5_1,1,relation_contradicted,Not Supported,Not Supported
P106P10,P106P10_T1,P106P10_T1_2,2,condition_replaced,Not Enough Evidence,Not Enough Evidence
P93P3,P93P3_T6,P93P3_T6_5,5,condition_contradicted,Not Supported,Not Supported
P91P6,P91P6_T2,P91P6_T2_4,4,supported,Supported,Supported
P76P8,P76P8_T1,P76P8_T1_5,5,condition_contradicted,Not Supported,Not Supported
P35P6,P35P6_T2,P35P6_T2_3,3,condition_removed,Not Enough Evidence,Not Enough Evidence
P80P1,P80P1_T2,P80P1_T2_5,5,condition_contradicted,Not Supported,Not Enough Evidence
P46P4,P46P4_T1,P46P4_T1_1,1,relation_contradicted,Not Supported,Not Supported
P33P1,P33P1_T3,P33P1_T3_3,3,condition_removed,Not Enough Evidence,Not Enough Evidence
P111P8,P111P8_T3,P111P8_T3_5,5,condition_contradicted,Not Supported,Not Supported
P197P5,P197P5_T8,P197P5_T8_3,3,condition_removed,Not Enough Evidence,Not Enough Evidence
P188P8,P188P8_T1,P188P8_T1_3,3,condition_removed,Not Enough Evidence,Not Enough Evidence
P37P7,P37P7_T2,P37P7_T2_1,1,relation_contradicted,Not Supported,Not Supported
P44P7,P44P7_T1,P44P7_T1_1,1,relation_contradicted,Not Supported,Not Supported
P16P2,P16P2_T3,P16P2_T3_3,3,condition_removed,Not Enough Evidence,Not Enough Evidence
P168P1,P168P1_T3,P168P1_T3_5,5,condition_contradicted,Not Supported,Not Supported
P185P1,P185P1_T3,P185P1_T3_2,2,condition_replaced,Not Enough Evidence,Not Enough Evidence
P161P1,P161P1_T1,P161P1_T1_5,5,condition_contradicted,Not Supported,Not Supported
P122P7,P122P7_T1,P122P7_T1_3,3,condition_removed,Not Enough Evidence,Not Enough Evidence
P81P7,P81P7_T2,P81P7_T2_1,1,relation_contradicted,Not Supported,Not Supported
P98P7,P98P7_T5,P98P7_T5_4,4,supported,Supported,Not Supported
P91P6,P91P6_T1,P91P6_T1_4,4,supported,Supported,Supported
P58P6,P58P6_T1,P58P6_T1_5,5,condition_contradicted,Not Supported,Not Supported
P81P10,P81P10_T2,P81P10_T2_1,1,relation_contradicted,Not Supported,Not Supported
P177P7,P177P7_T1,P177P7_T1_3,3,condition_removed,Not Enough Evidence,Not Enough Evidence
P35P3,P35P3_T4,P35P3_T4_3,3,condition_removed,Not Enough Evidence,Not Enough Evidence
P124P11,P124P11_T1,P124P11_T1_4,4,supported,Supported,Supported
P77P5,P77P5_T7,P77P5_T7_2,2,condition_replaced,Not Enough Evidence,Not Enough Evidence
P154P1,P154P1_T1,P154P1_T1_5,5,condition_contradicted,Not Supported,Not Enough Evidence
P99P15,P99P15_T2,P99P15_T2_2,2,condition_replaced,Not Enough Evidence,Not Enough Evidence
P32P4,P32P4_T1,P32P4_T1_5,5,condition_contradicted,Not Supported,Not Supported
P39P6,P39P6_T2,P39P6_T2_5,5,condition_contradicted,Not Supported,Not Supported
P127P4,P127P4_T6,P127P4_T6_5,5,condition_contradicted,Not Supported,Not Supported
P99P14,P99P14_T4,P99P14_T4_3,3,condition_removed,Not Enough Evidence,Not Enough Evidence
P65P8,P65P8_T2,P65P8_T2_2,2,condition_replaced,Not Enough Evidence,Not Enough Evidence
P57P3,P57P3_T1,P57P3_T1_5,5,condition_contradicted,Not Supported,Not Supported
P55P3,P55P3_T2,P55P3_T2_5,5,condition_contradicted,Not Supported,Not Supported
P131P1,P131P1_T2,P131P1_T2_1,1,relation_contradicted,Not Supported,Not Supported
P99P14,P99P14_T2,P99P14_T2_1,1,relation_contradicted,Not Supported,Not Supported
P179P4,P179P4_T2,P179P4_T2_3,3,condition_removed,Not Enough Evidence,Not Enough Evidence
P192P1,P192P1_T5,P192P1_T5_5,5,condition_contradicted,Not Supported,Not Supported
P70P6,P70P6_T2,P70P6_T2_3,3,condition_removed,Not Enough Evidence,Not Enough Evidence
P28P4,P28P4_T1,P28P4_T1_4,4,supported,Supported,Supported
P13P8,P13P8_T2,P13P8_T2_5,5,condition_contradicted,Not Supported,Not Supported
P13P3,P13P3_T2,P13P3_T2_5,5,condition_contradicted,Not Supported,Not Supported
P192P1,P192P1_T4,P192P1_T4_2,2,condition_replaced,Not Enough Evidence,Not Enough Evidence
P195P6,P195P6_T2,P195P6_T2_2,2,condition_replaced,Not Enough Evidence,Not Supported
P59P4,P59P4_T4,P59P4_T4_1,1,relation_contradicted,Not Supported,Not Supported
P121P2,P121P2_T1,P121P2_T1_4,4,supported,Supported,Supported
P39P9,P39P9_T4,P39P9_T4_4,4,supported,Supported,Supported
P72P7,P72P7_T1,P72P7_T1_3,3,condition_removed,Not Enough Evidence,Not Enough Evidence
P91P14,P91P14_T3,P91P14_T3_4,4,supported,Supported,Not Supported
P108P11,P108P11_T1,P108P11_T1_4,4,supported,Supported,Supported
P103P5,P103P5_T1,P103P5_T1_4,4,supported,Supported,Not Supported
P75P12,P75P12_T2,P75P12_T2_4,4,supported,Supported,Supported
P81P3,P81P3_T1,P81P3_T1_5,5,condition_contradicted,Not Supported,Not Supported
P118P15,P118P15_T1,P118P15_T1_4,4,supported,Supported,Supported
P111P8,P111P8_T2,P111P8_T2_4,4,supported,Supported,Not Supported
P106P2,P106P2_T2,P106P2_T2_3,3,condition_removed,Not Enough Evidence,Not Enough Evidence
P14P7,P14P7_T2,P14P7_T2_2,2,condition_replaced,Not Enough Evidence,Supported
P13P13,P13P13_T1,P13P13_T1_5,5,condition_contradicted,Not Supported,Not Supported
P102P10,P102P10_T1,P102P10_T1_3,3,condition_removed,Not Enough Evidence,Not Enough Evidence
P186P4,P186P4_T4,P186P4_T4_1,1,relation_contradicted,Not Supported,Not Supported
P67P1,P67P1_T1,P67P1_T1_5,5,condition_contradicted,Not Supported,Not Supported
P99P14,P99P14_T1,P99P14_T1_3,3,condition_removed,Not Enough Evidence,Not Enough Evidence
P57P7,P57P7_T2,P57P7_T2_1,1,relation_contradicted,Not Supported,Not Supported
P112P8,P112P8_T5,P112P8_T5_5,5,condition_contradicted,Not Supported,Not Supported
P61P3,P61P3_T2,P61P3_T2_1,1,relation_contradicted,Not Supported,Not Supported
P59P4,P59P4_T2,P59P4_T2_1,1,relation_contradicted,Not Supported,Not Supported
P95P10,P95P10_T1,P95P10_T1_1,1,relation_contradicted,Not Supported,Not Supported
P87P3,P87P3_T2,P87P3_T2_2,2,condition_replaced,Not Enough Evidence,Not Enough Evidence
P118P12,P118P12_T2,P118P12_T2_2,2,condition_replaced,Not Enough Evidence,Not Enough Evidence
P118P16,P118P16_T1,P118P16_T1_5,5,condition_contradicted,Not Supported,Not Supported
P91P14,P91P14_T1,P91P14_T1_5,5,condition_contradicted,Not Supported,Not Supported
P123P8,P123P8_T1,P123P8_T1_2,2,condition_replaced,Not Enough Evidence,Not Enough Evidence
P86P22,P86P22_T1,P86P22_T1_1,1,relation_contradicted,Not Supported,Not Supported
P93P1,P93P1_T5,P93P1_T5_2,2,condition_replaced,Not Enough Evidence,Not Enough Evidence
P29P1,P29P1_T1,P29P1_T1_2,2,condition_replaced,Not Enough Evidence,Not Enough Evidence
P147P6,P147P6_T3,P147P6_T3_4,4,supported,Supported,Not Supported
P124P7,P124P7_T1,P124P7_T1_1,1,relation_contradicted,Not Supported,Not Supported
P76P11,P76P11_T4,P76P11_T4_3,3,condition_removed,Not Enough Evidence,Not Enough Evidence
P121P5,P121P5_T1,P121P5_T1_5,5,condition_contradicted,Not Supported,Not Supported
P13P6,P13P6_T3,P13P6_T3_1,1,relation_contradicted,Not Supported,Not Supported
P18P1,P18P1_T1,P18P1_T1_4,4,supported,Supported,Supported
P54P3,P54P3_T1,P54P3_T1_1,1,relation_contradicted,Not Supported,Not Supported
P76P2,P76P2_T3,P76P2_T3_2,2,condition_replaced,Not Enough Evidence,Not Enough Evidence
P113P3,P113P3_T2,P113P3_T2_2,2,condition_replaced,Not Enough Evidence,Not Supported
P11PR13,P11PR13_T1,P11PR13_T1_2,2,condition_replaced,Not Enough Evidence,Not Enough Evidence
P11PR13,P11PR13_T2,P11PR13_T2_1,1,relation_contradicted,Not Supported,Not Supported
P23P6,P23P6_T6,P23P6_T6_2,2,condition_replaced,Not Enough Evidence,Not Enough Evidence
P61P1,P61P1_T2,P61P1_T2_3,3,condition_removed,Not Enough Evidence,Not Enough Evidence
P138P7,P138P7_T2,P138P7_T2_5,5,condition_contradicted,Not Supported,Not Supported
P13P14,P13P14_T4,P13P14_T4_1,1,relation_contradicted,Not Supported,Not Supported
P96P14,P96P14_T1,P96P14_T1_2,2,condition_replaced,Not Enough Evidence,Not Enough Evidence
P27P3,P27P3_T2,P27P3_T2_5,5,condition_contradicted,Not Supported,Not Supported
P90P1,P90P1_T1,P90P1_T1_3,3,condition_removed,Not Enough Evidence,Not Enough Evidence
P13P6,P13P6_T4,P13P6_T4_3,3,condition_removed,Not Enough Evidence,Not Enough Evidence
P27P1,P27P1_T1,P27P1_T1_4,4,supported,Supported,Not Supported
P70P13,P70P13_T4,P70P13_T4_5,5,condition_contradicted,Not Supported,Not Supported
P32P7,P32P7_T1,P32P7_T1_2,2,condition_replaced,Not Enough Evidence,Not Enough Evidence
P85P7,P85P7_T7,P85P7_T7_1,1,relation_contradicted,Not Supported,Not Supported
P82P10,P82P10_T3,P82P10_T3_4,4,supported,Supported,Not Supported
P197P1,P197P1_T5,P197P1_T5_4,4,supported,Supported,Supported
P154P1,P154P1_T1,P154P1_T1_1,1,relation_contradicted,Not Supported,Not Supported
P185P1,P185P1_T1,P185P1_T1_5,5,condition_contradicted,Not Supported,Not Supported
P111P8,P111P8_T4,P111P8_T4_1,1,relation_contradicted,Not Supported,Not Supported
P33P4,P33P4_T1,P33P4_T1_3,3,condition_removed,Not Enough Evidence,Not Enough Evidence
P39P4,P39P4_T2,P39P4_T2_1,1,relation_contradicted,Not Supported,Not Supported
P172P3,P172P3_T1,P172P3_T1_4,4,supported,Supported,Supported
P55P2,P55P2_T2,P55P2_T2_2,2,condition_replaced,Not Enough Evidence,Not Enough Evidence
P167P6,P167P6_T1,P167P6_T1_1,1,relation_contradicted,Not Supported,Not Supported
P32P5,P32P5_T1,P32P5_T1_4,4,supported,Supported,Supported
P165P6,P165P6_T2,P165P6_T2_2,2,condition_replaced,Not Enough Evidence,Not Enough Evidence
P184P13,P184P13_T1,P184P13_T1_4,4,supported,Supported,Supported
P83P10,P83P10_T1,P83P10_T1_2,2,condition_replaced,Not Enough Evidence,Not Enough Evidence
P147P6,P147P6_T3,P147P6_T3_1,1,relation_contradicted,Not Supported,Not Supported
P93P3,P93P3_T4,P93P3_T4_5,5,condition_contradicted,Not Supported,Not Enough Evidence
P72P12,P72P12_T2,P72P12_T2_5,5,condition_contradicted,Not Supported,Not Supported
P29P10,P29P10_T1,P29P10_T1_4,4,supported,Supported,Supported
P83P4,P83P4_T2,P83P4_T2_2,2,condition_replaced,Not Enough Evidence,Not Enough Evidence
P75P12,P75P12_T3,P75P12_T3_3,3,condition_removed,Not Enough Evidence,Not Enough Evidence
P38P6,P38P6_T1,P38P6_T1_5,5,condition_contradicted,Not Supported,Not Supported
P139P7,P139P7_T3,P139P7_T3_2,2,condition_replaced,Not Enough Evidence,Not Enough Evidence
P52P1,P52P1_T1,P52P1_T1_1,1,relation_contradicted,Not Supported,Not Supported
P61P4,P61P4_T5,P61P4_T5_3,3,condition_removed,Not Enough Evidence,Not Enough Evidence
P13P7,P13P7_T1,P13P7_T1_4,4,supported,Supported,Supported
P96P11,P96P11_T1,P96P11_T1_5,5,condition_contradicted,Not Supported,Not Supported
P34P4,P34P4_T1,P34P4_T1_3,3,condition_removed,Not Enough Evidence,Not Enough Evidence
P148P5,P148P5_T2,P148P5_T2_3,3,condition_removed,Not Enough Evidence,Not Supported
P184P12,P184P12_T1,P184P12_T1_5,5,condition_contradicted,Not Supported,Not Supported
P87P5,P87P5_T1,P87P5_T1_5,5,condition_contradicted,Not Supported,Not Supported
P184P12,P184P12_T1,P184P12_T1_2,2,condition_replaced,Not Enough Evidence,Not Enough Evidence
P46P3,P46P3_T3,P46P3_T3_1,1,relation_contradicted,Not Supported,Not Supported
P67P7,P67P7_T1,P67P7_T1_3,3,condition_removed,Not Enough Evidence,Not Enough Evidence
P86P9,P86P9_T1,P86P9_T1_5,5,condition_contradicted,Not Supported,Not Supported
P139P6,P139P6_T3,P139P6_T3_5,5,condition_contradicted,Not Supported,Not Supported
P184P11,P184P11_T1,P184P11_T1_5,5,condition_contradicted,Not Supported,Not Supported
P106P5,P106P5_T1,P106P5_T1_5,5,condition_contradicted,Not Supported,Not Supported
P50P3,P50P3_T1,P50P3_T1_4,4,supported,Supported,Not Supported
P69P1,P69P1_T1,P69P1_T1_1,1,relation_contradicted,Not Supported,Not Supported
P70P9,P70P9_T1,P70P9_T1_1,1,relation_contradicted,Not Supported,Not Supported
P22P3,P22P3_T1,P22P3_T1_2,2,condition_replaced,Not Enough Evidence,Not Enough Evidence
P76P10,P76P10_T1,P76P10_T1_3,3,condition_removed,Not Enough Evidence,Not Enough Evidence
P89P22,P89P22_T1,P89P22_T1_1,1,relation_contradicted,Not Supported,Not Supported
P143P4,P143P4_T1,P143P4_T1_1,1,relation_contradicted,Not Supported,Not Supported
P78P2,P78P2_T1,P78P2_T1_1,1,relation_contradicted,Not Supported,Not Supported
P87P23,P87P23_T1,P87P23_T1_2,2,condition_replaced,Not Enough Evidence,Not Enough Evidence
P190P7,P190P7_T1,P190P7_T1_1,1,relation_contradicted,Not Supported,Not Supported
P62P4,P62P4_T1,P62P4_T1_2,2,condition_replaced,Not Enough Evidence,Not Enough Evidence
P59P1,P59P1_T1,P59P1_T1_5,5,condition_contradicted,Not Supported,Not Supported
P90P16,P90P16_T1,P90P16_T1_2,2,condition_replaced,Not Enough Evidence,Not Enough Evidence
P165P6,P165P6_T1,P165P6_T1_4,4,supported,Supported,Supported
P104P2,P104P2_T2,P104P2_T2_4,4,supported,Supported,Supported
P61P3,P61P3_T3,P61P3_T3_4,4,supported,Supported,Not Supported
P55P2,P55P2_T1,P55P2_T1_1,1,relation_contradicted,Not Supported,Not Supported
P25P1,P25P1_T1,P25P1_T1_5,5,condition_contradicted,Not Supported,Not Enough Evidence
P11PR11,P11PR11_T3,P11PR11_T3_1,1,relation_contradicted,Not Supported,Not Supported
P86P8,P86P8_T1,P86P8_T1_5,5,condition_contradicted,Not Supported,Not Supported
P70P8,P70P8_T2,P70P8_T2_1,1,relation_contradicted,Not Supported,Not Supported
P70P7,P70P7_T2,P70P7_T2_2,2,condition_replaced,Not Enough Evidence,Not Enough Evidence
P44P4,P44P4_T1,P44P4_T1_5,5,condition_contradicted,Not Supported,Not Supported
P103P1,P103P1_T4,P103P1_T4_1,1,relation_contradicted,Not Supported,Supported
P55P4,P55P4_T2,P55P4_T2_1,1,relation_contradicted,Not Supported,Not Supported
P62P4,P62P4_T1,P62P4_T1_4,4,supported,Supported,Not Supported
P80P1,P80P1_T1,P80P1_T1_5,5,condition_contradicted,Not Supported,Not Supported
P35P3,P35P3_T1,P35P3_T1_3,3,condition_removed,Not Enough Evidence,Not Enough Evidence
P18P5,P18P5_T2,P18P5_T2_4,4,supported,Supported,Supported
P88P10,P88P10_T1,P88P10_T1_4,4,supported,Supported,Supported
P62P5,P62P5_T1,P62P5_T1_5,5,condition_contradicted,Not Supported,Not Supported
P133P1,P133P1_T1,P133P1_T1_3,3,condition_removed,Not Enough Evidence,Not Enough Evidence
P194P3,P194P3_T5,P194P3_T5_1,1,relation_contradicted,Not Supported,Not Supported
P115P4,P115P4_T2,P115P4_T2_3,3,condition_removed,Not Enough Evidence,Not Enough Evidence
P99P14,P99P14_T3,P99P14_T3_5,5,condition_contradicted,Not Supported,Not Supported
P54P1,P54P1_T2,P54P1_T2_3,3,condition_removed,Not Enough Evidence,Supported
P183P6,P183P6_T1,P183P6_T1_2,2,condition_replaced,Not Enough Evidence,Not Enough Evidence
P133P3,P133P3_T1,P133P3_T1_2,2,condition_replaced,Not Enough Evidence,Not Enough Evidence
P200P7,P200P7_T1,P200P7_T1_4,4,supported,Supported,Not Supported
P190P2,P190P2_T1,P190P2_T1_2,2,condition_replaced,Not Enough Evidence,Supported
P183P3,P183P3_T1,P183P3_T1_5,5,condition_contradicted,Not Supported,Not Supported
P106P5,P106P5_T1,P106P5_T1_3,3,condition_removed,Not Enough Evidence,Not Enough Evidence
P127P6,P127P6_T2,P127P6_T2_3,3,condition_removed,Not Enough Evidence,Not Enough Evidence
P70P13,P70P13_T2,P70P13_T2_1,1,relation_contradicted,Not Supported,Not Supported
P173P1,P173P1_T1,P173P1_T1_1,1,relation_contradicted,Not Supported,Not Supported
P116P9,P116P9_T2,P116P9_T2_5,5,condition_contradicted,Not Supported,Not Supported
P102P3,P102P3_T2,P102P3_T2_1,1,relation_contradicted,Not Supported,Not Enough Evidence
P78P2,P78P2_T1,P78P2_T1_2,2,condition_replaced,Not Enough Evidence,Not Enough Evidence
P186P1,P186P1_T1,P186P1_T1_1,1,relation_contradicted,Not Supported,Not Supported
P127P4,P127P4_T5,P127P4_T5_2,2,condition_replaced,Not Enough Evidence,Not Enough Evidence
P125P8,P125P8_T1,P125P8_T1_1,1,relation_contradicted,Not Supported,Not Supported
P98P7,P98P7_T7,P98P7_T7_1,1,relation_contradicted,Not Supported,Not Supported
P112P8,P112P8_T4,P112P8_T4_3,3,condition_removed,Not Enough Evidence,Not Supported
P39P9,P39P9_T6,P39P9_T6_2,2,condition_replaced,Not Enough Evidence,Not Enough Evidence
P94P5,P94P5_T2,P94P5_T2_5,5,condition_contradicted,Not Supported,Not Supported
P179P2,P179P2_T2,P179P2_T2_4,4,supported,Supported,Supported
P68P4,P68P4_T2,P68P4_T2_4,4,supported,Supported,Supported
P161P6,P161P6_T1,P161P6_T1_4,4,supported,Supported,Supported
P57P7,P57P7_T5,P57P7_T5_3,3,condition_removed,Not Enough Evidence,Not Enough Evidence
P115P8,P115P8_T4,P115P8_T4_4,4,supported,Supported,Not Supported
P73P2,P73P2_T1,P73P2_T1_1,1,relation_contradicted,Not Supported,Not Supported
P196P7,P196P7_T1,P196P7_T1_1,1,relation_contradicted,Not Supported,Not Supported
P59P5,P59P5_T2,P59P5_T2_5,5,condition_contradicted,Not Supported,Not Enough Evidence
P75P8,P75P8_T1,P75P8_T1_3,3,condition_removed,Not Enough Evidence,Not Enough Evidence
P16P3,P16P3_T1,P16P3_T1_2,2,condition_replaced,Not Enough Evidence,Not Enough Evidence
P181P2,P181P2_T1,P181P2_T1_3,3,condition_removed,Not Enough Evidence,Not Enough Evidence
P81P1,P81P1_T4,P81P1_T4_2,2,condition_replaced,Not Enough Evidence,Not Enough Evidence
P11PR3,P11PR3_T1,P11PR3_T1_5,5,condition_contradicted,Not Supported,Not Supported
P20P7,P20P7_T3,P20P7_T3_3,3,condition_removed,Not Enough Evidence,Not Enough Evidence
P116P2,P116P2_T1,P116P2_T1_2,2,condition_replaced,Not Enough Evidence,Not Enough Evidence
P13P14,P13P14_T1,P13P14_T1_5,5,condition_contradicted,Not Supported,Not Supported
P11PR11,P11PR11_T3,P11PR11_T3_4,4,supported,Supported,Supported
P65P3,P65P3_T1,P65P3_T1_1,1,relation_contradicted,Not Supported,Not Supported
P76P2,P76P2_T1,P76P2_T1_3,3,condition_removed,Not Enough Evidence,Not Enough Evidence
P197P5,P197P5_T9,P197P5_T9_3,3,condition_removed,Not Enough Evidence,Not Enough Evidence
P116P4,P116P4_T1,P116P4_T1_5,5,condition_contradicted,Not Supported,Not Supported
P112P9,P112P9_T2,P112P9_T2_1,1,relation_contradicted,Not Supported,Not Supported
P61P1,P61P1_T1,P61P1_T1_1,1,relation_contradicted,Not Supported,Not Supported
P15P1,P15P1_T5,P15P1_T5_4,4,supported,Supported,Not Supported
P55P4,P55P4_T4,P55P4_T4_5,5,condition_contradicted,Not Supported,Not Supported
P57P7,P57P7_T2,P57P7_T2_3,3,condition_removed,Not Enough Evidence,Not Enough Evidence
P182P6,P182P6_T1,P182P6_T1_4,4,supported,Supported,Supported
P90P7,P90P7_T1,P90P7_T1_4,4,supported,Supported,Supported
P103P5,P103P5_T1,P103P5_T1_1,1,relation_contradicted,Not Supported,Supported
P197P5,P197P5_T8,P197P5_T8_2,2,condition_replaced,Not Enough Evidence,Not Enough Evidence
P139P6,P139P6_T3,P139P6_T3_3,3,condition_removed,Not Enough Evidence,Not Enough Evidence
P83P10,P83P10_T2,P83P10_T2_4,4,supported,Supported,Supported
P81P10,P81P10_T2,P81P10_T2_4,4,supported,Supported,Supported
P116P2,P116P2_T1,P116P2_T1_4,4,supported,Supported,Not Supported
P195P6,P195P6_T3,P195P6_T3_5,5,condition_contradicted,Not Supported,Not Supported
P57P3,P57P3_T1,P57P3_T1_4,4,supported,Supported,Supported
P34P4,P34P4_T2,P34P4_T2_4,4,supported,Supported,Supported
P81P4,P81P4_T1,P81P4_T1_5,5,condition_contradicted,Not Supported,Not Supported
P24P4,P24P4_T1,P24P4_T1_4,4,supported,Supported,Supported
P103P4,P103P4_T1,P103P4_T1_4,4,supported,Supported,Supported
P60P3,P60P3_T2,P60P3_T2_1,1,relation_contradicted,Not Supported,Not Supported
P184P14,P184P14_T1,P184P14_T1_2,2,condition_replaced,Not Enough Evidence,Not Enough Evidence
P58P1,P58P1_T1,P58P1_T1_5,5,condition_contradicted,Not Supported,Not Supported
P39P4,P39P4_T4,P39P4_T4_2,2,condition_replaced,Not Enough Evidence,Not Enough Evidence
P153P4,P153P4_T1,P153P4_T1_3,3,condition_removed,Not Enough Evidence,Not Enough Evidence
P90P17,P90P17_T1,P90P17_T1_4,4,supported,Supported,Supported
P70P6,P70P6_T2,P70P6_T2_4,4,supported,Supported,Supported
P23P6,P23P6_T6,P23P6_T6_5,5,condition_contradicted,Not Supported,Not Supported
P86P3,P86P3_T2,P86P3_T2_2,2,condition_replaced,Not Enough Evidence,Not Enough Evidence
P28P7,P28P7_T2,P28P7_T2_3,3,condition_removed,Not Enough Evidence,Not Enough Evidence
P21P8,P21P8_T1,P21P8_T1_5,5,condition_contradicted,Not Supported,Not Supported
P75P2,P75P2_T1,P75P2_T1_5,5,condition_contradicted,Not Supported,Not Enough Evidence
P91P7,P91P7_T3,P91P7_T3_4,4,supported,Supported,Not Supported
P168P1,P168P1_T3,P168P1_T3_4,4,supported,Supported,Supported
P85P7,P85P7_T9,P85P7_T9_1,1,relation_contradicted,Not Supported,Not Supported
P65P2,P65P2_T1,P65P2_T1_3,3,condition_removed,Not Enough Evidence,Not Enough Evidence
P69P6,P69P6_T1,P69P6_T1_4,4,supported,Supported,Supported
P189P7,P189P7_T1,P189P7_T1_3,3,condition_removed,Not Enough Evidence,Not Enough Evidence
P59P1,P59P1_T2,P59P1_T2_3,3,condition_removed,Not Enough Evidence,Not Enough Evidence
P98P7,P98P7_T1,P98P7_T1_4,4,supported,Supported,Not Supported
P190P2,P190P2_T1,P190P2_T1_5,5,condition_contradicted,Not Supported,Supported
P99P14,P99P14_T2,P99P14_T2_3,3,condition_removed,Not Enough Evidence,Not Enough Evidence
P74P1,P74P1_T2,P74P1_T2_5,5,condition_contradicted,Not Supported,Not Supported
P170P1,P170P1_T1,P170P1_T1_3,3,condition_removed,Not Enough Evidence,Not Enough Evidence
P116P1,P116P1_T2,P116P1_T2_5,5,condition_contradicted,Not Supported,Not Supported
P12PR3,P12PR3_T4,P12PR3_T4_2,2,condition_replaced,Not Enough Evidence,Not Enough Evidence
P83P3,P83P3_T3,P83P3_T3_2,2,condition_replaced,Not Enough Evidence,Not Enough Evidence
P118P11,P118P11_T1,P118P11_T1_3,3,condition_removed,Not Enough Evidence,Not Enough Evidence
P93P3,P93P3_T1,P93P3_T1_4,4,supported,Supported,Supported
P173P3,P173P3_T1,P173P3_T1_1,1,relation_contradicted,Not Supported,Not Supported
P20P6,P20P6_T1,P20P6_T1_5,5,condition_contradicted,Not Supported,Not Supported
P78P8,P78P8_T2,P78P8_T2_4,4,supported,Supported,Supported
P12PR8,P12PR8_T1,P12PR8_T1_3,3,condition_removed,Not Enough Evidence,Not Supported
P80P1,P80P1_T2,P80P1_T2_1,1,relation_contradicted,Not Supported,Not Supported
P90P4,P90P4_T1,P90P4_T1_2,2,condition_replaced,Not Enough Evidence,Not Enough Evidence
P187P7,P187P7_T1,P187P7_T1_2,2,condition_replaced,Not Enough Evidence,Not Enough Evidence
P81P13,P81P13_T3,P81P13_T3_5,5,condition_contradicted,Not Supported,Not Supported
P78P8,P78P8_T2,P78P8_T2_1,1,relation_contradicted,Not Supported,Not Supported
P79P10,P79P10_T1,P79P10_T1_2,2,condition_replaced,Not Enough Evidence,Not Enough Evidence
P56P8,P56P8_T3,P56P8_T3_4,4,supported,Supported,Supported
P127P4,P127P4_T7,P127P4_T7_5,5,condition_contradicted,Not Supported,Not Supported
P127P5,P127P5_T1,P127P5_T1_4,4,supported,Supported,Not Supported
P103P4,P103P4_T2,P103P4_T2_1,1,relation_contradicted,Not Supported,Not Supported
P86P7,P86P7_T1,P86P7_T1_4,4,supported,Supported,Supported
P27P4,P27P4_T2,P27P4_T2_5,5,condition_contradicted,Not Supported,Not Enough Evidence
P54P6,P54P6_T1,P54P6_T1_3,3,condition_removed,Not Enough Evidence,Not Enough Evidence
P32P8,P32P8_T1,P32P8_T1_5,5,condition_contradicted,Not Supported,Not Supported
P142P9,P142P9_T1,P142P9_T1_5,5,condition_contradicted,Not Supported,Not Supported
P35P1,P35P1_T1,P35P1_T1_3,3,condition_removed,Not Enough Evidence,Not Enough Evidence
P60P1,P60P1_T2,P60P1_T2_5,5,condition_contradicted,Not Supported,Not Supported
P60P3,P60P3_T1,P60P3_T1_3,3,condition_removed,Not Enough Evidence,Not Enough Evidence
P14P2,P14P2_T2,P14P2_T2_2,2,condition_replaced,Not Enough Evidence,Not Enough Evidence
P95P10,P95P10_T1,P95P10_T1_2,2,condition_replaced,Not Enough Evidence,Not Enough Evidence
P127P1,P127P1_T4,P127P1_T4_4,4,supported,Supported,Supported
P163P9,P163P9_T1,P163P9_T1_5,5,condition_contradicted,Not Supported,Not Supported
P65P7,P65P7_T1,P65P7_T1_5,5,condition_contradicted,Not Supported,Not Supported
P59P5,P59P5_T1,P59P5_T1_1,1,relation_contradicted,Not Supported,Not Supported
P86P19,P86P19_T1,P86P19_T1_4,4,supported,Supported,Not Enough Evidence
P77P5,P77P5_T6,P77P5_T6_5,5,condition_contradicted,Not Supported,Not Supported
P172P5,P172P5_T3,P172P5_T3_5,5,condition_contradicted,Not Supported,Not Supported
P34P4,P34P4_T2,P34P4_T2_3,3,condition_removed,Not Enough Evidence,Not Enough Evidence
P183P3,P183P3_T1,P183P3_T1_2,2,condition_replaced,Not Enough Evidence,Not Enough Evidence
P83P1,P83P1_T3,P83P1_T3_4,4,supported,Supported,Not Supported
P149P4,P149P4_T1,P149P4_T1_2,2,condition_replaced,Not Enough Evidence,Not Enough Evidence
P18P1,P18P1_T1,P18P1_T1_1,1,relation_contradicted,Not Supported,Not Supported
P46P2,P46P2_T2,P46P2_T2_4,4,supported,Supported,Supported
P54P4,P54P4_T1,P54P4_T1_4,4,supported,Supported,Not Supported
P35P3,P35P3_T5,P35P3_T5_5,5,condition_contradicted,Not Supported,Not Supported
P182P9,P182P9_T1,P182P9_T1_5,5,condition_contradicted,Not Supported,Not Supported
P121P1,P121P1_T5,P121P1_T5_1,1,relation_contradicted,Not Supported,Not Supported
P132P1,P132P1_T2,P132P1_T2_3,3,condition_removed,Not Enough Evidence,Not Enough Evidence
P111P9,P111P9_T1,P111P9_T1_3,3,condition_removed,Not Enough Evidence,Not Enough Evidence
P45P8,P45P8_T1,P45P8_T1_5,5,condition_contradicted,Not Supported,Not Supported
P173P1,P173P1_T2,P173P1_T2_1,1,relation_contradicted,Not Supported,Not Supported
P187P2,P187P2_T1,P187P2_T1_2,2,condition_replaced,Not Enough Evidence,Not Enough Evidence
P72P6,P72P6_T1,P72P6_T1_4,4,supported,Supported,Supported
P76P7,P76P7_T4,P76P7_T4_3,3,condition_removed,Not Enough Evidence,Not Enough Evidence
P194P3,P194P3_T6,P194P3_T6_1,1,relation_contradicted,Not Supported,Not Supported
P113P16,P113P16_T1,P113P16_T1_3,3,condition_removed,Not Enough Evidence,Not Enough Evidence
P13P6,P13P6_T3,P13P6_T3_2,2,condition_replaced,Not Enough Evidence,Not Enough Evidence
P12PR1,P12PR1_T6,P12PR1_T6_3,3,condition_removed,Not Enough Evidence,Not Supported
P161P6,P161P6_T1,P161P6_T1_5,5,condition_contradicted,Not Supported,Not Supported
P197P1,P197P1_T6,P197P1_T6_3,3,condition_removed,Not Enough Evidence,Not Enough Evidence
P127P11,P127P11_T3,P127P11_T3_5,5,condition_contradicted,Not Supported,Not Enough Evidence
P161P4,P161P4_T1,P161P4_T1_5,5,condition_contradicted,Not Supported,Not Supported
P72P11,P72P11_T1,P72P11_T1_4,4,supported,Supported,Supported
P11PR2,P11PR2_T1,P11PR2_T1_5,5,condition_contradicted,Not Supported,Not Supported
P115P8,P115P8_T2,P115P8_T2_4,4,supported,Supported,Supported
P58P1,P58P1_T1,P58P1_T1_1,1,relation_contradicted,Not Supported,Not Supported
P77P5,P77P5_T4,P77P5_T4_5,5,condition_contradicted,Not Supported,Not Supported
P28P3,P28P3_T2,P28P3_T2_5,5,condition_contradicted,Not Supported,Not Supported
P77P5,P77P5_T7,P77P5_T7_5,5,condition_contradicted,Not Supported,Not Supported
P103P1,P103P1_T4,P103P1_T4_5,5,condition_contradicted,Not Supported,Supported
P70P6,P70P6_T3,P70P6_T3_4,4,supported,Supported,Supported
P50P3,P50P3_T1,P50P3_T1_1,1,relation_contradicted,Not Supported,Not Supported
P125P10,P125P10_T3,P125P10_T3_5,5,condition_contradicted,Not Supported,Not Enough Evidence
P12PR3,P12PR3_T1,P12PR3_T1_4,4,supported,Supported,Supported
P84P3,P84P3_T2,P84P3_T2_3,3,condition_removed,Not Enough Evidence,Not Enough Evidence
P117P6,P117P6_T1,P117P6_T1_1,1,relation_contradicted,Not Supported,Not Supported
P104P7,P104P7_T1,P104P7_T1_4,4,supported,Supported,Supported
P69P6,P69P6_T1,P69P6_T1_1,1,relation_contradicted,Not Supported,Not Supported
P77P5,P77P5_T4,P77P5_T4_4,4,supported,Supported,Supported
P76P2,P76P2_T3,P76P2_T3_1,1,relation_contradicted,Not Supported,Not Supported
P186P4,P186P4_T3,P186P4_T3_3,3,condition_removed,Not Enough Evidence,Not Enough Evidence
P57P8,P57P8_T1,P57P8_T1_4,4,supported,Supported,Supported
P90P9,P90P9_T1,P90P9_T1_1,1,relation_contradicted,Not Supported,Not Supported
P66P4,P66P4_T1,P66P4_T1_3,3,condition_removed,Not Enough Evidence,Not Enough Evidence
P77P1,P77P1_T6,P77P1_T6_1,1,relation_contradicted,Not Supported,Not Supported
P11PR7,P11PR7_T2,P11PR7_T2_1,1,relation_contradicted,Not Supported,Not Supported
P45P6,P45P6_T2,P45P6_T2_2,2,condition_replaced,Not Enough Evidence,Not Supported
P56P10,P56P10_T1,P56P10_T1_2,2,condition_replaced,Not Enough Evidence,Not Enough Evidence
P88P14,P88P14_T1,P88P14_T1_3,3,condition_removed,Not Enough Evidence,Not Enough Evidence
P22P3,P22P3_T3,P22P3_T3_2,2,condition_replaced,Not Enough Evidence,Not Enough Evidence
P22P7,P22P7_T1,P22P7_T1_2,2,condition_replaced,Not Enough Evidence,Not Enough Evidence
P121P2,P121P2_T1,P121P2_T1_2,2,condition_replaced,Not Enough Evidence,Not Enough Evidence
P56P4,P56P4_T2,P56P4_T2_5,5,condition_contradicted,Not Supported,Not Supported
P72P12,P72P12_T2,P72P12_T2_2,2,condition_replaced,Not Enough Evidence,Not Enough Evidence
P39P3,P39P3_T1,P39P3_T1_4,4,supported,Supported,Supported
P59P4,P59P4_T1,P59P4_T1_5,5,condition_contradicted,Not Supported,Not Supported
P153P4,P153P4_T1,P153P4_T1_2,2,condition_replaced,Not Enough Evidence,Not Enough Evidence
P77P3,P77P3_T1,P77P3_T1_1,1,relation_contradicted,Not Supported,Not Supported
P76P2,P76P2_T1,P76P2_T1_5,5,condition_contradicted,Not Supported,Not Supported
P134P6,P134P6_T1,P134P6_T1_3,3,condition_removed,Not Enough Evidence,Not Enough Evidence
P73P10,P73P10_T1,P73P10_T1_1,1,relation_contradicted,Not Supported,Not Supported
P17P10,P17P10_T3,P17P10_T3_5,5,condition_contradicted,Not Supported,Not Supported
P187P9,P187P9_T1,P187P9_T1_5,5,condition_contradicted,Not Supported,Not Supported
P172P5,P172P5_T1,P172P5_T1_5,5,condition_contradicted,Not Supported,Not Supported
P45P6,P45P6_T5,P45P6_T5_1,1,relation_contradicted,Not Supported,Not Supported
P22P3,P22P3_T2,P22P3_T2_1,1,relation_contradicted,Not Supported,Not Supported
P84P1,P84P1_T1,P84P1_T1_4,4,supported,Supported,Supported
P18P5,P18P5_T3,P18P5_T3_1,1,relation_contradicted,Not Supported,Not Supported
P121P1,P121P1_T3,P121P1_T3_2,2,condition_replaced,Not Enough Evidence,Not Enough Evidence
P181P5,P181P5_T1,P181P5_T1_1,1,relation_contradicted,Not Supported,Not Supported
P36P7,P36P7_T4,P36P7_T4_1,1,relation_contradicted,Not Supported,Not Supported
P86P5,P86P5_T2,P86P5_T2_2,2,condition_replaced,Not Enough Evidence,Not Enough Evidence
P113P13,P113P13_T2,P113P13_T2_3,3,condition_removed,Not Enough Evidence,Not Enough Evidence
P68P4,P68P4_T1,P68P4_T1_3,3,condition_removed,Not Enough Evidence,Not Enough Evidence
P77P1,P77P1_T3,P77P1_T3_5,5,condition_contradicted,Not Supported,Not Supported
P15P1,P15P1_T2,P15P1_T2_2,2,condition_replaced,Not Enough Evidence,Not Supported
P118P11,P118P11_T2,P118P11_T2_4,4,supported,Supported,Supported
P140P1,P140P1_T2,P140P1_T2_4,4,supported,Supported,Supported
P32P4,P32P4_T2,P32P4_T2_1,1,relation_contradicted,Not Supported,Not Supported
P11PR12,P11PR12_T1,P11PR12_T1_4,4,supported,Supported,Supported
P20P4,P20P4_T2,P20P4_T2_2,2,condition_replaced,Not Enough Evidence,Not Enough Evidence
P169P10,P169P10_T3,P169P10_T3_2,2,condition_replaced,Not Enough Evidence,Not Enough Evidence
P65P8,P65P8_T2,P65P8_T2_4,4,supported,Supported,Supported
P76P7,P76P7_T4,P76P7_T4_1,1,relation_contradicted,Not Supported,Not Supported
P69P1,P69P1_T2,P69P1_T2_3,3,condition_removed,Not Enough Evidence,Not Enough Evidence
P113P26,P113P26_T2,P113P26_T2_3,3,condition_removed,Not Enough Evidence,Not Enough Evidence
P20P6,P20P6_T2,P20P6_T2_1,1,relation_contradicted,Not Supported,Not Supported
P112P8,P112P8_T3,P112P8_T3_3,3,condition_removed,Not Enough Evidence,Not Supported
P30P3,P30P3_T1,P30P3_T1_3,3,condition_removed,Not Enough Evidence,Not Enough Evidence
P87P21,P87P21_T1,P87P21_T1_5,5,condition_contradicted,Not Supported,Not Supported
P104P1,P104P1_T1,P104P1_T1_4,4,supported,Supported,Supported
P95P10,P95P10_T2,P95P10_T2_3,3,condition_removed,Not Enough Evidence,Not Enough Evidence
P153P3,P153P3_T2,P153P3_T2_4,4,supported,Supported,Supported
P79P5,P79P5_T1,P79P5_T1_2,2,condition_replaced,Not Enough Evidence,Not Enough Evidence
P116P1,P116P1_T1,P116P1_T1_2,2,condition_replaced,Not Enough Evidence,Not Enough Evidence
P186P3,P186P3_T3,P186P3_T3_2,2,condition_replaced,Not Enough Evidence,Not Enough Evidence
P15P4,P15P4_T1,P15P4_T1_1,1,relation_contradicted,Not Supported,Not Supported
P38P7,P38P7_T1,P38P7_T1_4,4,supported,Supported,Supported
P91P1,P91P1_T1,P91P1_T1_4,4,supported,Supported,Supported
P87P15,P87P15_T7,P87P15_T7_1,1,relation_contradicted,Not Supported,Not Supported
P159P7,P159P7_T1,P159P7_T1_1,1,relation_contradicted,Not Supported,Not Supported
P93P8,P93P8_T1,P93P8_T1_4,4,supported,Supported,Supported
P101P11,P101P11_T2,P101P11_T2_1,1,relation_contradicted,Not Supported,Not Supported
P16P3,P16P3_T1,P16P3_T1_1,1,relation_contradicted,Not Supported,Not Supported
P75P12,P75P12_T3,P75P12_T3_4,4,supported,Supported,Supported
P77P4,P77P4_T1,P77P4_T1_5,5,condition_contradicted,Not Supported,Not Supported
P16P3,P16P3_T2,P16P3_T2_2,2,condition_replaced,Not Enough Evidence,Not Enough Evidence
P107P1,P107P1_T2,P107P1_T2_3,3,condition_removed,Not Enough Evidence,Not Enough Evidence
P20P3,P20P3_T2,P20P3_T2_3,3,condition_removed,Not Enough Evidence,Not Enough Evidence
P183P5,P183P5_T1,P183P5_T1_1,1,relation_contradicted,Not Supported,Not Supported
P153P3,P153P3_T2,P153P3_T2_2,2,condition_replaced,Not Enough Evidence,Not Enough Evidence
P91P10,P91P10_T1,P91P10_T1_3,3,condition_removed,Not Enough Evidence,Not Enough Evidence
P81P7,P81P7_T5,P81P7_T5_3,3,condition_removed,Not Enough Evidence,Not Enough Evidence
P54P2,P54P2_T1,P54P2_T1_5,5,condition_contradicted,Not Supported,Not Supported
P81P7,P81P7_T5,P81P7_T5_5,5,condition_contradicted,Not Supported,Not Supported
P93P3,P93P3_T6,P93P3_T6_4,4,supported,Supported,Supported
P142P2,P142P2_T1,P142P2_T1_4,4,supported,Supported,Supported
P169P10,P169P10_T1,P169P10_T1_1,1,relation_contradicted,Not Supported,Not Supported
P62P6,P62P6_T2,P62P6_T2_4,4,supported,Supported,Supported
P98P7,P98P7_T4,P98P7_T4_2,2,condition_replaced,Not Enough Evidence,Not Supported
P22P8,P22P8_T3,P22P8_T3_3,3,condition_removed,Not Enough Evidence,Not Enough Evidence
P95P10,P95P10_T1,P95P10_T1_4,4,supported,Supported,Supported
P113P25,P113P25_T1,P113P25_T1_2,2,condition_replaced,Not Enough Evidence,Not Enough Evidence
P115P8,P115P8_T5,P115P8_T5_4,4,supported,Supported,Not Supported
P19P4,P19P4_T2,P19P4_T2_5,5,condition_contradicted,Not Supported,Not Supported
P181P2,P181P2_T1,P181P2_T1_2,2,condition_replaced,Not Enough Evidence,Not Enough Evidence
P140P1,P140P1_T2,P140P1_T2_1,1,relation_contradicted,Not Supported,Not Supported
P103P5,P103P5_T1,P103P5_T1_3,3,condition_removed,Not Enough Evidence,Not Enough Evidence
P121P2,P121P2_T2,P121P2_T2_2,2,condition_replaced,Not Enough Evidence,Not Enough Evidence
P98P7,P98P7_T2,P98P7_T2_3,3,condition_removed,Not Enough Evidence,Not Supported
P87P15,P87P15_T7,P87P15_T7_2,2,condition_replaced,Not Enough Evidence,Not Enough Evidence
P197P5,P197P5_T2,P197P5_T2_5,5,condition_contradicted,Not Supported,Not Supported
P104P8,P104P8_T3,P104P8_T3_5,5,condition_contradicted,Not Supported,Not Supported
P103P1,P103P1_T2,P103P1_T2_2,2,condition_replaced,Not Enough Evidence,Not Enough Evidence
P86P8,P86P8_T1,P86P8_T1_3,3,condition_removed,Not Enough Evidence,Not Enough Evidence
P35P3,P35P3_T5,P35P3_T5_2,2,condition_replaced,Not Enough Evidence,Not Enough Evidence
P93P1,P93P1_T2,P93P1_T2_3,3,condition_removed,Not Enough Evidence,Not Enough Evidence
P66P5,P66P5_T1,P66P5_T1_3,3,condition_removed,Not Enough Evidence,Not Enough Evidence
P36P7,P36P7_T2,P36P7_T2_3,3,condition_removed,Not Enough Evidence,Not Enough Evidence
P147P6,P147P6_T2,P147P6_T2_2,2,condition_replaced,Not Enough Evidence,Not Enough Evidence
P63P8,P63P8_T1,P63P8_T1_5,5,condition_contradicted,Not Supported,Not Supported
P139P6,P139P6_T1,P139P6_T1_5,5,condition_contradicted,Not Supported,Not Supported
P57P7,P57P7_T4,P57P7_T4_1,1,relation_contradicted,Not Supported,Not Supported
P125P14,P125P14_T1,P125P14_T1_5,5,condition_contradicted,Not Supported,Not Supported
P70P12,P70P12_T4,P70P12_T4_3,3,condition_removed,Not Enough Evidence,Not Enough Evidence
P188P7,P188P7_T1,P188P7_T1_3,3,condition_removed,Not Enough Evidence,Not Enough Evidence
P84P5,P84P5_T1,P84P5_T1_5,5,condition_contradicted,Not Supported,Not Supported
P87P15,P87P15_T4,P87P15_T4_1,1,relation_contradicted,Not Supported,Not Supported
P118P14,P118P14_T2,P118P14_T2_3,3,condition_removed,Not Enough Evidence,Not Enough Evidence
P85P7,P85P7_T11,P85P7_T11_2,2,condition_replaced,Not Enough Evidence,Not Supported
P39P9,P39P9_T5,P39P9_T5_2,2,condition_replaced,Not Enough Evidence,Not Enough Evidence
P77P5,P77P5_T3,P77P5_T3_2,2,condition_replaced,Not Enough Evidence,Not Enough Evidence
P76P8,P76P8_T3,P76P8_T3_3,3,condition_removed,Not Enough Evidence,Not Enough Evidence
P98P7,P98P7_T6,P98P7_T6_3,3,condition_removed,Not Enough Evidence,Not Supported
P56P9,P56P9_T1,P56P9_T1_3,3,condition_removed,Not Enough Evidence,Not Enough Evidence
P58P1,P58P1_T1,P58P1_T1_3,3,condition_removed,Not Enough Evidence,Not Enough Evidence
P147P6,P147P6_T2,P147P6_T2_1,1,relation_contradicted,Not Supported,Not Supported
P113P13,P113P13_T4,P113P13_T4_4,4,supported,Supported,Supported
P72P6,P72P6_T2,P72P6_T2_1,1,relation_contradicted,Not Supported,Not Supported
P194P3,P194P3_T3,P194P3_T3_2,2,condition_replaced,Not Enough Evidence,Not Enough Evidence
P147P6,P147P6_T1,P147P6_T1_3,3,condition_removed,Not Enough Evidence,Not Enough Evidence
P153P3,P153P3_T1,P153P3_T1_2,2,condition_replaced,Not Enough Evidence,Not Enough Evidence
P74P8,P74P8_T1,P74P8_T1_2,2,condition_replaced,Not Enough Evidence,Not Enough Evidence
P12PR6,P12PR6_T1,P12PR6_T1_3,3,condition_removed,Not Enough Evidence,Not Supported
P59P5,P59P5_T2,P59P5_T2_4,4,supported,Supported,Supported
P70P7,P70P7_T3,P70P7_T3_4,4,supported,Supported,Supported
P81P1,P81P1_T2,P81P1_T2_2,2,condition_replaced,Not Enough Evidence,Not Enough Evidence
P66P1,P66P1_T4,P66P1_T4_2,2,condition_replaced,Not Enough Evidence,Not Enough Evidence
P127P7,P127P7_T1,P127P7_T1_2,2,condition_replaced,Not Enough Evidence,Not Enough Evidence
P93P1,P93P1_T5,P93P1_T5_5,5,condition_contradicted,Not Supported,Not Enough Evidence
P12PR8,P12PR8_T5,P12PR8_T5_5,5,condition_contradicted,Not Supported,Not Supported
P104P4,P104P4_T3,P104P4_T3_4,4,supported,Supported,Supported
P39P9,P39P9_T1,P39P9_T1_2,2,condition_replaced,Not Enough Evidence,Not Enough Evidence
P18P5,P18P5_T1,P18P5_T1_2,2,condition_replaced,Not Enough Evidence,Not Enough Evidence
P13P4,P13P4_T1,P13P4_T1_2,2,condition_replaced,Not Enough Evidence,Not Enough Evidence
P35P6,P35P6_T3,P35P6_T3_3,3,condition_removed,Not Enough Evidence,Not Enough Evidence
P12PR3,P12PR3_T1,P12PR3_T1_5,5,condition_contradicted,Not Supported,Not Supported
P116P9,P116P9_T2,P116P9_T2_1,1,relation_contradicted,Not Supported,Not Supported
P200P7,P200P7_T2,P200P7_T2_1,1,relation_contradicted,Not Supported,Not Supported
P185P5,P185P5_T1,P185P5_T1_1,1,relation_contradicted,Not Supported,Not Enough Evidence
P54P4,P54P4_T6,P54P4_T6_2,2,condition_replaced,Not Enough Evidence,Not Supported
P103P6,P103P6_T1,P103P6_T1_1,1,relation_contradicted,Not Supported,Not Supported
P23P6,P23P6_T2,P23P6_T2_1,1,relation_contradicted,Not Supported,Not Supported
P23P8,P23P8_T1,P23P8_T1_1,1,relation_contradicted,Not Supported,Not Supported
P12PR11,P12PR11_T2,P12PR11_T2_1,1,relation_contradicted,Not Supported,Not Supported
P127P3,P127P3_T1,P127P3_T1_3,3,condition_removed,Not Enough Evidence,Not Enough Evidence
P197P1,P197P1_T5,P197P1_T5_5,5,condition_contradicted,Not Supported,Not Supported
P81P11,P81P11_T4,P81P11_T4_1,1,relation_contradicted,Not Supported,Not Supported
P125P10,P125P10_T2,P125P10_T2_4,4,supported,Supported,Supported
P13P14,P13P14_T4,P13P14_T4_3,3,condition_removed,Not Enough Evidence,Not Enough Evidence
P12PR11,P12PR11_T2,P12PR11_T2_4,4,supported,Supported,Supported
P156P4,P156P4_T1,P156P4_T1_5,5,condition_contradicted,Not Supported,Not Supported
P76P2,P76P2_T3,P76P2_T3_4,4,supported,Supported,Supported
P23P6,P23P6_T4,P23P6_T4_2,2,condition_replaced,Not Enough Evidence,Not Enough Evidence
P41P7,P41P7_T2,P41P7_T2_4,4,supported,Supported,Supported
P171P3,P171P3_T1,P171P3_T1_2,2,condition_replaced,Not Enough Evidence,Not Enough Evidence
P198P3,P198P3_T1,P198P3_T1_4,4,supported,Supported,Supported
P101P11,P101P11_T1,P101P11_T1_1,1,relation_contradicted,Not Supported,Not Supported
P27P1,P27P1_T4,P27P1_T4_1,1,relation_contradicted,Not Supported,Not Supported
P72P8,P72P8_T4,P72P8_T4_5,5,condition_contradicted,Not Supported,Not Supported
P65P3,P65P3_T1,P65P3_T1_2,2,condition_replaced,Not Enough Evidence,Not Enough Evidence
P186P3,P186P3_T2,P186P3_T2_2,2,condition_replaced,Not Enough Evidence,Not Enough Evidence
P12PR8,P12PR8_T3,P12PR8_T3_3,3,condition_removed,Not Enough Evidence,Not Supported
P14P7,P14P7_T1,P14P7_T1_2,2,condition_replaced,Not Enough Evidence,Supported
P197P5,P197P5_T6,P197P5_T6_1,1,relation_contradicted,Not Supported,Not Supported
P139P8,P139P8_T2,P139P8_T2_5,5,condition_contradicted,Not Supported,Not Supported
P113P25,P113P25_T2,P113P25_T2_5,5,condition_contradicted,Not Supported,Not Supported
P190P5,P190P5_T1,P190P5_T1_3,3,condition_removed,Not Enough Evidence,Not Enough Evidence
P57P4,P57P4_T2,P57P4_T2_4,4,supported,Supported,Supported
P98P8,P98P8_T2,P98P8_T2_3,3,condition_removed,Not Enough Evidence,Not Enough Evidence
P29P9,P29P9_T1,P29P9_T1_1,1,relation_contradicted,Not Supported,Not Supported
P134P5,P134P5_T1,P134P5_T1_1,1,relation_contradicted,Not Supported,Not Supported
P75P1,P75P1_T2,P75P1_T2_5,5,condition_contradicted,Not Supported,Not Supported
P127P1,P127P1_T1,P127P1_T1_3,3,condition_removed,Not Enough Evidence,Not Enough Evidence
P114P2,P114P2_T1,P114P2_T1_5,5,condition_contradicted,Not Supported,Not Supported
P90P3,P90P3_T3,P90P3_T3_5,5,condition_contradicted,Not Supported,Not Supported
P59P1,P59P1_T4,P59P1_T4_2,2,condition_replaced,Not Enough Evidence,Supported
P40P5,P40P5_T1,P40P5_T1_2,2,condition_replaced,Not Enough Evidence,Not Enough Evidence
P113P1,P113P1_T1,P113P1_T1_4,4,supported,Supported,Supported
P93P8,P93P8_T1,P93P8_T1_1,1,relation_contradicted,Not Supported,Not Supported
P118P16,P118P16_T1,P118P16_T1_1,1,relation_contradicted,Not Supported,Not Supported
P72P7,P72P7_T2,P72P7_T2_2,2,condition_replaced,Not Enough Evidence,Not Enough Evidence
P86P8,P86P8_T1,P86P8_T1_2,2,condition_replaced,Not Enough Evidence,Not Enough Evidence
P54P4,P54P4_T6,P54P4_T6_5,5,condition_contradicted,Not Supported,Not Supported
P82P2,P82P2_T1,P82P2_T1_5,5,condition_contradicted,Not Supported,Not Supported
P184P12,P184P12_T1,P184P12_T1_4,4,supported,Supported,Supported
P12PR4,P12PR4_T2,P12PR4_T2_5,5,condition_contradicted,Not Supported,Not Supported
P28P7,P28P7_T2,P28P7_T2_4,4,supported,Supported,Supported
P192P1,P192P1_T2,P192P1_T2_5,5,condition_contradicted,Not Supported,Not Supported
P54P5,P54P5_T1,P54P5_T1_3,3,condition_removed,Not Enough Evidence,Not Enough Evidence
P124P8,P124P8_T1,P124P8_T1_4,4,supported,Supported,Not Supported
P83P6,P83P6_T2,P83P6_T2_5,5,condition_contradicted,Not Supported,Not Supported
P85P7,P85P7_T9,P85P7_T9_4,4,supported,Supported,Not Supported
P127P1,P127P1_T4,P127P1_T4_3,3,condition_removed,Not Enough Evidence,Not Enough Evidence
P154P16,P154P16_T1,P154P16_T1_1,1,relation_contradicted,Not Supported,Not Supported
P27P3,P27P3_T1,P27P3_T1_3,3,condition_removed,Not Enough Evidence,Not Enough Evidence
P138P7,P138P7_T3,P138P7_T3_5,5,condition_contradicted,Not Supported,Not Supported
P118P5,P118P5_T2,P118P5_T2_1,1,relation_contradicted,Not Supported,Not Supported
P197P1,P197P1_T6,P197P1_T6_2,2,condition_replaced,Not Enough Evidence,Not Enough Evidence
P185P4,P185P4_T2,P185P4_T2_1,1,relation_contradicted,Not Supported,Not Supported
P115P4,P115P4_T1,P115P4_T1_5,5,condition_contradicted,Not Supported,Not Supported
P89P22,P89P22_T1,P89P22_T1_2,2,condition_replaced,Not Enough Evidence,Not Enough Evidence
P59P4,P59P4_T4,P59P4_T4_2,2,condition_replaced,Not Enough Evidence,Not Enough Evidence
P27P3,P27P3_T3,P27P3_T3_5,5,condition_contradicted,Not Supported,Not Supported
P104P7,P104P7_T1,P104P7_T1_3,3,condition_removed,Not Enough Evidence,Not Enough Evidence
P183P3,P183P3_T4,P183P3_T4_4,4,supported,Supported,Supported
P194P3,P194P3_T6,P194P3_T6_5,5,condition_contradicted,Not Supported,Not Supported
P55P4,P55P4_T1,P55P4_T1_1,1,relation_contradicted,Not Supported,Not Supported
P72P6,P72P6_T2,P72P6_T2_2,2,condition_replaced,Not Enough Evidence,Not Enough Evidence
P72P7,P72P7_T4,P72P7_T4_4,4,supported,Supported,Supported
P127P6,P127P6_T2,P127P6_T2_5,5,condition_contradicted,Not Supported,Not Supported
P24P1,P24P1_T1,P24P1_T1_5,5,condition_contradicted,Not Supported,Not Supported
P91P14,P91P14_T3,P91P14_T3_2,2,condition_replaced,Not Enough Evidence,Not Supported
P18P10,P18P10_T1,P18P10_T1_5,5,condition_contradicted,Not Supported,Not Supported
P46P4,P46P4_T2,P46P4_T2_3,3,condition_removed,Not Enough Evidence,Not Enough Evidence
P103P4,P103P4_T1,P103P4_T1_5,5,condition_contradicted,Not Supported,Not Supported
P66P4,P66P4_T3,P66P4_T3_4,4,supported,Supported,Supported
P192P2,P192P2_T1,P192P2_T1_3,3,condition_removed,Not Enough Evidence,Not Enough Evidence
P188P7,P188P7_T2,P188P7_T2_1,1,relation_contradicted,Not Supported,Not Supported
P121P5,P121P5_T1,P121P5_T1_3,3,condition_removed,Not Enough Evidence,Not Enough Evidence
P70P12,P70P12_T3,P70P12_T3_5,5,condition_contradicted,Not Supported,Not Supported
P38P7,P38P7_T1,P38P7_T1_3,3,condition_removed,Not Enough Evidence,Not Enough Evidence
P104P4,P104P4_T2,P104P4_T2_1,1,relation_contradicted,Not Supported,Not Supported
P69P3,P69P3_T2,P69P3_T2_5,5,condition_contradicted,Not Supported,Not Supported
