Paragraph_ID,Tuple_ID,ProbeID,Probe_Number,Probe_Type,Gold_Label,predicted_label
P0359,P0359_T1,P0359_T1_1,1,relation_contradicted,Not Supported,Not Supported
P0359,P0359_T1,P0359_T1_2,2,condition_replaced,Not Enough Evidence,Not Enough Evidence
P0359,P0359_T1,P0359_T1_3,3,condition_removed,Not Enough Evidence,Not Enough Evidence
P0359,P0359_T1,P0359_T1_4,4,supported,Supported,Supported
P0359,P0359_T1,P0359_T1_5,5,condition_contradicted,Not Supported,Not Supported
P0513,P0513_T1,P0513_T1_1,1,relation_contradicted,Not Supported,Not Supported
P0513,P0513_T1,P0513_T1_2,2,condition_replaced,Not Enough Evidence,Not Enough Evidence
P0513,P0513_T1,P0513_T1_3,3,condition_removed,Not Enough Evidence,Not Enough Evidence
P0513,P0513_T1,P0513_T1_4,4,supported,Supported,Supported
P0513,P0513_T1,P0513_T1_5,5,condition_contradicted,Not Supported,Not Supported
P0517,P0517_T1,P0517_T1_1,1,relation_contradicted,Not Supported,Not Supported
P0517,P0517_T1,P0517_T1_2,2,condition_replaced,Not Enough Evidence,Not Enough Evidence
P0517,P0517_T1,P0517_T1_3,3,condition_removed,Not Enough Evidence,Not Enough Evidence
P0517,P0517_T1,P0517_T1_4,4,supported,Supported,Supported
P0517,P0517_T1,P0517_T1_5,5,condition_contradicted,Not Supported,Not Supported
P0143,P0143_T4,P0143_T4_1,1,relation_contradicted,Not Supported,Not Enough Evidence
P0143,P0143_T4,P0143_T4_2,2,condition_replaced,Not Enough Evidence,Not Enough Evidence
P0143,P0143_T4,P0143_T4_3,3,condition_removed,Not Enough Evidence,Not Enough Evidence
P0143,P0143_T4,P0143_T4_4,4,supported,Supported,Supported
P0143,P0143_T4,P0143_T4_5,5,condition_contradicted,Not Supported,Not Enough Evidence
P0143,P0143_T5,P0143_T5_1,1,relation_contradicted,Not Supported,Not Enough Evidence
P0143,P0143_T5,P0143_T5_2,2,condition_replaced,Not Enough Evidence,Not Enough Evidence
P0143,P0143_T5,P0143_T5_3,3,condition_removed,Not Enough Evidence,Not Enough Evidence
P0143,P0143_T5,P0143_T5_4,4,supported,Supported,Supported
P0143,P0143_T5,P0143_T5_5,5,condition_contradicted,Not Supported,Not Supported
P0143,P0143_T6,P0143_T6_1,1,relation_contradicted,Not Supported,Not Supported
P0143,P0143_T6,P0143_T6_2,2,condition_replaced,Not Enough Evidence,Not Enough Evidence
P0143,P0143_T6,P0143_T6_3,3,condition_removed,Not Enough Evidence,Not Enough Evidence
P0143,P0143_T6,P0143_T6_4,4,supported,Supported,Supported
P0143,P0143_T6,P0143_T6_5,5,condition_contradicted,Not Supported,Not Supported
P0143,P0143_T7,P0143_T7_1,1,relation_contradicted,Not Supported,Not Supported
P0143,P0143_T7,P0143_T7_2,2,condition_replaced,Not Enough Evidence,Not Enough Evidence
P0143,P0143_T7,P0143_T7_3,3,condition_removed,Not Enough Evidence,Not Enough Evidence
P0143,P0143_T7,P0143_T7_4,4,supported,Supported,Supported
P0143,P0143_T7,P0143_T7_5,5,condition_contradicted,Not Supported,Not Supported
P0143,P0143_T8,P0143_T8_1,1,relation_contradicted,Not Supported,Not Supported
P0143,P0143_T8,P0143_T8_2,2,condition_replaced,Not Enough Evidence,Not Enough Evidence
P0143,P0143_T8,P0143_T8_3,3,condition_removed,Not Enough Evidence,Not Enough Evidence
P0143,P0143_T8,P0143_T8_4,4,supported,Supported,Supported
P0143,P0143_T8,P0143_T8_5,5,condition_contradicted,Not Supported,Not Supported
P0024,P0024_T1,P0024_T1_1,1,relation_contradicted,Not Supported,Not Supported
P0024,P0024_T1,P0024_T1_2,2,condition_replaced,Not Enough Evidence,Not Enough Evidence
P0024,P0024_T1,P0024_T1_3,3,condition_removed,Not Enough Evidence,Not Enough Evidence
P0024,P0024_T1,P0024_T1_4,4,supported,Supported,Supported
P0024,P0024_T1,P0024_T1_5,5,condition_contradicted,Not Supported,Supported
P0025,P0025_T1,P0025_T1_1,1,relation_contradicted,Not Supported,Not Supported
P0025,P0025_T1,P0025_T1_2,2,condition_replaced,Not Enough Evidence,Not Enough Evidence
P0025,P0025_T1,P0025_T1_3,3,condition_removed,Not Enough Evidence,Not Enough Evidence
P0025,P0025_T1,P0025_T1_4,4,supported,Supported,Supported
P0025,P0025_T1,P0025_T1_5,5,condition_contradicted,Not Supported,Not Supported
P0025,P0025_T2,P0025_T2_1,1,relation_contradicted,Not Supported,Not Supported
P0025,P0025_T2,P0025_T2_2,2,condition_replaced,Not Enough Evidence,Not Enough Evidence
P0025,P0025_T2,P0025_T2_3,3,condition_removed,Not Enough Evidence,Not Enough Evidence
P0025,P0025_T2,P0025_T2_4,4,supported,Supported,Supported
P0025,P0025_T2,P0025_T2_5,5,condition_contradicted,Not Supported,Not Supported
P0025,P0025_T3,P0025_T3_1,1,relation_contradicted,Not Supported,Not Supported
P0025,P0025_T3,P0025_T3_2,2,condition_replaced,Not Enough Evidence,Not Enough Evidence
P0025,P0025_T3,P0025_T3_3,3,condition_removed,Not Enough Evidence,Not Enough Evidence
P0025,P0025_T3,P0025_T3_4,4,supported,Supported,Supported
P0025,P0025_T3,P0025_T3_5,5,condition_contradicted,Not Supported,Not Supported
P0025,P0025_T4,P0025_T4_1,1,relation_contradicted,Not Supported,Not Supported
P0025,P0025_T4,P0025_T4_2,2,condition_replaced,Not Enough Evidence,Not Enough Evidence
P0025,P0025_T4,P0025_T4_3,3,condition_removed,Not Enough Evidence,Not Enough Evidence
P0025,P0025_T4,P0025_T4_4,4,supported,Supported,Supported
P0025,P0025_T4,P0025_T4_5,5,condition_contradicted,Not Supported,Not Enough Evidence
P0026,P0026_T1,P0026_T1_1,1,relation_contradicted,Not Supported,Supported
P0026,P0026_T1,P0026_T1_2,2,condition_replaced,Not Enough Evidence,Not Enough Evidence
P0026,P0026_T1,P0026_T1_3,3,condition_removed,Not Enough Evidence,Not Enough Evidence
P0026,P0026_T1,P0026_T1_4,4,supported,Supported,Supported
P0026,P0026_T1,P0026_T1_5,5,condition_contradicted,Not Supported,Not Enough Evidence
P0146,P0146_T1,P0146_T1_1,1,relation_contradicted,Not Supported,Not Supported
P0146,P0146_T1,P0146_T1_2,2,condition_replaced,Not Enough Evidence,Not Enough Evidence
P0146,P0146_T1,P0146_T1_3,3,condition_removed,Not Enough Evidence,Not Enough Evidence
P0146,P0146_T1,P0146_T1_4,4,supported,Supported,Supported
P0146,P0146_T1,P0146_T1_5,5,condition_contradicted,Not Supported,Not Supported
P0146,P0146_T2,P0146_T2_1,1,relation_contradicted,Not Supported,Not Supported
P0146,P0146_T2,P0146_T2_2,2,condition_replaced,Not Enough Evidence,Not Enough Evidence
P0146,P0146_T2,P0146_T2_3,3,condition_removed,Not Enough Evidence,Not Enough Evidence
P0146,P0146_T2,P0146_T2_4,4,supported,Supported,Supported
P0146,P0146_T2,P0146_T2_5,5,condition_contradicted,Not Supported,Not Supported
P0522,P0522_T1,P0522_T1_1,1,relation_contradicted,Not Supported,Not Supported
P0522,P0522_T1,P0522_T1_2,2,condition_replaced,Not Enough Evidence,Not Enough Evidence
P0522,P0522_T1,P0522_T1_3,3,condition_removed,Not Enough Evidence,Not Enough Evidence
P0522,P0522_T1,P0522_T1_4,4,supported,Supported,Supported
P0522,P0522_T1,P0522_T1_5,5,condition_contradicted,Not Supported,Not Supported
P0362,P0362_T1,P0362_T1_1,1,relation_contradicted,Not Supported,Supported
P0362,P0362_T1,P0362_T1_2,2,condition_replaced,Not Enough Evidence,Not Enough Evidence
P0362,P0362_T1,P0362_T1_3,3,condition_removed,Not Enough Evidence,Not Enough Evidence
P0362,P0362_T1,P0362_T1_4,4,supported,Supported,Supported
P0362,P0362_T1,P0362_T1_5,5,condition_contradicted,Not Supported,Not Supported
P0029,P0029_T1,P0029_T1_1,1,relation_contradicted,Not Supported,Supported
P0029,P0029_T1,P0029_T1_2,2,condition_replaced,Not Enough Evidence,Not Enough Evidence
P0029,P0029_T1,P0029_T1_3,3,condition_removed,Not Enough Evidence,Not Enough Evidence
P0029,P0029_T1,P0029_T1_4,4,supported,Supported,Supported
P0029,P0029_T1,P0029_T1_5,5,condition_contradicted,Not Supported,Supported
P0031,P0031_T1,P0031_T1_1,1,relation_contradicted,Not Supported,The Court did not conclude that the teacher's statement about Joey's dads was wrong or that the teacher should be punished for saying it. The Court's ruling is
P0031,P0031_T1,P0031_T1_2,2,condition_replaced,Not Enough Evidence,The Court did not conclude that the teacher's statement about Joey's dads was wrong or that the teacher should be punished for saying it. The Court's ruling is
P0031,P0031_T1,P0031_T1_3,3,condition_removed,Not Enough Evidence,The Court did not conclude that the teacher's statement about Joey's dads was wrong or that the teacher should be punished for saying it. The Court's ruling is
P0031,P0031_T1,P0031_T1_4,4,supported,Supported,The Court did not conclude that the teacher's statement about Joey's dads was wrong or that the teacher should be punished for saying it. The Court's ruling is
P0031,P0031_T1,P0031_T1_5,5,condition_contradicted,Not Supported,The Court did not conclude that the teacher's statement about Joey's dads was wrong or that the teacher should be punished for saying it. The Court's ruling is
P0031,P0031_T2,P0031_T2_1,1,relation_contradicted,Not Supported,The Court did not conclude that the teacher's statement about Joey's dads was wrong or that the teacher should be punished for saying it. The Court's ruling is
P0031,P0031_T2,P0031_T2_2,2,condition_replaced,Not Enough Evidence,The Court did not conclude that the teacher's statement about Joey's dads was wrong or that the teacher should be punished for saying it. The Court's ruling is
P0031,P0031_T2,P0031_T2_3,3,condition_removed,Not Enough Evidence,The Court did not conclude that the teacher's statement about Joey's dads was wrong or that the teacher should be punished for saying it. The Court's ruling is
P0031,P0031_T2,P0031_T2_4,4,supported,Supported,The Court did not conclude that the teacher's statement about Joey's dads was wrong or that the teacher should be punished for saying it. The Court's ruling is
P0031,P0031_T2,P0031_T2_5,5,condition_contradicted,Not Supported,The Court did not conclude that the teacher's statement about Joey's dads was wrong or that the teacher should be punished for saying it. The Court's ruling is
P0248,P0248_T1,P0248_T1_1,1,relation_contradicted,Not Supported,Supported
P0248,P0248_T1,P0248_T1_2,2,condition_replaced,Not Enough Evidence,Not Enough Evidence
P0248,P0248_T1,P0248_T1_3,3,condition_removed,Not Enough Evidence,Not Enough Evidence
P0248,P0248_T1,P0248_T1_4,4,supported,Supported,Supported
P0248,P0248_T1,P0248_T1_5,5,condition_contradicted,Not Supported,Not Enough Evidence
P0248,P0248_T2,P0248_T2_1,1,relation_contradicted,Not Supported,Supported
P0248,P0248_T2,P0248_T2_2,2,condition_replaced,Not Enough Evidence,Not Enough Evidence
P0248,P0248_T2,P0248_T2_3,3,condition_removed,Not Enough Evidence,Not Enough Evidence
P0248,P0248_T2,P0248_T2_4,4,supported,Supported,Supported
P0248,P0248_T2,P0248_T2_5,5,condition_contradicted,Not Supported,Not Supported
P0248,P0248_T3,P0248_T3_1,1,relation_contradicted,Not Supported,Supported
P0248,P0248_T3,P0248_T3_2,2,condition_replaced,Not Enough Evidence,Not Enough Evidence
P0248,P0248_T3,P0248_T3_3,3,condition_removed,Not Enough Evidence,Not Enough Evidence
P0248,P0248_T3,P0248_T3_4,4,supported,Supported,Supported
P0248,P0248_T3,P0248_T3_5,5,condition_contradicted,Not Supported,Not Supported
P0150,P0150_T1,P0150_T1_1,1,relation_contradicted,Not Supported,Not Supported
P0150,P0150_T1,P0150_T1_2,2,condition_replaced,Not Enough Evidence,Not Enough Evidence
P0150,P0150_T1,P0150_T1_3,3,condition_removed,Not Enough Evidence,Not Enough Evidence
P0150,P0150_T1,P0150_T1_4,4,supported,Supported,Supported
P0150,P0150_T1,P0150_T1_5,5,condition_contradicted,Not Supported,Not Supported
P0150,P0150_T2,P0150_T2_1,1,relation_contradicted,Not Supported,Not Supported
P0150,P0150_T2,P0150_T2_2,2,condition_replaced,Not Enough Evidence,Not Enough Evidence
P0150,P0150_T2,P0150_T2_3,3,condition_removed,Not Enough Evidence,Not Enough Evidence
P0150,P0150_T2,P0150_T2_4,4,supported,Supported,Supported
P0150,P0150_T2,P0150_T2_5,5,condition_contradicted,Not Supported,Not Supported
P0150,P0150_T3,P0150_T3_1,1,relation_contradicted,Not Supported,Not Supported
P0150,P0150_T3,P0150_T3_2,2,condition_replaced,Not Enough Evidence,Not Enough Evidence
P0150,P0150_T3,P0150_T3_3,3,condition_removed,Not Enough Evidence,Not Enough Evidence
P0150,P0150_T3,P0150_T3_4,4,supported,Supported,Supported
P0150,P0150_T3,P0150_T3_5,5,condition_contradicted,Not Supported,Not Supported
P0150,P0150_T4,P0150_T4_1,1,relation_contradicted,Not Supported,Not Supported
P0150,P0150_T4,P0150_T4_2,2,condition_replaced,Not Enough Evidence,Not Enough Evidence
P0150,P0150_T4,P0150_T4_3,3,condition_removed,Not Enough Evidence,Not Enough Evidence
P0150,P0150_T4,P0150_T4_4,4,supported,Supported,Supported
P0150,P0150_T4,P0150_T4_5,5,condition_contradicted,Not Supported,Not Supported
P0150,P0150_T5,P0150_T5_1,1,relation_contradicted,Not Supported,Not Supported
P0150,P0150_T5,P0150_T5_2,2,condition_replaced,Not Enough Evidence,Not Enough Evidence
P0150,P0150_T5,P0150_T5_3,3,condition_removed,Not Enough Evidence,Not Enough Evidence
P0150,P0150_T5,P0150_T5_4,4,supported,Supported,Supported
P0150,P0150_T5,P0150_T5_5,5,condition_contradicted,Not Supported,Not Supported
P0369,P0369_T1,P0369_T1_1,1,relation_contradicted,Not Supported,Not Supported
P0369,P0369_T1,P0369_T1_2,2,condition_replaced,Not Enough Evidence,Not Enough Evidence
P0369,P0369_T1,P0369_T1_3,3,condition_removed,Not Enough Evidence,Not Enough Evidence
P0369,P0369_T1,P0369_T1_4,4,supported,Supported,Supported
P0369,P0369_T1,P0369_T1_5,5,condition_contradicted,Not Supported,Not Supported
P0039,P0039_T1,P0039_T1_1,1,relation_contradicted,Not Supported,Not Supported
P0039,P0039_T1,P0039_T1_2,2,condition_replaced,Not Enough Evidence,Not Enough Evidence
P0039,P0039_T1,P0039_T1_3,3,condition_removed,Not Enough Evidence,Not Enough Evidence
P0039,P0039_T1,P0039_T1_4,4,supported,Supported,Supported
P0039,P0039_T1,P0039_T1_5,5,condition_contradicted,Not Supported,Not Supported
P0039,P0039_T2,P0039_T2_1,1,relation_contradicted,Not Supported,Not Supported
P0039,P0039_T2,P0039_T2_2,2,condition_replaced,Not Enough Evidence,Not Enough Evidence
P0039,P0039_T2,P0039_T2_3,3,condition_removed,Not Enough Evidence,Not Enough Evidence
P0039,P0039_T2,P0039_T2_4,4,supported,Supported,Supported
P0039,P0039_T2,P0039_T2_5,5,condition_contradicted,Not Supported,Not Supported
P0153,P0153_T1,P0153_T1_1,1,relation_contradicted,Not Supported,Not Supported
P0153,P0153_T1,P0153_T1_2,2,condition_replaced,Not Enough Evidence,Not Enough Evidence
P0153,P0153_T1,P0153_T1_3,3,condition_removed,Not Enough Evidence,Not Enough Evidence
P0153,P0153_T1,P0153_T1_4,4,supported,Supported,Supported
P0153,P0153_T1,P0153_T1_5,5,condition_contradicted,Not Supported,Not Supported
P0153,P0153_T2,P0153_T2_1,1,relation_contradicted,Not Supported,Not Supported
P0153,P0153_T2,P0153_T2_2,2,condition_replaced,Not Enough Evidence,Not Enough Evidence
P0153,P0153_T2,P0153_T2_3,3,condition_removed,Not Enough Evidence,Not Enough Evidence
P0153,P0153_T2,P0153_T2_4,4,supported,Supported,Supported
P0153,P0153_T2,P0153_T2_5,5,condition_contradicted,Not Supported,Not Supported
P0153,P0153_T3,P0153_T3_1,1,relation_contradicted,Not Supported,Not Enough Evidence
P0153,P0153_T3,P0153_T3_2,2,condition_replaced,Not Enough Evidence,Not Enough Evidence
P0153,P0153_T3,P0153_T3_3,3,condition_removed,Not Enough Evidence,Not Enough Evidence
P0153,P0153_T3,P0153_T3_4,4,supported,Supported,Supported
P0153,P0153_T3,P0153_T3_5,5,condition_contradicted,Not Supported,Not Supported
P0153,P0153_T4,P0153_T4_1,1,relation_contradicted,Not Supported,Not Supported
P0153,P0153_T4,P0153_T4_2,2,condition_replaced,Not Enough Evidence,Not Enough Evidence
P0153,P0153_T4,P0153_T4_3,3,condition_removed,Not Enough Evidence,Not Enough Evidence
P0153,P0153_T4,P0153_T4_4,4,supported,Supported,Supported
P0153,P0153_T4,P0153_T4_5,5,condition_contradicted,Not Supported,Not Supported
P0153,P0153_T5,P0153_T5_1,1,relation_contradicted,Not Supported,Not Supported
P0153,P0153_T5,P0153_T5_2,2,condition_replaced,Not Enough Evidence,Not Enough Evidence
P0153,P0153_T5,P0153_T5_3,3,condition_removed,Not Enough Evidence,Not Enough Evidence
P0153,P0153_T5,P0153_T5_4,4,supported,Supported,Supported
P0153,P0153_T5,P0153_T5_5,5,condition_contradicted,Not Supported,Not Supported
P0375,P0375_T1,P0375_T1_1,1,relation_contradicted,Not Supported,Not Enough Evidence
P0375,P0375_T1,P0375_T1_2,2,condition_replaced,Not Enough Evidence,Not Enough Evidence
P0375,P0375_T1,P0375_T1_3,3,condition_removed,Not Enough Evidence,Not Enough Evidence
P0375,P0375_T1,P0375_T1_4,4,supported,Supported,Supported
P0375,P0375_T1,P0375_T1_5,5,condition_contradicted,Not Supported,Not Supported
P0043,P0043_T1,P0043_T1_1,1,relation_contradicted,Not Supported,Supported
P0043,P0043_T1,P0043_T1_2,2,condition_replaced,Not Enough Evidence,Not Enough Evidence
P0043,P0043_T1,P0043_T1_3,3,condition_removed,Not Enough Evidence,Not Enough Evidence
P0043,P0043_T1,P0043_T1_4,4,supported,Supported,Supported
P0043,P0043_T1,P0043_T1_5,5,condition_contradicted,Not Supported,Not Supported
P0043,P0043_T2,P0043_T2_1,1,relation_contradicted,Not Supported,Not Supported
P0043,P0043_T2,P0043_T2_2,2,condition_replaced,Not Enough Evidence,Not Enough Evidence
P0043,P0043_T2,P0043_T2_3,3,condition_removed,Not Enough Evidence,Not Supported
P0043,P0043_T2,P0043_T2_4,4,supported,Supported,Supported
P0043,P0043_T2,P0043_T2_5,5,condition_contradicted,Not Supported,Not Supported
P0043,P0043_T3,P0043_T3_1,1,relation_contradicted,Not Supported,Not Supported
P0043,P0043_T3,P0043_T3_2,2,condition_replaced,Not Enough Evidence,Not Enough Evidence
P0043,P0043_T3,P0043_T3_3,3,condition_removed,Not Enough Evidence,Not Enough Evidence
P0043,P0043_T3,P0043_T3_4,4,supported,Supported,Supported
P0043,P0043_T3,P0043_T3_5,5,condition_contradicted,Not Supported,Not Supported
P0256,P0256_T1,P0256_T1_1,1,relation_contradicted,Not Supported,Not Supported
P0256,P0256_T1,P0256_T1_2,2,condition_replaced,Not Enough Evidence,Not Enough Evidence
P0256,P0256_T1,P0256_T1_3,3,condition_removed,Not Enough Evidence,Not Enough Evidence
P0256,P0256_T1,P0256_T1_4,4,supported,Supported,Supported
P0256,P0256_T1,P0256_T1_5,5,condition_contradicted,Not Supported,Not Supported
P0256,P0256_T2,P0256_T2_1,1,relation_contradicted,Not Supported,Not Supported
P0256,P0256_T2,P0256_T2_2,2,condition_replaced,Not Enough Evidence,Not Enough Evidence
P0256,P0256_T2,P0256_T2_3,3,condition_removed,Not Enough Evidence,Not Enough Evidence
P0256,P0256_T2,P0256_T2_4,4,supported,Supported,Supported
P0256,P0256_T2,P0256_T2_5,5,condition_contradicted,Not Supported,Not Supported
P0256,P0256_T3,P0256_T3_1,1,relation_contradicted,Not Supported,Not Supported
P0256,P0256_T3,P0256_T3_2,2,condition_replaced,Not Enough Evidence,Not Enough Evidence
P0256,P0256_T3,P0256_T3_3,3,condition_removed,Not Enough Evidence,Not Enough Evidence
P0256,P0256_T3,P0256_T3_4,4,supported,Supported,Supported
P0256,P0256_T3,P0256_T3_5,5,condition_contradicted,Not Supported,Not Supported
P0256,P0256_T4,P0256_T4_1,1,relation_contradicted,Not Supported,Not Supported
P0256,P0256_T4,P0256_T4_2,2,condition_replaced,Not Enough Evidence,Not Enough Evidence
P0256,P0256_T4,P0256_T4_3,3,condition_removed,Not Enough Evidence,Not Enough Evidence
P0256,P0256_T4,P0256_T4_4,4,supported,Supported,Supported
P0256,P0256_T4,P0256_T4_5,5,condition_contradicted,Not Supported,Not Supported
P0257,P0257_T1,P0257_T1_1,1,relation_contradicted,Not Supported,Not Supported
P0257,P0257_T1,P0257_T1_2,2,condition_replaced,Not Enough Evidence,Not Enough Evidence
P0257,P0257_T1,P0257_T1_3,3,condition_removed,Not Enough Evidence,Not Enough Evidence
P0257,P0257_T1,P0257_T1_4,4,supported,Supported,Supported
P0257,P0257_T1,P0257_T1_5,5,condition_contradicted,Not Supported,Not Supported
P0257,P0257_T2,P0257_T2_1,1,relation_contradicted,Not Supported,Not Supported
P0257,P0257_T2,P0257_T2_2,2,condition_replaced,Not Enough Evidence,Not Enough Evidence
P0257,P0257_T2,P0257_T2_3,3,condition_removed,Not Enough Evidence,Not Enough Evidence
P0257,P0257_T2,P0257_T2_4,4,supported,Supported,Supported
P0257,P0257_T2,P0257_T2_5,5,condition_contradicted,Not Supported,Not Supported
P0250,P0250_T1,P0250_T1_1,1,relation_contradicted,Not Supported,Not Enough Evidence
P0250,P0250_T1,P0250_T1_2,2,condition_replaced,Not Enough Evidence,Not Enough Evidence
P0250,P0250_T1,P0250_T1_3,3,condition_removed,Not Enough Evidence,Not Enough Evidence
P0250,P0250_T1,P0250_T1_4,4,supported,Supported,Supported
P0250,P0250_T1,P0250_T1_5,5,condition_contradicted,Not Supported,Not Supported
P0250,P0250_T2,P0250_T2_1,1,relation_contradicted,Not Supported,Not Supported
P0250,P0250_T2,P0250_T2_2,2,condition_replaced,Not Enough Evidence,Not Enough Evidence
P0250,P0250_T2,P0250_T2_3,3,condition_removed,Not Enough Evidence,Not Enough Evidence
P0250,P0250_T2,P0250_T2_4,4,supported,Supported,Supported
P0250,P0250_T2,P0250_T2_5,5,condition_contradicted,Not Supported,Not Supported
P0533,P0533_T1,P0533_T1_1,1,relation_contradicted,Not Supported,Supported
P0533,P0533_T1,P0533_T1_2,2,condition_replaced,Not Enough Evidence,Not Enough Evidence
P0533,P0533_T1,P0533_T1_3,3,condition_removed,Not Enough Evidence,Not Enough Evidence
P0533,P0533_T1,P0533_T1_4,4,supported,Supported,Supported
P0533,P0533_T1,P0533_T1_5,5,condition_contradicted,Not Supported,Not Supported
P0533,P0533_T2,P0533_T2_1,1,relation_contradicted,Not Supported,Supported
P0533,P0533_T2,P0533_T2_2,2,condition_replaced,Not Enough Evidence,Not Enough Evidence
P0533,P0533_T2,P0533_T2_3,3,condition_removed,Not Enough Evidence,Not Enough Evidence
P0533,P0533_T2,P0533_T2_4,4,supported,Supported,Supported
P0533,P0533_T2,P0533_T2_5,5,condition_contradicted,Not Supported,Not Enough Evidence
P0382,P0382_T1,P0382_T1_1,1,relation_contradicted,Not Supported,Not Enough Evidence
P0382,P0382_T1,P0382_T1_2,2,condition_replaced,Not Enough Evidence,Not Enough Evidence
P0382,P0382_T1,P0382_T1_3,3,condition_removed,Not Enough Evidence,Not Enough Evidence
P0382,P0382_T1,P0382_T1_4,4,supported,Supported,Not Enough Evidence
P0382,P0382_T1,P0382_T1_5,5,condition_contradicted,Not Supported,Not Enough Evidence
P0257,P0257_T3,P0257_T3_1,1,relation_contradicted,Not Supported,Not Enough Evidence
P0257,P0257_T3,P0257_T3_2,2,condition_replaced,Not Enough Evidence,Not Enough Evidence
P0257,P0257_T3,P0257_T3_3,3,condition_removed,Not Enough Evidence,Not Enough Evidence
P0257,P0257_T3,P0257_T3_4,4,supported,Supported,Supported
P0257,P0257_T3,P0257_T3_5,5,condition_contradicted,Not Supported,Not Enough Evidence
P0258,P0258_T1,P0258_T1_1,1,relation_contradicted,Not Supported,Not Supported
P0258,P0258_T1,P0258_T1_2,2,condition_replaced,Not Enough Evidence,Not Enough Evidence
P0258,P0258_T1,P0258_T1_3,3,condition_removed,Not Enough Evidence,Not Enough Evidence
P0258,P0258_T1,P0258_T1_4,4,supported,Supported,Supported
P0258,P0258_T1,P0258_T1_5,5,condition_contradicted,Not Supported,Not Supported
P0258,P0258_T2,P0258_T2_1,1,relation_contradicted,Not Supported,Not Enough Evidence
P0258,P0258_T2,P0258_T2_2,2,condition_replaced,Not Enough Evidence,Not Enough Evidence
P0258,P0258_T2,P0258_T2_3,3,condition_removed,Not Enough Evidence,Not Enough Evidence
P0258,P0258_T2,P0258_T2_4,4,supported,Supported,Supported
P0258,P0258_T2,P0258_T2_5,5,condition_contradicted,Not Supported,Not Enough Evidence
P0261,P0261_T1,P0261_T1_1,1,relation_contradicted,Not Supported,Not Supported
P0261,P0261_T1,P0261_T1_2,2,condition_replaced,Not Enough Evidence,Not Enough Evidence
P0261,P0261_T1,P0261_T1_3,3,condition_removed,Not Enough Evidence,Not Enough Evidence
P0261,P0261_T1,P0261_T1_4,4,supported,Supported,Supported
P0261,P0261_T1,P0261_T1_5,5,condition_contradicted,Not Supported,Not Enough Evidence
P0261,P0261_T2,P0261_T2_1,1,relation_contradicted,Not Supported,Not Supported
P0261,P0261_T2,P0261_T2_2,2,condition_replaced,Not Enough Evidence,Not Enough Evidence
P0261,P0261_T2,P0261_T2_3,3,condition_removed,Not Enough Evidence,Not Enough Evidence
P0261,P0261_T2,P0261_T2_4,4,supported,Supported,Supported
P0261,P0261_T2,P0261_T2_5,5,condition_contradicted,Not Supported,Not Enough Evidence
P0261,P0261_T3,P0261_T3_1,1,relation_contradicted,Not Supported,Not Supported
P0261,P0261_T3,P0261_T3_2,2,condition_replaced,Not Enough Evidence,Not Enough Evidence
P0261,P0261_T3,P0261_T3_3,3,condition_removed,Not Enough Evidence,Not Enough Evidence
P0261,P0261_T3,P0261_T3_4,4,supported,Supported,Supported
P0261,P0261_T3,P0261_T3_5,5,condition_contradicted,Not Supported,Not Supported
P0043,P0043_T4,P0043_T4_1,1,relation_contradicted,Not Supported,Not Supported
P0043,P0043_T4,P0043_T4_2,2,condition_replaced,Not Enough Evidence,Not Enough Evidence
P0043,P0043_T4,P0043_T4_3,3,condition_removed,Not Enough Evidence,Not Enough Evidence
P0043,P0043_T4,P0043_T4_4,4,supported,Supported,Supported
P0043,P0043_T4,P0043_T4_5,5,condition_contradicted,Not Supported,Not Enough Evidence
P0044,P0044_T1,P0044_T1_1,1,relation_contradicted,Not Supported,Not Enough Evidence
P0044,P0044_T1,P0044_T1_2,2,condition_replaced,Not Enough Evidence,Not Enough Evidence
P0044,P0044_T1,P0044_T1_3,3,condition_removed,Not Enough Evidence,Not Enough Evidence
P0044,P0044_T1,P0044_T1_4,4,supported,Supported,Supported
P0044,P0044_T1,P0044_T1_5,5,condition_contradicted,Not Supported,Not Enough Evidence
P0537,P0537_T1,P0537_T1_1,1,relation_contradicted,Not Supported,Supported
P0537,P0537_T1,P0537_T1_2,2,condition_replaced,Not Enough Evidence,Not Enough Evidence
P0537,P0537_T1,P0537_T1_3,3,condition_removed,Not Enough Evidence,Not Enough Evidence
P0537,P0537_T1,P0537_T1_4,4,supported,Supported,Supported
P0537,P0537_T1,P0537_T1_5,5,condition_contradicted,Not Supported,Not Supported
P0537,P0537_T2,P0537_T2_1,1,relation_contradicted,Not Supported,Supported
P0537,P0537_T2,P0537_T2_2,2,condition_replaced,Not Enough Evidence,Not Enough Evidence
P0537,P0537_T2,P0537_T2_3,3,condition_removed,Not Enough Evidence,Not Enough Evidence
P0537,P0537_T2,P0537_T2_4,4,supported,Supported,Supported
P0537,P0537_T2,P0537_T2_5,5,condition_contradicted,Not Supported,Not Supported
P0538,P0538_T1,P0538_T1_1,1,relation_contradicted,Not Supported,Supported
P0538,P0538_T1,P0538_T1_2,2,condition_replaced,Not Enough Evidence,Not Enough Evidence
P0538,P0538_T1,P0538_T1_3,3,condition_removed,Not Enough Evidence,Not Enough Evidence
P0538,P0538_T1,P0538_T1_4,4,supported,Supported,Supported
P0538,P0538_T1,P0538_T1_5,5,condition_contradicted,Not Supported,Not Supported
P0539,P0539_T1,P0539_T1_1,1,relation_contradicted,Not Supported,Supported
P0539,P0539_T1,P0539_T1_2,2,condition_replaced,Not Enough Evidence,Not Enough Evidence
P0539,P0539_T1,P0539_T1_3,3,condition_removed,Not Enough Evidence,Not Enough Evidence
P0539,P0539_T1,P0539_T1_4,4,supported,Supported,Supported
P0539,P0539_T1,P0539_T1_5,5,condition_contradicted,Not Supported,Not Supported
P0539,P0539_T2,P0539_T2_1,1,relation_contradicted,Not Supported,Supported
P0539,P0539_T2,P0539_T2_2,2,condition_replaced,Not Enough Evidence,Not Enough Evidence
P0539,P0539_T2,P0539_T2_3,3,condition_removed,Not Enough Evidence,Not Enough Evidence
P0539,P0539_T2,P0539_T2_4,4,supported,Supported,Supported
P0539,P0539_T2,P0539_T2_5,5,condition_contradicted,Not Supported,Not Enough Evidence
P0385,P0385_T1,P0385_T1_1,1,relation_contradicted,Not Supported,"that she did not continue to display romantic interest after the initial period, and that her behavior was consistent with a lack of romantic engagement. The note contrasts this with"
P0385,P0385_T1,P0385_T1_2,2,condition_replaced,Not Enough Evidence,"identity, and it describes the partner starting to disclose challenges and express interest after the narrator's reassurance. The other version places the interest expression before the narrator's"
P0385,P0385_T1,P0385_T1_3,3,condition_removed,Not Enough Evidence,"sexual interest in the partner. The note describes her initiating conversations about intimacy, expressing a desire to reconnect, and displaying behaviors consistent with renewed interest. The report does"
P0385,P0385_T1,P0385_T1_4,4,supported,Supported,"change his desire or how he thinks of her. The memo then describes a shift in her behavior, where she starts opening up a lot after the reassurance."
P0385,P0385_T1,P0385_T1_5,5,condition_contradicted,Not Supported,"urance that her trauma or identity questions don't change his desire. The observation states that she began showing interest in sex again after that reassurance was provided, and"
P0385,P0385_T2,P0385_T2_1,1,relation_contradicted,Not Supported,"her to open up, but she continued to avoid sharing. The note concludes that she did not disclose her challenges and instead maintained her closed-off state. The interaction"
P0385,P0385_T2,P0385_T2_2,2,condition_replaced,Not Enough Evidence,". The paragraph does not mention the original preparatory step, and it does not provide evidence that the renewed vulnerability is tied to that step. The analyst notes that"
P0385,P0385_T2,P0385_T2_3,3,condition_removed,Not Enough Evidence,The summary does not mention whether she started sharing after the narrator expressed an emotion about their lack of emotional or physical intimacy. It only reports that she shared more and
P0385,P0385_T2,P0385_T2_4,4,supported,Supported,"perfection and instead want authenticity, the partner started opening up a lot. The note emphasizes that the change in communication style was the trigger for the partner's increased openness"
P0385,P0385_T2,P0385_T2_5,5,condition_contradicted,Not Supported,"the same vignette, the clinician notes that the patient's emotional dysregulation was not met, and the patient's emotional state was not aligned with the"
P0386,P0386_T1,P0386_T1_1,1,relation_contradicted,Not Supported,Not Supported
P0386,P0386_T1,P0386_T1_2,2,condition_replaced,Not Enough Evidence,Not Enough Evidence
P0386,P0386_T1,P0386_T1_3,3,condition_removed,Not Enough Evidence,Not Enough Evidence
P0386,P0386_T1,P0386_T1_4,4,supported,Supported,Supported
P0386,P0386_T1,P0386_T1_5,5,condition_contradicted,Not Supported,Not Supported
P0052,P0052_T1,P0052_T1_1,1,relation_contradicted,Not Supported,Not Supported
P0052,P0052_T1,P0052_T1_2,2,condition_replaced,Not Enough Evidence,Not Enough Evidence
P0052,P0052_T1,P0052_T1_3,3,condition_removed,Not Enough Evidence,Not Enough Evidence
P0052,P0052_T1,P0052_T1_4,4,supported,Supported,Supported
P0052,P0052_T1,P0052_T1_5,5,condition_contradicted,Not Supported,Not Supported
P0052,P0052_T2,P0052_T2_1,1,relation_contradicted,Not Supported,Not Supported
P0052,P0052_T2,P0052_T2_2,2,condition_replaced,Not Enough Evidence,Not Enough Evidence
P0052,P0052_T2,P0052_T2_3,3,condition_removed,Not Enough Evidence,Not Enough Evidence
P0052,P0052_T2,P0052_T2_4,4,supported,Supported,Supported
P0052,P0052_T2,P0052_T2_5,5,condition_contradicted,Not Supported,Not Supported
P0052,P0052_T3,P0052_T3_1,1,relation_contradicted,Not Supported,Not Supported
P0052,P0052_T3,P0052_T3_2,2,condition_replaced,Not Enough Evidence,Not Enough Evidence
P0052,P0052_T3,P0052_T3_3,3,condition_removed,Not Enough Evidence,Not Enough Evidence
P0052,P0052_T3,P0052_T3_4,4,supported,Supported,Supported
P0052,P0052_T3,P0052_T3_5,5,condition_contradicted,Not Supported,Not Supported
P0261,P0261_T4,P0261_T4_1,1,relation_contradicted,Not Supported,Not Supported
P0261,P0261_T4,P0261_T4_2,2,condition_replaced,Not Enough Evidence,Not Enough Evidence
P0261,P0261_T4,P0261_T4_3,3,condition_removed,Not Enough Evidence,Not Enough Evidence
P0261,P0261_T4,P0261_T4_4,4,supported,Supported,Supported
P0261,P0261_T4,P0261_T4_5,5,condition_contradicted,Not Supported,Not Supported
P0261,P0261_T5,P0261_T5_1,1,relation_contradicted,Not Supported,Supported
P0261,P0261_T5,P0261_T5_2,2,condition_replaced,Not Enough Evidence,Not Enough Evidence
P0261,P0261_T5,P0261_T5_3,3,condition_removed,Not Enough Evidence,Not Enough Evidence
P0261,P0261_T5,P0261_T5_4,4,supported,Supported,Supported
P0261,P0261_T5,P0261_T5_5,5,condition_contradicted,Not Supported,Not Supported
P0388,P0388_T1,P0388_T1_1,1,relation_contradicted,Not Supported,"for a few days and I went to his house to check on him. He was in bed, sweating, and I brought him water and soup. He was"
P0388,P0388_T1,P0388_T1_2,2,condition_replaced,Not Enough Evidence,"for a few days and I went to his house to check on him. He was in bed, sweating, and I brought him water and soup. He was"
P0388,P0388_T1,P0388_T1_3,3,condition_removed,Not Enough Evidence,"for a few days and I went to his house to check on him. He was in bed, sweating, and I brought him water and soup. He was"
P0388,P0388_T1,P0388_T1_4,4,supported,Supported,"for a few days and I went to his house to check on him. He was in bed, sweating, and I brought him water and soup. He said"
P0388,P0388_T1,P0388_T1_5,5,condition_contradicted,Not Supported,"for a few days and I went to his house to check on him. He was in bed, sweating, and I brought him water and soup. He said"
P0388,P0388_T2,P0388_T2_1,1,relation_contradicted,Not Supported,"for a few days and I went to his house to check on him. He was in bed, sweating, and I brought him water and soup. He said"
P0388,P0388_T2,P0388_T2_2,2,condition_replaced,Not Enough Evidence,"for a few days and I went to his house to check on him. He was in bed, sweating, and I brought him water and soup. He said"
P0388,P0388_T2,P0388_T2_3,3,condition_removed,Not Enough Evidence,"for a few days and I went to his house to check on him. He was in bed, sweating, and I brought him water and soup. He said"
P0388,P0388_T2,P0388_T2_4,4,supported,Supported,"for a few days and I went to his house to check on him. He was in bed, sweating, and I brought him water and soup. He said"
P0388,P0388_T2,P0388_T2_5,5,condition_contradicted,Not Supported,"for a few days and I went to his house to check on him. He was in bed, sweating, and I brought him water and soup. He said"
P0163,P0163_T3,P0163_T3_1,1,relation_contradicted,Not Supported,of our own mental health. But we need to make time for it. We need to make time for it. We need to make time for it. We
P0163,P0163_T3,P0163_T3_2,2,condition_replaced,Not Enough Evidence,of our own mental health. But we need to make time for it. We need to make time for it. We need to make time for it. We
P0163,P0163_T3,P0163_T3_3,3,condition_removed,Not Enough Evidence,of our own mental health. But we need to make time for it. We need to make time for it. We need to make time for it. We
P0163,P0163_T3,P0163_T3_4,4,supported,Supported,of our own mental health. But we need to make time for it. We need to make time for it. We need to make time for it. We
P0163,P0163_T3,P0163_T3_5,5,condition_contradicted,Not Supported,of our own mental health. But we need to make time for it. We need to make time for it. We need to make time for it. We
P0163,P0163_T4,P0163_T4_1,1,relation_contradicted,Not Supported,of our own mental health. But we need to make time for it. We need to make time for it. We need to make time for it. We
P0163,P0163_T4,P0163_T4_2,2,condition_replaced,Not Enough Evidence,of our own mental health. But we need to make time for it. We need to make time for it. We need to make time for it. We
P0163,P0163_T4,P0163_T4_3,3,condition_removed,Not Enough Evidence,of our own mental health. But we need to make time for it. We need to make time for it. We need to make time for it. We
P0163,P0163_T4,P0163_T4_4,4,supported,Supported,of our own mental health. But we need to make time for it. We need to make time for it. We need to make time for it. We
P0163,P0163_T4,P0163_T4_5,5,condition_contradicted,Not Supported,of our own mental health. But we need to make time for it. We need to make time for it. We need to make time for it. We
P0163,P0163_T5,P0163_T5_1,1,relation_contradicted,Not Supported,of our own mental health. But we need to make time for it. We need to make time for it. We need to make time for it. We
P0163,P0163_T5,P0163_T5_2,2,condition_replaced,Not Enough Evidence,of our own mental health. But we need to make time for it. We need to make time for it. We need to make time for it. We
P0163,P0163_T5,P0163_T5_3,3,condition_removed,Not Enough Evidence,of our own mental health. But we need to make time for it. We need to make time for it. We need to make time for it. We
P0163,P0163_T5,P0163_T5_4,4,supported,Supported,of our own mental health. But we need to make time for it. We need to make time for it. We need to make time for it. We
P0163,P0163_T5,P0163_T5_5,5,condition_contradicted,Not Supported,of our own mental health. But we need to make time for it. We need to make time for it. We need to make time for it. We
P0163,P0163_T6,P0163_T6_1,1,relation_contradicted,Not Supported,of our own mental health. But we need to make time for it. We need to make time for it. We need to make time for it. We
P0163,P0163_T6,P0163_T6_2,2,condition_replaced,Not Enough Evidence,of our own mental health. But we need to make time for it. We need to make time for it. We need to make time for it. We
P0163,P0163_T6,P0163_T6_3,3,condition_removed,Not Enough Evidence,of our own mental health. But we need to make time for it. We need to make time for it. We need to make time for it. We
P0163,P0163_T6,P0163_T6_4,4,supported,Supported,of our own mental health. But we need to make time for it. We need to make time for it. We need to make time for it. We
P0163,P0163_T6,P0163_T6_5,5,condition_contradicted,Not Supported,of our own mental health. But we need to make time for it. We need to make time for it. We need to make time for it. We
P0163,P0163_T7,P0163_T7_1,1,relation_contradicted,Not Supported,of our own mental health. But we need to make time for it. We need to make time for it. We need to make time for it. We
P0163,P0163_T7,P0163_T7_2,2,condition_replaced,Not Enough Evidence,of our own mental health. But we need to make time for it. We need to make time for it. We need to make time for it. We
P0163,P0163_T7,P0163_T7_3,3,condition_removed,Not Enough Evidence,of our own mental health. But we need to make time for it. We need to make time for it. We need to make time for it. We
P0163,P0163_T7,P0163_T7_4,4,supported,Supported,of our own mental health. But we need to make time for it. We need to make time for it. We need to make time for it. We
P0163,P0163_T7,P0163_T7_5,5,condition_contradicted,Not Supported,of our own mental health. But we need to make time for it. We need to make time for it. We need to make time for it. We
P0163,P0163_T8,P0163_T8_1,1,relation_contradicted,Not Supported,of our own mental health. But we need to make time for it. We need to make time for it. We need to make time for it. We
P0163,P0163_T8,P0163_T8_2,2,condition_replaced,Not Enough Evidence,of our own mental health. But we need to make time for it. We need to make time for it. We need to make time for it. We
P0163,P0163_T8,P0163_T8_3,3,condition_removed,Not Enough Evidence,of our own mental health. But we need to make time for it. We need to make time for it. We need to make time for it. We
P0163,P0163_T8,P0163_T8_4,4,supported,Supported,of our own mental health. But we need to make time for it. We need to make time for it. We need to make time for it. We
P0163,P0163_T8,P0163_T8_5,5,condition_contradicted,Not Supported,of our own mental health. But we need to make time for it. We need to make time for it. We need to make time for it. We
P0163,P0163_T9,P0163_T9_1,1,relation_contradicted,Not Supported,of our own mental health. But we need to make time for it. We need to make time for it. We need to make time for it. We
P0163,P0163_T9,P0163_T9_2,2,condition_replaced,Not Enough Evidence,of our own mental health. But we need to make time for it. We need to make time for it. We need to make time for it. We
P0163,P0163_T9,P0163_T9_3,3,condition_removed,Not Enough Evidence,of our own mental health. But we need to make time for it. We need to make time for it. We need to make time for it. We
P0163,P0163_T9,P0163_T9_4,4,supported,Supported,of our own mental health. But we need to make time for it. We need to make time for it. We need to make time for it. We
P0163,P0163_T9,P0163_T9_5,5,condition_contradicted,Not Supported,of our own mental health. But we need to make time for it. We need to make time for it. We need to make time for it. We
P0163,P0163_T10,P0163_T10_1,1,relation_contradicted,Not Supported,of our own mental health. But we need to make time for it. We need to make time for it. We need to make time for it. We
P0163,P0163_T10,P0163_T10_2,2,condition_replaced,Not Enough Evidence,of our own mental health. But we need to make time for it. We need to make time for it. We need to make time for it. We
P0163,P0163_T10,P0163_T10_3,3,condition_removed,Not Enough Evidence,of our own mental health. But we need to make time for it. We need to make time for it. We need to make time for it. We
P0163,P0163_T10,P0163_T10_4,4,supported,Supported,of our own mental health. But we need to make time for it. We need to make time for it. We need to make time for it. We
P0163,P0163_T10,P0163_T10_5,5,condition_contradicted,Not Supported,of our own mental health. But we need to make time for it. We need to make time for it. We need to make time for it. We
P0163,P0163_T11,P0163_T11_1,1,relation_contradicted,Not Supported,of our own mental health. But we need to make time for it. We need to make time for it. We need to make time for it. We
P0163,P0163_T11,P0163_T11_2,2,condition_replaced,Not Enough Evidence,of our own mental health. But we need to make time for it. We need to make time for it. We need to make time for it. We
P0163,P0163_T11,P0163_T11_3,3,condition_removed,Not Enough Evidence,of our own mental health. But we need to make time for it. We need to make time for it. We need to make time for it. We
P0163,P0163_T11,P0163_T11_4,4,supported,Supported,of our own mental health. But we need to make time for it. We need to make time for it. We need to make time for it. We
P0163,P0163_T11,P0163_T11_5,5,condition_contradicted,Not Supported,of our own mental health. But we need to make time for it. We need to make time for it. We need to make time for it. We
P0544,P0544_T1,P0544_T1_1,1,relation_contradicted,Not Supported,Not Supported
P0544,P0544_T1,P0544_T1_2,2,condition_replaced,Not Enough Evidence,Not Enough Evidence
P0544,P0544_T1,P0544_T1_3,3,condition_removed,Not Enough Evidence,Not Enough Evidence
P0544,P0544_T1,P0544_T1_4,4,supported,Supported,Supported
P0544,P0544_T1,P0544_T1_5,5,condition_contradicted,Not Supported,Not Supported
P0547,P0547_T1,P0547_T1_1,1,relation_contradicted,Not Supported,Not Supported
P0547,P0547_T1,P0547_T1_2,2,condition_replaced,Not Enough Evidence,Not Enough Evidence
P0547,P0547_T1,P0547_T1_3,3,condition_removed,Not Enough Evidence,Not Enough Evidence
P0547,P0547_T1,P0547_T1_4,4,supported,Supported,Supported
P0547,P0547_T1,P0547_T1_5,5,condition_contradicted,Not Supported,Not Supported
P0052,P0052_T4,P0052_T4_1,1,relation_contradicted,Not Supported,Not Supported
P0052,P0052_T4,P0052_T4_2,2,condition_replaced,Not Enough Evidence,Not Enough Evidence
P0052,P0052_T4,P0052_T4_3,3,condition_removed,Not Enough Evidence,Not Enough Evidence
P0052,P0052_T4,P0052_T4_4,4,supported,Supported,Supported
P0052,P0052_T4,P0052_T4_5,5,condition_contradicted,Not Supported,Not Supported
P0053,P0053_T1,P0053_T1_1,1,relation_contradicted,Not Supported,Not Enough Evidence
P0053,P0053_T1,P0053_T1_2,2,condition_replaced,Not Enough Evidence,Not Enough Evidence
P0053,P0053_T1,P0053_T1_3,3,condition_removed,Not Enough Evidence,Not Enough Evidence
P0053,P0053_T1,P0053_T1_4,4,supported,Supported,Supported
P0053,P0053_T1,P0053_T1_5,5,condition_contradicted,Not Supported,Not Enough Evidence
P0266,P0266_T1,P0266_T1_1,1,relation_contradicted,Not Supported,Not Supported
P0266,P0266_T1,P0266_T1_2,2,condition_replaced,Not Enough Evidence,Not Supported
P0266,P0266_T1,P0266_T1_3,3,condition_removed,Not Enough Evidence,Not Supported
P0266,P0266_T1,P0266_T1_4,4,supported,Supported,Not Supported
P0266,P0266_T1,P0266_T1_5,5,condition_contradicted,Not Supported,Not Supported
P0266,P0266_T2,P0266_T2_1,1,relation_contradicted,Not Supported,Not Supported
P0266,P0266_T2,P0266_T2_2,2,condition_replaced,Not Enough Evidence,Not Supported
P0266,P0266_T2,P0266_T2_3,3,condition_removed,Not Enough Evidence,Not Supported
P0266,P0266_T2,P0266_T2_4,4,supported,Supported,Not Supported
P0266,P0266_T2,P0266_T2_5,5,condition_contradicted,Not Supported,Not Supported
P0549,P0549_T1,P0549_T1_1,1,relation_contradicted,Not Supported,Not Supported
P0549,P0549_T1,P0549_T1_2,2,condition_replaced,Not Enough Evidence,Not Enough Evidence
P0549,P0549_T1,P0549_T1_3,3,condition_removed,Not Enough Evidence,Not Enough Evidence
P0549,P0549_T1,P0549_T1_5,5,condition_contradicted,Not Supported,Not Enough Evidence
P0553,P0553_T1,P0553_T1_1,1,relation_contradicted,Not Supported,Not Supported
P0553,P0553_T1,P0553_T1_2,2,condition_replaced,Not Enough Evidence,Not Enough Evidence
P0553,P0553_T1,P0553_T1_3,3,condition_removed,Not Enough Evidence,Not Enough Evidence
P0553,P0553_T1,P0553_T1_4,4,supported,Supported,Supported
P0553,P0553_T1,P0553_T1_5,5,condition_contradicted,Not Supported,Not Supported
P0553,P0553_T2,P0553_T2_1,1,relation_contradicted,Not Supported,Supported
P0553,P0553_T2,P0553_T2_2,2,condition_replaced,Not Enough Evidence,Not Enough Evidence
P0553,P0553_T2,P0553_T2_3,3,condition_removed,Not Enough Evidence,Not Enough Evidence
P0553,P0553_T2,P0553_T2_4,4,supported,Supported,Supported
P0553,P0553_T2,P0553_T2_5,5,condition_contradicted,Not Supported,Not Supported
P0555,P0555_T1,P0555_T1_1,1,relation_contradicted,Not Supported,Not Supported
P0555,P0555_T1,P0555_T1_2,2,condition_replaced,Not Enough Evidence,Not Enough Evidence
P0555,P0555_T1,P0555_T1_3,3,condition_removed,Not Enough Evidence,Not Enough Evidence
P0555,P0555_T1,P0555_T1_4,4,supported,Supported,Supported
P0555,P0555_T1,P0555_T1_5,5,condition_contradicted,Not Supported,Not Supported
P0556,P0556_T1,P0556_T1_1,1,relation_contradicted,Not Supported,Not Supported
P0556,P0556_T1,P0556_T1_2,2,condition_replaced,Not Enough Evidence,Not Enough Evidence
P0556,P0556_T1,P0556_T1_3,3,condition_removed,Not Enough Evidence,Not Enough Evidence
P0556,P0556_T1,P0556_T1_4,4,supported,Supported,Supported
P0556,P0556_T1,P0556_T1_5,5,condition_contradicted,Not Supported,Not Supported
P0556,P0556_T2,P0556_T2_1,1,relation_contradicted,Not Supported,Not Supported
P0556,P0556_T2,P0556_T2_2,2,condition_replaced,Not Enough Evidence,Not Enough Evidence
P0556,P0556_T2,P0556_T2_3,3,condition_removed,Not Enough Evidence,Not Enough Evidence
P0556,P0556_T2,P0556_T2_4,4,supported,Supported,Supported
P0556,P0556_T2,P0556_T2_5,5,condition_contradicted,Not Supported,Not Supported
P0059,P0059_T1,P0059_T1_1,1,relation_contradicted,Not Supported,Supported
P0059,P0059_T1,P0059_T1_2,2,condition_replaced,Not Enough Evidence,Not Enough Evidence
P0059,P0059_T1,P0059_T1_3,3,condition_removed,Not Enough Evidence,Not Enough Evidence
P0059,P0059_T1,P0059_T1_4,4,supported,Supported,Supported
P0059,P0059_T1,P0059_T1_5,5,condition_contradicted,Not Supported,Not Supported
P0267,P0267_T1,P0267_T1_1,1,relation_contradicted,Not Supported,Not Supported
P0267,P0267_T1,P0267_T1_2,2,condition_replaced,Not Enough Evidence,Not Enough Evidence
P0267,P0267_T1,P0267_T1_3,3,condition_removed,Not Enough Evidence,Not Enough Evidence
P0267,P0267_T1,P0267_T1_5,5,condition_contradicted,Not Supported,Not Supported
P0560,P0560_T1,P0560_T1_1,1,relation_contradicted,Not Supported,Not Supported
P0560,P0560_T1,P0560_T1_2,2,condition_replaced,Not Enough Evidence,Not Enough Evidence
P0560,P0560_T1,P0560_T1_3,3,condition_removed,Not Enough Evidence,Not Enough Evidence
P0560,P0560_T1,P0560_T1_4,4,supported,Supported,Supported
P0560,P0560_T1,P0560_T1_5,5,condition_contradicted,Not Supported,Not Supported
P0560,P0560_T2,P0560_T2_1,1,relation_contradicted,Not Supported,Not Supported
P0560,P0560_T2,P0560_T2_2,2,condition_replaced,Not Enough Evidence,Not Enough Evidence
P0560,P0560_T2,P0560_T2_3,3,condition_removed,Not Enough Evidence,Not Enough Evidence
P0560,P0560_T2,P0560_T2_4,4,supported,Supported,Supported
P0560,P0560_T2,P0560_T2_5,5,condition_contradicted,Not Supported,Not Supported
P0563,P0563_T1,P0563_T1_1,1,relation_contradicted,Not Supported,Not Supported
P0563,P0563_T1,P0563_T1_2,2,condition_replaced,Not Enough Evidence,Not Enough Evidence
P0563,P0563_T1,P0563_T1_3,3,condition_removed,Not Enough Evidence,Not Enough Evidence
P0563,P0563_T1,P0563_T1_4,4,supported,Supported,Supported
P0563,P0563_T1,P0563_T1_5,5,condition_contradicted,Not Supported,Supported
P0564,P0564_T1,P0564_T1_1,1,relation_contradicted,Not Supported,Not Supported
P0564,P0564_T1,P0564_T1_2,2,condition_replaced,Not Enough Evidence,Not Enough Evidence
P0564,P0564_T1,P0564_T1_3,3,condition_removed,Not Enough Evidence,Not Enough Evidence
P0564,P0564_T1,P0564_T1_4,4,supported,Supported,Supported
P0564,P0564_T1,P0564_T1_5,5,condition_contradicted,Not Supported,Not Supported
P0165,P0165_T1,P0165_T1_1,1,relation_contradicted,Not Supported,Not Enough Evidence
P0165,P0165_T1,P0165_T1_2,2,condition_replaced,Not Enough Evidence,Not Enough Evidence
P0165,P0165_T1,P0165_T1_3,3,condition_removed,Not Enough Evidence,Not Enough Evidence
P0165,P0165_T1,P0165_T1_4,4,supported,Supported,Supported
P0165,P0165_T1,P0165_T1_5,5,condition_contradicted,Not Supported,Supported
P0165,P0165_T2,P0165_T2_1,1,relation_contradicted,Not Supported,Not Enough Evidence
P0165,P0165_T2,P0165_T2_2,2,condition_replaced,Not Enough Evidence,Not Enough Evidence
P0165,P0165_T2,P0165_T2_3,3,condition_removed,Not Enough Evidence,Not Enough Evidence
P0165,P0165_T2,P0165_T2_4,4,supported,Supported,Supported
P0165,P0165_T2,P0165_T2_5,5,condition_contradicted,Not Supported,Supported
P0165,P0165_T3,P0165_T3_1,1,relation_contradicted,Not Supported,Not Supported
P0165,P0165_T3,P0165_T3_2,2,condition_replaced,Not Enough Evidence,Not Enough Evidence
P0165,P0165_T3,P0165_T3_3,3,condition_removed,Not Enough Evidence,Not Enough Evidence
P0165,P0165_T3,P0165_T3_4,4,supported,Supported,Supported
P0165,P0165_T3,P0165_T3_5,5,condition_contradicted,Not Supported,Not Supported
P0165,P0165_T4,P0165_T4_1,1,relation_contradicted,Not Supported,Not Enough Evidence
P0165,P0165_T4,P0165_T4_2,2,condition_replaced,Not Enough Evidence,Not Enough Evidence
P0165,P0165_T4,P0165_T4_3,3,condition_removed,Not Enough Evidence,Not Enough Evidence
P0165,P0165_T4,P0165_T4_4,4,supported,Supported,Supported
P0165,P0165_T4,P0165_T4_5,5,condition_contradicted,Not Supported,Not Supported
P0165,P0165_T5,P0165_T5_1,1,relation_contradicted,Not Supported,Supported
P0165,P0165_T5,P0165_T5_2,2,condition_replaced,Not Enough Evidence,Not Enough Evidence
P0165,P0165_T5,P0165_T5_3,3,condition_removed,Not Enough Evidence,Not Enough Evidence
P0165,P0165_T5,P0165_T5_4,4,supported,Supported,Supported
P0165,P0165_T5,P0165_T5_5,5,condition_contradicted,Not Supported,Not Supported
P0165,P0165_T6,P0165_T6_1,1,relation_contradicted,Not Supported,Not Supported
P0165,P0165_T6,P0165_T6_2,2,condition_replaced,Not Enough Evidence,Not Enough Evidence
P0165,P0165_T6,P0165_T6_3,3,condition_removed,Not Enough Evidence,Not Enough Evidence
P0165,P0165_T6,P0165_T6_4,4,supported,Supported,Supported
P0165,P0165_T6,P0165_T6_5,5,condition_contradicted,Not Supported,Not Supported
P0165,P0165_T7,P0165_T7_1,1,relation_contradicted,Not Supported,Not Enough Evidence
P0165,P0165_T7,P0165_T7_2,2,condition_replaced,Not Enough Evidence,Not Enough Evidence
P0165,P0165_T7,P0165_T7_3,3,condition_removed,Not Enough Evidence,Not Enough Evidence
P0165,P0165_T7,P0165_T7_4,4,supported,Supported,Supported
P0165,P0165_T7,P0165_T7_5,5,condition_contradicted,Not Supported,Not Supported
P0165,P0165_T8,P0165_T8_1,1,relation_contradicted,Not Supported,Supported
P0165,P0165_T8,P0165_T8_2,2,condition_replaced,Not Enough Evidence,Not Enough Evidence
P0165,P0165_T8,P0165_T8_3,3,condition_removed,Not Enough Evidence,Not Enough Evidence
P0165,P0165_T8,P0165_T8_4,4,supported,Supported,Supported
P0165,P0165_T8,P0165_T8_5,5,condition_contradicted,Not Supported,Not Supported
P0167,P0167_T1,P0167_T1_1,1,relation_contradicted,Not Supported,Not Enough Evidence
P0167,P0167_T1,P0167_T1_2,2,condition_replaced,Not Enough Evidence,Not Enough Evidence
P0167,P0167_T1,P0167_T1_3,3,condition_removed,Not Enough Evidence,Not Enough Evidence
P0167,P0167_T1,P0167_T1_4,4,supported,Supported,Supported
P0167,P0167_T1,P0167_T1_5,5,condition_contradicted,Not Supported,Not Enough Evidence
P0400,P0400_T2,P0400_T2_1,1,relation_contradicted,Not Supported,Not Supported
P0400,P0400_T2,P0400_T2_2,2,condition_replaced,Not Enough Evidence,Not Enough Evidence
P0400,P0400_T2,P0400_T2_3,3,condition_removed,Not Enough Evidence,Not Enough Evidence
P0400,P0400_T2,P0400_T2_4,4,supported,Supported,Supported
P0400,P0400_T2,P0400_T2_5,5,condition_contradicted,Not Supported,Not Supported
P0401,P0401_T1,P0401_T1_1,1,relation_contradicted,Not Supported,I‚àö¬¢¬¨√Ñ¬¨√¥m still trying to figure out why I‚àö¬¢¬¨√Ñ¬
P0401,P0401_T1,P0401_T1_2,2,condition_replaced,Not Enough Evidence,I‚àö¬¢¬¨√Ñ¬¨√¥m still trying to figure out why I‚àö¬¢¬¨√Ñ¬
P0401,P0401_T1,P0401_T1_3,3,condition_removed,Not Enough Evidence,I‚àö¬¢¬¨√Ñ¬¨√¥m still trying to figure out why I‚àö¬¢¬¨√Ñ¬
P0401,P0401_T1,P0401_T1_4,4,supported,Supported,I‚àö¬¢¬¨√Ñ¬¨√¥m still trying to figure out why I‚àö¬¢¬¨√Ñ¬
P0401,P0401_T1,P0401_T1_5,5,condition_contradicted,Not Supported,I‚àö¬¢¬¨√Ñ¬¨√¥m still trying to figure out why I‚àö¬¢¬¨√Ñ¬
P0062,P0062_T1,P0062_T1_1,1,relation_contradicted,Not Supported,Not Supported
P0062,P0062_T1,P0062_T1_2,2,condition_replaced,Not Enough Evidence,Not Enough Evidence
P0062,P0062_T1,P0062_T1_3,3,condition_removed,Not Enough Evidence,Not Enough Evidence
P0062,P0062_T1,P0062_T1_4,4,supported,Supported,Supported
P0062,P0062_T1,P0062_T1_5,5,condition_contradicted,Not Supported,Not Supported
P0062,P0062_T2,P0062_T2_1,1,relation_contradicted,Not Supported,Not Supported
P0062,P0062_T2,P0062_T2_2,2,condition_replaced,Not Enough Evidence,Not Enough Evidence
P0062,P0062_T2,P0062_T2_3,3,condition_removed,Not Enough Evidence,Not Enough Evidence
P0062,P0062_T2,P0062_T2_4,4,supported,Supported,Supported
P0062,P0062_T2,P0062_T2_5,5,condition_contradicted,Not Supported,Not Supported
P0062,P0062_T3,P0062_T3_1,1,relation_contradicted,Not Supported,Not Supported
P0062,P0062_T3,P0062_T3_2,2,condition_replaced,Not Enough Evidence,Not Enough Evidence
P0062,P0062_T3,P0062_T3_3,3,condition_removed,Not Enough Evidence,Not Enough Evidence
P0062,P0062_T3,P0062_T3_4,4,supported,Supported,Not Enough Evidence
P0062,P0062_T3,P0062_T3_5,5,condition_contradicted,Not Supported,Not Supported
P0062,P0062_T4,P0062_T4_1,1,relation_contradicted,Not Supported,Not Supported
P0062,P0062_T4,P0062_T4_2,2,condition_replaced,Not Enough Evidence,Not Enough Evidence
P0062,P0062_T4,P0062_T4_3,3,condition_removed,Not Enough Evidence,Not Enough Evidence
P0062,P0062_T4,P0062_T4_4,4,supported,Supported,Supported
P0062,P0062_T4,P0062_T4_5,5,condition_contradicted,Not Supported,Not Supported
P0062,P0062_T5,P0062_T5_1,1,relation_contradicted,Not Supported,Not Supported
P0062,P0062_T5,P0062_T5_2,2,condition_replaced,Not Enough Evidence,Not Enough Evidence
P0062,P0062_T5,P0062_T5_3,3,condition_removed,Not Enough Evidence,Not Enough Evidence
P0062,P0062_T5,P0062_T5_4,4,supported,Supported,Supported
P0062,P0062_T5,P0062_T5_5,5,condition_contradicted,Not Supported,Not Supported
P0065,P0065_T1,P0065_T1_1,1,relation_contradicted,Not Supported,Not Supported
P0065,P0065_T1,P0065_T1_2,2,condition_replaced,Not Enough Evidence,Not Enough Evidence
P0065,P0065_T1,P0065_T1_3,3,condition_removed,Not Enough Evidence,Not Enough Evidence
P0065,P0065_T1,P0065_T1_4,4,supported,Supported,Supported
P0065,P0065_T1,P0065_T1_5,5,condition_contradicted,Not Supported,Not Supported
P0573,P0573_T1,P0573_T1_1,1,relation_contradicted,Not Supported,Supported
P0573,P0573_T1,P0573_T1_2,2,condition_replaced,Not Enough Evidence,Not Enough Evidence
P0573,P0573_T1,P0573_T1_3,3,condition_removed,Not Enough Evidence,Not Enough Evidence
P0573,P0573_T1,P0573_T1_4,4,supported,Supported,Supported
P0573,P0573_T1,P0573_T1_5,5,condition_contradicted,Not Supported,Not Supported
P0573,P0573_T2,P0573_T2_1,1,relation_contradicted,Not Supported,Supported
P0573,P0573_T2,P0573_T2_2,2,condition_replaced,Not Enough Evidence,Not Enough Evidence
P0573,P0573_T2,P0573_T2_3,3,condition_removed,Not Enough Evidence,Not Enough Evidence
P0573,P0573_T2,P0573_T2_4,4,supported,Supported,Supported
P0573,P0573_T2,P0573_T2_5,5,condition_contradicted,Not Supported,Not Supported
P0170,P0170_T1,P0170_T1_1,1,relation_contradicted,Not Supported,Not Supported
P0170,P0170_T1,P0170_T1_2,2,condition_replaced,Not Enough Evidence,Not Enough Evidence
P0170,P0170_T1,P0170_T1_3,3,condition_removed,Not Enough Evidence,Not Enough Evidence
P0170,P0170_T1,P0170_T1_4,4,supported,Supported,Supported
P0170,P0170_T1,P0170_T1_5,5,condition_contradicted,Not Supported,Not Supported
P0170,P0170_T2,P0170_T2_1,1,relation_contradicted,Not Supported,Not Supported
P0170,P0170_T2,P0170_T2_2,2,condition_replaced,Not Enough Evidence,Not Enough Evidence
P0170,P0170_T2,P0170_T2_3,3,condition_removed,Not Enough Evidence,Not Enough Evidence
P0170,P0170_T2,P0170_T2_4,4,supported,Supported,Supported
P0170,P0170_T2,P0170_T2_5,5,condition_contradicted,Not Supported,Not Supported
P0170,P0170_T3,P0170_T3_1,1,relation_contradicted,Not Supported,Not Supported
P0170,P0170_T3,P0170_T3_2,2,condition_replaced,Not Enough Evidence,Not Enough Evidence
P0170,P0170_T3,P0170_T3_3,3,condition_removed,Not Enough Evidence,Not Enough Evidence
P0170,P0170_T3,P0170_T3_4,4,supported,Supported,Supported
P0170,P0170_T3,P0170_T3_5,5,condition_contradicted,Not Supported,Not Supported
P0170,P0170_T4,P0170_T4_1,1,relation_contradicted,Not Supported,Not Supported
P0170,P0170_T4,P0170_T4_2,2,condition_replaced,Not Enough Evidence,Not Enough Evidence
P0170,P0170_T4,P0170_T4_3,3,condition_removed,Not Enough Evidence,Not Enough Evidence
P0170,P0170_T4,P0170_T4_4,4,supported,Supported,Supported
P0170,P0170_T4,P0170_T4_5,5,condition_contradicted,Not Supported,Not Supported
P0170,P0170_T5,P0170_T5_1,1,relation_contradicted,Not Supported,Not Supported
P0170,P0170_T5,P0170_T5_2,2,condition_replaced,Not Enough Evidence,Not Enough Evidence
P0170,P0170_T5,P0170_T5_3,3,condition_removed,Not Enough Evidence,Not Enough Evidence
P0170,P0170_T5,P0170_T5_4,4,supported,Supported,Supported
P0170,P0170_T5,P0170_T5_5,5,condition_contradicted,Not Supported,Not Supported
P0405,P0405_T1,P0405_T1_1,1,relation_contradicted,Not Supported,Not Supported
P0405,P0405_T1,P0405_T1_2,2,condition_replaced,Not Enough Evidence,Not Enough Evidence
P0405,P0405_T1,P0405_T1_3,3,condition_removed,Not Enough Evidence,Not Enough Evidence
P0405,P0405_T1,P0405_T1_4,4,supported,Supported,Supported
P0405,P0405_T1,P0405_T1_5,5,condition_contradicted,Not Supported,Not Supported
P0578,P0578_T1,P0578_T1_1,1,relation_contradicted,Not Supported,Not Supported
P0578,P0578_T1,P0578_T1_2,2,condition_replaced,Not Enough Evidence,Not Enough Evidence
P0578,P0578_T1,P0578_T1_3,3,condition_removed,Not Enough Evidence,Not Enough Evidence
P0578,P0578_T1,P0578_T1_4,4,supported,Supported,Supported
P0578,P0578_T1,P0578_T1_5,5,condition_contradicted,Not Supported,Not Supported
P0582,P0582_T1,P0582_T1_1,1,relation_contradicted,Not Supported,Not Supported
P0582,P0582_T1,P0582_T1_2,2,condition_replaced,Not Enough Evidence,Not Enough Evidence
P0582,P0582_T1,P0582_T1_3,3,condition_removed,Not Enough Evidence,Not Enough Evidence
P0582,P0582_T1,P0582_T1_4,4,supported,Supported,Supported
P0582,P0582_T1,P0582_T1_5,5,condition_contradicted,Not Supported,Not Supported
P0409,P0409_T1,P0409_T1_1,1,relation_contradicted,Not Supported,Not Supported
P0409,P0409_T1,P0409_T1_2,2,condition_replaced,Not Enough Evidence,Not Supported
P0409,P0409_T1,P0409_T1_3,3,condition_removed,Not Enough Evidence,Not Enough Evidence
P0409,P0409_T1,P0409_T1_4,4,supported,Supported,Supported
P0409,P0409_T1,P0409_T1_5,5,condition_contradicted,Not Supported,Not Enough Evidence
P0409,P0409_T2,P0409_T2_1,1,relation_contradicted,Not Supported,Not Supported
P0409,P0409_T2,P0409_T2_2,2,condition_replaced,Not Enough Evidence,Not Enough Evidence
P0409,P0409_T2,P0409_T2_3,3,condition_removed,Not Enough Evidence,Not Enough Evidence
P0409,P0409_T2,P0409_T2_4,4,supported,Supported,Supported
P0409,P0409_T2,P0409_T2_5,5,condition_contradicted,Not Supported,Not Enough Evidence
P0170,P0170_T6,P0170_T6_1,1,relation_contradicted,Not Supported,Not Supported
P0170,P0170_T6,P0170_T6_2,2,condition_replaced,Not Enough Evidence,Not Enough Evidence
P0170,P0170_T6,P0170_T6_3,3,condition_removed,Not Enough Evidence,Not Enough Evidence
P0170,P0170_T6,P0170_T6_4,4,supported,Supported,Supported
P0170,P0170_T6,P0170_T6_5,5,condition_contradicted,Not Supported,Not Supported
P0171,P0171_T1,P0171_T1_1,1,relation_contradicted,Not Supported,Not Enough Evidence
P0171,P0171_T1,P0171_T1_2,2,condition_replaced,Not Enough Evidence,Not Enough Evidence
P0171,P0171_T1,P0171_T1_3,3,condition_removed,Not Enough Evidence,Not Enough Evidence
P0171,P0171_T1,P0171_T1_4,4,supported,Supported,Supported
P0171,P0171_T1,P0171_T1_5,5,condition_contradicted,Not Supported,Not Supported
P0171,P0171_T2,P0171_T2_1,1,relation_contradicted,Not Supported,Not Supported
P0171,P0171_T2,P0171_T2_2,2,condition_replaced,Not Enough Evidence,Not Enough Evidence
P0171,P0171_T2,P0171_T2_3,3,condition_removed,Not Enough Evidence,Not Enough Evidence
P0171,P0171_T2,P0171_T2_4,4,supported,Supported,Supported
P0171,P0171_T2,P0171_T2_5,5,condition_contradicted,Not Supported,Not Supported
P0173,P0173_T1,P0173_T1_1,1,relation_contradicted,Not Supported,Not Supported
P0173,P0173_T1,P0173_T1_2,2,condition_replaced,Not Enough Evidence,Not Enough Evidence
P0173,P0173_T1,P0173_T1_3,3,condition_removed,Not Enough Evidence,Not Enough Evidence
P0173,P0173_T1,P0173_T1_4,4,supported,Supported,Supported
P0173,P0173_T1,P0173_T1_5,5,condition_contradicted,Not Supported,Not Supported
P0173,P0173_T2,P0173_T2_1,1,relation_contradicted,Not Supported,Not Supported
P0173,P0173_T2,P0173_T2_2,2,condition_replaced,Not Enough Evidence,Not Enough Evidence
P0173,P0173_T2,P0173_T2_3,3,condition_removed,Not Enough Evidence,Not Enough Evidence
P0173,P0173_T2,P0173_T2_4,4,supported,Supported,Supported
P0173,P0173_T2,P0173_T2_5,5,condition_contradicted,Not Supported,Not Supported
P0173,P0173_T3,P0173_T3_1,1,relation_contradicted,Not Supported,Not Supported
P0173,P0173_T3,P0173_T3_2,2,condition_replaced,Not Enough Evidence,Not Enough Evidence
P0173,P0173_T3,P0173_T3_3,3,condition_removed,Not Enough Evidence,Not Enough Evidence
P0173,P0173_T3,P0173_T3_4,4,supported,Supported,Supported
P0173,P0173_T3,P0173_T3_5,5,condition_contradicted,Not Supported,Not Supported
P0174,P0174_T1,P0174_T1_1,1,relation_contradicted,Not Supported,Not Supported
P0174,P0174_T1,P0174_T1_2,2,condition_replaced,Not Enough Evidence,Not Enough Evidence
P0174,P0174_T1,P0174_T1_3,3,condition_removed,Not Enough Evidence,Not Enough Evidence
P0174,P0174_T1,P0174_T1_4,4,supported,Supported,Supported
P0174,P0174_T1,P0174_T1_5,5,condition_contradicted,Not Supported,Not Supported
P0584,P0584_T1,P0584_T1_1,1,relation_contradicted,Not Supported,Not Supported
P0584,P0584_T1,P0584_T1_2,2,condition_replaced,Not Enough Evidence,Not Supported
P0584,P0584_T1,P0584_T1_3,3,condition_removed,Not Enough Evidence,Not Enough Evidence
P0584,P0584_T1,P0584_T1_4,4,supported,Supported,Supported
P0584,P0584_T1,P0584_T1_5,5,condition_contradicted,Not Supported,Not Supported
P0585,P0585_T1,P0585_T1_1,1,relation_contradicted,Not Supported,Not Supported
P0585,P0585_T1,P0585_T1_2,2,condition_replaced,Not Enough Evidence,Not Enough Evidence
P0585,P0585_T1,P0585_T1_3,3,condition_removed,Not Enough Evidence,Not Enough Evidence
P0585,P0585_T1,P0585_T1_4,4,supported,Supported,Supported
P0585,P0585_T1,P0585_T1_5,5,condition_contradicted,Not Supported,Not Supported
P0585,P0585_T2,P0585_T2_1,1,relation_contradicted,Not Supported,Not Supported
P0585,P0585_T2,P0585_T2_2,2,condition_replaced,Not Enough Evidence,Not Enough Evidence
P0585,P0585_T2,P0585_T2_3,3,condition_removed,Not Enough Evidence,Not Enough Evidence
P0585,P0585_T2,P0585_T2_4,4,supported,Supported,Supported
P0585,P0585_T2,P0585_T2_5,5,condition_contradicted,Not Supported,Not Supported
P0586,P0586_T1,P0586_T1_1,1,relation_contradicted,Not Supported,Not Supported
P0586,P0586_T1,P0586_T1_2,2,condition_replaced,Not Enough Evidence,Not Enough Evidence
P0586,P0586_T1,P0586_T1_3,3,condition_removed,Not Enough Evidence,Not Enough Evidence
P0586,P0586_T1,P0586_T1_4,4,supported,Supported,Supported
P0586,P0586_T1,P0586_T1_5,5,condition_contradicted,Not Supported,Not Supported
P0588,P0588_T1,P0588_T1_1,1,relation_contradicted,Not Supported,Not Supported
P0588,P0588_T1,P0588_T1_2,2,condition_replaced,Not Enough Evidence,Not Enough Evidence
P0588,P0588_T1,P0588_T1_3,3,condition_removed,Not Enough Evidence,Not Enough Evidence
P0588,P0588_T1,P0588_T1_4,4,supported,Supported,Supported
P0588,P0588_T1,P0588_T1_5,5,condition_contradicted,Not Supported,Not Supported
P0591,P0591_T1,P0591_T1_1,1,relation_contradicted,Not Supported,Not Supported
P0591,P0591_T1,P0591_T1_2,2,condition_replaced,Not Enough Evidence,Not Enough Evidence
P0591,P0591_T1,P0591_T1_3,3,condition_removed,Not Enough Evidence,Not Enough Evidence
P0591,P0591_T1,P0591_T1_4,4,supported,Supported,Supported
P0591,P0591_T1,P0591_T1_5,5,condition_contradicted,Not Supported,Not Supported
P0592,P0592_T1,P0592_T1_1,1,relation_contradicted,Not Supported,Not Supported
P0592,P0592_T1,P0592_T1_2,2,condition_replaced,Not Enough Evidence,Not Enough Evidence
P0592,P0592_T1,P0592_T1_3,3,condition_removed,Not Enough Evidence,Not Enough Evidence
P0592,P0592_T1,P0592_T1_4,4,supported,Supported,Not Enough Evidence
P0592,P0592_T1,P0592_T1_5,5,condition_contradicted,Not Supported,Not Supported
P0412,P0412_T1,P0412_T1_1,1,relation_contradicted,Not Supported,to the side. It‚àö¬¢¬¨√Ñ¬¨√¥s not just that he‚àö¬¢¬¨√Ñ
P0412,P0412_T1,P0412_T1_2,2,condition_replaced,Not Enough Evidence,to the side. It‚àö¬¢¬¨√Ñ¬¨√¥s not just that he‚àö¬¢¬¨√Ñ
P0412,P0412_T1,P0412_T1_3,3,condition_removed,Not Enough Evidence,to the side. It‚àö¬¢¬¨√Ñ¬¨√¥s not just that he‚àö¬¢¬¨√Ñ
P0412,P0412_T1,P0412_T1_4,4,supported,Supported,to the side. It‚àö¬¢¬¨√Ñ¬¨√¥s not just that he‚àö¬¢¬¨√Ñ
P0412,P0412_T1,P0412_T1_5,5,condition_contradicted,Not Supported,to the side. It‚àö¬¢¬¨√Ñ¬¨√¥s not just that he‚àö¬¢¬¨√Ñ
P0412,P0412_T2,P0412_T2_1,1,relation_contradicted,Not Supported,to the side. It‚àö¬¢¬¨√Ñ¬¨√¥s not just that he‚àö¬¢¬¨√Ñ
P0412,P0412_T2,P0412_T2_2,2,condition_replaced,Not Enough Evidence,to the side. It‚àö¬¢¬¨√Ñ¬¨√¥s not just that he‚àö¬¢¬¨√Ñ
P0412,P0412_T2,P0412_T2_3,3,condition_removed,Not Enough Evidence,to the side. It‚àö¬¢¬¨√Ñ¬¨√¥s not just that he‚àö¬¢¬¨√Ñ
P0412,P0412_T2,P0412_T2_4,4,supported,Supported,to the side. It‚àö¬¢¬¨√Ñ¬¨√¥s not just that he‚àö¬¢¬¨√Ñ
P0412,P0412_T2,P0412_T2_5,5,condition_contradicted,Not Supported,to the side. It‚àö¬¢¬¨√Ñ¬¨√¥s not just that he‚àö¬¢¬¨√Ñ
P0412,P0412_T3,P0412_T3_1,1,relation_contradicted,Not Supported,to the side. It‚àö¬¢¬¨√Ñ¬¨√¥s not just that he‚àö¬¢¬¨√Ñ
P0412,P0412_T3,P0412_T3_2,2,condition_replaced,Not Enough Evidence,to the side. It‚àö¬¢¬¨√Ñ¬¨√¥s not just that he‚àö¬¢¬¨√Ñ
P0412,P0412_T3,P0412_T3_3,3,condition_removed,Not Enough Evidence,to the side. It‚àö¬¢¬¨√Ñ¬¨√¥s not just that he‚àö¬¢¬¨√Ñ
P0412,P0412_T3,P0412_T3_4,4,supported,Supported,to the side. It‚àö¬¢¬¨√Ñ¬¨√¥s not just that he‚àö¬¢¬¨√Ñ
P0412,P0412_T3,P0412_T3_5,5,condition_contradicted,Not Supported,to the side. It‚àö¬¢¬¨√Ñ¬¨√¥s not just that he‚àö¬¢¬¨√Ñ
P0174,P0174_T2,P0174_T2_1,1,relation_contradicted,Not Supported,Supported
P0174,P0174_T2,P0174_T2_2,2,condition_replaced,Not Enough Evidence,Not Enough Evidence
P0174,P0174_T2,P0174_T2_3,3,condition_removed,Not Enough Evidence,Not Enough Evidence
P0174,P0174_T2,P0174_T2_4,4,supported,Supported,Supported
P0174,P0174_T2,P0174_T2_5,5,condition_contradicted,Not Supported,Not Enough Evidence
P0174,P0174_T3,P0174_T3_1,1,relation_contradicted,Not Supported,Supported
P0174,P0174_T3,P0174_T3_2,2,condition_replaced,Not Enough Evidence,Not Enough Evidence
P0174,P0174_T3,P0174_T3_3,3,condition_removed,Not Enough Evidence,Not Enough Evidence
P0174,P0174_T3,P0174_T3_4,4,supported,Supported,Supported
P0174,P0174_T3,P0174_T3_5,5,condition_contradicted,Not Supported,Not Enough Evidence
P0174,P0174_T4,P0174_T4_1,1,relation_contradicted,Not Supported,Not Enough Evidence
P0174,P0174_T4,P0174_T4_2,2,condition_replaced,Not Enough Evidence,Not Enough Evidence
P0174,P0174_T4,P0174_T4_3,3,condition_removed,Not Enough Evidence,Not Enough Evidence
P0174,P0174_T4,P0174_T4_4,4,supported,Supported,Supported
P0174,P0174_T4,P0174_T4_5,5,condition_contradicted,Not Supported,Not Supported
P0174,P0174_T5,P0174_T5_1,1,relation_contradicted,Not Supported,Supported
P0174,P0174_T5,P0174_T5_2,2,condition_replaced,Not Enough Evidence,Not Enough Evidence
P0174,P0174_T5,P0174_T5_3,3,condition_removed,Not Enough Evidence,Not Enough Evidence
P0174,P0174_T5,P0174_T5_4,4,supported,Supported,Supported
P0174,P0174_T5,P0174_T5_5,5,condition_contradicted,Not Supported,Not Enough Evidence
P0174,P0174_T6,P0174_T6_1,1,relation_contradicted,Not Supported,Supported
P0174,P0174_T6,P0174_T6_2,2,condition_replaced,Not Enough Evidence,Not Enough Evidence
P0174,P0174_T6,P0174_T6_3,3,condition_removed,Not Enough Evidence,Not Enough Evidence
P0174,P0174_T6,P0174_T6_4,4,supported,Supported,Supported
P0174,P0174_T6,P0174_T6_5,5,condition_contradicted,Not Supported,Not Supported
P0175,P0175_T1,P0175_T1_1,1,relation_contradicted,Not Supported,Supported
P0175,P0175_T1,P0175_T1_2,2,condition_replaced,Not Enough Evidence,Not Enough Evidence
P0175,P0175_T1,P0175_T1_3,3,condition_removed,Not Enough Evidence,Not Enough Evidence
P0175,P0175_T1,P0175_T1_4,4,supported,Supported,Supported
P0175,P0175_T1,P0175_T1_5,5,condition_contradicted,Not Supported,Not Supported
P0175,P0175_T2,P0175_T2_1,1,relation_contradicted,Not Supported,Not Enough Evidence
P0175,P0175_T2,P0175_T2_2,2,condition_replaced,Not Enough Evidence,Not Enough Evidence
P0175,P0175_T2,P0175_T2_3,3,condition_removed,Not Enough Evidence,Not Enough Evidence
P0175,P0175_T2,P0175_T2_4,4,supported,Supported,Supported
P0175,P0175_T2,P0175_T2_5,5,condition_contradicted,Not Supported,Not Supported
P0175,P0175_T3,P0175_T3_1,1,relation_contradicted,Not Supported,Supported
P0175,P0175_T3,P0175_T3_2,2,condition_replaced,Not Enough Evidence,Not Enough Evidence
P0175,P0175_T3,P0175_T3_3,3,condition_removed,Not Enough Evidence,Not Enough Evidence
P0175,P0175_T3,P0175_T3_4,4,supported,Supported,Supported
P0175,P0175_T3,P0175_T3_5,5,condition_contradicted,Not Supported,Not Enough Evidence
P0594,P0594_T1,P0594_T1_1,1,relation_contradicted,Not Supported,Not Supported
P0594,P0594_T1,P0594_T1_2,2,condition_replaced,Not Enough Evidence,Not Enough Evidence
P0594,P0594_T1,P0594_T1_3,3,condition_removed,Not Enough Evidence,Not Enough Evidence
P0594,P0594_T1,P0594_T1_4,4,supported,Supported,Supported
P0594,P0594_T1,P0594_T1_5,5,condition_contradicted,Not Supported,Not Supported
P0596,P0596_T1,P0596_T1_1,1,relation_contradicted,Not Supported,Not Supported
P0596,P0596_T1,P0596_T1_2,2,condition_replaced,Not Enough Evidence,Not Enough Evidence
P0596,P0596_T1,P0596_T1_3,3,condition_removed,Not Enough Evidence,Not Enough Evidence
P0596,P0596_T1,P0596_T1_4,4,supported,Supported,Supported
P0596,P0596_T1,P0596_T1_5,5,condition_contradicted,Not Supported,Not Supported
P0600,P0600_T1,P0600_T1_1,1,relation_contradicted,Not Supported,Not Supported
P0600,P0600_T1,P0600_T1_2,2,condition_replaced,Not Enough Evidence,Not Enough Evidence
P0600,P0600_T1,P0600_T1_3,3,condition_removed,Not Enough Evidence,Not Enough Evidence
P0600,P0600_T1,P0600_T1_4,4,supported,Supported,Supported
P0600,P0600_T1,P0600_T1_5,5,condition_contradicted,Not Supported,Not Supported
P0412,P0412_T5,P0412_T5_1,1,relation_contradicted,Not Supported,to the side. It‚àö¬¢¬¨√Ñ¬¨√¥s not just that he‚àö¬¢¬¨√Ñ
P0412,P0412_T5,P0412_T5_2,2,condition_replaced,Not Enough Evidence,to the side. It‚àö¬¢¬¨√Ñ¬¨√¥s not just that he‚àö¬¢¬¨√Ñ
P0412,P0412_T5,P0412_T5_3,3,condition_removed,Not Enough Evidence,to the side. It‚àö¬¢¬¨√Ñ¬¨√¥s not just that he‚àö¬¢¬¨√Ñ
P0412,P0412_T5,P0412_T5_4,4,supported,Supported,to the side. It‚àö¬¢¬¨√Ñ¬¨√¥s not just that he‚àö¬¢¬¨√Ñ
P0412,P0412_T5,P0412_T5_5,5,condition_contradicted,Not Supported,to the side. It‚àö¬¢¬¨√Ñ¬¨√¥s not just that he‚àö¬¢¬¨√Ñ
P0414,P0414_T1,P0414_T1_1,1,relation_contradicted,Not Supported,"‚àö¬¢¬¨√Ñ¬¨√¥m not sure if I should be talking to her, to the therapist, or to someone else"
P0414,P0414_T1,P0414_T1_2,2,condition_replaced,Not Enough Evidence,"‚àö¬¢¬¨√Ñ¬¨√¥m not sure if I should be talking to her, to the therapist, or to someone else"
P0414,P0414_T1,P0414_T1_3,3,condition_removed,Not Enough Evidence,"‚àö¬¢¬¨√Ñ¬¨√¥m not sure if I should be talking to her, to the therapist, or to someone else"
P0414,P0414_T1,P0414_T1_4,4,supported,Supported,"‚àö¬¢¬¨√Ñ¬¨√¥m not sure if I should be talking to her, to the therapist, or to someone else"
P0414,P0414_T1,P0414_T1_5,5,condition_contradicted,Not Supported,"‚àö¬¢¬¨√Ñ¬¨√¥m not sure if I should be talking to her, to the therapist, or to someone else"
P0414,P0414_T2,P0414_T2_1,1,relation_contradicted,Not Supported,"‚àö¬¢¬¨√Ñ¬¨√¥m not sure if I should be talking to her, to the therapist, or to someone else"
P0414,P0414_T2,P0414_T2_2,2,condition_replaced,Not Enough Evidence,"‚àö¬¢¬¨√Ñ¬¨√¥m not sure if I should be talking to her, to the therapist, or to someone else"
P0414,P0414_T2,P0414_T2_3,3,condition_removed,Not Enough Evidence,"‚àö¬¢¬¨√Ñ¬¨√¥m not sure if I should be talking to her, to the therapist, or to someone else"
P0414,P0414_T2,P0414_T2_4,4,supported,Supported,"‚àö¬¢¬¨√Ñ¬¨√¥m not sure if I should be talking to her, to the therapist, or to someone else"
P0414,P0414_T2,P0414_T2_5,5,condition_contradicted,Not Supported,"‚àö¬¢¬¨√Ñ¬¨√¥m not sure if I should be talking to her, to the therapist, or to someone else"
P0414,P0414_T3,P0414_T3_1,1,relation_contradicted,Not Supported,"‚àö¬¢¬¨√Ñ¬¨√¥m not sure if I should be talking to her, to the therapist, or to someone else"
P0414,P0414_T3,P0414_T3_2,2,condition_replaced,Not Enough Evidence,"‚àö¬¢¬¨√Ñ¬¨√¥m not sure if I should be talking to her, to the therapist, or to someone else"
P0414,P0414_T3,P0414_T3_3,3,condition_removed,Not Enough Evidence,"‚àö¬¢¬¨√Ñ¬¨√¥m not sure if I should be talking to her, to the therapist, or to someone else"
P0414,P0414_T3,P0414_T3_4,4,supported,Supported,"‚àö¬¢¬¨√Ñ¬¨√¥m not sure if I should be talking to her, to the therapist, or to someone else"
P0414,P0414_T3,P0414_T3_5,5,condition_contradicted,Not Supported,"‚àö¬¢¬¨√Ñ¬¨√¥m not sure if I should be talking to her, to the therapist, or to someone else"
P0415,P0415_T1,P0415_T1_1,1,relation_contradicted,Not Supported,"present, the relationship between the entities was not observed. The observer noted that the entities did not interact in the same way when he was absent, and the interaction"
P0415,P0415_T1,P0415_T1_2,2,condition_replaced,Not Enough Evidence,the girl found out that he had a girlfriend. The note states that the girl took his phone when he wasn't paying attention and blocked the girlfriend everywhere from his
P0415,P0415_T1,P0415_T1_3,3,condition_removed,Not Enough Evidence,of the speaker expressing uncertainty about whether to continue the relationship after the incident. The speaker describes a desire to wait for the partner to resolve their issues and mentions a
P0415,P0415_T1,P0415_T1_4,4,supported,Supported,"had his stuff figured out, he came back home. The note does not specify whether he came back home once he had his stuff figured out, and it does"
P0415,P0415_T1,P0415_T1_5,5,condition_contradicted,Not Supported,of the phone occurred after the girl found out that he had a girlfriend. The memo states that the girl took his phone when he wasn‚àö¬¢
P0415,P0415_T2,P0415_T2_1,1,relation_contradicted,Not Supported,to wait for him. He continued the relationship and did not separate from her. The observer notes that he stayed with her and that the separation was not observed.
P0415,P0415_T2,P0415_T2_2,2,condition_replaced,Not Enough Evidence,"observation window, the analyst noted that the same pair was observed under a different condition. The analyst reported that the relationship between the entities was not present under the new"
P0415,P0415_T2,P0415_T2_3,3,condition_removed,Not Enough Evidence,that he is not continuing the relationship. The note states that he is taking a step back and wants to work on himself before committing to anyone. It also mentions
P0415,P0415_T2,P0415_T2_4,4,supported,Supported,he did not want to continue the relationship and that he needed to work on himself before committing to anyone. He also stated that he did not want to hurt the
P0415,P0415_T2,P0415_T2_5,5,condition_contradicted,Not Supported,"with her after the initial period, but the memo does not provide a clear timeline for when he pursued commitment versus when he did not. The memo mentions that he"
P0179,P0179_T1,P0179_T1_1,1,relation_contradicted,Not Supported,Not Supported
P0179,P0179_T1,P0179_T1_2,2,condition_replaced,Not Enough Evidence,Not Enough Evidence
P0179,P0179_T1,P0179_T1_3,3,condition_removed,Not Enough Evidence,Not Enough Evidence
P0179,P0179_T1,P0179_T1_4,4,supported,Supported,Supported
P0179,P0179_T1,P0179_T1_5,5,condition_contradicted,Not Supported,Not Supported
P0179,P0179_T2,P0179_T2_1,1,relation_contradicted,Not Supported,Not Supported
P0179,P0179_T2,P0179_T2_2,2,condition_replaced,Not Enough Evidence,Not Enough Evidence
P0179,P0179_T2,P0179_T2_3,3,condition_removed,Not Enough Evidence,Not Enough Evidence
P0179,P0179_T2,P0179_T2_4,4,supported,Supported,Supported
P0179,P0179_T2,P0179_T2_5,5,condition_contradicted,Not Supported,Not Supported
P0074,P0074_T1,P0074_T1_1,1,relation_contradicted,Not Supported,Not Supported
P0074,P0074_T1,P0074_T1_2,2,condition_replaced,Not Enough Evidence,Not Supported
P0074,P0074_T1,P0074_T1_3,3,condition_removed,Not Enough Evidence,Not Enough Evidence
P0074,P0074_T1,P0074_T1_4,4,supported,Supported,Supported
P0074,P0074_T1,P0074_T1_5,5,condition_contradicted,Not Supported,Not Supported
P0074,P0074_T2,P0074_T2_1,1,relation_contradicted,Not Supported,Not Supported
P0074,P0074_T2,P0074_T2_2,2,condition_replaced,Not Enough Evidence,Not Supported
P0074,P0074_T2,P0074_T2_3,3,condition_removed,Not Enough Evidence,Not Enough Evidence
P0074,P0074_T2,P0074_T2_4,4,supported,Supported,Supported
P0074,P0074_T2,P0074_T2_5,5,condition_contradicted,Not Supported,Not Supported
P0074,P0074_T3,P0074_T3_1,1,relation_contradicted,Not Supported,Not Supported
P0074,P0074_T3,P0074_T3_2,2,condition_replaced,Not Enough Evidence,Not Enough Evidence
P0074,P0074_T3,P0074_T3_3,3,condition_removed,Not Enough Evidence,Not Enough Evidence
P0074,P0074_T3,P0074_T3_4,4,supported,Supported,Supported
P0074,P0074_T3,P0074_T3_5,5,condition_contradicted,Not Supported,Not Supported
P0074,P0074_T4,P0074_T4_1,1,relation_contradicted,Not Supported,Not Supported
P0074,P0074_T4,P0074_T4_2,2,condition_replaced,Not Enough Evidence,Not Supported
P0074,P0074_T4,P0074_T4_3,3,condition_removed,Not Enough Evidence,Not Enough Evidence
P0074,P0074_T4,P0074_T4_4,4,supported,Supported,Supported
P0074,P0074_T4,P0074_T4_5,5,condition_contradicted,Not Supported,Not Supported
P0275,P0275_T1,P0275_T1_1,1,relation_contradicted,Not Supported,Not Supported
P0275,P0275_T1,P0275_T1_2,2,condition_replaced,Not Enough Evidence,Not Enough Evidence
P0275,P0275_T1,P0275_T1_3,3,condition_removed,Not Enough Evidence,Not Enough Evidence
P0275,P0275_T1,P0275_T1_4,4,supported,Supported,Supported
P0275,P0275_T1,P0275_T1_5,5,condition_contradicted,Not Supported,Not Supported
P0275,P0275_T2,P0275_T2_1,1,relation_contradicted,Not Supported,Not Supported
P0275,P0275_T2,P0275_T2_2,2,condition_replaced,Not Enough Evidence,Not Enough Evidence
P0275,P0275_T2,P0275_T2_3,3,condition_removed,Not Enough Evidence,Not Enough Evidence
P0275,P0275_T2,P0275_T2_4,4,supported,Supported,Supported
P0275,P0275_T2,P0275_T2_5,5,condition_contradicted,Not Supported,Not Supported
P0275,P0275_T3,P0275_T3_1,1,relation_contradicted,Not Supported,Not Supported
P0275,P0275_T3,P0275_T3_2,2,condition_replaced,Not Enough Evidence,Not Enough Evidence
P0275,P0275_T3,P0275_T3_3,3,condition_removed,Not Enough Evidence,Not Enough Evidence
P0275,P0275_T3,P0275_T3_4,4,supported,Supported,Supported
P0275,P0275_T3,P0275_T3_5,5,condition_contradicted,Not Supported,Not Supported
P0275,P0275_T4,P0275_T4_1,1,relation_contradicted,Not Supported,Not Supported
P0275,P0275_T4,P0275_T4_2,2,condition_replaced,Not Enough Evidence,Not Enough Evidence
P0275,P0275_T4,P0275_T4_3,3,condition_removed,Not Enough Evidence,Not Enough Evidence
P0275,P0275_T4,P0275_T4_4,4,supported,Supported,Supported
P0275,P0275_T4,P0275_T4_5,5,condition_contradicted,Not Supported,Not Supported
P0275,P0275_T5,P0275_T5_1,1,relation_contradicted,Not Supported,Not Supported
P0275,P0275_T5,P0275_T5_2,2,condition_replaced,Not Enough Evidence,Not Enough Evidence
P0275,P0275_T5,P0275_T5_3,3,condition_removed,Not Enough Evidence,Not Enough Evidence
P0275,P0275_T5,P0275_T5_4,4,supported,Supported,Supported
P0275,P0275_T5,P0275_T5_5,5,condition_contradicted,Not Supported,Not Supported
P0276,P0276_T1,P0276_T1_1,1,relation_contradicted,Not Supported,Not Supported
P0276,P0276_T1,P0276_T1_2,2,condition_replaced,Not Enough Evidence,Not Enough Evidence
P0276,P0276_T1,P0276_T1_3,3,condition_removed,Not Enough Evidence,Not Enough Evidence
P0276,P0276_T1,P0276_T1_4,4,supported,Supported,Supported
P0276,P0276_T1,P0276_T1_5,5,condition_contradicted,Not Supported,Not Supported
P0277,P0277_T1,P0277_T1_1,1,relation_contradicted,Not Supported,"understanding was not present at the time of the original statement.

Probe Claim:
The probe claim states that the speaker did not understand this was a terrible idea, and"
P0277,P0277_T1,P0277_T1_2,2,condition_replaced,Not Enough Evidence,"changes the timing of the understanding.

Answer:"
P0277,P0277_T1,P0277_T1_3,3,condition_removed,Not Enough Evidence,"provide evidence that the understanding was tied to childhood.

Probe Paragraph:
The clinical note entry stated that the speaker remembered understanding this was a terrible idea. However, it"
P0277,P0277_T1,P0277_T1_4,4,supported,Supported,"timing condition.

Probe:
The entities are the same. The relationship is the same. The condition is also the same.

Answer:"
P0277,P0277_T1,P0277_T1_5,5,condition_contradicted,Not Supported,"speaker understood the stereotype.

Answer:"
P0421,P0421_T1,P0421_T1_1,1,relation_contradicted,Not Supported,can‚àö¬¢¬¨√Ñ¬¨√¥t seem to get worse and worse. I know I‚àö¬¢¬¨
P0421,P0421_T1,P0421_T1_2,2,condition_replaced,Not Enough Evidence,can‚àö¬¢¬¨√Ñ¬¨√¥t seem to get worse and worse. I know I‚àö¬¢¬¨
P0421,P0421_T1,P0421_T1_3,3,condition_removed,Not Enough Evidence,can‚àö¬¢¬¨√Ñ¬¨√¥t seem to get worse and worse. I know I‚àö¬¢¬¨
P0421,P0421_T1,P0421_T1_4,4,supported,Supported,can‚àö¬¢¬¨√Ñ¬¨√¥t seem to get worse and worse. I know I‚àö¬¢¬¨
P0421,P0421_T1,P0421_T1_5,5,condition_contradicted,Not Supported,can‚àö¬¢¬¨√Ñ¬¨√¥t seem to get worse and worse. I know I‚àö¬¢¬¨
P0421,P0421_T2,P0421_T2_1,1,relation_contradicted,Not Supported,can‚àö¬¢¬¨√Ñ¬¨√¥t seem to get worse and worse. I know I‚àö¬¢¬¨
P0421,P0421_T2,P0421_T2_2,2,condition_replaced,Not Enough Evidence,can‚àö¬¢¬¨√Ñ¬¨√¥t seem to get worse and worse. I know I‚àö¬¢¬¨
P0421,P0421_T2,P0421_T2_3,3,condition_removed,Not Enough Evidence,can‚àö¬¢¬¨√Ñ¬¨√¥t seem to get worse and worse. I know I‚àö¬¢¬¨
P0421,P0421_T2,P0421_T2_4,4,supported,Supported,can‚àö¬¢¬¨√Ñ¬¨√¥t seem to get worse and worse. I know I‚àö¬¢¬¨
P0421,P0421_T2,P0421_T2_5,5,condition_contradicted,Not Supported,can‚àö¬¢¬¨√Ñ¬¨√¥t seem to get worse and worse. I know I‚àö¬¢¬¨
P0182,P0182_T1,P0182_T1_1,1,relation_contradicted,Not Supported,Not Supported
P0182,P0182_T1,P0182_T1_2,2,condition_replaced,Not Enough Evidence,Not Enough Evidence
P0182,P0182_T1,P0182_T1_3,3,condition_removed,Not Enough Evidence,Not Enough Evidence
P0182,P0182_T1,P0182_T1_4,4,supported,Supported,Supported
P0182,P0182_T1,P0182_T1_5,5,condition_contradicted,Not Supported,Not Supported
P0182,P0182_T2,P0182_T2_1,1,relation_contradicted,Not Supported,Not Supported
P0182,P0182_T2,P0182_T2_2,2,condition_replaced,Not Enough Evidence,Not Enough Evidence
P0182,P0182_T2,P0182_T2_3,3,condition_removed,Not Enough Evidence,Not Enough Evidence
P0182,P0182_T2,P0182_T2_4,4,supported,Supported,Supported
P0182,P0182_T2,P0182_T2_5,5,condition_contradicted,Not Supported,Not Supported
P0182,P0182_T3,P0182_T3_1,1,relation_contradicted,Not Supported,Not Supported
P0182,P0182_T3,P0182_T3_2,2,condition_replaced,Not Enough Evidence,Not Enough Evidence
P0182,P0182_T3,P0182_T3_3,3,condition_removed,Not Enough Evidence,Not Enough Evidence
P0182,P0182_T3,P0182_T3_4,4,supported,Supported,Supported
P0182,P0182_T3,P0182_T3_5,5,condition_contradicted,Not Supported,Not Supported
P0077,P0077_T1,P0077_T1_1,1,relation_contradicted,Not Supported,Not Supported
P0077,P0077_T1,P0077_T1_2,2,condition_replaced,Not Enough Evidence,Not Enough Evidence
P0077,P0077_T1,P0077_T1_3,3,condition_removed,Not Enough Evidence,Not Enough Evidence
P0077,P0077_T1,P0077_T1_4,4,supported,Supported,Supported
P0077,P0077_T1,P0077_T1_5,5,condition_contradicted,Not Supported,Not Supported
P0077,P0077_T2,P0077_T2_1,1,relation_contradicted,Not Supported,Not Supported
P0077,P0077_T2,P0077_T2_2,2,condition_replaced,Not Enough Evidence,Not Enough Evidence
P0077,P0077_T2,P0077_T2_3,3,condition_removed,Not Enough Evidence,Not Enough Evidence
P0077,P0077_T2,P0077_T2_4,4,supported,Supported,Supported
P0077,P0077_T2,P0077_T2_5,5,condition_contradicted,Not Supported,Not Supported
P0077,P0077_T3,P0077_T3_1,1,relation_contradicted,Not Supported,Not Supported
P0077,P0077_T3,P0077_T3_2,2,condition_replaced,Not Enough Evidence,Not Enough Evidence
P0077,P0077_T3,P0077_T3_3,3,condition_removed,Not Enough Evidence,Not Enough Evidence
P0077,P0077_T3,P0077_T3_4,4,supported,Supported,Supported
P0077,P0077_T3,P0077_T3_5,5,condition_contradicted,Not Supported,Not Supported
P0077,P0077_T4,P0077_T4_1,1,relation_contradicted,Not Supported,Not Supported
P0077,P0077_T4,P0077_T4_2,2,condition_replaced,Not Enough Evidence,Not Enough Evidence
P0077,P0077_T4,P0077_T4_3,3,condition_removed,Not Enough Evidence,Not Enough Evidence
P0077,P0077_T4,P0077_T4_4,4,supported,Supported,Supported
P0077,P0077_T4,P0077_T4_5,5,condition_contradicted,Not Supported,Not Supported
P0077,P0077_T5,P0077_T5_1,1,relation_contradicted,Not Supported,Not Supported
P0077,P0077_T5,P0077_T5_2,2,condition_replaced,Not Enough Evidence,Not Enough Evidence
P0077,P0077_T5,P0077_T5_3,3,condition_removed,Not Enough Evidence,Not Enough Evidence
P0077,P0077_T5,P0077_T5_4,4,supported,Supported,Supported
P0077,P0077_T5,P0077_T5_5,5,condition_contradicted,Not Supported,Not Supported
P0603,P0603_T1,P0603_T1_1,1,relation_contradicted,Not Supported,Not Supported
P0603,P0603_T1,P0603_T1_2,2,condition_replaced,Not Enough Evidence,Not Enough Evidence
P0603,P0603_T1,P0603_T1_3,3,condition_removed,Not Enough Evidence,Not Enough Evidence
P0603,P0603_T1,P0603_T1_4,4,supported,Supported,Supported
P0603,P0603_T1,P0603_T1_5,5,condition_contradicted,Not Supported,Not Supported
P0604,P0604_T1,P0604_T1_1,1,relation_contradicted,Not Supported,Not Supported
P0604,P0604_T1,P0604_T1_2,2,condition_replaced,Not Enough Evidence,Not Enough Evidence
P0604,P0604_T1,P0604_T1_3,3,condition_removed,Not Enough Evidence,Not Enough Evidence
P0604,P0604_T1,P0604_T1_4,4,supported,Supported,Supported
P0604,P0604_T1,P0604_T1_5,5,condition_contradicted,Not Supported,Not Supported
P0604,P0604_T2,P0604_T2_1,1,relation_contradicted,Not Supported,Not Supported
P0604,P0604_T2,P0604_T2_2,2,condition_replaced,Not Enough Evidence,Not Enough Evidence
P0604,P0604_T2,P0604_T2_3,3,condition_removed,Not Enough Evidence,Not Enough Evidence
P0604,P0604_T2,P0604_T2_4,4,supported,Supported,Supported
P0604,P0604_T2,P0604_T2_5,5,condition_contradicted,Not Supported,Not Supported
P0604,P0604_T3,P0604_T3_1,1,relation_contradicted,Not Supported,Not Supported
P0604,P0604_T3,P0604_T3_2,2,condition_replaced,Not Enough Evidence,Not Enough Evidence
P0604,P0604_T3,P0604_T3_3,3,condition_removed,Not Enough Evidence,Not Enough Evidence
P0604,P0604_T3,P0604_T3_4,4,supported,Supported,Supported
P0604,P0604_T3,P0604_T3_5,5,condition_contradicted,Not Supported,Not Supported
P0604,P0604_T4,P0604_T4_1,1,relation_contradicted,Not Supported,Not Supported
P0604,P0604_T4,P0604_T4_2,2,condition_replaced,Not Enough Evidence,Not Enough Evidence
P0604,P0604_T4,P0604_T4_3,3,condition_removed,Not Enough Evidence,Not Enough Evidence
P0604,P0604_T4,P0604_T4_4,4,supported,Supported,Supported
P0604,P0604_T4,P0604_T4_5,5,condition_contradicted,Not Supported,Not Supported
P0606,P0606_T1,P0606_T1_1,1,relation_contradicted,Not Supported,Not Supported
P0606,P0606_T1,P0606_T1_2,2,condition_replaced,Not Enough Evidence,Not Enough Evidence
P0606,P0606_T1,P0606_T1_3,3,condition_removed,Not Enough Evidence,Not Enough Evidence
P0606,P0606_T1,P0606_T1_4,4,supported,Supported,Supported
P0606,P0606_T1,P0606_T1_5,5,condition_contradicted,Not Supported,Not Supported
P0607,P0607_T1,P0607_T1_1,1,relation_contradicted,Not Supported,Not Supported
P0607,P0607_T1,P0607_T1_2,2,condition_replaced,Not Enough Evidence,Not Enough Evidence
P0607,P0607_T1,P0607_T1_3,3,condition_removed,Not Enough Evidence,Not Enough Evidence
P0607,P0607_T1,P0607_T1_4,4,supported,Supported,Supported
P0607,P0607_T1,P0607_T1_5,5,condition_contradicted,Not Supported,Not Supported
P0191,P0191_T1,P0191_T1_1,1,relation_contradicted,Not Supported,Not Supported
P0191,P0191_T1,P0191_T1_2,2,condition_replaced,Not Enough Evidence,Supported
P0191,P0191_T1,P0191_T1_3,3,condition_removed,Not Enough Evidence,Not Enough Evidence
P0191,P0191_T1,P0191_T1_4,4,supported,Supported,Not Supported
P0191,P0191_T1,P0191_T1_5,5,condition_contradicted,Not Supported,Not Supported
P0421,P0421_T3,P0421_T3_1,1,relation_contradicted,Not Supported,can‚àö¬¢¬¨√Ñ¬¨√¥t seem to get worse and worse. I know I‚àö¬¢¬¨
P0421,P0421_T3,P0421_T3_2,2,condition_replaced,Not Enough Evidence,can‚àö¬¢¬¨√Ñ¬¨√¥t seem to get worse and worse. I know I‚àö¬¢¬¨
P0421,P0421_T3,P0421_T3_3,3,condition_removed,Not Enough Evidence,can‚àö¬¢¬¨√Ñ¬¨√¥t seem to get worse and worse. I know I‚àö¬¢¬¨
P0421,P0421_T3,P0421_T3_4,4,supported,Supported,can‚àö¬¢¬¨√Ñ¬¨√¥t seem to get worse and worse. I know I‚àö¬¢¬¨
P0421,P0421_T3,P0421_T3_5,5,condition_contradicted,Not Supported,can‚àö¬¢¬¨√Ñ¬¨√¥t seem to get worse and worse. I know I‚àö¬¢¬¨
P0421,P0421_T4,P0421_T4_1,1,relation_contradicted,Not Supported,can‚àö¬¢¬¨√Ñ¬¨√¥t seem to get worse and worse. I know I‚àö¬¢¬¨
P0421,P0421_T4,P0421_T4_2,2,condition_replaced,Not Enough Evidence,can‚àö¬¢¬¨√Ñ¬¨√¥t seem to get worse and worse. I know I‚àö¬¢¬¨
P0421,P0421_T4,P0421_T4_3,3,condition_removed,Not Enough Evidence,can‚àö¬¢¬¨√Ñ¬¨√¥t seem to get worse and worse. I know I‚àö¬¢¬¨
P0421,P0421_T4,P0421_T4_4,4,supported,Supported,can‚àö¬¢¬¨√Ñ¬¨√¥t seem to get worse and worse. I know I‚àö¬¢¬¨
P0421,P0421_T4,P0421_T4_5,5,condition_contradicted,Not Supported,can‚àö¬¢¬¨√Ñ¬¨√¥t seem to get worse and worse. I know I‚àö¬¢¬¨
P0421,P0421_T5,P0421_T5_1,1,relation_contradicted,Not Supported,can‚àö¬¢¬¨√Ñ¬¨√¥t seem to get worse and worse. I know I‚àö¬¢¬¨
P0421,P0421_T5,P0421_T5_2,2,condition_replaced,Not Enough Evidence,can‚àö¬¢¬¨√Ñ¬¨√¥t seem to get worse and worse. I know I‚àö¬¢¬¨
P0421,P0421_T5,P0421_T5_3,3,condition_removed,Not Enough Evidence,can‚àö¬¢¬¨√Ñ¬¨√¥t seem to get worse and worse. I know I‚àö¬¢¬¨
P0421,P0421_T5,P0421_T5_4,4,supported,Supported,can‚àö¬¢¬¨√Ñ¬¨√¥t seem to get worse and worse. I know I‚àö¬¢¬¨
P0421,P0421_T5,P0421_T5_5,5,condition_contradicted,Not Supported,can‚àö¬¢¬¨√Ñ¬¨√¥t seem to get worse and worse. I know I‚àö¬¢¬¨
P0421,P0421_T6,P0421_T6_1,1,relation_contradicted,Not Supported,can‚àö¬¢¬¨√Ñ¬¨√¥t seem to get worse and worse. I know I‚àö¬¢¬¨
P0421,P0421_T6,P0421_T6_2,2,condition_replaced,Not Enough Evidence,can‚àö¬¢¬¨√Ñ¬¨√¥t seem to get worse and worse. I know I‚àö¬¢¬¨
P0421,P0421_T6,P0421_T6_3,3,condition_removed,Not Enough Evidence,can‚àö¬¢¬¨√Ñ¬¨√¥t seem to get worse and worse. I know I‚àö¬¢¬¨
P0421,P0421_T6,P0421_T6_4,4,supported,Supported,can‚àö¬¢¬¨√Ñ¬¨√¥t seem to get worse and worse. I know I‚àö¬¢¬¨
P0421,P0421_T6,P0421_T6_5,5,condition_contradicted,Not Supported,can‚àö¬¢¬¨√Ñ¬¨√¥t seem to get worse and worse. I know I‚àö¬¢¬¨
P0423,P0423_T1,P0423_T1_1,1,relation_contradicted,Not Supported,more like friends. The analyst paragraph does not suggest that the comparison is a general rule or that the speaker is claiming that the experience is always more like friends.
P0423,P0423_T1,P0423_T1_2,2,condition_replaced,Not Enough Evidence,more like friends‚Äö√Ñ√π is used there. The fragment does not provide evidence that the ‚Äö√Ñ√∫more
P0423,P0423_T1,P0423_T1_3,3,condition_removed,Not Enough Evidence,ö√Ñ√∫in-between situation‚Äö√Ñ√π behavior during other interaction categories. The lab notes do not provide enough evidence to confirm
P0423,P0423_T1,P0423_T1_4,4,supported,Supported,"the comparison. The memo does not suggest that the comparison is based on other interactions or that the comparison is made outside the texting context.

Answer:"
P0423,P0423_T1,P0423_T1_5,5,condition_contradicted,Not Supported,"Äö√∫ framing, and the narrative explicitly contrasts the texting condition with the non-texting condition. The speaker also noted that the friends-like framing is"
P0423,P0423_T2,P0423_T2_1,1,relation_contradicted,Not Supported,"as separate individuals. The observer notes that the speaker's framing is consistent with the couple-like behavior, and there is no indication that the couple-like behavior is contrad"
P0423,P0423_T2,P0423_T2_2,2,condition_replaced,Not Enough Evidence,"of the specific encounter pattern. The analyst notes that the narrative does not provide evidence that the couple-like behavior is tied to group waw, and the two conditions"
P0423,P0423_T2,P0423_T2_3,3,condition_removed,Not Enough Evidence,"Probe Answer:
Paragraph claim: The paragraph states that the connection between the entities feels very natural and pleasant, and that they act like a couple when they see each"
P0423,P0423_T2,P0423_T2_4,4,supported,Supported,"is not replaced, and the relationship is the same. The fragment does not mention any alternative condition or a different relationship. The entities are the same, the relationship"
P0423,P0423_T2,P0423_T2_5,5,condition_contradicted,Not Supported,"idea that the couple-like behavior is present when they do not see each other.

Answer:"
P0080,P0080_T1,P0080_T1_1,1,relation_contradicted,Not Supported,Not Supported
P0080,P0080_T1,P0080_T1_2,2,condition_replaced,Not Enough Evidence,Not Enough Evidence
P0080,P0080_T1,P0080_T1_3,3,condition_removed,Not Enough Evidence,Not Enough Evidence
P0080,P0080_T1,P0080_T1_4,4,supported,Supported,Supported
P0080,P0080_T1,P0080_T1_5,5,condition_contradicted,Not Supported,Not Supported
P0080,P0080_T2,P0080_T2_1,1,relation_contradicted,Not Supported,Not Supported
P0080,P0080_T2,P0080_T2_2,2,condition_replaced,Not Enough Evidence,Not Enough Evidence
P0080,P0080_T2,P0080_T2_3,3,condition_removed,Not Enough Evidence,Not Enough Evidence
P0080,P0080_T2,P0080_T2_4,4,supported,Supported,Supported
P0080,P0080_T2,P0080_T2_5,5,condition_contradicted,Not Supported,Not Supported
P0080,P0080_T3,P0080_T3_1,1,relation_contradicted,Not Supported,Not Supported
P0080,P0080_T3,P0080_T3_2,2,condition_replaced,Not Enough Evidence,Not Enough Evidence
P0080,P0080_T3,P0080_T3_3,3,condition_removed,Not Enough Evidence,Not Enough Evidence
P0080,P0080_T3,P0080_T3_4,4,supported,Supported,Supported
P0080,P0080_T3,P0080_T3_5,5,condition_contradicted,Not Supported,Not Enough Evidence
P0080,P0080_T4,P0080_T4_1,1,relation_contradicted,Not Supported,Not Supported
P0080,P0080_T4,P0080_T4_2,2,condition_replaced,Not Enough Evidence,Not Enough Evidence
P0080,P0080_T4,P0080_T4_3,3,condition_removed,Not Enough Evidence,Not Enough Evidence
P0080,P0080_T4,P0080_T4_4,4,supported,Supported,Supported
P0080,P0080_T4,P0080_T4_5,5,condition_contradicted,Not Supported,Not Supported
P0081,P0081_T1,P0081_T1_1,1,relation_contradicted,Not Supported,Not Supported
P0081,P0081_T1,P0081_T1_2,2,condition_replaced,Not Enough Evidence,Not Enough Evidence
P0081,P0081_T1,P0081_T1_3,3,condition_removed,Not Enough Evidence,Not Enough Evidence
P0081,P0081_T1,P0081_T1_4,4,supported,Supported,Supported
P0081,P0081_T1,P0081_T1_5,5,condition_contradicted,Not Supported,Not Supported
P0620,P0620_T1,P0620_T1_1,1,relation_contradicted,Not Supported,Not Supported
P0620,P0620_T1,P0620_T1_2,2,condition_replaced,Not Enough Evidence,Not Enough Evidence
P0620,P0620_T1,P0620_T1_3,3,condition_removed,Not Enough Evidence,Not Enough Evidence
P0620,P0620_T1,P0620_T1_4,4,supported,Supported,Supported
P0620,P0620_T1,P0620_T1_5,5,condition_contradicted,Not Supported,Not Supported
P0624,P0624_T1,P0624_T1_1,1,relation_contradicted,Not Supported,Not Supported
P0624,P0624_T1,P0624_T1_2,2,condition_replaced,Not Enough Evidence,Not Enough Evidence
P0624,P0624_T1,P0624_T1_3,3,condition_removed,Not Enough Evidence,Not Enough Evidence
P0624,P0624_T1,P0624_T1_4,4,supported,Supported,Supported
P0624,P0624_T1,P0624_T1_5,5,condition_contradicted,Not Supported,Not Supported
P0624,P0624_T2,P0624_T2_1,1,relation_contradicted,Not Supported,Not Supported
P0624,P0624_T2,P0624_T2_2,2,condition_replaced,Not Enough Evidence,Not Enough Evidence
P0624,P0624_T2,P0624_T2_3,3,condition_removed,Not Enough Evidence,Not Enough Evidence
P0624,P0624_T2,P0624_T2_4,4,supported,Supported,Supported
P0624,P0624_T2,P0624_T2_5,5,condition_contradicted,Not Supported,Not Supported
P0624,P0624_T3,P0624_T3_1,1,relation_contradicted,Not Supported,Not Supported
P0624,P0624_T3,P0624_T3_2,2,condition_replaced,Not Enough Evidence,Not Enough Evidence
P0624,P0624_T3,P0624_T3_3,3,condition_removed,Not Enough Evidence,Not Enough Evidence
P0624,P0624_T3,P0624_T3_4,4,supported,Supported,Supported
P0624,P0624_T3,P0624_T3_5,5,condition_contradicted,Not Supported,Not Supported
P0281,P0281_T1,P0281_T1_1,1,relation_contradicted,Not Supported,s). The same was true of the far right rioting which followed the horrific murder of several young girls by Axel Rubakanda in Southport two years later
P0281,P0281_T1,P0281_T1_2,2,condition_replaced,Not Enough Evidence,s). The same was true of the far right rioting which followed the horrific murder of several young girls by Axel Rubakanda in Southport two years later
P0281,P0281_T1,P0281_T1_3,3,condition_removed,Not Enough Evidence,s). The same was true of the far right rioting which followed the horrific murder of several young girls by Axel Rubakanda in Southport two years later
P0281,P0281_T1,P0281_T1_4,4,supported,Supported,s). The same was true of the far right rioting which followed the horrific murder of several young girls by Axel Rubakanda in Southport two years later
P0281,P0281_T1,P0281_T1_5,5,condition_contradicted,Not Supported,s). The same was true of the far right rioting which followed the horrific murder of several young girls by Axel Rubakanda in Southport two years later
P0281,P0281_T2,P0281_T2_1,1,relation_contradicted,Not Supported,s). The same was true of the far right rioting which followed the horrific murder of several young girls by Axel Rubakanda in Southport two years later
P0281,P0281_T2,P0281_T2_2,2,condition_replaced,Not Enough Evidence,s). The same was true of the far right rioting which followed the horrific murder of several young girls by Axel Rubakanda in Southport two years later
P0281,P0281_T2,P0281_T2_3,3,condition_removed,Not Enough Evidence,s). The same was true of the far right rioting which followed the horrific murder of several young girls by Axel Rubakanda in Southport two years later
P0281,P0281_T2,P0281_T2_4,4,supported,Supported,s). The same was true of the far right rioting which followed the horrific murder of several young girls by Axel Rubakanda in Southport two years later
P0281,P0281_T2,P0281_T2_5,5,condition_contradicted,Not Supported,s). The same was true of the far right rioting which followed the horrific murder of several young girls by Axel Rubakanda in Southport two years later
P0281,P0281_T3,P0281_T3_1,1,relation_contradicted,Not Supported,s). The same was true of the far right rioting which followed the horrific murder of several young girls by Axel Rubakanda in Southport two years later
P0281,P0281_T3,P0281_T3_2,2,condition_replaced,Not Enough Evidence,s). The same was true of the far right rioting which followed the horrific murder of several young girls by Axel Rubakanda in Southport two years later
P0281,P0281_T3,P0281_T3_3,3,condition_removed,Not Enough Evidence,s). The same was true of the far right rioting which followed the horrific murder of several young girls by Axel Rubakanda in Southport two years later
P0281,P0281_T3,P0281_T3_4,4,supported,Supported,s). The same was true of the far right rioting which followed the horrific murder of several young girls by Axel Rubakanda in Southport two years later
P0281,P0281_T3,P0281_T3_5,5,condition_contradicted,Not Supported,s). The same was true of the far right rioting which followed the horrific murder of several young girls by Axel Rubakanda in Southport two years later
P0281,P0281_T4,P0281_T4_1,1,relation_contradicted,Not Supported,s). The same was true of the far right rioting which followed the horrific murder of several young girls by Axel Rubakanda in Southport two years later
P0281,P0281_T4,P0281_T4_2,2,condition_replaced,Not Enough Evidence,s). The same was true of the far right rioting which followed the horrific murder of several young girls by Axel Rubakanda in Southport two years later
P0281,P0281_T4,P0281_T4_3,3,condition_removed,Not Enough Evidence,s). The same was true of the far right rioting which followed the horrific murder of several young girls by Axel Rubakanda in Southport two years later
P0281,P0281_T4,P0281_T4_4,4,supported,Supported,s). The same was true of the far right rioting which followed the horrific murder of several young girls by Axel Rubakanda in Southport two years later
P0281,P0281_T4,P0281_T4_5,5,condition_contradicted,Not Supported,s). The same was true of the far right rioting which followed the horrific murder of several young girls by Axel Rubakanda in Southport two years later
P0281,P0281_T5,P0281_T5_1,1,relation_contradicted,Not Supported,s). The same was true of the far right rioting which followed the horrific murder of several young girls by Axel Rubakanda in Southport two years later
P0281,P0281_T5,P0281_T5_2,2,condition_replaced,Not Enough Evidence,s). The same was true of the far right rioting which followed the horrific murder of several young girls by Axel Rubakanda in Southport two years later
P0281,P0281_T5,P0281_T5_3,3,condition_removed,Not Enough Evidence,s). The same was true of the far right rioting which followed the horrific murder of several young girls by Axel Rubakanda in Southport two years later
P0281,P0281_T5,P0281_T5_4,4,supported,Supported,s). The same was true of the far right rioting which followed the horrific murder of several young girls by Axel Rubakanda in Southport two years later
P0281,P0281_T5,P0281_T5_5,5,condition_contradicted,Not Supported,s). The same was true of the far right rioting which followed the horrific murder of several young girls by Axel Rubakanda in Southport two years later
P0610,P0610_T1,P0610_T1_1,1,relation_contradicted,Not Supported,Not Supported
P0610,P0610_T1,P0610_T1_2,2,condition_replaced,Not Enough Evidence,Not Enough Evidence
P0610,P0610_T1,P0610_T1_3,3,condition_removed,Not Enough Evidence,Not Enough Evidence
P0610,P0610_T1,P0610_T1_4,4,supported,Supported,Supported
P0610,P0610_T1,P0610_T1_5,5,condition_contradicted,Not Supported,Not Supported
P0611,P0611_T1,P0611_T1_1,1,relation_contradicted,Not Supported,Not Supported
P0611,P0611_T1,P0611_T1_2,2,condition_replaced,Not Enough Evidence,Not Enough Evidence
P0611,P0611_T1,P0611_T1_3,3,condition_removed,Not Enough Evidence,Not Enough Evidence
P0611,P0611_T1,P0611_T1_4,4,supported,Supported,Supported
P0611,P0611_T1,P0611_T1_5,5,condition_contradicted,Not Supported,Not Supported
P0613,P0613_T1,P0613_T1_1,1,relation_contradicted,Not Supported,"* Is the delay a nonfactor, or does it introduce a measurable change in the cancer‚àö√â¬¨¬¢‚àö¬¢"
P0613,P0613_T1,P0613_T1_2,2,condition_replaced,Not Enough Evidence,"* Is the delay a nonfactor, or does it introduce a measurable change in the cancer‚àö√â¬¨¬¢‚àö¬¢"
P0613,P0613_T1,P0613_T1_3,3,condition_removed,Not Enough Evidence,"* Is the delay a nonfactor, or does it introduce a measurable change in the cancer‚àö√â¬¨¬¢‚àö¬¢"
P0613,P0613_T1,P0613_T1_4,4,supported,Supported,"* Is the delay a nonfactor, or does it introduce a measurable change in the cancer‚àö√â¬¨¬¢‚àö¬¢"
P0613,P0613_T1,P0613_T1_5,5,condition_contradicted,Not Supported,"* Is the delay a nonfactor, or does it introduce a measurable change in the cancer‚àö√â¬¨¬¢‚àö¬¢"
P0614,P0614_T1,P0614_T1_1,1,relation_contradicted,Not Supported,Not Supported
P0614,P0614_T1,P0614_T1_2,2,condition_replaced,Not Enough Evidence,Not Enough Evidence
P0614,P0614_T1,P0614_T1_3,3,condition_removed,Not Enough Evidence,Not Supported
P0614,P0614_T1,P0614_T1_4,4,supported,Supported,Supported
P0614,P0614_T1,P0614_T1_5,5,condition_contradicted,Not Supported,Not Supported
P0615,P0615_T1,P0615_T1_1,1,relation_contradicted,Not Supported,Not Supported
P0615,P0615_T1,P0615_T1_2,2,condition_replaced,Not Enough Evidence,Not Enough Evidence
P0615,P0615_T1,P0615_T1_3,3,condition_removed,Not Enough Evidence,Not Enough Evidence
P0615,P0615_T1,P0615_T1_4,4,supported,Supported,Supported
P0615,P0615_T1,P0615_T1_5,5,condition_contradicted,Not Supported,Not Supported
P0191,P0191_T2,P0191_T2_1,1,relation_contradicted,Not Supported,Not Enough Evidence
P0191,P0191_T2,P0191_T2_2,2,condition_replaced,Not Enough Evidence,Not Enough Evidence
P0191,P0191_T2,P0191_T2_3,3,condition_removed,Not Enough Evidence,Not Enough Evidence
P0191,P0191_T2,P0191_T2_4,4,supported,Supported,Supported
P0191,P0191_T2,P0191_T2_5,5,condition_contradicted,Not Supported,Not Enough Evidence
P0195,P0195_T1,P0195_T1_1,1,relation_contradicted,Not Supported,Not Enough Evidence
P0195,P0195_T1,P0195_T1_2,2,condition_replaced,Not Enough Evidence,Not Enough Evidence
P0195,P0195_T1,P0195_T1_3,3,condition_removed,Not Enough Evidence,Not Enough Evidence
P0195,P0195_T1,P0195_T1_4,4,supported,Supported,Supported
P0195,P0195_T1,P0195_T1_5,5,condition_contradicted,Not Supported,Not Supported
P0195,P0195_T2,P0195_T2_1,1,relation_contradicted,Not Supported,Not Enough Evidence
P0195,P0195_T2,P0195_T2_2,2,condition_replaced,Not Enough Evidence,Not Enough Evidence
P0195,P0195_T2,P0195_T2_3,3,condition_removed,Not Enough Evidence,Not Enough Evidence
P0195,P0195_T2,P0195_T2_4,4,supported,Supported,Supported
P0195,P0195_T2,P0195_T2_5,5,condition_contradicted,Not Supported,Not Supported
P0195,P0195_T3,P0195_T3_1,1,relation_contradicted,Not Supported,Not Enough Evidence
P0195,P0195_T3,P0195_T3_2,2,condition_replaced,Not Enough Evidence,Not Enough Evidence
P0195,P0195_T3,P0195_T3_3,3,condition_removed,Not Enough Evidence,Not Enough Evidence
P0195,P0195_T3,P0195_T3_4,4,supported,Supported,Supported
P0195,P0195_T3,P0195_T3_5,5,condition_contradicted,Not Supported,Not Supported
P0195,P0195_T4,P0195_T4_1,1,relation_contradicted,Not Supported,Not Supported
P0195,P0195_T4,P0195_T4_2,2,condition_replaced,Not Enough Evidence,Not Enough Evidence
P0195,P0195_T4,P0195_T4_3,3,condition_removed,Not Enough Evidence,Not Enough Evidence
P0195,P0195_T4,P0195_T4_4,4,supported,Supported,Supported
P0195,P0195_T4,P0195_T4_5,5,condition_contradicted,Not Supported,Not Supported
P0195,P0195_T5,P0195_T5_1,1,relation_contradicted,Not Supported,Not Supported
P0195,P0195_T5,P0195_T5_2,2,condition_replaced,Not Enough Evidence,Not Enough Evidence
P0195,P0195_T5,P0195_T5_3,3,condition_removed,Not Enough Evidence,Not Enough Evidence
P0195,P0195_T5,P0195_T5_4,4,supported,Supported,Supported
P0195,P0195_T5,P0195_T5_5,5,condition_contradicted,Not Supported,Not Supported
P0426,P0426_T1,P0426_T1_1,1,relation_contradicted,Not Supported,√Ñ¬¨√π. I‚àö¬¢¬¨√Ñ¬¨√¥ve got the message. I‚àö¬¢
P0426,P0426_T1,P0426_T1_2,2,condition_replaced,Not Enough Evidence,√Ñ¬¨√π. I‚àö¬¢¬¨√Ñ¬¨√¥ve got the message. I‚àö¬¢
P0426,P0426_T1,P0426_T1_3,3,condition_removed,Not Enough Evidence,√Ñ¬¨√π. I‚àö¬¢¬¨√Ñ¬¨√¥ve got the message. I‚àö¬¢
P0426,P0426_T1,P0426_T1_4,4,supported,Supported,√Ñ¬¨√π. I‚àö¬¢¬¨√Ñ¬¨√¥ve got the message. I‚àö¬¢
P0426,P0426_T1,P0426_T1_5,5,condition_contradicted,Not Supported,√Ñ¬¨√π. I‚àö¬¢¬¨√Ñ¬¨√¥ve got the message. I‚àö¬¢
P0427,P0427_T1,P0427_T1_1,1,relation_contradicted,Not Supported,Supported
P0427,P0427_T1,P0427_T1_2,2,condition_replaced,Not Enough Evidence,Not Enough Evidence
P0427,P0427_T1,P0427_T1_3,3,condition_removed,Not Enough Evidence,Not Enough Evidence
P0427,P0427_T1,P0427_T1_4,4,supported,Supported,Supported
P0427,P0427_T1,P0427_T1_5,5,condition_contradicted,Not Supported,Not Enough Evidence
P0428,P0428_T1,P0428_T1_1,1,relation_contradicted,Not Supported,Supported
P0428,P0428_T1,P0428_T1_2,2,condition_replaced,Not Enough Evidence,Not Enough Evidence
P0428,P0428_T1,P0428_T1_3,3,condition_removed,Not Enough Evidence,Not Enough Evidence
P0428,P0428_T1,P0428_T1_4,4,supported,Supported,Supported
P0428,P0428_T1,P0428_T1_5,5,condition_contradicted,Not Supported,Not Enough Evidence
P0428,P0428_T2,P0428_T2_1,1,relation_contradicted,Not Supported,Not Supported
P0428,P0428_T2,P0428_T2_2,2,condition_replaced,Not Enough Evidence,Not Enough Evidence
P0428,P0428_T2,P0428_T2_3,3,condition_removed,Not Enough Evidence,Not Enough Evidence
P0428,P0428_T2,P0428_T2_4,4,supported,Supported,Supported
P0428,P0428_T2,P0428_T2_5,5,condition_contradicted,Not Supported,Not Enough Evidence
P0429,P0429_T1,P0429_T1_1,1,relation_contradicted,Not Supported,Supported
P0429,P0429_T1,P0429_T1_2,2,condition_replaced,Not Enough Evidence,Not Enough Evidence
P0429,P0429_T1,P0429_T1_3,3,condition_removed,Not Enough Evidence,Not Enough Evidence
P0429,P0429_T1,P0429_T1_4,4,supported,Supported,Supported
P0429,P0429_T1,P0429_T1_5,5,condition_contradicted,Not Supported,Not Enough Evidence
P0081,P0081_T2,P0081_T2_1,1,relation_contradicted,Not Supported,Not Enough Evidence
P0081,P0081_T2,P0081_T2_2,2,condition_replaced,Not Enough Evidence,Not Enough Evidence
P0081,P0081_T2,P0081_T2_3,3,condition_removed,Not Enough Evidence,Not Enough Evidence
P0081,P0081_T2,P0081_T2_4,4,supported,Supported,Supported
P0081,P0081_T2,P0081_T2_5,5,condition_contradicted,Not Supported,Not Enough Evidence
P0081,P0081_T3,P0081_T3_1,1,relation_contradicted,Not Supported,Not Enough Evidence
P0081,P0081_T3,P0081_T3_2,2,condition_replaced,Not Enough Evidence,Not Enough Evidence
P0081,P0081_T3,P0081_T3_3,3,condition_removed,Not Enough Evidence,Not Enough Evidence
P0081,P0081_T3,P0081_T3_4,4,supported,Supported,Supported
P0081,P0081_T3,P0081_T3_5,5,condition_contradicted,Not Supported,Not Enough Evidence
P0081,P0081_T4,P0081_T4_1,1,relation_contradicted,Not Supported,Not Supported
P0081,P0081_T4,P0081_T4_2,2,condition_replaced,Not Enough Evidence,Not Enough Evidence
P0081,P0081_T4,P0081_T4_3,3,condition_removed,Not Enough Evidence,Not Enough Evidence
P0081,P0081_T4,P0081_T4_4,4,supported,Supported,Supported
P0081,P0081_T4,P0081_T4_5,5,condition_contradicted,Not Supported,Not Supported
P0081,P0081_T5,P0081_T5_1,1,relation_contradicted,Not Supported,Not Supported
P0081,P0081_T5,P0081_T5_2,2,condition_replaced,Not Enough Evidence,Not Enough Evidence
P0081,P0081_T5,P0081_T5_3,3,condition_removed,Not Enough Evidence,Not Enough Evidence
P0081,P0081_T5,P0081_T5_4,4,supported,Supported,Supported
P0081,P0081_T5,P0081_T5_5,5,condition_contradicted,Not Supported,Not Supported
P0081,P0081_T6,P0081_T6_1,1,relation_contradicted,Not Supported,Not Supported
P0081,P0081_T6,P0081_T6_2,2,condition_replaced,Not Enough Evidence,Not Enough Evidence
P0081,P0081_T6,P0081_T6_3,3,condition_removed,Not Enough Evidence,Not Enough Evidence
P0081,P0081_T6,P0081_T6_4,4,supported,Supported,Supported
P0081,P0081_T6,P0081_T6_5,5,condition_contradicted,Not Supported,Not Supported
P0081,P0081_T7,P0081_T7_1,1,relation_contradicted,Not Supported,Not Enough Evidence
P0081,P0081_T7,P0081_T7_2,2,condition_replaced,Not Enough Evidence,Not Enough Evidence
P0081,P0081_T7,P0081_T7_3,3,condition_removed,Not Enough Evidence,Not Enough Evidence
P0081,P0081_T7,P0081_T7_4,4,supported,Supported,Supported
P0081,P0081_T7,P0081_T7_5,5,condition_contradicted,Not Supported,Not Enough Evidence
P0081,P0081_T8,P0081_T8_1,1,relation_contradicted,Not Supported,Not Supported
P0081,P0081_T8,P0081_T8_2,2,condition_replaced,Not Enough Evidence,Not Enough Evidence
P0081,P0081_T8,P0081_T8_3,3,condition_removed,Not Enough Evidence,Not Enough Evidence
P0081,P0081_T8,P0081_T8_4,4,supported,Supported,Supported
P0081,P0081_T8,P0081_T8_5,5,condition_contradicted,Not Supported,Not Supported
P0630,P0630_T1,P0630_T1_1,1,relation_contradicted,Not Supported,Not Enough Evidence
P0630,P0630_T1,P0630_T1_2,2,condition_replaced,Not Enough Evidence,Not Enough Evidence
P0630,P0630_T1,P0630_T1_3,3,condition_removed,Not Enough Evidence,Not Enough Evidence
P0630,P0630_T1,P0630_T1_4,4,supported,Supported,Supported
P0630,P0630_T1,P0630_T1_5,5,condition_contradicted,Not Supported,Supported
P0634,P0634_T1,P0634_T1_1,1,relation_contradicted,Not Supported,Not Supported
P0634,P0634_T1,P0634_T1_2,2,condition_replaced,Not Enough Evidence,Not Enough Evidence
P0634,P0634_T1,P0634_T1_3,3,condition_removed,Not Enough Evidence,Not Supported
P0634,P0634_T1,P0634_T1_4,4,supported,Supported,Supported
P0634,P0634_T1,P0634_T1_5,5,condition_contradicted,Not Supported,Not Supported
P0195,P0195_T6,P0195_T6_1,1,relation_contradicted,Not Supported,Supported
P0195,P0195_T6,P0195_T6_2,2,condition_replaced,Not Enough Evidence,Not Enough Evidence
P0195,P0195_T6,P0195_T6_3,3,condition_removed,Not Enough Evidence,Not Enough Evidence
P0195,P0195_T6,P0195_T6_4,4,supported,Supported,Supported
P0195,P0195_T6,P0195_T6_5,5,condition_contradicted,Not Supported,Not Enough Evidence
P0195,P0195_T7,P0195_T7_1,1,relation_contradicted,Not Supported,Supported
P0195,P0195_T7,P0195_T7_2,2,condition_replaced,Not Enough Evidence,Not Enough Evidence
P0195,P0195_T7,P0195_T7_3,3,condition_removed,Not Enough Evidence,Not Enough Evidence
P0195,P0195_T7,P0195_T7_4,4,supported,Supported,Supported
P0195,P0195_T7,P0195_T7_5,5,condition_contradicted,Not Supported,Not Enough Evidence
P0196,P0196_T1,P0196_T1_1,1,relation_contradicted,Not Supported,Supported
P0196,P0196_T1,P0196_T1_2,2,condition_replaced,Not Enough Evidence,Not Enough Evidence
P0196,P0196_T1,P0196_T1_3,3,condition_removed,Not Enough Evidence,Not Enough Evidence
P0196,P0196_T1,P0196_T1_4,4,supported,Supported,Supported
P0196,P0196_T1,P0196_T1_5,5,condition_contradicted,Not Supported,Not Enough Evidence
P0196,P0196_T2,P0196_T2_1,1,relation_contradicted,Not Supported,Supported
P0196,P0196_T2,P0196_T2_2,2,condition_replaced,Not Enough Evidence,Not Enough Evidence
P0196,P0196_T2,P0196_T2_3,3,condition_removed,Not Enough Evidence,Not Enough Evidence
P0196,P0196_T2,P0196_T2_4,4,supported,Supported,Supported
P0196,P0196_T2,P0196_T2_5,5,condition_contradicted,Not Supported,Not Enough Evidence
P0197,P0197_T1,P0197_T1_1,1,relation_contradicted,Not Supported,Supported
P0197,P0197_T1,P0197_T1_2,2,condition_replaced,Not Enough Evidence,Not Enough Evidence
P0197,P0197_T1,P0197_T1_3,3,condition_removed,Not Enough Evidence,Not Enough Evidence
P0197,P0197_T1,P0197_T1_4,4,supported,Supported,Supported
P0197,P0197_T1,P0197_T1_5,5,condition_contradicted,Not Supported,Supported
P0197,P0197_T2,P0197_T2_1,1,relation_contradicted,Not Supported,Not Enough Evidence
P0197,P0197_T2,P0197_T2_2,2,condition_replaced,Not Enough Evidence,Not Enough Evidence
P0197,P0197_T2,P0197_T2_3,3,condition_removed,Not Enough Evidence,Not Enough Evidence
P0197,P0197_T2,P0197_T2_4,4,supported,Supported,Supported
P0197,P0197_T2,P0197_T2_5,5,condition_contradicted,Not Supported,Not Enough Evidence
P0197,P0197_T3,P0197_T3_1,1,relation_contradicted,Not Supported,Not Enough Evidence
P0197,P0197_T3,P0197_T3_2,2,condition_replaced,Not Enough Evidence,Not Enough Evidence
P0197,P0197_T3,P0197_T3_3,3,condition_removed,Not Enough Evidence,Not Enough Evidence
P0197,P0197_T3,P0197_T3_4,4,supported,Supported,Supported
P0197,P0197_T3,P0197_T3_5,5,condition_contradicted,Not Supported,Not Enough Evidence
P0434,P0434_T1,P0434_T1_1,1,relation_contradicted,Not Supported,Not Supported
P0434,P0434_T1,P0434_T1_2,2,condition_replaced,Not Enough Evidence,Not Enough Evidence
P0434,P0434_T1,P0434_T1_3,3,condition_removed,Not Enough Evidence,Not Enough Evidence
P0434,P0434_T1,P0434_T1_4,4,supported,Supported,Supported
P0434,P0434_T1,P0434_T1_5,5,condition_contradicted,Not Supported,Not Supported
P0285,P0285_T1,P0285_T1_1,1,relation_contradicted,Not Supported,Not Supported
P0285,P0285_T1,P0285_T1_2,2,condition_replaced,Not Enough Evidence,Not Enough Evidence
P0285,P0285_T1,P0285_T1_3,3,condition_removed,Not Enough Evidence,Not Enough Evidence
P0285,P0285_T1,P0285_T1_4,4,supported,Supported,Supported
P0285,P0285_T1,P0285_T1_5,5,condition_contradicted,Not Supported,Not Supported
P0201,P0201_T1,P0201_T1_1,1,relation_contradicted,Not Supported,Not Supported
P0201,P0201_T1,P0201_T1_2,2,condition_replaced,Not Enough Evidence,Not Enough Evidence
P0201,P0201_T1,P0201_T1_3,3,condition_removed,Not Enough Evidence,Not Enough Evidence
P0201,P0201_T1,P0201_T1_4,4,supported,Supported,Supported
P0201,P0201_T1,P0201_T1_5,5,condition_contradicted,Not Supported,Not Supported
P0201,P0201_T2,P0201_T2_1,1,relation_contradicted,Not Supported,Not Supported
P0201,P0201_T2,P0201_T2_2,2,condition_replaced,Not Enough Evidence,Not Enough Evidence
P0201,P0201_T2,P0201_T2_3,3,condition_removed,Not Enough Evidence,Not Enough Evidence
P0201,P0201_T2,P0201_T2_4,4,supported,Supported,Supported
P0201,P0201_T2,P0201_T2_5,5,condition_contradicted,Not Supported,Not Enough Evidence
P0201,P0201_T3,P0201_T3_1,1,relation_contradicted,Not Supported,Not Supported
P0201,P0201_T3,P0201_T3_2,2,condition_replaced,Not Enough Evidence,Not Enough Evidence
P0201,P0201_T3,P0201_T3_3,3,condition_removed,Not Enough Evidence,Not Enough Evidence
P0201,P0201_T3,P0201_T3_4,4,supported,Supported,Supported
P0201,P0201_T3,P0201_T3_5,5,condition_contradicted,Not Supported,Not Supported
P0084,P0084_T1,P0084_T1_1,1,relation_contradicted,Not Supported,Not Enough Evidence
P0084,P0084_T1,P0084_T1_2,2,condition_replaced,Not Enough Evidence,Not Enough Evidence
P0084,P0084_T1,P0084_T1_3,3,condition_removed,Not Enough Evidence,Not Enough Evidence
P0084,P0084_T1,P0084_T1_4,4,supported,Supported,Supported
P0084,P0084_T1,P0084_T1_5,5,condition_contradicted,Not Supported,Not Supported
P0084,P0084_T2,P0084_T2_1,1,relation_contradicted,Not Supported,Not Supported
P0084,P0084_T2,P0084_T2_2,2,condition_replaced,Not Enough Evidence,Not Enough Evidence
P0084,P0084_T2,P0084_T2_3,3,condition_removed,Not Enough Evidence,Not Enough Evidence
P0084,P0084_T2,P0084_T2_4,4,supported,Supported,Supported
P0084,P0084_T2,P0084_T2_5,5,condition_contradicted,Not Supported,Not Supported
P0084,P0084_T3,P0084_T3_1,1,relation_contradicted,Not Supported,Not Enough Evidence
P0084,P0084_T3,P0084_T3_2,2,condition_replaced,Not Enough Evidence,Not Enough Evidence
P0084,P0084_T3,P0084_T3_3,3,condition_removed,Not Enough Evidence,Not Enough Evidence
P0084,P0084_T3,P0084_T3_4,4,supported,Supported,Supported
P0084,P0084_T3,P0084_T3_5,5,condition_contradicted,Not Supported,Not Supported
P0086,P0086_T1,P0086_T1_1,1,relation_contradicted,Not Supported,Not Supported
P0086,P0086_T1,P0086_T1_2,2,condition_replaced,Not Enough Evidence,Not Enough Evidence
P0086,P0086_T1,P0086_T1_3,3,condition_removed,Not Enough Evidence,Not Enough Evidence
P0086,P0086_T1,P0086_T1_4,4,supported,Supported,Not Supported
P0086,P0086_T1,P0086_T1_5,5,condition_contradicted,Not Supported,Not Supported
P0643,P0643_T1,P0643_T1_1,1,relation_contradicted,Not Supported,Not Supported
P0643,P0643_T1,P0643_T1_2,2,condition_replaced,Not Enough Evidence,Not Enough Evidence
P0643,P0643_T1,P0643_T1_3,3,condition_removed,Not Enough Evidence,Not Enough Evidence
P0643,P0643_T1,P0643_T1_4,4,supported,Supported,Supported
P0643,P0643_T1,P0643_T1_5,5,condition_contradicted,Not Supported,Not Supported
P0649,P0649_T1,P0649_T1_1,1,relation_contradicted,Not Supported,"2. Is the cancer in the left posterior apex core a high-grade PIN?
  
  3. Does the presence of perineural invasion in"
P0649,P0649_T1,P0649_T1_2,2,condition_replaced,Not Enough Evidence,"2. Is the cancer in the left posterior apex core a high-grade PIN?
  
  3. Does the presence of perineural invasion in"
P0649,P0649_T1,P0649_T1_3,3,condition_removed,Not Enough Evidence,"2. Is the cancer in the left posterior apex core a high-grade PIN?
  
  3. Does the presence of perineural invasion in"
P0649,P0649_T1,P0649_T1_4,4,supported,Supported,"2. Is the cancer in the left posterior apex core a high-grade PIN?
  
  3. Does the presence of perineural invasion in"
P0649,P0649_T1,P0649_T1_5,5,condition_contradicted,Not Supported,Not Supported
P0287,P0287_T1,P0287_T1_1,1,relation_contradicted,Not Supported,Supported
P0287,P0287_T1,P0287_T1_2,2,condition_replaced,Not Enough Evidence,Not Enough Evidence
P0287,P0287_T1,P0287_T1_3,3,condition_removed,Not Enough Evidence,Not Enough Evidence
P0287,P0287_T1,P0287_T1_4,4,supported,Supported,Supported
P0287,P0287_T1,P0287_T1_5,5,condition_contradicted,Not Supported,Not Supported
P0287,P0287_T2,P0287_T2_1,1,relation_contradicted,Not Supported,Supported
P0287,P0287_T2,P0287_T2_2,2,condition_replaced,Not Enough Evidence,Not Enough Evidence
P0287,P0287_T2,P0287_T2_3,3,condition_removed,Not Enough Evidence,Not Enough Evidence
P0287,P0287_T2,P0287_T2_4,4,supported,Supported,Supported
P0287,P0287_T2,P0287_T2_5,5,condition_contradicted,Not Supported,Not Supported
P0289,P0289_T1,P0289_T1_1,1,relation_contradicted,Not Supported,Supported
P0289,P0289_T1,P0289_T1_2,2,condition_replaced,Not Enough Evidence,Not Enough Evidence
P0289,P0289_T1,P0289_T1_3,3,condition_removed,Not Enough Evidence,Not Enough Evidence
P0289,P0289_T1,P0289_T1_4,4,supported,Supported,Supported
P0289,P0289_T1,P0289_T1_5,5,condition_contradicted,Not Supported,Not Supported
P0289,P0289_T2,P0289_T2_1,1,relation_contradicted,Not Supported,Not Supported
P0289,P0289_T2,P0289_T2_2,2,condition_replaced,Not Enough Evidence,Not Enough Evidence
P0289,P0289_T2,P0289_T2_3,3,condition_removed,Not Enough Evidence,Not Enough Evidence
P0289,P0289_T2,P0289_T2_4,4,supported,Supported,Supported
P0289,P0289_T2,P0289_T2_5,5,condition_contradicted,Not Supported,Not Supported
P0204,P0204_T2,P0204_T2_1,1,relation_contradicted,Not Supported,"and there, but the real game will be the global collapse of the system, and the only way to keep the system going will be to go full authoritarian."
P0204,P0204_T2,P0204_T2_2,2,condition_replaced,Not Enough Evidence,"and there, but the real game will be the global collapse of the system, and the only way to keep the system going will be to go full authoritarian."
P0204,P0204_T2,P0204_T2_3,3,condition_removed,Not Enough Evidence,"and there, but the real game will be the global collapse of the system, and the only way to keep the system going will be to go full authoritarian."
P0204,P0204_T2,P0204_T2_4,4,supported,Supported,"and there, but the real game will be the global collapse of the system, and the only way to keep the system going will be to go full authoritarian."
P0204,P0204_T2,P0204_T2_5,5,condition_contradicted,Not Supported,"and there, but the real game will be the global collapse of the system, and the only way to keep the system going will be to go full authoritarian."
P0204,P0204_T3,P0204_T3_1,1,relation_contradicted,Not Supported,"and there, but the real game will be the global collapse of the system, and the only way to keep the system going will be to go full authoritarian."
P0204,P0204_T3,P0204_T3_2,2,condition_replaced,Not Enough Evidence,"and there, but the real game will be the global collapse of the system, and the only way to keep the system going will be to go full authoritarian."
P0204,P0204_T3,P0204_T3_3,3,condition_removed,Not Enough Evidence,"and there, but the real game will be the global collapse of the system, and the only way to keep the system going will be to go full authoritarian."
P0204,P0204_T3,P0204_T3_4,4,supported,Supported,"and there, but the real game will be the global collapse of the system, and the only way to keep the system going will be to go full authoritarian."
P0204,P0204_T3,P0204_T3_5,5,condition_contradicted,Not Supported,"and there, but the real game will be the global collapse of the system, and the only way to keep the system going will be to go full authoritarian."
P0204,P0204_T4,P0204_T4_1,1,relation_contradicted,Not Supported,"and there, but the real game will be the global collapse of the system, and the only way to keep the system going will be to go full authoritarian."
P0204,P0204_T4,P0204_T4_2,2,condition_replaced,Not Enough Evidence,"and there, but the real game will be the global collapse of the system, and the only way to keep the system going will be to go full authoritarian."
P0204,P0204_T4,P0204_T4_3,3,condition_removed,Not Enough Evidence,"and there, but the real game will be the global collapse of the system, and the only way to keep the system going will be to go full authoritarian."
P0204,P0204_T4,P0204_T4_4,4,supported,Supported,"and there, but the real game will be the global collapse of the system, and the only way to keep the system going will be to go full authoritarian."
P0204,P0204_T4,P0204_T4_5,5,condition_contradicted,Not Supported,"and there, but the real game will be the global collapse of the system, and the only way to keep the system going will be to go full authoritarian."
P0204,P0204_T5,P0204_T5_1,1,relation_contradicted,Not Supported,"and there, but the real game will be the global collapse of the system, and the only way to keep the system going will be to go full authoritarian."
P0204,P0204_T5,P0204_T5_2,2,condition_replaced,Not Enough Evidence,"and there, but the real game will be the global collapse of the system, and the only way to keep the system going will be to go full authoritarian."
P0204,P0204_T5,P0204_T5_3,3,condition_removed,Not Enough Evidence,"and there, but the real game will be the global collapse of the system, and the only way to keep the system going will be to go full authoritarian."
P0204,P0204_T5,P0204_T5_4,4,supported,Supported,"and there, but the real game will be the global collapse of the system, and the only way to keep the system going will be to go full authoritarian."
P0204,P0204_T5,P0204_T5_5,5,condition_contradicted,Not Supported,"and there, but the real game will be the global collapse of the system, and the only way to keep the system going will be to go full authoritarian."
P0204,P0204_T6,P0204_T6_1,1,relation_contradicted,Not Supported,"and there, but the real game will be the global collapse of the system, and the only way to keep the system going will be to go full authoritarian."
P0204,P0204_T6,P0204_T6_2,2,condition_replaced,Not Enough Evidence,"and there, but the real game will be the global collapse of the system, and the only way to keep the system going will be to go full authoritarian."
P0204,P0204_T6,P0204_T6_3,3,condition_removed,Not Enough Evidence,"and there, but the real game will be the global collapse of the system, and the only way to keep the system going will be to go full authoritarian."
P0204,P0204_T6,P0204_T6_4,4,supported,Supported,"and there, but the real game will be the global collapse of the system, and the only way to keep the system going will be to go full authoritarian."
P0204,P0204_T6,P0204_T6_5,5,condition_contradicted,Not Supported,"and there, but the real game will be the global collapse of the system, and the only way to keep the system going will be to go full authoritarian."
P0204,P0204_T7,P0204_T7_1,1,relation_contradicted,Not Supported,"and there, but the real game will be the global collapse of the system, and the only way to keep the system going will be to go full authoritarian."
P0204,P0204_T7,P0204_T7_2,2,condition_replaced,Not Enough Evidence,"and there, but the real game will be the global collapse of the system, and the only way to keep the system going will be to go full authoritarian."
P0204,P0204_T7,P0204_T7_3,3,condition_removed,Not Enough Evidence,"and there, but the real game will be the global collapse of the system, and the only way to keep the system going will be to go full authoritarian."
P0204,P0204_T7,P0204_T7_4,4,supported,Supported,"and there, but the real game will be the global collapse of the system, and the only way to keep the system going will be to go full authoritarian."
P0204,P0204_T7,P0204_T7_5,5,condition_contradicted,Not Supported,"and there, but the real game will be the global collapse of the system, and the only way to keep the system going will be to go full authoritarian."
P0204,P0204_T8,P0204_T8_1,1,relation_contradicted,Not Supported,"and there, but the real game will be the global collapse of the system, and the only way to keep the system going will be to go full authoritarian."
P0204,P0204_T8,P0204_T8_2,2,condition_replaced,Not Enough Evidence,"and there, but the real game will be the global collapse of the system, and the only way to keep the system going will be to go full authoritarian."
P0204,P0204_T8,P0204_T8_3,3,condition_removed,Not Enough Evidence,"and there, but the real game will be the global collapse of the system, and the only way to keep the system going will be to go full authoritarian."
P0204,P0204_T8,P0204_T8_4,4,supported,Supported,"and there, but the real game will be the global collapse of the system, and the only way to keep the system going will be to go full authoritarian."
P0204,P0204_T8,P0204_T8_5,5,condition_contradicted,Not Supported,"and there, but the real game will be the global collapse of the system, and the only way to keep the system going will be to go full authoritarian."
P0204,P0204_T9,P0204_T9_1,1,relation_contradicted,Not Supported,"and there, but the real game will be the global collapse of the system, and the only way to keep the system going will be to go full authoritarian."
P0204,P0204_T9,P0204_T9_2,2,condition_replaced,Not Enough Evidence,"and there, but the real game will be the global collapse of the system, and the only way to keep the system going will be to go full authoritarian."
P0204,P0204_T9,P0204_T9_3,3,condition_removed,Not Enough Evidence,"and there, but the real game will be the global collapse of the system, and the only way to keep the system going will be to go full authoritarian."
P0204,P0204_T9,P0204_T9_4,4,supported,Supported,"and there, but the real game will be the global collapse of the system, and the only way to keep the system going will be to go full authoritarian."
P0204,P0204_T9,P0204_T9_5,5,condition_contradicted,Not Supported,"and there, but the real game will be the global collapse of the system, and the only way to keep the system going will be to go full authoritarian."
P0204,P0204_T10,P0204_T10_1,1,relation_contradicted,Not Supported,"and there, but the real game will be the global collapse of the system, and the only way to keep the system going will be to go full authoritarian."
P0204,P0204_T10,P0204_T10_2,2,condition_replaced,Not Enough Evidence,"and there, but the real game will be the global collapse of the system, and the only way to keep the system going will be to go full authoritarian."
P0204,P0204_T10,P0204_T10_3,3,condition_removed,Not Enough Evidence,"and there, but the real game will be the global collapse of the system, and the only way to keep the system going will be to go full authoritarian."
P0204,P0204_T10,P0204_T10_4,4,supported,Supported,"and there, but the real game will be the global collapse of the system, and the only way to keep the system going will be to go full authoritarian."
P0204,P0204_T10,P0204_T10_5,5,condition_contradicted,Not Supported,"and there, but the real game will be the global collapse of the system, and the only way to keep the system going will be to go full authoritarian."
P0204,P0204_T11,P0204_T11_1,1,relation_contradicted,Not Supported,"and there, but the real game will be the global collapse of the system, and the only way to keep the system going will be to go full authoritarian."
P0204,P0204_T11,P0204_T11_2,2,condition_replaced,Not Enough Evidence,"and there, but the real game will be the global collapse of the system, and the only way to keep the system going will be to go full authoritarian."
P0204,P0204_T11,P0204_T11_3,3,condition_removed,Not Enough Evidence,"and there, but the real game will be the global collapse of the system, and the only way to keep the system going will be to go full authoritarian."
P0204,P0204_T11,P0204_T11_4,4,supported,Supported,"and there, but the real game will be the global collapse of the system, and the only way to keep the system going will be to go full authoritarian."
P0204,P0204_T11,P0204_T11_5,5,condition_contradicted,Not Supported,"and there, but the real game will be the global collapse of the system, and the only way to keep the system going will be to go full authoritarian."
P0436,P0436_T1,P0436_T1_1,1,relation_contradicted,Not Supported,Supported
P0436,P0436_T1,P0436_T1_2,2,condition_replaced,Not Enough Evidence,Not Enough Evidence
P0436,P0436_T1,P0436_T1_3,3,condition_removed,Not Enough Evidence,Not Supported
P0436,P0436_T1,P0436_T1_4,4,supported,Supported,Supported
P0436,P0436_T1,P0436_T1_5,5,condition_contradicted,Not Supported,Supported
P0436,P0436_T3,P0436_T3_1,1,relation_contradicted,Not Supported,Supported
P0436,P0436_T3,P0436_T3_2,2,condition_replaced,Not Enough Evidence,Not Enough Evidence
P0436,P0436_T3,P0436_T3_3,3,condition_removed,Not Enough Evidence,Not Enough Evidence
P0436,P0436_T3,P0436_T3_4,4,supported,Supported,Supported
P0436,P0436_T3,P0436_T3_5,5,condition_contradicted,Not Supported,Not Enough Evidence
P0436,P0436_T5,P0436_T5_1,1,relation_contradicted,Not Supported,Supported
P0436,P0436_T5,P0436_T5_2,2,condition_replaced,Not Enough Evidence,Supported
P0436,P0436_T5,P0436_T5_3,3,condition_removed,Not Enough Evidence,Not Enough Evidence
P0436,P0436_T5,P0436_T5_4,4,supported,Supported,Supported
P0436,P0436_T5,P0436_T5_5,5,condition_contradicted,Not Supported,Not Enough Evidence
P0443,P0443_T1,P0443_T1_1,1,relation_contradicted,Not Supported,but i am still trying to understand why he lied. i am not sure if i can trust him again. i am not sure if he will lie again.
P0443,P0443_T1,P0443_T1_2,2,condition_replaced,Not Enough Evidence,but i am still trying to understand why he lied. i am not sure if i can trust him again. i am not sure if he will lie again.
P0443,P0443_T1,P0443_T1_3,3,condition_removed,Not Enough Evidence,but i am still trying to process this. i‚àö¬¢¬¨√Ñ¬¨√¥m not sure if i can trust him again
P0443,P0443_T1,P0443_T1_4,4,supported,Supported,but i am still trying to process this. i‚àö¬¢¬¨√Ñ¬¨√¥m not sure if i can trust him again
P0443,P0443_T1,P0443_T1_5,5,condition_contradicted,Not Supported,but i am still trying to process this. i‚àö¬¢¬¨√Ñ¬¨√¥m not sure if i can trust him again
P0443,P0443_T2,P0443_T2_1,1,relation_contradicted,Not Supported,but i am still trying to process this. i‚àö¬¢¬¨√Ñ¬¨√¥m not sure if i can trust him again
P0443,P0443_T2,P0443_T2_2,2,condition_replaced,Not Enough Evidence,but i am still trying to process this. i‚àö¬¢¬¨√Ñ¬¨√¥m not sure if i can trust him again
P0443,P0443_T2,P0443_T2_3,3,condition_removed,Not Enough Evidence,but i am still trying to process this. i‚àö¬¢¬¨√Ñ¬¨√¥m not sure if i can trust him again
P0443,P0443_T2,P0443_T2_4,4,supported,Supported,but i am still trying to process this. i‚àö¬¢¬¨√Ñ¬¨√¥m not sure if i can trust him again
P0443,P0443_T2,P0443_T2_5,5,condition_contradicted,Not Supported,but i am still trying to process this. i‚àö¬¢¬¨√Ñ¬¨√¥m not sure if i can trust him again
P0445,P0445_T1,P0445_T1_1,1,relation_contradicted,Not Supported,"and condition: The entities are the same. The relationship is the same. The condition is also the same. The paragraph does not support the question statement.

Answer"
P0445,P0445_T1,P0445_T1_2,2,condition_replaced,Not Enough Evidence,".

Answer:"
P0445,P0445_T1,P0445_T1_3,3,condition_removed,Not Enough Evidence,Not Supported
P0445,P0445_T1,P0445_T1_4,4,supported,Supported,"is that the paragraph ties the worsening to ignoring the issues, not to any other factor. The condition is preserved, and the relationship is the same. The entities"
P0445,P0445_T1,P0445_T1_5,5,condition_contradicted,Not Supported,".

Answer:"
P0290,P0290_T1,P0290_T1_1,1,relation_contradicted,Not Supported,Not Supported
P0290,P0290_T1,P0290_T1_2,2,condition_replaced,Not Enough Evidence,Not Enough Evidence
P0290,P0290_T1,P0290_T1_3,3,condition_removed,Not Enough Evidence,Not Enough Evidence
P0290,P0290_T1,P0290_T1_4,4,supported,Supported,Supported
P0290,P0290_T1,P0290_T1_5,5,condition_contradicted,Not Supported,Not Supported
P0290,P0290_T2,P0290_T2_1,1,relation_contradicted,Not Supported,Not Supported
P0290,P0290_T2,P0290_T2_2,2,condition_replaced,Not Enough Evidence,Not Enough Evidence
P0290,P0290_T2,P0290_T2_3,3,condition_removed,Not Enough Evidence,Not Enough Evidence
P0290,P0290_T2,P0290_T2_4,4,supported,Supported,Supported
P0290,P0290_T2,P0290_T2_5,5,condition_contradicted,Not Supported,Not Supported
P0290,P0290_T3,P0290_T3_1,1,relation_contradicted,Not Supported,Supported
P0290,P0290_T3,P0290_T3_2,2,condition_replaced,Not Enough Evidence,Not Enough Evidence
P0290,P0290_T3,P0290_T3_3,3,condition_removed,Not Enough Evidence,Not Enough Evidence
P0290,P0290_T3,P0290_T3_4,4,supported,Supported,Supported
P0290,P0290_T3,P0290_T3_5,5,condition_contradicted,Not Supported,Not Supported
P0290,P0290_T4,P0290_T4_1,1,relation_contradicted,Not Supported,Not Supported
P0290,P0290_T4,P0290_T4_2,2,condition_replaced,Not Enough Evidence,Not Enough Evidence
P0290,P0290_T4,P0290_T4_3,3,condition_removed,Not Enough Evidence,Not Enough Evidence
P0290,P0290_T4,P0290_T4_4,4,supported,Supported,Supported
P0290,P0290_T4,P0290_T4_5,5,condition_contradicted,Not Supported,Not Supported
P0204,P0204_T12,P0204_T12_1,1,relation_contradicted,Not Supported,"and there, but the real game will be the global collapse of the system, and the only way to keep the system going will be to go full authoritarian."
P0204,P0204_T12,P0204_T12_2,2,condition_replaced,Not Enough Evidence,"and there, but the real game will be the global collapse of the system, and the only way to keep the system going will be to go full authoritarian."
P0204,P0204_T12,P0204_T12_3,3,condition_removed,Not Enough Evidence,"and there, but the real game will be the global collapse of the system, and the only way to keep the system going will be to go full authoritarian."
P0204,P0204_T12,P0204_T12_4,4,supported,Supported,"and there, but the real game will be the global collapse of the system, and the only way to keep the system going will be to go full authoritarian."
P0204,P0204_T12,P0204_T12_5,5,condition_contradicted,Not Supported,"and there, but the real game will be the global collapse of the system, and the only way to keep the system going will be to go full authoritarian."
P0204,P0204_T13,P0204_T13_1,1,relation_contradicted,Not Supported,"and there, but the real game will be the global collapse of the system, and the only way to keep the system going will be to go full authoritarian."
P0204,P0204_T13,P0204_T13_2,2,condition_replaced,Not Enough Evidence,"and there, but the real game will be the global collapse of the system, and the only way to keep the system going will be to go full authoritarian."
P0204,P0204_T13,P0204_T13_3,3,condition_removed,Not Enough Evidence,"and there, but the real game will be the global collapse of the system, and the only way to keep the system going will be to go full authoritarian."
P0204,P0204_T13,P0204_T13_4,4,supported,Supported,"and there, but the real game will be the global collapse of the system, and the only way to keep the system going will be to go full authoritarian."
P0204,P0204_T13,P0204_T13_5,5,condition_contradicted,Not Supported,"and there, but the real game will be the global collapse of the system, and the only way to keep the system going will be to go full authoritarian."
P0204,P0204_T14,P0204_T14_1,1,relation_contradicted,Not Supported,"and there, but the real game will be the global collapse of the system, and the only way to keep the system going will be to go full authoritarian."
P0204,P0204_T14,P0204_T14_2,2,condition_replaced,Not Enough Evidence,"and there, but the real game will be the global collapse of the system, and the only way to keep the system going will be to go full authoritarian."
P0204,P0204_T14,P0204_T14_3,3,condition_removed,Not Enough Evidence,"and there, but the real game will be the global collapse of the system, and the only way to keep the system going will be to go full authoritarian."
P0204,P0204_T14,P0204_T14_4,4,supported,Supported,"and there, but the real game will be the global collapse of the system, and the only way to keep the system going will be to go full authoritarian."
P0204,P0204_T14,P0204_T14_5,5,condition_contradicted,Not Supported,"and there, but the real game will be the global collapse of the system, and the only way to keep the system going will be to go full authoritarian."
P0204,P0204_T15,P0204_T15_1,1,relation_contradicted,Not Supported,"and there, but the real game will be the global collapse of the system, and the only way to keep the system going will be to go full authoritarian."
P0204,P0204_T15,P0204_T15_2,2,condition_replaced,Not Enough Evidence,"and there, but the real game will be the global collapse of the system, and the only way to keep the system going will be to go full authoritarian."
P0204,P0204_T15,P0204_T15_3,3,condition_removed,Not Enough Evidence,"and there, but the real game will be the global collapse of the system, and the only way to keep the system going will be to go full authoritarian."
P0204,P0204_T15,P0204_T15_4,4,supported,Supported,"and there, but the real game will be the global collapse of the system, and the only way to keep the system going will be to go full authoritarian."
P0204,P0204_T15,P0204_T15_5,5,condition_contradicted,Not Supported,"and there, but the real game will be the global collapse of the system, and the only way to keep the system going will be to go full authoritarian."
P0204,P0204_T16,P0204_T16_1,1,relation_contradicted,Not Supported,"and there, but the real game will be the global collapse of the system, and the only way to keep the system going will be to go full authoritarian."
P0204,P0204_T16,P0204_T16_2,2,condition_replaced,Not Enough Evidence,"and there, but the real game will be the global collapse of the system, and the only way to keep the system going will be to go full authoritarian."
P0204,P0204_T16,P0204_T16_3,3,condition_removed,Not Enough Evidence,"and there, but the real game will be the global collapse of the system, and the only way to keep the system going will be to go full authoritarian."
P0204,P0204_T16,P0204_T16_4,4,supported,Supported,"and there, but the real game will be the global collapse of the system, and the only way to keep the system going will be to go full authoritarian."
P0204,P0204_T16,P0204_T16_5,5,condition_contradicted,Not Supported,"and there, but the real game will be the global collapse of the system, and the only way to keep the system going will be to go full authoritarian."
P0204,P0204_T17,P0204_T17_1,1,relation_contradicted,Not Supported,"and there, but the real game will be the global collapse of the system, and the only way to keep the system going will be to go full authoritarian."
P0204,P0204_T17,P0204_T17_2,2,condition_replaced,Not Enough Evidence,"and there, but the real game will be the global collapse of the system, and the only way to keep the system going will be to go full authoritarian."
P0204,P0204_T17,P0204_T17_3,3,condition_removed,Not Enough Evidence,"and there, but the real game will be the global collapse of the system, and the only way to keep the system going will be to go full authoritarian."
P0204,P0204_T17,P0204_T17_4,4,supported,Supported,"and there, but the real game will be the global collapse of the system, and the only way to keep the system going will be to go full authoritarian."
P0204,P0204_T17,P0204_T17_5,5,condition_contradicted,Not Supported,"and there, but the real game will be the global collapse of the system, and the only way to keep the system going will be to go full authoritarian."
P0204,P0204_T18,P0204_T18_1,1,relation_contradicted,Not Supported,"and there, but the real game will be the global collapse of the system, and the only way to keep the system going will be to go full authoritarian."
P0204,P0204_T18,P0204_T18_2,2,condition_replaced,Not Enough Evidence,"and there, but the real game will be the global collapse of the system, and the only way to keep the system going will be to go full authoritarian."
P0204,P0204_T18,P0204_T18_3,3,condition_removed,Not Enough Evidence,"and there, but the real game will be the global collapse of the system, and the only way to keep the system going will be to go full authoritarian."
P0204,P0204_T18,P0204_T18_4,4,supported,Supported,"and there, but the real game will be the global collapse of the system, and the only way to keep the system going will be to go full authoritarian."
P0204,P0204_T18,P0204_T18_5,5,condition_contradicted,Not Supported,"and there, but the real game will be the global collapse of the system, and the only way to keep the system going will be to go full authoritarian."
P0204,P0204_T19,P0204_T19_1,1,relation_contradicted,Not Supported,"and there, but the real game will be the global collapse of the system, and the only way to keep the system going will be to go full authoritarian."
P0204,P0204_T19,P0204_T19_2,2,condition_replaced,Not Enough Evidence,"and there, but the real game will be the global collapse of the system, and the only way to keep the system going will be to go full authoritarian."
P0204,P0204_T19,P0204_T19_3,3,condition_removed,Not Enough Evidence,"and there, but the real game will be the global collapse of the system, and the only way to keep the system going will be to go full authoritarian."
P0204,P0204_T19,P0204_T19_4,4,supported,Supported,"and there, but the real game will be the global collapse of the system, and the only way to keep the system going will be to go full authoritarian."
P0204,P0204_T19,P0204_T19_5,5,condition_contradicted,Not Supported,"and there, but the real game will be the global collapse of the system, and the only way to keep the system going will be to go full authoritarian."
P0204,P0204_T20,P0204_T20_1,1,relation_contradicted,Not Supported,"and there, but the real game will be the global collapse of the system, and the only way to keep the system going will be to go full authoritarian."
P0204,P0204_T20,P0204_T20_2,2,condition_replaced,Not Enough Evidence,"and there, but the real game will be the global collapse of the system, and the only way to keep the system going will be to go full authoritarian."
P0204,P0204_T20,P0204_T20_3,3,condition_removed,Not Enough Evidence,"and there, but the real game will be the global collapse of the system, and the only way to keep the system going will be to go full authoritarian."
P0204,P0204_T20,P0204_T20_4,4,supported,Supported,"and there, but the real game will be the global collapse of the system, and the only way to keep the system going will be to go full authoritarian."
P0204,P0204_T20,P0204_T20_5,5,condition_contradicted,Not Supported,"and there, but the real game will be the global collapse of the system, and the only way to keep the system going will be to go full authoritarian."
P0204,P0204_T21,P0204_T21_1,1,relation_contradicted,Not Supported,"and there, but the real game will be the global collapse of the system, and the only way to keep the system going will be to go full authoritarian."
P0204,P0204_T21,P0204_T21_2,2,condition_replaced,Not Enough Evidence,"and there, but the real game will be the global collapse of the system, and the only way to keep the system going will be to go full authoritarian."
P0204,P0204_T21,P0204_T21_3,3,condition_removed,Not Enough Evidence,"and there, but the real game will be the global collapse of the system, and the only way to keep the system going will be to go full authoritarian."
P0204,P0204_T21,P0204_T21_4,4,supported,Supported,"and there, but the real game will be the global collapse of the system, and the only way to keep the system going will be to go full authoritarian."
P0204,P0204_T21,P0204_T21_5,5,condition_contradicted,Not Supported,"and there, but the real game will be the global collapse of the system, and the only way to keep the system going will be to go full authoritarian."
P0095,P0095_T1,P0095_T1_1,1,relation_contradicted,Not Supported,Not Supported
P0095,P0095_T1,P0095_T1_2,2,condition_replaced,Not Enough Evidence,Not Enough Evidence
P0095,P0095_T1,P0095_T1_3,3,condition_removed,Not Enough Evidence,Not Enough Evidence
P0095,P0095_T1,P0095_T1_4,4,supported,Supported,Supported
P0095,P0095_T1,P0095_T1_5,5,condition_contradicted,Not Supported,Not Supported
P0095,P0095_T2,P0095_T2_1,1,relation_contradicted,Not Supported,Not Supported
P0095,P0095_T2,P0095_T2_2,2,condition_replaced,Not Enough Evidence,Not Enough Evidence
P0095,P0095_T2,P0095_T2_3,3,condition_removed,Not Enough Evidence,Not Enough Evidence
P0095,P0095_T2,P0095_T2_4,4,supported,Supported,Not Supported
P0095,P0095_T2,P0095_T2_5,5,condition_contradicted,Not Supported,Not Supported
P0097,P0097_T1,P0097_T1_1,1,relation_contradicted,Not Supported,Not Supported
P0097,P0097_T1,P0097_T1_2,2,condition_replaced,Not Enough Evidence,Not Enough Evidence
P0097,P0097_T1,P0097_T1_3,3,condition_removed,Not Enough Evidence,Not Enough Evidence
P0097,P0097_T1,P0097_T1_4,4,supported,Supported,Supported
P0097,P0097_T1,P0097_T1_5,5,condition_contradicted,Not Supported,Not Supported
P0294,P0294_T1,P0294_T1_1,1,relation_contradicted,Not Supported,Not Supported
P0294,P0294_T1,P0294_T1_2,2,condition_replaced,Not Enough Evidence,Not Enough Evidence
P0294,P0294_T1,P0294_T1_3,3,condition_removed,Not Enough Evidence,Not Enough Evidence
P0294,P0294_T1,P0294_T1_4,4,supported,Supported,Supported
P0294,P0294_T1,P0294_T1_5,5,condition_contradicted,Not Supported,Not Supported
P0664,P0664_T1,P0664_T1_1,1,relation_contradicted,Not Supported,Supported
P0664,P0664_T1,P0664_T1_2,2,condition_replaced,Not Enough Evidence,Not Enough Evidence
P0664,P0664_T1,P0664_T1_3,3,condition_removed,Not Enough Evidence,Not Enough Evidence
P0664,P0664_T1,P0664_T1_4,4,supported,Supported,Supported
P0664,P0664_T1,P0664_T1_5,5,condition_contradicted,Not Supported,Not Supported
P0452,P0452_T1,P0452_T1_1,1,relation_contradicted,Not Supported,Not Supported
P0452,P0452_T1,P0452_T1_2,2,condition_replaced,Not Enough Evidence,Not Enough Evidence
P0452,P0452_T1,P0452_T1_3,3,condition_removed,Not Enough Evidence,Not Enough Evidence
P0452,P0452_T1,P0452_T1_4,4,supported,Supported,Supported
P0452,P0452_T1,P0452_T1_5,5,condition_contradicted,Not Supported,Not Supported
P0452,P0452_T2,P0452_T2_1,1,relation_contradicted,Not Supported,Not Supported
P0452,P0452_T2,P0452_T2_2,2,condition_replaced,Not Enough Evidence,Not Enough Evidence
P0452,P0452_T2,P0452_T2_3,3,condition_removed,Not Enough Evidence,Not Enough Evidence
P0452,P0452_T2,P0452_T2_4,4,supported,Supported,Supported
P0452,P0452_T2,P0452_T2_5,5,condition_contradicted,Not Supported,Not Supported
P0453,P0453_T2,P0453_T2_1,1,relation_contradicted,Not Supported,Not Supported
P0453,P0453_T2,P0453_T2_2,2,condition_replaced,Not Enough Evidence,Not Enough Evidence
P0453,P0453_T2,P0453_T2_3,3,condition_removed,Not Enough Evidence,Not Enough Evidence
P0453,P0453_T2,P0453_T2_4,4,supported,Supported,Supported
P0453,P0453_T2,P0453_T2_5,5,condition_contradicted,Not Supported,Not Supported
P0454,P0454_T1,P0454_T1_1,1,relation_contradicted,Not Supported,Not Supported
P0454,P0454_T1,P0454_T1_2,2,condition_replaced,Not Enough Evidence,Not Enough Evidence
P0454,P0454_T1,P0454_T1_3,3,condition_removed,Not Enough Evidence,Not Enough Evidence
P0454,P0454_T1,P0454_T1_4,4,supported,Supported,Supported
P0454,P0454_T1,P0454_T1_5,5,condition_contradicted,Not Supported,Not Supported
P0454,P0454_T2,P0454_T2_1,1,relation_contradicted,Not Supported,Not Supported
P0454,P0454_T2,P0454_T2_2,2,condition_replaced,Not Enough Evidence,Not Enough Evidence
P0454,P0454_T2,P0454_T2_3,3,condition_removed,Not Enough Evidence,Not Enough Evidence
P0454,P0454_T2,P0454_T2_4,4,supported,Supported,Supported
P0454,P0454_T2,P0454_T2_5,5,condition_contradicted,Not Supported,Not Supported
P0297,P0297_T1,P0297_T1_1,1,relation_contradicted,Not Supported,Not Supported
P0297,P0297_T1,P0297_T1_2,2,condition_replaced,Not Enough Evidence,Not Enough Evidence
P0297,P0297_T1,P0297_T1_3,3,condition_removed,Not Enough Evidence,Not Enough Evidence
P0297,P0297_T1,P0297_T1_4,4,supported,Supported,Supported
P0297,P0297_T1,P0297_T1_5,5,condition_contradicted,Not Supported,Not Enough Evidence
P0299,P0299_T1,P0299_T1_1,1,relation_contradicted,Not Supported,"library. The report does not mention any instances where a valid swipe was not logged, and the narrative emphasizes that the system recorded all valid swipes as successful."
P0299,P0299_T1,P0299_T1_2,2,condition_replaced,Not Enough Evidence,"for group alep. The paragraph does not provide evidence that the scanning step is tied to group alep, and it does not describe the same access-to-st"
P0299,P0299_T1,P0299_T1_3,3,condition_removed,Not Enough Evidence,Not Supported
P0299,P0299_T1,P0299_T1_4,4,supported,Supported,Not Supported
P0299,P0299_T1,P0299_T1_5,5,condition_contradicted,Not Supported,"study was not performed as intended, and the system did not log the access as a study-related event. The memo concluded that the access was not for the study"
P0299,P0299_T2,P0299_T2_1,1,relation_contradicted,Not Supported,"student who entered without scanning was not recorded as having accessed the dining hall. The summary concluded that the system requires a scan to log access, and the absence of"
P0299,P0299_T2,P0299_T2_2,2,condition_replaced,Not Enough Evidence,". The analyst noted that the original policy text only mentioned scanning for the food-with-friend scenario, and the dalet setting was not tied to the same scanning"
P0299,P0299_T2,P0299_T2_3,3,condition_removed,Not Enough Evidence,". The observer did not record whether the students were eating alone or with someone else, and the log did not include a ""with your friend"" condition.

Answer"
P0299,P0299_T2,P0299_T2_4,4,supported,Supported,". The note did not mention any alternative method for accessing the meal, and it did not describe any other ID scan being used for the same purpose. The report"
P0299,P0299_T2,P0299_T2_5,5,condition_contradicted,Not Supported,"note does not describe the replacement as a general rule for all food access, only for the specific case where the student was alone. It does not provide evidence that"
P0299,P0299_T3,P0299_T3_1,1,relation_contradicted,Not Supported,Not Supported
P0299,P0299_T3,P0299_T3_2,2,condition_replaced,Not Enough Evidence,"the same way as they are required for class times. The paragraph does not provide evidence that the same scanning requirement applies to environment theta.

Answer:"
P0299,P0299_T3,P0299_T3_3,3,condition_removed,Not Enough Evidence,"or for some other reason. The observer did not record the specific reason for the ID scan, only that the scan occurred.

Probe Interpretation:
The paragraph does"
P0299,P0299_T3,P0299_T3_4,4,supported,Supported,"to the scheduled class time. The fragment did not mention any alternative access methods or exceptions for the ""because you have a class soon"" condition.

Answer:
{"
P0299,P0299_T3,P0299_T3_5,5,condition_contradicted,Not Supported,"to the student ID, and it notes that the override was not logged as a formal exception. The memo does not provide evidence that the override was a one-time"
P0299,P0299_T4,P0299_T4_1,1,relation_contradicted,Not Supported,Supported
P0299,P0299_T4,P0299_T4_2,2,condition_replaced,Not Enough Evidence,scanning. The analyst noted that the population delta reference was not tied to the original scanning instruction and that the original instruction remained unchanged. The analyst therefore concluded that the
P0299,P0299_T4,P0299_T4_3,3,condition_removed,Not Enough Evidence,Not Enough Evidence
P0299,P0299_T4,P0299_T4_4,4,supported,Supported,"hours. The note did not mention any alternative method for verifying student status or any deviation from the ID scan protocol.

Probe:
The entities are the same. The"
P0299,P0299_T4,P0299_T4_5,5,condition_contradicted,Not Supported,"The professor noted that the sign-in log was used for that week, and the student ID scanner was not required for entry. The report does not state that the"
P0299,P0299_T5,P0299_T5_1,1,relation_contradicted,Not Supported,"the scan to log attendance. The report concludes that the ID scan is a required step for accessing these facilities and services, and that the scan is used to track"
P0299,P0299_T5,P0299_T5_2,2,condition_replaced,Not Enough Evidence,"not provide a direct mapping between the two tiers. The analyst noted that the tiering was not consistently documented across the services, and the guide did not clarify whether"
P0299,P0299_T5,P0299_T5_3,3,condition_removed,Not Enough Evidence,"faculty hall, printing, laundry, and transportation). The observer only recorded that scanning occurred at each point, without a clear statement that all actions were tied to a"
P0299,P0299_T5,P0299_T5_4,4,supported,Supported,"services, but it did not provide a clear statement that the ID scan is required for all of these services. The fragment did not specify whether the ID scan is"
P0299,P0299_T5,P0299_T5_5,5,condition_contradicted,Not Supported,"be a replacement for the ID scan during that week, and that the same services were available under the QR code as they were under the ID scan. The memo"
P0299,P0299_T6,P0299_T6_1,1,relation_contradicted,Not Supported,Not Supported
P0299,P0299_T6,P0299_T6_2,2,condition_replaced,Not Enough Evidence,Supported
P0299,P0299_T6,P0299_T6_3,3,condition_removed,Not Enough Evidence,"as ""unrelated to the main query."" The report did not confirm that the logging was tied to the ID scan, and it did not provide a clear statement"
P0299,P0299_T6,P0299_T6_4,4,supported,Supported,"did not occur for more than 30 seconds at a given time. The field note explicitly states that the database did not log the scan as intended, and the"
P0299,P0299_T6,P0299_T6_5,5,condition_contradicted,Not Supported,"‚Äì‚àö¬¬

Annotation:
The entities are the same. The relationship is the same. However, the condition is replaced from a normal"
P0299,P0299_T7,P0299_T7_1,1,relation_contradicted,Not Supported,"have implemented surveillance tools such as security cameras, audio loggers, ShotSpotters, license-plate recognition cameras, and monitoring of personal devices as a widespread"
P0299,P0299_T7,P0299_T7_2,2,condition_replaced,Not Enough Evidence,did not provide evidence that the same tools were used under setting dalet. The analyst noted that the report did not include any dalet-specific implementation details or outcomes
P0299,P0299_T7,P0299_T7_3,3,condition_removed,Not Enough Evidence,"of security and safety. The observation log only mentioned that colleges implemented surveillance tools such as security cameras, audio loggers, ShotSpotters, license-plate"
P0299,P0299_T7,P0299_T7_4,4,supported,Supported,"described as a primary mechanism for monitoring student activity. The fragment did not provide a specific college name or a direct quote from a college administrator, but it emphasized that"
P0299,P0299_T7,P0299_T7_5,5,condition_contradicted,Not Supported,"improving data quality, while security incidents remained low and unrelated to the surveillance. The report concluded that the surveillance was not primarily for safety but for operational streamlining,"
P0673,P0673_T1,P0673_T1_1,1,relation_contradicted,Not Supported,Not Supported
P0673,P0673_T1,P0673_T1_2,2,condition_replaced,Not Enough Evidence,Not Supported
P0673,P0673_T1,P0673_T1_3,3,condition_removed,Not Enough Evidence,Not Enough Evidence
P0673,P0673_T1,P0673_T1_4,4,supported,Supported,Supported
P0673,P0673_T1,P0673_T1_5,5,condition_contradicted,Not Supported,Not Supported
P0208,P0208_T1,P0208_T1_1,1,relation_contradicted,Not Supported,Not Supported
P0208,P0208_T1,P0208_T1_2,2,condition_replaced,Not Enough Evidence,Not Supported
P0208,P0208_T1,P0208_T1_3,3,condition_removed,Not Enough Evidence,Not Enough Evidence
P0208,P0208_T1,P0208_T1_4,4,supported,Supported,Supported
P0208,P0208_T1,P0208_T1_5,5,condition_contradicted,Not Supported,Not Supported
P0456,P0456_T1,P0456_T1_1,1,relation_contradicted,Not Supported,Not Enough Evidence
P0456,P0456_T1,P0456_T1_2,2,condition_replaced,Not Enough Evidence,Not Enough Evidence
P0456,P0456_T1,P0456_T1_3,3,condition_removed,Not Enough Evidence,Not Enough Evidence
P0456,P0456_T1,P0456_T1_4,4,supported,Supported,Supported
P0456,P0456_T1,P0456_T1_5,5,condition_contradicted,Not Supported,Not Supported
P0457,P0457_T1,P0457_T1_1,1,relation_contradicted,Not Supported,Not Enough Evidence
P0457,P0457_T1,P0457_T1_2,2,condition_replaced,Not Enough Evidence,"ôs relationship to the original condition is not clarified, the evidence is insufficient to confirm that the same relationship holds under the substituted trigger.

Answer:"
P0457,P0457_T1,P0457_T1_3,3,condition_removed,Not Enough Evidence,"the bedtime context is lost.

Answer:"
P0457,P0457_T1,P0457_T1_4,4,supported,Supported,"of it like a conditional claim: the presence increase is only observed when the participants are going to bed, not during other times of the day. The memo does"
P0457,P0457_T1,P0457_T1_5,5,condition_contradicted,Not Supported,Äö¬¢¬¨√Ñ¬¨√π condition is not met. The summary does not support that the actors were more present with each other when
P0457,P0457_T3,P0457_T3_1,1,relation_contradicted,Not Supported,"stated limitation. The memo does not provide a clear alternative trigger or a consistent pattern that would support the replacement of the trigger. Therefore, the replacement of the trigger"
P0457,P0457_T3,P0457_T3_2,2,condition_replaced,Not Enough Evidence,".

Answer:"
P0457,P0457_T3,P0457_T3_3,3,condition_removed,Not Enough Evidence,Not Supported
P0457,P0457_T3,P0457_T3_4,4,supported,Supported,"relationship, and condition. Are they the same? Does the condition remain the same, or is it replaced? Does the relationship hold true under the same condition,"
P0457,P0457_T3,P0457_T3_5,5,condition_contradicted,Not Supported,"claim.

Probe Output:
A: The paragraph does not support the question statement. The condition is replaced, so we do not know if the statement holds true."
P0457,P0457_T4,P0457_T4_1,1,relation_contradicted,Not Supported,"ling as a pre-sleep activity.

Probe-only Answer:
The paragraph does not provide evidence that the caregiver will cuddle when he is about to go to sleep"
P0457,P0457_T4,P0457_T4_2,2,condition_replaced,Not Enough Evidence,Not Supported
P0457,P0457_T4,P0457_T4_3,3,condition_removed,Not Enough Evidence,"of it this way: The clinician is saying that he cuddles me, but the note does not say that this happens when he is about to go to"
P0457,P0457_T4,P0457_T4_4,4,supported,Supported,"answering.

Answer:"
P0457,P0457_T4,P0457_T4_5,5,condition_contradicted,Not Supported,".

Probe-only Answer:
Paragraph claim: The paragraph states that he does not initiate cuddling with me during wakeful moments outside the sleep-transition window. It explicitly"
P0457,P0457_T5,P0457_T5_1,1,relation_contradicted,Not Supported,sequence. The memo does not provide enough evidence to verify that the sequence is the same as the one where the feeling of not being a priority is reported. The
P0457,P0457_T5,P0457_T5_2,2,condition_replaced,Not Enough Evidence,", relationship, and condition: The entities are the same. The relationship is the same. However, the condition has been replaced from the original ordering condition to environment"
P0457,P0457_T5,P0457_T5_3,3,condition_removed,Not Enough Evidence,"entities, the relationship, and the condition. The entities are the same. The relationship is the same. However, the condition is not preserved. The condition is"
P0457,P0457_T5,P0457_T5_4,4,supported,Supported,":

* The entities are the same: The fragment still refers to the same person (he) and the same speaker (I).
* The relationship is the same"
P0457,P0457_T5,P0457_T5_5,5,condition_contradicted,Not Supported,...
P0457,P0457_T6,P0457_T6_1,1,relation_contradicted,Not Supported,"the evidence incomplete for the negation claim.

Probe-only Answer:
{
  ""decision"": ""..."",
  ""reason_type"": ""..."",
  ""explanation"":"
P0457,P0457_T6,P0457_T6_2,2,condition_replaced,Not Enough Evidence,"the swap preserves the original relationship.

Probe Answer:
The paragraph does not support the question statement. The entities are the same, but the condition has been replaced from"
P0457,P0457_T6,P0457_T6_3,3,condition_removed,Not Enough Evidence,"conditional nature cannot be verified.

Answer:"
P0457,P0457_T6,P0457_T6_4,4,supported,Supported,"answering.

Answer:"
P0457,P0457_T6,P0457_T6_5,5,condition_contradicted,Not Supported,"absent.

Probe Output:
A: The memo does not support the claim that He puts down the phone/book without a request. It explicitly ties the action to the"
P0458,P0458_T1,P0458_T1_1,1,relation_contradicted,Not Supported,"and it made me wonder if i‚àö¬¢¬¨√Ñ¬¨√¥m even important to her.
  
  the last thing is"
P0458,P0458_T1,P0458_T1_2,2,condition_replaced,Not Enough Evidence,"and it made me wonder if i‚àö¬¢¬¨√Ñ¬¨√¥m even important to her.
  
  the last thing is"
P0458,P0458_T1,P0458_T1_3,3,condition_removed,Not Enough Evidence,"and it made me wonder if i‚àö¬¢¬¨√Ñ¬¨√¥m even important to her.
  
  the last thing is"
P0458,P0458_T1,P0458_T1_4,4,supported,Supported,"and it made me wonder if i‚àö¬¢¬¨√Ñ¬¨√¥m even important to her.
  
  the last thing is"
P0458,P0458_T1,P0458_T1_5,5,condition_contradicted,Not Supported,"and it made me wonder if i‚àö¬¢¬¨√Ñ¬¨√¥m even important to her.
  
  the last thing is"
P0458,P0458_T2,P0458_T2_1,1,relation_contradicted,Not Supported,"and it made me wonder if i‚àö¬¢¬¨√Ñ¬¨√¥m even important to her.
  
  the last thing is"
P0458,P0458_T2,P0458_T2_2,2,condition_replaced,Not Enough Evidence,"and it made me wonder if i‚àö¬¢¬¨√Ñ¬¨√¥m even important to her.
  
  the last thing is"
P0458,P0458_T2,P0458_T2_3,3,condition_removed,Not Enough Evidence,"and it made me wonder if i‚àö¬¢¬¨√Ñ¬¨√¥m even important to her.
  
  the last thing is"
P0458,P0458_T2,P0458_T2_4,4,supported,Supported,"and it made me wonder if i‚àö¬¢¬¨√Ñ¬¨√¥m even important to her.
  
  the last thing is"
P0458,P0458_T2,P0458_T2_5,5,condition_contradicted,Not Supported,"and it made me wonder if i‚àö¬¢¬¨√Ñ¬¨√¥m even important to her.
  
  the last thing is"
P0459,P0459_T1,P0459_T1_1,1,relation_contradicted,Not Supported,Not Supported
P0459,P0459_T1,P0459_T1_2,2,condition_replaced,Not Enough Evidence,Not Enough Evidence
P0459,P0459_T1,P0459_T1_3,3,condition_removed,Not Enough Evidence,Not Enough Evidence
P0459,P0459_T1,P0459_T1_4,4,supported,Supported,Supported
P0459,P0459_T1,P0459_T1_5,5,condition_contradicted,Not Supported,Not Supported
P0099,P0099_T1,P0099_T1_1,1,relation_contradicted,Not Supported,Supported
P0099,P0099_T1,P0099_T1_2,2,condition_replaced,Not Enough Evidence,Not Enough Evidence
P0099,P0099_T1,P0099_T1_3,3,condition_removed,Not Enough Evidence,Not Enough Evidence
P0099,P0099_T1,P0099_T1_4,4,supported,Supported,Supported
P0099,P0099_T1,P0099_T1_5,5,condition_contradicted,Not Supported,Not Supported
P0099,P0099_T2,P0099_T2_1,1,relation_contradicted,Not Supported,Supported
P0099,P0099_T2,P0099_T2_2,2,condition_replaced,Not Enough Evidence,Not Enough Evidence
P0099,P0099_T2,P0099_T2_3,3,condition_removed,Not Enough Evidence,Not Enough Evidence
P0099,P0099_T2,P0099_T2_4,4,supported,Supported,Supported
P0099,P0099_T2,P0099_T2_5,5,condition_contradicted,Not Supported,Not Enough Evidence
P0099,P0099_T3,P0099_T3_1,1,relation_contradicted,Not Supported,Not Supported
P0099,P0099_T3,P0099_T3_2,2,condition_replaced,Not Enough Evidence,Not Enough Evidence
P0099,P0099_T3,P0099_T3_3,3,condition_removed,Not Enough Evidence,Not Enough Evidence
P0099,P0099_T3,P0099_T3_4,4,supported,Supported,Supported
P0099,P0099_T3,P0099_T3_5,5,condition_contradicted,Not Supported,Not Supported
P0299,P0299_T8,P0299_T8_1,1,relation_contradicted,Not Supported,"documentation emphasize the cameras are for monitoring and are not hidden. The memo concludes that the cameras are not hidden discreetly on lights in classrooms.

Answer:
{"
P0299,P0299_T8,P0299_T8_2,2,condition_replaced,Not Enough Evidence,"not specify that the cameras were installed in the same building where the original surveillance was described. The observer also mentions that the wing layout differs from the original building,"
P0299,P0299_T8,P0299_T8_3,3,condition_removed,Not Enough Evidence,camera angles and housing shapes but does not provide evidence that the cameras were actually installed in the described manner. The analyst concludes that the claim of hidden cameras is not
P0299,P0299_T8,P0299_T8_4,4,supported,Supported,"student areas. The report does not mention any alternative locations or that the cameras were placed elsewhere.

Probe:
The entities are the same. The relationship is the same"
P0299,P0299_T8,P0299_T8_5,5,condition_contradicted,Not Supported,"longer contained active units. The log also notes that the camera system was not reactivated after the remodel, and that the classrooms were used for regular instruction without surveillance"
P0299,P0299_T9,P0299_T9_1,1,relation_contradicted,Not Supported,"on ledges, the paragraph does not support that the cameras were perched in the dorm building.

Answer:"
P0299,P0299_T9,P0299_T9_2,2,condition_replaced,Not Enough Evidence,"cameras are not actually installed on the shelves but are instead mounted on the wall behind the shelves, and the camera housings are merely decorative. The summary concludes that"
P0299,P0299_T9,P0299_T9_3,3,condition_removed,Not Enough Evidence,"the same hallways as the dorm building. The statement does not confirm that the perched cameras are tied to the dorm building hallways.

Answer:
{"
P0299,P0299_T9,P0299_T9_4,4,supported,Supported,"report does not mention any cameras that were not perched or that were instead mounted flat against the wall.

Probe claim:
The paragraph states that cameras are perched"
P0299,P0299_T9,P0299_T9_5,5,condition_contradicted,Not Supported,"ings were empty, with no active surveillance equipment present.

Probe:
The entities are the same. The relationship is the same. However, the condition is replaced,"
P0300,P0300_T1,P0300_T1_1,1,relation_contradicted,Not Supported,Not Supported
P0300,P0300_T1,P0300_T1_2,2,condition_replaced,Not Enough Evidence,Not Enough Evidence
P0300,P0300_T1,P0300_T1_3,3,condition_removed,Not Enough Evidence,Not Enough Evidence
P0300,P0300_T1,P0300_T1_4,4,supported,Supported,Supported
P0300,P0300_T1,P0300_T1_5,5,condition_contradicted,Not Supported,Not Supported
P0300,P0300_T2,P0300_T2_1,1,relation_contradicted,Not Supported,Not Supported
P0300,P0300_T2,P0300_T2_2,2,condition_replaced,Not Enough Evidence,Not Enough Evidence
P0300,P0300_T2,P0300_T2_3,3,condition_removed,Not Enough Evidence,Not Enough Evidence
P0300,P0300_T2,P0300_T2_4,4,supported,Supported,Supported
P0300,P0300_T2,P0300_T2_5,5,condition_contradicted,Not Supported,Not Supported
P0300,P0300_T3,P0300_T3_1,1,relation_contradicted,Not Supported,Not Supported
P0300,P0300_T3,P0300_T3_2,2,condition_replaced,Not Enough Evidence,Not Enough Evidence
P0300,P0300_T3,P0300_T3_3,3,condition_removed,Not Enough Evidence,Not Enough Evidence
P0300,P0300_T3,P0300_T3_4,4,supported,Supported,Supported
P0300,P0300_T3,P0300_T3_5,5,condition_contradicted,Not Supported,Not Supported
P0300,P0300_T4,P0300_T4_1,1,relation_contradicted,Not Supported,Not Supported
P0300,P0300_T4,P0300_T4_2,2,condition_replaced,Not Enough Evidence,Not Enough Evidence
P0300,P0300_T4,P0300_T4_3,3,condition_removed,Not Enough Evidence,Not Enough Evidence
P0300,P0300_T4,P0300_T4_4,4,supported,Supported,Supported
P0300,P0300_T4,P0300_T4_5,5,condition_contradicted,Not Supported,Not Supported
P0675,P0675_T1,P0675_T1_1,1,relation_contradicted,Not Supported,Supported
P0675,P0675_T1,P0675_T1_2,2,condition_replaced,Not Enough Evidence,Not Enough Evidence
P0675,P0675_T1,P0675_T1_3,3,condition_removed,Not Enough Evidence,Not Enough Evidence
P0675,P0675_T1,P0675_T1_4,4,supported,Supported,Supported
P0675,P0675_T1,P0675_T1_5,5,condition_contradicted,Not Supported,Not Enough Evidence
P0678,P0678_T1,P0678_T1_1,1,relation_contradicted,Not Supported,Not Supported
P0678,P0678_T1,P0678_T1_2,2,condition_replaced,Not Enough Evidence,Not Supported
P0678,P0678_T1,P0678_T1_3,3,condition_removed,Not Enough Evidence,Not Enough Evidence
P0678,P0678_T1,P0678_T1_4,4,supported,Supported,Supported
P0678,P0678_T1,P0678_T1_5,5,condition_contradicted,Not Supported,Not Enough Evidence
P0680,P0680_T1,P0680_T1_1,1,relation_contradicted,Not Supported,Not Supported
P0680,P0680_T1,P0680_T1_2,2,condition_replaced,Not Enough Evidence,Not Enough Evidence
P0680,P0680_T1,P0680_T1_3,3,condition_removed,Not Enough Evidence,Not Enough Evidence
P0680,P0680_T1,P0680_T1_4,4,supported,Supported,Supported
P0680,P0680_T1,P0680_T1_5,5,condition_contradicted,Not Supported,Not Enough Evidence
P0681,P0681_T1,P0681_T1_1,1,relation_contradicted,Not Supported,Supported
P0681,P0681_T1,P0681_T1_2,2,condition_replaced,Not Enough Evidence,Not Enough Evidence
P0681,P0681_T1,P0681_T1_3,3,condition_removed,Not Enough Evidence,Not Enough Evidence
P0681,P0681_T1,P0681_T1_4,4,supported,Supported,Supported
P0681,P0681_T1,P0681_T1_5,5,condition_contradicted,Not Supported,Not Enough Evidence
P0682,P0682_T1,P0682_T1_1,1,relation_contradicted,Not Supported,Supported
P0682,P0682_T1,P0682_T1_2,2,condition_replaced,Not Enough Evidence,Not Supported
P0682,P0682_T1,P0682_T1_3,3,condition_removed,Not Enough Evidence,Not Supported
P0682,P0682_T1,P0682_T1_4,4,supported,Supported,Supported
P0682,P0682_T1,P0682_T1_5,5,condition_contradicted,Not Supported,Not Supported
P0682,P0682_T2,P0682_T2_1,1,relation_contradicted,Not Supported,Not Supported
P0682,P0682_T2,P0682_T2_2,2,condition_replaced,Not Enough Evidence,Not Enough Evidence
P0682,P0682_T2,P0682_T2_3,3,condition_removed,Not Enough Evidence,Not Enough Evidence
P0682,P0682_T2,P0682_T2_4,4,supported,Supported,Supported
P0682,P0682_T2,P0682_T2_5,5,condition_contradicted,Not Supported,Not Supported
P0214,P0214_T1,P0214_T1_1,1,relation_contradicted,Not Supported,Supported
P0214,P0214_T1,P0214_T1_2,2,condition_replaced,Not Enough Evidence,Not Enough Evidence
P0214,P0214_T1,P0214_T1_3,3,condition_removed,Not Enough Evidence,Not Enough Evidence
P0214,P0214_T1,P0214_T1_4,4,supported,Supported,Supported
P0214,P0214_T1,P0214_T1_5,5,condition_contradicted,Not Supported,Not Supported
P0215,P0215_T1,P0215_T1_1,1,relation_contradicted,Not Supported,Not Supported
P0215,P0215_T1,P0215_T1_2,2,condition_replaced,Not Enough Evidence,Not Enough Evidence
P0215,P0215_T1,P0215_T1_3,3,condition_removed,Not Enough Evidence,Not Enough Evidence
P0215,P0215_T1,P0215_T1_4,4,supported,Supported,Supported
P0215,P0215_T1,P0215_T1_5,5,condition_contradicted,Not Supported,Not Supported
P0215,P0215_T2,P0215_T2_1,1,relation_contradicted,Not Supported,Not Supported
P0215,P0215_T2,P0215_T2_2,2,condition_replaced,Not Enough Evidence,Not Enough Evidence
P0215,P0215_T2,P0215_T2_3,3,condition_removed,Not Enough Evidence,Not Enough Evidence
P0215,P0215_T2,P0215_T2_4,4,supported,Supported,Supported
P0215,P0215_T2,P0215_T2_5,5,condition_contradicted,Not Supported,Not Supported
P0215,P0215_T3,P0215_T3_1,1,relation_contradicted,Not Supported,Not Supported
P0215,P0215_T3,P0215_T3_2,2,condition_replaced,Not Enough Evidence,Not Enough Evidence
P0215,P0215_T3,P0215_T3_3,3,condition_removed,Not Enough Evidence,Not Enough Evidence
P0215,P0215_T3,P0215_T3_4,4,supported,Supported,Supported
P0215,P0215_T3,P0215_T3_5,5,condition_contradicted,Not Supported,Not Supported
P0215,P0215_T4,P0215_T4_1,1,relation_contradicted,Not Supported,Not Supported
P0215,P0215_T4,P0215_T4_2,2,condition_replaced,Not Enough Evidence,Not Enough Evidence
P0215,P0215_T4,P0215_T4_3,3,condition_removed,Not Enough Evidence,Not Enough Evidence
P0215,P0215_T4,P0215_T4_4,4,supported,Supported,Supported
P0215,P0215_T4,P0215_T4_5,5,condition_contradicted,Not Supported,Not Supported
P0461,P0461_T1,P0461_T1_1,1,relation_contradicted,Not Supported,Not Supported
P0461,P0461_T1,P0461_T1_2,2,condition_replaced,Not Enough Evidence,Not Enough Evidence
P0461,P0461_T1,P0461_T1_3,3,condition_removed,Not Enough Evidence,Not Enough Evidence
P0461,P0461_T1,P0461_T1_4,4,supported,Supported,Supported
P0461,P0461_T1,P0461_T1_5,5,condition_contradicted,Not Supported,Not Supported
P0464,P0464_T1,P0464_T1_1,1,relation_contradicted,Not Supported,Not Supported
P0464,P0464_T1,P0464_T1_2,2,condition_replaced,Not Enough Evidence,Not Enough Evidence
P0464,P0464_T1,P0464_T1_3,3,condition_removed,Not Enough Evidence,Not Enough Evidence
P0464,P0464_T1,P0464_T1_4,4,supported,Supported,Supported
P0464,P0464_T1,P0464_T1_5,5,condition_contradicted,Not Supported,Not Supported
P0464,P0464_T2,P0464_T2_1,1,relation_contradicted,Not Supported,Not Supported
P0464,P0464_T2,P0464_T2_2,2,condition_replaced,Not Enough Evidence,Not Enough Evidence
P0464,P0464_T2,P0464_T2_3,3,condition_removed,Not Enough Evidence,Not Enough Evidence
P0464,P0464_T2,P0464_T2_4,4,supported,Supported,Supported
P0464,P0464_T2,P0464_T2_5,5,condition_contradicted,Not Supported,Not Enough Evidence
P0105,P0105_T1,P0105_T1_1,1,relation_contradicted,Not Supported,Not Supported
P0105,P0105_T1,P0105_T1_2,2,condition_replaced,Not Enough Evidence,Not Enough Evidence
P0105,P0105_T1,P0105_T1_3,3,condition_removed,Not Enough Evidence,Not Enough Evidence
P0105,P0105_T1,P0105_T1_4,4,supported,Supported,Supported
P0105,P0105_T1,P0105_T1_5,5,condition_contradicted,Not Supported,Not Supported
P0105,P0105_T2,P0105_T2_1,1,relation_contradicted,Not Supported,Not Supported
P0105,P0105_T2,P0105_T2_2,2,condition_replaced,Not Enough Evidence,Not Enough Evidence
P0105,P0105_T2,P0105_T2_3,3,condition_removed,Not Enough Evidence,Not Enough Evidence
P0105,P0105_T2,P0105_T2_4,4,supported,Supported,Supported
P0105,P0105_T2,P0105_T2_5,5,condition_contradicted,Not Supported,Not Supported
P0682,P0682_T3,P0682_T3_1,1,relation_contradicted,Not Supported,Not Supported
P0682,P0682_T3,P0682_T3_2,2,condition_replaced,Not Enough Evidence,Not Enough Evidence
P0682,P0682_T3,P0682_T3_3,3,condition_removed,Not Enough Evidence,Not Enough Evidence
P0682,P0682_T3,P0682_T3_4,4,supported,Supported,Supported
P0682,P0682_T3,P0682_T3_5,5,condition_contradicted,Not Supported,Not Supported
P0682,P0682_T4,P0682_T4_1,1,relation_contradicted,Not Supported,Not Supported
P0682,P0682_T4,P0682_T4_2,2,condition_replaced,Not Enough Evidence,Not Enough Evidence
P0682,P0682_T4,P0682_T4_3,3,condition_removed,Not Enough Evidence,Not Enough Evidence
P0682,P0682_T4,P0682_T4_4,4,supported,Supported,Supported
P0682,P0682_T4,P0682_T4_5,5,condition_contradicted,Not Supported,Not Supported
P0687,P0687_T1,P0687_T1_1,1,relation_contradicted,Not Supported,Not Supported
P0687,P0687_T1,P0687_T1_2,2,condition_replaced,Not Enough Evidence,Not Enough Evidence
P0687,P0687_T1,P0687_T1_3,3,condition_removed,Not Enough Evidence,Not Enough Evidence
P0687,P0687_T1,P0687_T1_4,4,supported,Supported,Supported
P0687,P0687_T1,P0687_T1_5,5,condition_contradicted,Not Supported,Not Supported
P0687,P0687_T2,P0687_T2_1,1,relation_contradicted,Not Supported,Not Supported
P0687,P0687_T2,P0687_T2_2,2,condition_replaced,Not Enough Evidence,Not Enough Evidence
P0687,P0687_T2,P0687_T2_3,3,condition_removed,Not Enough Evidence,Not Enough Evidence
P0687,P0687_T2,P0687_T2_4,4,supported,Supported,Supported
P0687,P0687_T2,P0687_T2_5,5,condition_contradicted,Not Supported,Not Supported
P0215,P0215_T5,P0215_T5_1,1,relation_contradicted,Not Supported,Supported
P0215,P0215_T5,P0215_T5_2,2,condition_replaced,Not Enough Evidence,Not Enough Evidence
P0215,P0215_T5,P0215_T5_3,3,condition_removed,Not Enough Evidence,Not Enough Evidence
P0215,P0215_T5,P0215_T5_4,4,supported,Supported,Supported
P0215,P0215_T5,P0215_T5_5,5,condition_contradicted,Not Supported,Not Supported
P0215,P0215_T6,P0215_T6_1,1,relation_contradicted,Not Supported,Not Supported
P0215,P0215_T6,P0215_T6_2,2,condition_replaced,Not Enough Evidence,Not Enough Evidence
P0215,P0215_T6,P0215_T6_3,3,condition_removed,Not Enough Evidence,Not Enough Evidence
P0215,P0215_T6,P0215_T6_4,4,supported,Supported,Supported
P0215,P0215_T6,P0215_T6_5,5,condition_contradicted,Not Supported,Not Supported
P0215,P0215_T7,P0215_T7_1,1,relation_contradicted,Not Supported,Not Supported
P0215,P0215_T7,P0215_T7_2,2,condition_replaced,Not Enough Evidence,Not Enough Evidence
P0215,P0215_T7,P0215_T7_3,3,condition_removed,Not Enough Evidence,Not Enough Evidence
P0215,P0215_T7,P0215_T7_4,4,supported,Supported,Supported
P0215,P0215_T7,P0215_T7_5,5,condition_contradicted,Not Supported,Not Supported
P0215,P0215_T8,P0215_T8_1,1,relation_contradicted,Not Supported,Not Supported
P0215,P0215_T8,P0215_T8_2,2,condition_replaced,Not Enough Evidence,Not Enough Evidence
P0215,P0215_T8,P0215_T8_3,3,condition_removed,Not Enough Evidence,Not Enough Evidence
P0215,P0215_T8,P0215_T8_4,4,supported,Supported,Supported
P0215,P0215_T8,P0215_T8_5,5,condition_contradicted,Not Supported,Not Supported
P0216,P0216_T1,P0216_T1_1,1,relation_contradicted,Not Supported,Not Supported
P0216,P0216_T1,P0216_T1_2,2,condition_replaced,Not Enough Evidence,Not Supported
P0216,P0216_T1,P0216_T1_3,3,condition_removed,Not Enough Evidence,Not Supported
P0216,P0216_T1,P0216_T1_4,4,supported,Supported,Not Supported
P0216,P0216_T1,P0216_T1_5,5,condition_contradicted,Not Supported,Not Supported
P0216,P0216_T2,P0216_T2_1,1,relation_contradicted,Not Supported,Not Supported
P0216,P0216_T2,P0216_T2_2,2,condition_replaced,Not Enough Evidence,Not Supported
P0216,P0216_T2,P0216_T2_3,3,condition_removed,Not Enough Evidence,Not Supported
P0216,P0216_T2,P0216_T2_4,4,supported,Supported,Not Supported
P0216,P0216_T2,P0216_T2_5,5,condition_contradicted,Not Supported,Not Supported
P0216,P0216_T3,P0216_T3_1,1,relation_contradicted,Not Supported,Not Supported
P0216,P0216_T3,P0216_T3_2,2,condition_replaced,Not Enough Evidence,Not Supported
P0216,P0216_T3,P0216_T3_3,3,condition_removed,Not Enough Evidence,Not Supported
P0216,P0216_T3,P0216_T3_4,4,supported,Supported,Not Supported
P0216,P0216_T3,P0216_T3_5,5,condition_contradicted,Not Supported,Not Supported
P0218,P0218_T1,P0218_T1_1,1,relation_contradicted,Not Supported,Not Supported
P0218,P0218_T1,P0218_T1_2,2,condition_replaced,Not Enough Evidence,Not Supported
P0218,P0218_T1,P0218_T1_3,3,condition_removed,Not Enough Evidence,Not Enough Evidence
P0218,P0218_T1,P0218_T1_4,4,supported,Supported,Supported
P0218,P0218_T1,P0218_T1_5,5,condition_contradicted,Not Supported,Not Supported
P0464,P0464_T3,P0464_T3_1,1,relation_contradicted,Not Supported,Supported
P0464,P0464_T3,P0464_T3_2,2,condition_replaced,Not Enough Evidence,Not Enough Evidence
P0464,P0464_T3,P0464_T3_3,3,condition_removed,Not Enough Evidence,Not Enough Evidence
P0464,P0464_T3,P0464_T3_4,4,supported,Supported,Supported
P0464,P0464_T3,P0464_T3_5,5,condition_contradicted,Not Supported,Not Supported
P0110,P0110_T1,P0110_T1_1,1,relation_contradicted,Not Supported,Not Supported
P0110,P0110_T1,P0110_T1_2,2,condition_replaced,Not Enough Evidence,Not Enough Evidence
P0110,P0110_T1,P0110_T1_3,3,condition_removed,Not Enough Evidence,Not Enough Evidence
P0110,P0110_T1,P0110_T1_4,4,supported,Supported,Supported
P0110,P0110_T1,P0110_T1_5,5,condition_contradicted,Not Supported,Not Supported
P0305,P0305_T1,P0305_T1_1,1,relation_contradicted,Not Supported,Supported
P0305,P0305_T1,P0305_T1_2,2,condition_replaced,Not Enough Evidence,Not Enough Evidence
P0305,P0305_T1,P0305_T1_3,3,condition_removed,Not Enough Evidence,Not Enough Evidence
P0305,P0305_T1,P0305_T1_4,4,supported,Supported,Supported
P0305,P0305_T1,P0305_T1_5,5,condition_contradicted,Not Supported,Not Enough Evidence
P0687,P0687_T3,P0687_T3_1,1,relation_contradicted,Not Supported,Not Supported
P0687,P0687_T3,P0687_T3_2,2,condition_replaced,Not Enough Evidence,Not Enough Evidence
P0687,P0687_T3,P0687_T3_3,3,condition_removed,Not Enough Evidence,Not Enough Evidence
P0687,P0687_T3,P0687_T3_4,4,supported,Supported,Supported
P0687,P0687_T3,P0687_T3_5,5,condition_contradicted,Not Supported,Not Supported
P0687,P0687_T4,P0687_T4_1,1,relation_contradicted,Not Supported,Supported
P0687,P0687_T4,P0687_T4_2,2,condition_replaced,Not Enough Evidence,Not Enough Evidence
P0687,P0687_T4,P0687_T4_3,3,condition_removed,Not Enough Evidence,Not Enough Evidence
P0687,P0687_T4,P0687_T4_4,4,supported,Supported,Supported
P0687,P0687_T4,P0687_T4_5,5,condition_contradicted,Not Supported,Not Supported
P0690,P0690_T1,P0690_T1_1,1,relation_contradicted,Not Supported,Not Supported
P0690,P0690_T1,P0690_T1_2,2,condition_replaced,Not Enough Evidence,Not Enough Evidence
P0690,P0690_T1,P0690_T1_3,3,condition_removed,Not Enough Evidence,Not Enough Evidence
P0690,P0690_T1,P0690_T1_4,4,supported,Supported,Supported
P0690,P0690_T1,P0690_T1_5,5,condition_contradicted,Not Supported,Not Supported
P0691,P0691_T1,P0691_T1_1,1,relation_contradicted,Not Supported,Not Supported
P0691,P0691_T1,P0691_T1_2,2,condition_replaced,Not Enough Evidence,Not Enough Evidence
P0691,P0691_T1,P0691_T1_3,3,condition_removed,Not Enough Evidence,Not Enough Evidence
P0691,P0691_T1,P0691_T1_4,4,supported,Supported,Supported
P0691,P0691_T1,P0691_T1_5,5,condition_contradicted,Not Supported,Not Supported
P0221,P0221_T1,P0221_T1_1,1,relation_contradicted,Not Supported,Not Supported
P0221,P0221_T1,P0221_T1_2,2,condition_replaced,Not Enough Evidence,Not Enough Evidence
P0221,P0221_T1,P0221_T1_3,3,condition_removed,Not Enough Evidence,Not Enough Evidence
P0221,P0221_T1,P0221_T1_4,4,supported,Supported,Supported
P0221,P0221_T1,P0221_T1_5,5,condition_contradicted,Not Supported,Not Supported
P0221,P0221_T2,P0221_T2_1,1,relation_contradicted,Not Supported,Not Supported
P0221,P0221_T2,P0221_T2_2,2,condition_replaced,Not Enough Evidence,Not Enough Evidence
P0221,P0221_T2,P0221_T2_3,3,condition_removed,Not Enough Evidence,Not Enough Evidence
P0221,P0221_T2,P0221_T2_4,4,supported,Supported,Supported
P0221,P0221_T2,P0221_T2_5,5,condition_contradicted,Not Supported,Not Supported
P0221,P0221_T3,P0221_T3_1,1,relation_contradicted,Not Supported,Not Supported
P0221,P0221_T3,P0221_T3_2,2,condition_replaced,Not Enough Evidence,Not Enough Evidence
P0221,P0221_T3,P0221_T3_3,3,condition_removed,Not Enough Evidence,Not Enough Evidence
P0221,P0221_T3,P0221_T3_4,4,supported,Supported,Supported
P0221,P0221_T3,P0221_T3_5,5,condition_contradicted,Not Supported,Not Supported
P0113,P0113_T1,P0113_T1_1,1,relation_contradicted,Not Supported,Not Enough Evidence
P0113,P0113_T1,P0113_T1_2,2,condition_replaced,Not Enough Evidence,Not Enough Evidence
P0113,P0113_T1,P0113_T1_3,3,condition_removed,Not Enough Evidence,Not Enough Evidence
P0113,P0113_T1,P0113_T1_4,4,supported,Supported,Supported
P0113,P0113_T1,P0113_T1_5,5,condition_contradicted,Not Supported,Not Enough Evidence
P0113,P0113_T2,P0113_T2_1,1,relation_contradicted,Not Supported,Not Supported
P0113,P0113_T2,P0113_T2_2,2,condition_replaced,Not Enough Evidence,Not Enough Evidence
P0113,P0113_T2,P0113_T2_3,3,condition_removed,Not Enough Evidence,Not Enough Evidence
P0113,P0113_T2,P0113_T2_4,4,supported,Supported,Supported
P0113,P0113_T2,P0113_T2_5,5,condition_contradicted,Not Supported,Not Supported
P0113,P0113_T3,P0113_T3_1,1,relation_contradicted,Not Supported,Not Supported
P0113,P0113_T3,P0113_T3_2,2,condition_replaced,Not Enough Evidence,Not Enough Evidence
P0113,P0113_T3,P0113_T3_3,3,condition_removed,Not Enough Evidence,Not Enough Evidence
P0113,P0113_T3,P0113_T3_4,4,supported,Supported,Supported
P0113,P0113_T3,P0113_T3_5,5,condition_contradicted,Not Supported,Not Supported
P0114,P0114_T1,P0114_T1_1,1,relation_contradicted,Not Supported,Not Supported
P0114,P0114_T1,P0114_T1_2,2,condition_replaced,Not Enough Evidence,Not Enough Evidence
P0114,P0114_T1,P0114_T1_3,3,condition_removed,Not Enough Evidence,Not Supported
P0114,P0114_T1,P0114_T1_4,4,supported,Supported,Supported
P0114,P0114_T1,P0114_T1_5,5,condition_contradicted,Not Supported,Not Supported
P0309,P0309_T1,P0309_T1_1,1,relation_contradicted,Not Supported,Not Supported
P0309,P0309_T1,P0309_T1_2,2,condition_replaced,Not Enough Evidence,Not Enough Evidence
P0309,P0309_T1,P0309_T1_3,3,condition_removed,Not Enough Evidence,Not Enough Evidence
P0309,P0309_T1,P0309_T1_4,4,supported,Supported,Supported
P0309,P0309_T1,P0309_T1_5,5,condition_contradicted,Not Supported,Not Supported
P0221,P0221_T4,P0221_T4_1,1,relation_contradicted,Not Supported,Supported
P0221,P0221_T4,P0221_T4_2,2,condition_replaced,Not Enough Evidence,Not Supported
P0221,P0221_T4,P0221_T4_3,3,condition_removed,Not Enough Evidence,Not Enough Evidence
P0221,P0221_T4,P0221_T4_4,4,supported,Supported,Supported
P0221,P0221_T4,P0221_T4_5,5,condition_contradicted,Not Supported,Not Enough Evidence
P0221,P0221_T5,P0221_T5_1,1,relation_contradicted,Not Supported,Supported
P0221,P0221_T5,P0221_T5_2,2,condition_replaced,Not Enough Evidence,Not Supported
P0221,P0221_T5,P0221_T5_3,3,condition_removed,Not Enough Evidence,Not Enough Evidence
P0221,P0221_T5,P0221_T5_4,4,supported,Supported,Supported
P0221,P0221_T5,P0221_T5_5,5,condition_contradicted,Not Supported,Not Enough Evidence
P0476,P0476_T2,P0476_T2_1,1,relation_contradicted,Not Supported,Not Supported
P0476,P0476_T2,P0476_T2_2,2,condition_replaced,Not Enough Evidence,Not Enough Evidence
P0476,P0476_T2,P0476_T2_3,3,condition_removed,Not Enough Evidence,Not Enough Evidence
P0476,P0476_T2,P0476_T2_4,4,supported,Supported,Supported
P0476,P0476_T2,P0476_T2_5,5,condition_contradicted,Not Supported,Not Supported
P0315,P0315_T1,P0315_T1_1,1,relation_contradicted,Not Supported,"and he confessed feelings and she shot him down. But she never told me about that convo. 
  * She only confessed when the rumor got to me and"
P0315,P0315_T1,P0315_T1_2,2,condition_replaced,Not Enough Evidence,"and he confessed feelings and she shot him down. But she never told me about that convo. 
  * She only confessed when the rumor got to me and"
P0315,P0315_T1,P0315_T1_3,3,condition_removed,Not Enough Evidence,"and he confessed feelings and she shot him down. But she never told me about that convo. 
  * She only confessed when the rumor got to me and"
P0315,P0315_T1,P0315_T1_4,4,supported,Supported,"and he confessed feelings and she shot him down. But she never told me about that convo. 
  * She only confessed when the rumor got to me and"
P0315,P0315_T1,P0315_T1_5,5,condition_contradicted,Not Supported,"and he confessed feelings and she shot him down. But she never told me about that convo. 
  * She only confessed when the rumor got to me and"
P0114,P0114_T2,P0114_T2_1,1,relation_contradicted,Not Supported,Not Enough Evidence
P0114,P0114_T2,P0114_T2_2,2,condition_replaced,Not Enough Evidence,Not Enough Evidence
P0114,P0114_T2,P0114_T2_3,3,condition_removed,Not Enough Evidence,Not Enough Evidence
P0114,P0114_T2,P0114_T2_4,4,supported,Supported,Supported
P0114,P0114_T2,P0114_T2_5,5,condition_contradicted,Not Supported,Supported
P0114,P0114_T3,P0114_T3_1,1,relation_contradicted,Not Supported,Supported
P0114,P0114_T3,P0114_T3_2,2,condition_replaced,Not Enough Evidence,"planation"": ""The question preserves the same entities, relationship, and condition stated in the paragraph.""
}

Probe: Does the fragment support the claim that the replaced context"
P0114,P0114_T3,P0114_T3_3,3,condition_removed,Not Enough Evidence,Not Enough Evidence
P0114,P0114_T3,P0114_T3_4,4,supported,Supported,Supported
P0114,P0114_T3,P0114_T3_5,5,condition_contradicted,Not Supported,Supported
P0114,P0114_T4,P0114_T4_1,1,relation_contradicted,Not Supported,Not Supported
P0114,P0114_T4,P0114_T4_2,2,condition_replaced,Not Enough Evidence,Not Enough Evidence
P0114,P0114_T4,P0114_T4_3,3,condition_removed,Not Enough Evidence,Not Enough Evidence
P0114,P0114_T4,P0114_T4_4,4,supported,Supported,Supported
P0114,P0114_T4,P0114_T4_5,5,condition_contradicted,Not Supported,Not Supported
P0114,P0114_T5,P0114_T5_1,1,relation_contradicted,Not Supported,Not Supported
P0114,P0114_T5,P0114_T5_2,2,condition_replaced,Not Enough Evidence,Not Enough Evidence
P0114,P0114_T5,P0114_T5_3,3,condition_removed,Not Enough Evidence,Not Enough Evidence
P0114,P0114_T5,P0114_T5_4,4,supported,Supported,Supported
P0114,P0114_T5,P0114_T5_5,5,condition_contradicted,Not Supported,Not Supported
P0114,P0114_T6,P0114_T6_1,1,relation_contradicted,Not Supported,Not Supported
P0114,P0114_T6,P0114_T6_2,2,condition_replaced,Not Enough Evidence,"entity is the same. The relationship is the same. However, the condition is replaced from for me to context zayin. The paragraph does not provide evidence"
P0114,P0114_T6,P0114_T6_3,3,condition_removed,Not Enough Evidence,Not Enough Evidence
P0114,P0114_T6,P0114_T6_4,4,supported,Supported,Supported
P0114,P0114_T6,P0114_T6_5,5,condition_contradicted,Not Supported,Not Supported
P0117,P0117_T1,P0117_T1_1,1,relation_contradicted,Not Supported,Supported
P0117,P0117_T1,P0117_T1_2,2,condition_replaced,Not Enough Evidence,Not Enough Evidence
P0117,P0117_T1,P0117_T1_3,3,condition_removed,Not Enough Evidence,Not Enough Evidence
P0117,P0117_T1,P0117_T1_4,4,supported,Supported,Supported
P0117,P0117_T1,P0117_T1_5,5,condition_contradicted,Not Supported,Not Supported
P0117,P0117_T2,P0117_T2_1,1,relation_contradicted,Not Supported,Supported
P0117,P0117_T2,P0117_T2_2,2,condition_replaced,Not Enough Evidence,Not Enough Evidence
P0117,P0117_T2,P0117_T2_3,3,condition_removed,Not Enough Evidence,Not Enough Evidence
P0117,P0117_T2,P0117_T2_4,4,supported,Supported,Supported
P0117,P0117_T2,P0117_T2_5,5,condition_contradicted,Not Supported,Not Supported
P0321,P0321_T1,P0321_T1_1,1,relation_contradicted,Not Supported,I‚àö¬¢¬¨√Ñ¬¨√¥ve been trying to find a way to make it right again. But it‚àö
P0321,P0321_T1,P0321_T1_2,2,condition_replaced,Not Enough Evidence,I‚àö¬¢¬¨√Ñ¬¨√¥ve been trying to find a way to make it right again. But it‚àö
P0321,P0321_T1,P0321_T1_3,3,condition_removed,Not Enough Evidence,I‚àö¬¢¬¨√Ñ¬¨√¥ve been trying to find a way to make it right again. But it‚àö
P0321,P0321_T1,P0321_T1_4,4,supported,Supported,I‚àö¬¢¬¨√Ñ¬¨√¥ve been trying to find a way to make it right again. But it‚àö
P0321,P0321_T1,P0321_T1_5,5,condition_contradicted,Not Supported,I‚àö¬¢¬¨√Ñ¬¨√¥ve been trying to find a way to make it right again. But it‚àö
P0321,P0321_T2,P0321_T2_1,1,relation_contradicted,Not Supported,I‚àö¬¢¬¨√Ñ¬¨√¥ve been trying to find a way to make it right again. But it‚àö
P0321,P0321_T2,P0321_T2_2,2,condition_replaced,Not Enough Evidence,I‚àö¬¢¬¨√Ñ¬¨√¥ve been trying to find a way to make it right again. But it‚àö
P0321,P0321_T2,P0321_T2_3,3,condition_removed,Not Enough Evidence,I‚àö¬¢¬¨√Ñ¬¨√¥ve been trying to find a way to make it right again. But it‚àö
P0321,P0321_T2,P0321_T2_4,4,supported,Supported,I‚àö¬¢¬¨√Ñ¬¨√¥ve been trying to find a way to make it right again. But it‚àö
P0321,P0321_T2,P0321_T2_5,5,condition_contradicted,Not Supported,I‚àö¬¢¬¨√Ñ¬¨√¥ve been trying to find a way to make it right again. But it‚àö
P0321,P0321_T3,P0321_T3_1,1,relation_contradicted,Not Supported,I‚àö¬¢¬¨√Ñ¬¨√¥ve been trying to find a way to make it right again. But it‚àö
P0321,P0321_T3,P0321_T3_2,2,condition_replaced,Not Enough Evidence,I‚àö¬¢¬¨√Ñ¬¨√¥ve been trying to find a way to make it right again. But it‚àö
P0321,P0321_T3,P0321_T3_3,3,condition_removed,Not Enough Evidence,I‚àö¬¢¬¨√Ñ¬¨√¥ve been trying to find a way to make it right again. But it‚àö
P0321,P0321_T3,P0321_T3_4,4,supported,Supported,I‚àö¬¢¬¨√Ñ¬¨√¥ve been trying to find a way to make it right again. But it‚àö
P0321,P0321_T3,P0321_T3_5,5,condition_contradicted,Not Supported,I‚àö¬¢¬¨√Ñ¬¨√¥ve been trying to find a way to make it right again. But it‚àö
P0321,P0321_T4,P0321_T4_1,1,relation_contradicted,Not Supported,I‚àö¬¢¬¨√Ñ¬¨√¥ve been trying to find a way to make it right again. But it‚àö
P0321,P0321_T4,P0321_T4_2,2,condition_replaced,Not Enough Evidence,I‚àö¬¢¬¨√Ñ¬¨√¥ve been trying to find a way to make it right again. But it‚àö
P0321,P0321_T4,P0321_T4_3,3,condition_removed,Not Enough Evidence,I‚àö¬¢¬¨√Ñ¬¨√¥ve been trying to find a way to make it right again. But it‚àö
P0321,P0321_T4,P0321_T4_4,4,supported,Supported,I‚àö¬¢¬¨√Ñ¬¨√¥ve been trying to find a way to make it right again. But it‚àö
P0321,P0321_T4,P0321_T4_5,5,condition_contradicted,Not Supported,I‚àö¬¢¬¨√Ñ¬¨√¥ve been trying to find a way to make it right again. But it‚àö
P0478,P0478_T1,P0478_T1_1,1,relation_contradicted,Not Supported,Not Supported
P0478,P0478_T1,P0478_T1_2,2,condition_replaced,Not Enough Evidence,Not Enough Evidence
P0478,P0478_T1,P0478_T1_3,3,condition_removed,Not Enough Evidence,Not Enough Evidence
P0478,P0478_T1,P0478_T1_4,4,supported,Supported,Supported
P0478,P0478_T1,P0478_T1_5,5,condition_contradicted,Not Supported,Not Supported
P0478,P0478_T2,P0478_T2_1,1,relation_contradicted,Not Supported,Not Supported
P0478,P0478_T2,P0478_T2_2,2,condition_replaced,Not Enough Evidence,Not Enough Evidence
P0478,P0478_T2,P0478_T2_3,3,condition_removed,Not Enough Evidence,Not Enough Evidence
P0478,P0478_T2,P0478_T2_4,4,supported,Supported,Supported
P0478,P0478_T2,P0478_T2_5,5,condition_contradicted,Not Supported,Not Supported
P0478,P0478_T3,P0478_T3_1,1,relation_contradicted,Not Supported,Not Supported
P0478,P0478_T3,P0478_T3_2,2,condition_replaced,Not Enough Evidence,Not Enough Evidence
P0478,P0478_T3,P0478_T3_3,3,condition_removed,Not Enough Evidence,Not Enough Evidence
P0478,P0478_T3,P0478_T3_4,4,supported,Supported,Supported
P0478,P0478_T3,P0478_T3_5,5,condition_contradicted,Not Supported,Not Supported
P0226,P0226_T1,P0226_T1_1,1,relation_contradicted,Not Supported,Supported
P0226,P0226_T1,P0226_T1_2,2,condition_replaced,Not Enough Evidence,Not Enough Evidence
P0226,P0226_T1,P0226_T1_3,3,condition_removed,Not Enough Evidence,Not Enough Evidence
P0226,P0226_T1,P0226_T1_4,4,supported,Supported,Supported
P0226,P0226_T1,P0226_T1_5,5,condition_contradicted,Not Supported,Not Supported
P0226,P0226_T2,P0226_T2_1,1,relation_contradicted,Not Supported,Supported
P0226,P0226_T2,P0226_T2_2,2,condition_replaced,Not Enough Evidence,Not Enough Evidence
P0226,P0226_T2,P0226_T2_3,3,condition_removed,Not Enough Evidence,Not Enough Evidence
P0226,P0226_T2,P0226_T2_4,4,supported,Supported,Supported
P0226,P0226_T2,P0226_T2_5,5,condition_contradicted,Not Supported,Not Supported
P0327,P0327_T1,P0327_T1_1,1,relation_contradicted,Not Supported,Supported
P0327,P0327_T1,P0327_T1_2,2,condition_replaced,Not Enough Evidence,Not Enough Evidence
P0327,P0327_T1,P0327_T1_3,3,condition_removed,Not Enough Evidence,Not Enough Evidence
P0327,P0327_T1,P0327_T1_4,4,supported,Supported,Supported
P0327,P0327_T1,P0327_T1_5,5,condition_contradicted,Not Supported,Not Supported
P0327,P0327_T2,P0327_T2_1,1,relation_contradicted,Not Supported,Not Supported
P0327,P0327_T2,P0327_T2_2,2,condition_replaced,Not Enough Evidence,Not Enough Evidence
P0327,P0327_T2,P0327_T2_3,3,condition_removed,Not Enough Evidence,Not Enough Evidence
P0327,P0327_T2,P0327_T2_4,4,supported,Supported,Supported
P0327,P0327_T2,P0327_T2_5,5,condition_contradicted,Not Supported,Not Supported
P0122,P0122_T1,P0122_T1_1,1,relation_contradicted,Not Supported,Not Supported
P0122,P0122_T1,P0122_T1_2,2,condition_replaced,Not Enough Evidence,Not Enough Evidence
P0122,P0122_T1,P0122_T1_3,3,condition_removed,Not Enough Evidence,Not Enough Evidence
P0122,P0122_T1,P0122_T1_4,4,supported,Supported,Supported
P0122,P0122_T1,P0122_T1_5,5,condition_contradicted,Not Supported,Not Supported
P0123,P0123_T1,P0123_T1_1,1,relation_contradicted,Not Supported,Not Supported
P0123,P0123_T1,P0123_T1_2,2,condition_replaced,Not Enough Evidence,Not Enough Evidence
P0123,P0123_T1,P0123_T1_3,3,condition_removed,Not Enough Evidence,Not Enough Evidence
P0123,P0123_T1,P0123_T1_4,4,supported,Supported,Supported
P0123,P0123_T1,P0123_T1_5,5,condition_contradicted,Not Supported,Not Supported
P0123,P0123_T2,P0123_T2_1,1,relation_contradicted,Not Supported,Not Supported
P0123,P0123_T2,P0123_T2_2,2,condition_replaced,Not Enough Evidence,Not Enough Evidence
P0123,P0123_T2,P0123_T2_3,3,condition_removed,Not Enough Evidence,Not Enough Evidence
P0123,P0123_T2,P0123_T2_4,4,supported,Supported,Supported
P0123,P0123_T2,P0123_T2_5,5,condition_contradicted,Not Supported,Not Supported
P0123,P0123_T3,P0123_T3_1,1,relation_contradicted,Not Supported,Not Supported
P0123,P0123_T3,P0123_T3_2,2,condition_replaced,Not Enough Evidence,Not Enough Evidence
P0123,P0123_T3,P0123_T3_3,3,condition_removed,Not Enough Evidence,Not Enough Evidence
P0123,P0123_T3,P0123_T3_4,4,supported,Supported,Supported
P0123,P0123_T3,P0123_T3_5,5,condition_contradicted,Not Supported,Not Supported
P0125,P0125_T1,P0125_T1_1,1,relation_contradicted,Not Supported,Not Supported
P0125,P0125_T1,P0125_T1_2,2,condition_replaced,Not Enough Evidence,Not Enough Evidence
P0125,P0125_T1,P0125_T1_3,3,condition_removed,Not Enough Evidence,Not Enough Evidence
P0125,P0125_T1,P0125_T1_4,4,supported,Supported,Supported
P0125,P0125_T1,P0125_T1_5,5,condition_contradicted,Not Supported,Not Supported
P0126,P0126_T1,P0126_T1_1,1,relation_contradicted,Not Supported,Not Supported
P0126,P0126_T1,P0126_T1_2,2,condition_replaced,Not Enough Evidence,Not Enough Evidence
P0126,P0126_T1,P0126_T1_3,3,condition_removed,Not Enough Evidence,Not Enough Evidence
P0126,P0126_T1,P0126_T1_4,4,supported,Supported,Supported
P0126,P0126_T1,P0126_T1_5,5,condition_contradicted,Not Supported,Not Supported
P0009,P0009_T1,P0009_T1_1,1,relation_contradicted,Not Supported,"to hold them accountable. So, the paragraph is not saying that fraternities cause rape culture, it‚àö¬¢¬¨√¥s saying"
P0009,P0009_T1,P0009_T1_2,2,condition_replaced,Not Enough Evidence,"to hold them accountable. So, the paragraph is not saying that fraternities cause rape culture, it‚àö¬¢¬¨√¥s saying"
P0009,P0009_T1,P0009_T1_3,3,condition_removed,Not Enough Evidence,"to hold them accountable. So, the paragraph is not saying that fraternities cause rape culture, it‚àö¬¢¬¨√¥s saying"
P0009,P0009_T1,P0009_T1_4,4,supported,Supported,"to hold them accountable. So, the paragraph is not saying that fraternities cause rape culture, it‚àö¬¢¬¨√¥s saying"
P0009,P0009_T1,P0009_T1_5,5,condition_contradicted,Not Supported,"to hold them accountable. So, the paragraph is not saying that fraternities cause rape culture, it‚àö¬¢¬¨√¥s saying"
P0009,P0009_T2,P0009_T2_1,1,relation_contradicted,Not Supported,"to hold them accountable. So, the paragraph is not saying that fraternities cause rape culture, it‚àö¬¢¬¨√¥s saying"
P0009,P0009_T2,P0009_T2_2,2,condition_replaced,Not Enough Evidence,"to hold them accountable. So, the paragraph is not saying that fraternities cause rape culture, it‚àö¬¢¬¨√¥s saying"
P0009,P0009_T2,P0009_T2_3,3,condition_removed,Not Enough Evidence,"to hold them accountable. So, the paragraph is not saying that fraternities cause rape culture, it‚àö¬¢¬¨√¥s saying"
P0009,P0009_T2,P0009_T2_4,4,supported,Supported,"to hold them accountable. So, the paragraph is not saying that fraternities cause rape culture, it‚àö¬¢¬¨√¥s saying"
P0009,P0009_T2,P0009_T2_5,5,condition_contradicted,Not Supported,"to hold them accountable. So, the paragraph is not saying that fraternities cause rape culture, it‚àö¬¢¬¨√¥s saying"
P0009,P0009_T3,P0009_T3_1,1,relation_contradicted,Not Supported,"to hold them accountable. So, the paragraph is not saying that fraternities cause rape culture, it‚àö¬¢¬¨√¥s saying"
P0009,P0009_T3,P0009_T3_2,2,condition_replaced,Not Enough Evidence,"to hold them accountable. So, the paragraph is not saying that fraternities cause rape culture, it‚àö¬¢¬¨√¥s saying"
P0009,P0009_T3,P0009_T3_3,3,condition_removed,Not Enough Evidence,"to hold them accountable. So, the paragraph is not saying that fraternities cause rape culture, it‚àö¬¢¬¨√¥s saying"
P0009,P0009_T3,P0009_T3_4,4,supported,Supported,"to hold them accountable. So, the paragraph is not saying that fraternities cause rape culture, it‚àö¬¢¬¨√¥s saying"
P0009,P0009_T3,P0009_T3_5,5,condition_contradicted,Not Supported,"to hold them accountable. So, the paragraph is not saying that fraternities cause rape culture, it‚àö¬¢¬¨√¥s saying"
P0009,P0009_T4,P0009_T4_1,1,relation_contradicted,Not Supported,"to hold them accountable. So, the paragraph is not saying that fraternities cause rape culture, it‚àö¬¢¬¨√¥s saying"
P0009,P0009_T4,P0009_T4_2,2,condition_replaced,Not Enough Evidence,"to hold them accountable. So, the paragraph is not saying that fraternities cause rape culture, it‚àö¬¢¬¨√¥s saying"
P0009,P0009_T4,P0009_T4_3,3,condition_removed,Not Enough Evidence,"to hold them accountable. So, the paragraph is not saying that fraternities cause rape culture, it‚àö¬¢¬¨√¥s saying"
P0009,P0009_T4,P0009_T4_4,4,supported,Supported,"to hold them accountable. So, the paragraph is not saying that fraternities cause rape culture, it‚àö¬¢¬¨√¥s saying"
P0009,P0009_T4,P0009_T4_5,5,condition_contradicted,Not Supported,"to hold them accountable. So, the paragraph is not saying that fraternities cause rape culture, it‚àö¬¢¬¨√¥s saying"
P0009,P0009_T5,P0009_T5_1,1,relation_contradicted,Not Supported,"to hold them accountable. So, the paragraph is not saying that fraternities cause rape culture, it‚àö¬¢¬¨√¥s saying"
P0009,P0009_T5,P0009_T5_2,2,condition_replaced,Not Enough Evidence,"to hold them accountable. So, the paragraph is not saying that fraternities cause rape culture, it‚àö¬¢¬¨√¥s saying"
P0009,P0009_T5,P0009_T5_3,3,condition_removed,Not Enough Evidence,"to hold them accountable. So, the paragraph is not saying that fraternities cause rape culture, it‚àö¬¢¬¨√¥s saying"
P0009,P0009_T5,P0009_T5_4,4,supported,Supported,"to hold them accountable. So, the paragraph is not saying that fraternities cause rape culture, it‚àö¬¢¬¨√¥s saying"
P0009,P0009_T5,P0009_T5_5,5,condition_contradicted,Not Supported,"to hold them accountable. So, the paragraph is not saying that fraternities cause rape culture, it‚àö¬¢¬¨√¥s saying"
P0009,P0009_T6,P0009_T6_1,1,relation_contradicted,Not Supported,"to hold them accountable. So, the paragraph is not saying that fraternities cause rape culture, it‚àö¬¢¬¨√¥s saying"
P0009,P0009_T6,P0009_T6_2,2,condition_replaced,Not Enough Evidence,"to hold them accountable. So, the paragraph is not saying that fraternities cause rape culture, it‚àö¬¢¬¨√¥s saying"
P0009,P0009_T6,P0009_T6_3,3,condition_removed,Not Enough Evidence,"to hold them accountable. So, the paragraph is not saying that fraternities cause rape culture, it‚àö¬¢¬¨√¥s saying"
P0009,P0009_T6,P0009_T6_4,4,supported,Supported,"to hold them accountable. So, the paragraph is not saying that fraternities cause rape culture, it‚àö¬¢¬¨√Ñ¬¨"
P0009,P0009_T6,P0009_T6_5,5,condition_contradicted,Not Supported,"to hold them accountable. So, the paragraph is not saying that fraternities cause rape culture, it‚àö¬¢¬¨√Ñ¬¨"
P0226,P0226_T3,P0226_T3_1,1,relation_contradicted,Not Supported,Not Supported
P0226,P0226_T3,P0226_T3_2,2,condition_replaced,Not Enough Evidence,Not Enough Evidence
P0226,P0226_T3,P0226_T3_3,3,condition_removed,Not Enough Evidence,Not Enough Evidence
P0226,P0226_T3,P0226_T3_4,4,supported,Supported,Supported
P0226,P0226_T3,P0226_T3_5,5,condition_contradicted,Not Supported,Supported
P0226,P0226_T4,P0226_T4_1,1,relation_contradicted,Not Supported,Not Supported
P0226,P0226_T4,P0226_T4_2,2,condition_replaced,Not Enough Evidence,Not Enough Evidence
P0226,P0226_T4,P0226_T4_3,3,condition_removed,Not Enough Evidence,Not Enough Evidence
P0226,P0226_T4,P0226_T4_4,4,supported,Supported,Supported
P0226,P0226_T4,P0226_T4_5,5,condition_contradicted,Not Supported,Supported
P0226,P0226_T5,P0226_T5_1,1,relation_contradicted,Not Supported,Not Supported
P0226,P0226_T5,P0226_T5_2,2,condition_replaced,Not Enough Evidence,Not Enough Evidence
P0226,P0226_T5,P0226_T5_3,3,condition_removed,Not Enough Evidence,Not Enough Evidence
P0226,P0226_T5,P0226_T5_4,4,supported,Supported,Supported
P0226,P0226_T5,P0226_T5_5,5,condition_contradicted,Not Supported,Supported
P0228,P0228_T1,P0228_T1_1,1,relation_contradicted,Not Supported,Not Supported
P0228,P0228_T1,P0228_T1_2,2,condition_replaced,Not Enough Evidence,Not Enough Evidence
P0228,P0228_T1,P0228_T1_3,3,condition_removed,Not Enough Evidence,Not Enough Evidence
P0228,P0228_T1,P0228_T1_4,4,supported,Supported,Supported
P0228,P0228_T1,P0228_T1_5,5,condition_contradicted,Not Supported,Not Supported
P0228,P0228_T2,P0228_T2_1,1,relation_contradicted,Not Supported,Not Supported
P0228,P0228_T2,P0228_T2_2,2,condition_replaced,Not Enough Evidence,Not Enough Evidence
P0228,P0228_T2,P0228_T2_3,3,condition_removed,Not Enough Evidence,Not Enough Evidence
P0228,P0228_T2,P0228_T2_4,4,supported,Supported,Supported
P0228,P0228_T2,P0228_T2_5,5,condition_contradicted,Not Supported,Not Supported
P0229,P0229_T1,P0229_T1_1,1,relation_contradicted,Not Supported,Not Supported
P0229,P0229_T1,P0229_T1_2,2,condition_replaced,Not Enough Evidence,Not Enough Evidence
P0229,P0229_T1,P0229_T1_3,3,condition_removed,Not Enough Evidence,Not Enough Evidence
P0229,P0229_T1,P0229_T1_4,4,supported,Supported,Supported
P0229,P0229_T1,P0229_T1_5,5,condition_contradicted,Not Supported,Not Supported
P0229,P0229_T2,P0229_T2_1,1,relation_contradicted,Not Supported,Not Supported
P0229,P0229_T2,P0229_T2_2,2,condition_replaced,Not Enough Evidence,Not Enough Evidence
P0229,P0229_T2,P0229_T2_3,3,condition_removed,Not Enough Evidence,Not Enough Evidence
P0229,P0229_T2,P0229_T2_4,4,supported,Supported,Supported
P0229,P0229_T2,P0229_T2_5,5,condition_contradicted,Not Supported,Not Supported
P0229,P0229_T3,P0229_T3_1,1,relation_contradicted,Not Supported,Not Supported
P0229,P0229_T3,P0229_T3_2,2,condition_replaced,Not Enough Evidence,Not Enough Evidence
P0229,P0229_T3,P0229_T3_3,3,condition_removed,Not Enough Evidence,Not Enough Evidence
P0229,P0229_T3,P0229_T3_4,4,supported,Supported,Supported
P0229,P0229_T3,P0229_T3_5,5,condition_contradicted,Not Supported,Not Supported
P0128,P0128_T1,P0128_T1_1,1,relation_contradicted,Not Supported,Supported
P0128,P0128_T1,P0128_T1_2,2,condition_replaced,Not Enough Evidence,Not Enough Evidence
P0128,P0128_T1,P0128_T1_3,3,condition_removed,Not Enough Evidence,Not Enough Evidence
P0128,P0128_T1,P0128_T1_5,5,condition_contradicted,Not Supported,Not Supported
P0128,P0128_T2,P0128_T2_1,1,relation_contradicted,Not Supported,Not Supported
P0128,P0128_T2,P0128_T2_2,2,condition_replaced,Not Enough Evidence,Not Enough Evidence
P0128,P0128_T2,P0128_T2_3,3,condition_removed,Not Enough Evidence,Not Enough Evidence
P0128,P0128_T2,P0128_T2_5,5,condition_contradicted,Not Supported,Not Supported
P0128,P0128_T3,P0128_T3_1,1,relation_contradicted,Not Supported,Supported
P0128,P0128_T3,P0128_T3_2,2,condition_replaced,Not Enough Evidence,Not Enough Evidence
P0128,P0128_T3,P0128_T3_3,3,condition_removed,Not Enough Evidence,Not Enough Evidence
P0128,P0128_T3,P0128_T3_5,5,condition_contradicted,Not Supported,Not Supported
P0129,P0129_T1,P0129_T1_1,1,relation_contradicted,Not Supported,Supported
P0129,P0129_T1,P0129_T1_2,2,condition_replaced,Not Enough Evidence,Not Enough Evidence
P0129,P0129_T1,P0129_T1_3,3,condition_removed,Not Enough Evidence,Not Enough Evidence
P0129,P0129_T1,P0129_T1_5,5,condition_contradicted,Not Supported,Not Supported
P0129,P0129_T2,P0129_T2_1,1,relation_contradicted,Not Supported,Supported
P0129,P0129_T2,P0129_T2_2,2,condition_replaced,Not Enough Evidence,Not Enough Evidence
P0129,P0129_T2,P0129_T2_3,3,condition_removed,Not Enough Evidence,Not Enough Evidence
P0129,P0129_T2,P0129_T2_5,5,condition_contradicted,Not Supported,Not Supported
P0331,P0331_T1,P0331_T1_1,1,relation_contradicted,Not Supported,She said that‚àö¬¢¬¨√¥s not about her but about me and that I‚àö¬¢¬¨√Ñ¬
P0331,P0331_T1,P0331_T1_2,2,condition_replaced,Not Enough Evidence,She said that‚àö¬¢¬¨√¥s not about her but about me and that I‚àö¬¢¬¨√Ñ¬
P0331,P0331_T1,P0331_T1_3,3,condition_removed,Not Enough Evidence,"She said that‚àö¬¢¬¨√¥s not about her, it‚àö¬¢¬¨√Ñ¬¨√¥s"
P0331,P0331_T1,P0331_T1_4,4,supported,Supported,"She said that‚àö¬¢¬¨√¥s not about her, it‚àö¬¢¬¨√Ñ¬¨√¥s"
P0331,P0331_T1,P0331_T1_5,5,condition_contradicted,Not Supported,"She said that‚àö¬¢¬¨√¥s not about her, it‚àö¬¢¬¨√Ñ¬¨√¥s"
P0331,P0331_T2,P0331_T2_1,1,relation_contradicted,Not Supported,"She said that‚àö¬¢¬¨√¥s not about her, it‚àö¬¢¬¨√Ñ¬¨√¥s"
P0331,P0331_T2,P0331_T2_2,2,condition_replaced,Not Enough Evidence,"She said that‚àö¬¢¬¨√¥s not about her, it‚àö¬¢¬¨√Ñ¬¨√¥s"
P0331,P0331_T2,P0331_T2_3,3,condition_removed,Not Enough Evidence,"She said that‚àö¬¢¬¨√¥s not about her, it‚àö¬¢¬¨√Ñ¬¨√¥s"
P0331,P0331_T2,P0331_T2_4,4,supported,Supported,"She said that‚àö¬¢¬¨√¥s not about her, it‚àö¬¢¬¨√Ñ¬¨√¥s"
P0331,P0331_T2,P0331_T2_5,5,condition_contradicted,Not Supported,"She said that‚àö¬¢¬¨√¥s not about her, it‚àö¬¢¬¨√Ñ¬¨√¥s"
P0331,P0331_T3,P0331_T3_1,1,relation_contradicted,Not Supported,"She said that‚àö¬¢¬¨√¥s not about her, it‚àö¬¢¬¨√Ñ¬¨√¥s"
P0331,P0331_T3,P0331_T3_2,2,condition_replaced,Not Enough Evidence,"She said that‚àö¬¢¬¨√¥s not about her, it‚àö¬¢¬¨√Ñ¬¨√¥s"
P0331,P0331_T3,P0331_T3_3,3,condition_removed,Not Enough Evidence,"She said that‚àö¬¢¬¨√¥s not about her, it‚àö¬¢¬¨√Ñ¬¨√¥s"
P0331,P0331_T3,P0331_T3_4,4,supported,Supported,"She said that‚àö¬¢¬¨√¥s not about her, it‚àö¬¢¬¨√Ñ¬¨√¥s"
P0331,P0331_T3,P0331_T3_5,5,condition_contradicted,Not Supported,"She said that‚àö¬¢¬¨√¥s not about her, it‚àö¬¢¬¨√Ñ¬¨√¥s"
P0331,P0331_T4,P0331_T4_1,1,relation_contradicted,Not Supported,"She said that‚àö¬¢¬¨√¥s not about her, it‚àö¬¢¬¨√Ñ¬¨√¥s"
P0331,P0331_T4,P0331_T4_2,2,condition_replaced,Not Enough Evidence,"She said that‚àö¬¢¬¨√¥s not about her, it‚àö¬¢¬¨√Ñ¬¨√¥s"
P0331,P0331_T4,P0331_T4_3,3,condition_removed,Not Enough Evidence,"She said that‚àö¬¢¬¨√¥s not about her, it‚àö¬¢¬¨√Ñ¬¨√¥s"
P0331,P0331_T4,P0331_T4_4,4,supported,Supported,"She said that‚àö¬¢¬¨√¥s not about her, it‚àö¬¢¬¨√Ñ¬¨√¥s"
P0331,P0331_T4,P0331_T4_5,5,condition_contradicted,Not Supported,"She said that‚àö¬¢¬¨√¥s not about her, it‚àö¬¢¬¨√Ñ¬¨√¥s"
P0332,P0332_T1,P0332_T1_1,1,relation_contradicted,Not Supported,trying to keep her boundaries clear and not let him push her into doing more than she can handle. My dad then just went to his room and left her alone
P0332,P0332_T1,P0332_T1_2,2,condition_replaced,Not Enough Evidence,trying to keep her boundaries clear and not let him push her into doing more than she can handle. My dad then just went to his room and left her alone
P0332,P0332_T1,P0332_T1_3,3,condition_removed,Not Enough Evidence,trying to keep her boundaries clear and not let him push her into doing more than she can handle. My dad then just went to his room and left her alone
P0332,P0332_T1,P0332_T1_4,4,supported,Supported,trying to keep her boundaries clear and not let him push her into doing more than she can handle. My dad then just went to his room and left her alone
P0332,P0332_T1,P0332_T1_5,5,condition_contradicted,Not Supported,trying to keep her boundaries clear and not let him push her into doing more than she can handle. My dad then just went to his room and left her alone
P0334,P0334_T1,P0334_T1_1,1,relation_contradicted,Not Supported,Not Supported
P0334,P0334_T1,P0334_T1_2,2,condition_replaced,Not Enough Evidence,Not Enough Evidence
P0334,P0334_T1,P0334_T1_3,3,condition_removed,Not Enough Evidence,Not Enough Evidence
P0334,P0334_T1,P0334_T1_4,4,supported,Supported,Supported
P0334,P0334_T1,P0334_T1_5,5,condition_contradicted,Not Supported,Not Supported
P0484,P0484_T1,P0484_T1_1,1,relation_contradicted,Not Supported,Not Supported
P0484,P0484_T1,P0484_T1_2,2,condition_replaced,Not Enough Evidence,Not Enough Evidence
P0484,P0484_T1,P0484_T1_3,3,condition_removed,Not Enough Evidence,Not Enough Evidence
P0484,P0484_T1,P0484_T1_4,4,supported,Supported,Supported
P0484,P0484_T1,P0484_T1_5,5,condition_contradicted,Not Supported,Not Enough Evidence
P0484,P0484_T2,P0484_T2_1,1,relation_contradicted,Not Supported,Not Supported
P0484,P0484_T2,P0484_T2_2,2,condition_replaced,Not Enough Evidence,Not Enough Evidence
P0484,P0484_T2,P0484_T2_3,3,condition_removed,Not Enough Evidence,Not Enough Evidence
P0484,P0484_T2,P0484_T2_4,4,supported,Supported,Supported
P0484,P0484_T2,P0484_T2_5,5,condition_contradicted,Not Supported,Not Enough Evidence
P0484,P0484_T3,P0484_T3_1,1,relation_contradicted,Not Supported,Not Supported
P0484,P0484_T3,P0484_T3_2,2,condition_replaced,Not Enough Evidence,Not Enough Evidence
P0484,P0484_T3,P0484_T3_3,3,condition_removed,Not Enough Evidence,Not Enough Evidence
P0484,P0484_T3,P0484_T3_4,4,supported,Supported,Supported
P0484,P0484_T3,P0484_T3_5,5,condition_contradicted,Not Supported,Not Supported
P0485,P0485_T1,P0485_T1_1,1,relation_contradicted,Not Supported,"him a few times, but I never really hung out with him outside of the wedding. I‚àö¬¢¬¨√Ñ¬¨√¥"
P0485,P0485_T1,P0485_T1_2,2,condition_replaced,Not Enough Evidence,"him a few times, but I never really hung out with him outside of the wedding. I‚àö¬¢¬¨√Ñ¬¨√¥"
P0485,P0485_T1,P0485_T1_3,3,condition_removed,Not Enough Evidence,"him a few times, but I never really hung out with him outside of the wedding. I‚àö¬¢¬¨√Ñ¬¨√¥"
P0485,P0485_T1,P0485_T1_4,4,supported,Supported,"him a few times, but I never really hung out with him outside of the wedding. I‚àö¬¢¬¨√Ñ¬¨√¥"
P0485,P0485_T1,P0485_T1_5,5,condition_contradicted,Not Supported,"him a few times, but I never really hung out with him outside of the wedding. I‚àö¬¢¬¨√Ñ¬¨√¥"
P0485,P0485_T2,P0485_T2_1,1,relation_contradicted,Not Supported,"him a few times, but I never really hung out with him outside of the wedding. I‚àö¬¢¬¨√Ñ¬¨√¥"
P0485,P0485_T2,P0485_T2_2,2,condition_replaced,Not Enough Evidence,"him a few times, but I never really hung out with him outside of the wedding. I‚àö¬¢¬¨√Ñ¬¨√¥"
P0485,P0485_T2,P0485_T2_3,3,condition_removed,Not Enough Evidence,"him a few times, but I never really hung out with him outside of the wedding. I‚àö¬¢¬¨√Ñ¬¨√¥"
P0485,P0485_T2,P0485_T2_4,4,supported,Supported,"him a few times, but I never really hung out with him outside of the wedding. I‚àö¬¢¬¨√Ñ¬¨√¥"
P0485,P0485_T2,P0485_T2_5,5,condition_contradicted,Not Supported,"him a few times, but I never really hung out with him outside of the wedding. I‚àö¬¢¬¨√Ñ¬¨√¥"
P0489,P0489_T1,P0489_T1_1,1,relation_contradicted,Not Supported,Not Supported
P0489,P0489_T1,P0489_T1_2,2,condition_replaced,Not Enough Evidence,Not Enough Evidence
P0489,P0489_T1,P0489_T1_3,3,condition_removed,Not Enough Evidence,Not Enough Evidence
P0489,P0489_T1,P0489_T1_4,4,supported,Supported,Supported
P0489,P0489_T1,P0489_T1_5,5,condition_contradicted,Not Supported,Not Supported
P0009,P0009_T7,P0009_T7_1,1,relation_contradicted,Not Supported,"to hold them accountable. So, the paragraph is not saying that fraternities cause rape culture, it‚àö¬¢¬¨√Ñ¬¨"
P0009,P0009_T7,P0009_T7_2,2,condition_replaced,Not Enough Evidence,"to hold them accountable. So, the paragraph is not saying that fraternities cause rape culture, it‚àö¬¢¬¨√Ñ¬¨"
P0009,P0009_T7,P0009_T7_3,3,condition_removed,Not Enough Evidence,"to hold them accountable. So, the paragraph is not saying that fraternities cause rape culture, it‚àö¬¢¬¨√¥s saying"
P0009,P0009_T7,P0009_T7_5,5,condition_contradicted,Not Supported,"to hold them accountable. So, the paragraph is not saying that fraternities cause rape culture, it‚àö¬¢¬¨√¥s saying"
P0009,P0009_T8,P0009_T8_1,1,relation_contradicted,Not Supported,"to hold them accountable. So, the paragraph is not saying that fraternities cause rape culture, it‚àö¬¢¬¨√¥s saying"
P0009,P0009_T8,P0009_T8_2,2,condition_replaced,Not Enough Evidence,"to hold them accountable. So, the paragraph is not saying that fraternities cause rape culture, it‚àö¬¢¬¨√¥s saying"
P0009,P0009_T8,P0009_T8_3,3,condition_removed,Not Enough Evidence,"to hold them accountable. So, the paragraph is not saying that fraternities cause rape culture, it‚àö¬¢¬¨√¥s saying"
P0009,P0009_T8,P0009_T8_4,4,supported,Supported,"to hold them accountable. So, the paragraph is not saying that fraternities cause rape culture, it‚àö¬¢¬¨√¥s saying"
P0009,P0009_T8,P0009_T8_5,5,condition_contradicted,Not Supported,"to hold them accountable. So, the paragraph is not saying that fraternities cause rape culture, it‚àö¬¢¬¨√¥s saying"
P0009,P0009_T9,P0009_T9_1,1,relation_contradicted,Not Supported,"to hold them accountable. So, the paragraph is not saying that fraternities cause rape culture, it‚àö¬¢¬¨√¥s saying"
P0009,P0009_T9,P0009_T9_2,2,condition_replaced,Not Enough Evidence,"to hold them accountable. So, the paragraph is not saying that fraternities cause rape culture, it‚àö¬¢¬¨√¥s saying"
P0009,P0009_T9,P0009_T9_3,3,condition_removed,Not Enough Evidence,"to hold them accountable. So, the paragraph is not saying that fraternities cause rape culture, it‚àö¬¢¬¨√¥s saying"
P0009,P0009_T9,P0009_T9_4,4,supported,Supported,"to hold them accountable. So, the paragraph is not saying that fraternities cause rape culture, it‚àö¬¢¬¨√¥s saying"
P0009,P0009_T9,P0009_T9_5,5,condition_contradicted,Not Supported,"to hold them accountable. So, the paragraph is not saying that fraternities cause rape culture, it‚àö¬¢¬¨√¥s saying"
P0009,P0009_T10,P0009_T10_1,1,relation_contradicted,Not Supported,"to hold them accountable. So, the paragraph is not saying that fraternities cause rape culture, it‚àö¬¢¬¨√¥s saying"
P0009,P0009_T10,P0009_T10_2,2,condition_replaced,Not Enough Evidence,"to hold them accountable. So, the paragraph is not saying that fraternities cause rape culture, it‚àö¬¢¬¨√¥s saying"
P0009,P0009_T10,P0009_T10_3,3,condition_removed,Not Enough Evidence,"to hold them accountable. So, the paragraph is not saying that fraternities cause rape culture, it‚àö¬¢¬¨√¥s saying"
P0009,P0009_T10,P0009_T10_4,4,supported,Supported,"to hold them accountable. So, the paragraph is not saying that fraternities cause rape culture, it‚àö¬¢¬¨√¥s saying"
P0009,P0009_T10,P0009_T10_5,5,condition_contradicted,Not Supported,"to hold them accountable. So, the paragraph is not saying that fraternities cause rape culture, it‚àö¬¢¬¨√Ñ¬¨"
P0229,P0229_T4,P0229_T4_1,1,relation_contradicted,Not Supported,Not Supported
P0229,P0229_T4,P0229_T4_2,2,condition_replaced,Not Enough Evidence,Not Enough Evidence
P0229,P0229_T4,P0229_T4_3,3,condition_removed,Not Enough Evidence,Not Enough Evidence
P0229,P0229_T4,P0229_T4_5,5,condition_contradicted,Not Supported,Not Enough Evidence
P0229,P0229_T5,P0229_T5_1,1,relation_contradicted,Not Supported,Not Enough Evidence
P0229,P0229_T5,P0229_T5_2,2,condition_replaced,Not Enough Evidence,Not Enough Evidence
P0229,P0229_T5,P0229_T5_3,3,condition_removed,Not Enough Evidence,Not Enough Evidence
P0229,P0229_T5,P0229_T5_4,4,supported,Supported,Supported
P0229,P0229_T5,P0229_T5_5,5,condition_contradicted,Not Supported,Supported
P0338,P0338_T2,P0338_T2_1,1,relation_contradicted,Not Supported,the plan and said she wasn‚àö¬¢¬¨√Ñ¬¨√¥t ready to be around me yet. That‚àö¬
P0338,P0338_T2,P0338_T2_2,2,condition_replaced,Not Enough Evidence,the plan and said she wasn‚àö¬¢¬¨√Ñ¬¨√¥t ready to be around me yet. That‚àö¬
P0338,P0338_T2,P0338_T2_3,3,condition_removed,Not Enough Evidence,the plan and said she wasn‚àö¬¢¬¨√Ñ¬¨√¥t ready to be around me yet. That‚àö¬
P0338,P0338_T2,P0338_T2_4,4,supported,Supported,the plan and said she wasn‚àö¬¢¬¨√Ñ¬¨√¥t ready to be around me yet. That‚àö¬
P0338,P0338_T2,P0338_T2_5,5,condition_contradicted,Not Supported,the plan and said she wasn‚àö¬¢¬¨√Ñ¬¨√¥t ready to be around me yet. That‚àö¬
P0133,P0133_T1,P0133_T1_1,1,relation_contradicted,Not Supported,Not Supported
P0133,P0133_T1,P0133_T1_2,2,condition_replaced,Not Enough Evidence,Not Enough Evidence
P0133,P0133_T1,P0133_T1_3,3,condition_removed,Not Enough Evidence,Not Enough Evidence
P0133,P0133_T1,P0133_T1_4,4,supported,Supported,Supported
P0133,P0133_T1,P0133_T1_5,5,condition_contradicted,Not Supported,Not Supported
P0133,P0133_T2,P0133_T2_1,1,relation_contradicted,Not Supported,Not Supported
P0133,P0133_T2,P0133_T2_2,2,condition_replaced,Not Enough Evidence,Not Enough Evidence
P0133,P0133_T2,P0133_T2_3,3,condition_removed,Not Enough Evidence,Not Enough Evidence
P0133,P0133_T2,P0133_T2_4,4,supported,Supported,Supported
P0133,P0133_T2,P0133_T2_5,5,condition_contradicted,Not Supported,Not Supported
P0133,P0133_T3,P0133_T3_1,1,relation_contradicted,Not Supported,Not Supported
P0133,P0133_T3,P0133_T3_2,2,condition_replaced,Not Enough Evidence,Not Enough Evidence
P0133,P0133_T3,P0133_T3_3,3,condition_removed,Not Enough Evidence,Not Enough Evidence
P0133,P0133_T3,P0133_T3_4,4,supported,Supported,Supported
P0133,P0133_T3,P0133_T3_5,5,condition_contradicted,Not Supported,Not Supported
P0133,P0133_T4,P0133_T4_1,1,relation_contradicted,Not Supported,Not Supported
P0133,P0133_T4,P0133_T4_2,2,condition_replaced,Not Enough Evidence,Not Enough Evidence
P0133,P0133_T4,P0133_T4_3,3,condition_removed,Not Enough Evidence,Not Enough Evidence
P0133,P0133_T4,P0133_T4_4,4,supported,Supported,Supported
P0133,P0133_T4,P0133_T4_5,5,condition_contradicted,Not Supported,Not Supported
P0133,P0133_T5,P0133_T5_1,1,relation_contradicted,Not Supported,Not Supported
P0133,P0133_T5,P0133_T5_2,2,condition_replaced,Not Enough Evidence,Not Enough Evidence
P0133,P0133_T5,P0133_T5_3,3,condition_removed,Not Enough Evidence,Not Enough Evidence
P0133,P0133_T5,P0133_T5_4,4,supported,Supported,Supported
P0133,P0133_T5,P0133_T5_5,5,condition_contradicted,Not Supported,Not Supported
P0133,P0133_T6,P0133_T6_1,1,relation_contradicted,Not Supported,Not Supported
P0133,P0133_T6,P0133_T6_2,2,condition_replaced,Not Enough Evidence,Not Enough Evidence
P0133,P0133_T6,P0133_T6_3,3,condition_removed,Not Enough Evidence,Not Enough Evidence
P0133,P0133_T6,P0133_T6_4,4,supported,Supported,Supported
P0133,P0133_T6,P0133_T6_5,5,condition_contradicted,Not Supported,Not Supported
P0133,P0133_T7,P0133_T7_1,1,relation_contradicted,Not Supported,Not Supported
P0133,P0133_T7,P0133_T7_2,2,condition_replaced,Not Enough Evidence,Not Enough Evidence
P0133,P0133_T7,P0133_T7_3,3,condition_removed,Not Enough Evidence,Not Enough Evidence
P0133,P0133_T7,P0133_T7_4,4,supported,Supported,Supported
P0133,P0133_T7,P0133_T7_5,5,condition_contradicted,Not Supported,Not Supported
P0011,P0011_T1,P0011_T1_1,1,relation_contradicted,Not Supported,Supported
P0011,P0011_T1,P0011_T1_2,2,condition_replaced,Not Enough Evidence,Not Enough Evidence
P0011,P0011_T1,P0011_T1_3,3,condition_removed,Not Enough Evidence,Not Enough Evidence
P0011,P0011_T1,P0011_T1_4,4,supported,Supported,Supported
P0011,P0011_T1,P0011_T1_5,5,condition_contradicted,Not Supported,Not Supported
P0011,P0011_T2,P0011_T2_1,1,relation_contradicted,Not Supported,Supported
P0011,P0011_T2,P0011_T2_2,2,condition_replaced,Not Enough Evidence,Not Enough Evidence
P0011,P0011_T2,P0011_T2_3,3,condition_removed,Not Enough Evidence,Not Enough Evidence
P0011,P0011_T2,P0011_T2_4,4,supported,Supported,Supported
P0011,P0011_T2,P0011_T2_5,5,condition_contradicted,Not Supported,Not Supported
P0233,P0233_T1,P0233_T1_1,1,relation_contradicted,Not Supported,Supported
P0233,P0233_T1,P0233_T1_2,2,condition_replaced,Not Enough Evidence,Not Enough Evidence
P0233,P0233_T1,P0233_T1_3,3,condition_removed,Not Enough Evidence,Not Enough Evidence
P0233,P0233_T1,P0233_T1_4,4,supported,Supported,Supported
P0233,P0233_T1,P0233_T1_5,5,condition_contradicted,Not Supported,Not Supported
P0340,P0340_T1,P0340_T1_1,1,relation_contradicted,Not Supported,into a fight. I‚àö¬¢¬¨√Ñ¬¨√¥m just going to keep doing my own thing and hope that someday she
P0340,P0340_T1,P0340_T1_2,2,condition_replaced,Not Enough Evidence,into a fight. I‚àö¬¢¬¨√Ñ¬¨√¥m just going to keep doing my own thing and hope that someday she
P0340,P0340_T1,P0340_T1_3,3,condition_removed,Not Enough Evidence,into a fight. I‚àö¬¢¬¨√Ñ¬¨√¥m just going to keep doing my own thing and hope that someday she
P0340,P0340_T1,P0340_T1_4,4,supported,Supported,"into a fight. I‚àö¬¢¬¨√Ñ¬¨√¥m just stopped trying.
  
  I know I‚àö¬"
P0340,P0340_T1,P0340_T1_5,5,condition_contradicted,Not Supported,"into a fight. I‚àö¬¢¬¨√Ñ¬¨√¥m just stopped trying.
  
  I know I‚àö¬"
P0340,P0340_T2,P0340_T2_1,1,relation_contradicted,Not Supported,"into a fight. I‚àö¬¢¬¨√Ñ¬¨√¥m just stopped trying.
  
  I know I‚àö¬"
P0340,P0340_T2,P0340_T2_2,2,condition_replaced,Not Enough Evidence,"into a fight. I‚àö¬¢¬¨√Ñ¬¨√¥m just stopped trying.
  
  I know I‚àö¬"
P0340,P0340_T2,P0340_T2_3,3,condition_removed,Not Enough Evidence,into a fight. I‚àö¬¢¬¨√Ñ¬¨√¥m just going to keep doing my own thing and hope that someday she
P0340,P0340_T2,P0340_T2_4,4,supported,Supported,into a fight. I‚àö¬¢¬¨√Ñ¬¨√¥m just going to keep doing my own thing and hope that someday she
P0340,P0340_T2,P0340_T2_5,5,condition_contradicted,Not Supported,into a fight. I‚àö¬¢¬¨√Ñ¬¨√¥m just going to keep doing my own thing and hope that someday she
P0342,P0342_T1,P0342_T1_1,1,relation_contradicted,Not Supported,Not Enough Evidence
P0342,P0342_T1,P0342_T1_2,2,condition_replaced,Not Enough Evidence,Not Enough Evidence
P0342,P0342_T1,P0342_T1_3,3,condition_removed,Not Enough Evidence,Not Enough Evidence
P0342,P0342_T1,P0342_T1_4,4,supported,Supported,Supported
P0342,P0342_T1,P0342_T1_5,5,condition_contradicted,Not Supported,Not Enough Evidence
P0345,P0345_T1,P0345_T1_1,1,relation_contradicted,Not Supported,"question is about whether I have a girlfriend (18F) when the condition is that I have never told anyone. 

Answer:"
P0345,P0345_T1,P0345_T1_2,2,condition_replaced,Not Enough Evidence,"question is about whether I have a girlfriend (18F) when the condition is that I have never told anyone. 

Answer:"
P0345,P0345_T1,P0345_T1_3,3,condition_removed,Not Enough Evidence,"question is about whether I have a girlfriend (18F) when the condition is that I have never told anyone. 

Answer:"
P0345,P0345_T1,P0345_T1_4,4,supported,Supported,"question is about whether I have a girlfriend (18F) when the condition is that I have never told anyone. 

Answer:"
P0345,P0345_T1,P0345_T1_5,5,condition_contradicted,Not Supported,"question is about whether I have a girlfriend (18F) when the condition is that I have never told anyone. 

Answer:"
P0346,P0346_T1,P0346_T1_1,1,relation_contradicted,Not Supported,"| 2 | 4,
  ""explanation"": ""...""
}"
P0346,P0346_T1,P0346_T1_2,2,condition_replaced,Not Enough Evidence,Supported
P0346,P0346_T1,P0346_T1_3,3,condition_removed,Not Enough Evidence,Not Enough Evidence
P0346,P0346_T1,P0346_T1_4,4,supported,Supported,Supported
P0346,P0346_T1,P0346_T1_5,5,condition_contradicted,Not Supported,Not Supported
P0489,P0489_T2,P0489_T2_1,1,relation_contradicted,Not Supported,Not Supported
P0489,P0489_T2,P0489_T2_2,2,condition_replaced,Not Enough Evidence,Not Enough Evidence
P0489,P0489_T2,P0489_T2_3,3,condition_removed,Not Enough Evidence,Not Enough Evidence
P0489,P0489_T2,P0489_T2_4,4,supported,Supported,Supported
P0489,P0489_T2,P0489_T2_5,5,condition_contradicted,Not Supported,Not Supported
P0490,P0490_T1,P0490_T1_1,1,relation_contradicted,Not Supported,Supported
P0490,P0490_T1,P0490_T1_2,2,condition_replaced,Not Enough Evidence,Not Enough Evidence
P0490,P0490_T1,P0490_T1_3,3,condition_removed,Not Enough Evidence,Not Enough Evidence
P0490,P0490_T1,P0490_T1_4,4,supported,Supported,Supported
P0490,P0490_T1,P0490_T1_5,5,condition_contradicted,Not Supported,Not Supported
P0494,P0494_T1,P0494_T1_1,1,relation_contradicted,Not Supported,Supported
P0494,P0494_T1,P0494_T1_2,2,condition_replaced,Not Enough Evidence,Not Enough Evidence
P0494,P0494_T1,P0494_T1_3,3,condition_removed,Not Enough Evidence,Not Enough Evidence
P0494,P0494_T1,P0494_T1_4,4,supported,Supported,Supported
P0494,P0494_T1,P0494_T1_5,5,condition_contradicted,Not Supported,Supported
P0497,P0497_T1,P0497_T1_1,1,relation_contradicted,Not Supported,Not Supported
P0497,P0497_T1,P0497_T1_2,2,condition_replaced,Not Enough Evidence,Not Enough Evidence
P0497,P0497_T1,P0497_T1_3,3,condition_removed,Not Enough Evidence,Not Enough Evidence
P0497,P0497_T1,P0497_T1_4,4,supported,Supported,Supported
P0497,P0497_T1,P0497_T1_5,5,condition_contradicted,Not Supported,Not Supported
P0501,P0501_T1,P0501_T1_1,1,relation_contradicted,Not Supported,Not Supported
P0501,P0501_T1,P0501_T1_2,2,condition_replaced,Not Enough Evidence,Not Enough Evidence
P0501,P0501_T1,P0501_T1_3,3,condition_removed,Not Enough Evidence,Not Enough Evidence
P0501,P0501_T1,P0501_T1_4,4,supported,Supported,Supported
P0501,P0501_T1,P0501_T1_5,5,condition_contradicted,Not Supported,Not Supported
P0348,P0348_T1,P0348_T1_1,1,relation_contradicted,Not Supported,""": ""{...}"",
  ""reason_type"": ""{...}"",
  ""explanation"": ""{...}""
}

Choose exactly one decision label

Dr. Union: The"
P0348,P0348_T1,P0348_T1_2,2,condition_replaced,Not Enough Evidence,Answer:
P0348,P0348_T1,P0348_T1_3,3,condition_removed,Not Enough Evidence,""": ""{...}"",
  ""reason_type"": ""{...}"",
  ""explanation"": ""{...}""
}

Choose exactly one decision label

Dr. Style

The"
P0348,P0348_T1,P0348_T1_4,4,supported,Supported,Not Enough Evidence
P0348,P0348_T1,P0348_T1_5,5,condition_contradicted,Not Supported,"Evidence"",
  ""reason_type"": """",
  ""explanations"": []
}

Probe paragraph:
The clinical note states that the speaker later clarifies that if they"
P0350,P0350_T1,P0350_T1_1,1,relation_contradicted,Not Supported,Supported
P0350,P0350_T1,P0350_T1_2,2,condition_replaced,Not Enough Evidence,Not Enough Evidence
P0350,P0350_T1,P0350_T1_3,3,condition_removed,Not Enough Evidence,Not Enough Evidence
P0350,P0350_T1,P0350_T1_4,4,supported,Supported,Supported
P0350,P0350_T1,P0350_T1_5,5,condition_contradicted,Not Supported,Not Supported
P0015,P0015_T1,P0015_T1_1,1,relation_contradicted,Not Supported,Not Supported
P0015,P0015_T1,P0015_T1_2,2,condition_replaced,Not Enough Evidence,Not Enough Evidence
P0015,P0015_T1,P0015_T1_3,3,condition_removed,Not Enough Evidence,Not Enough Evidence
P0015,P0015_T1,P0015_T1_4,4,supported,Supported,Supported
P0015,P0015_T1,P0015_T1_5,5,condition_contradicted,Not Supported,Not Supported
P0015,P0015_T2,P0015_T2_1,1,relation_contradicted,Not Supported,Not Supported
P0015,P0015_T2,P0015_T2_2,2,condition_replaced,Not Enough Evidence,Not Enough Evidence
P0015,P0015_T2,P0015_T2_3,3,condition_removed,Not Enough Evidence,Not Enough Evidence
P0015,P0015_T2,P0015_T2_4,4,supported,Supported,Supported
P0015,P0015_T2,P0015_T2_5,5,condition_contradicted,Not Supported,Not Supported
P0015,P0015_T3,P0015_T3_1,1,relation_contradicted,Not Supported,Not Supported
P0015,P0015_T3,P0015_T3_2,2,condition_replaced,Not Enough Evidence,Not Enough Evidence
P0015,P0015_T3,P0015_T3_3,3,condition_removed,Not Enough Evidence,Not Enough Evidence
P0015,P0015_T3,P0015_T3_4,4,supported,Supported,Supported
P0015,P0015_T3,P0015_T3_5,5,condition_contradicted,Not Supported,Not Enough Evidence
P0015,P0015_T4,P0015_T4_1,1,relation_contradicted,Not Supported,Not Supported
P0015,P0015_T4,P0015_T4_2,2,condition_replaced,Not Enough Evidence,Not Enough Evidence
P0015,P0015_T4,P0015_T4_3,3,condition_removed,Not Enough Evidence,Not Enough Evidence
P0015,P0015_T4,P0015_T4_4,4,supported,Supported,Supported
P0015,P0015_T4,P0015_T4_5,5,condition_contradicted,Not Supported,Not Supported
P0239,P0239_T1,P0239_T1_1,1,relation_contradicted,Not Supported,actually be? Is it a system that matches or exceeds human capabilities? Or is it just a fancy name for something that is not quite there? The paragraph does
P0239,P0239_T1,P0239_T1_2,2,condition_replaced,Not Enough Evidence,actually be? Is it a system that matches or exceeds human capabilities? Or is it just a fancy name for something that is not quite there? The paragraph does
P0239,P0239_T1,P0239_T1_3,3,condition_removed,Not Enough Evidence,actually be? Is it a system that matches or exceeds human capabilities? Or is it just a fancy name for something that is not quite there? The paragraph does
P0239,P0239_T1,P0239_T1_4,4,supported,Supported,"actually be? Is it a system that can do everything a human can do? Is it a system that can do everything a human can do, but also do"
P0239,P0239_T1,P0239_T1_5,5,condition_contradicted,Not Supported,"actually be? Is it a system that can do everything a human can do? Is it a system that can do everything a human can do, but also do"
P0239,P0239_T2,P0239_T2_1,1,relation_contradicted,Not Supported,"actually be? Is it a system that can do everything a human can do? Is it a system that can do everything a human can do, but also do"
P0239,P0239_T2,P0239_T2_2,2,condition_replaced,Not Enough Evidence,"actually be? Is it a system that can do everything a human can do? Is it a system that can do everything a human can do, but also do"
P0239,P0239_T2,P0239_T2_3,3,condition_removed,Not Enough Evidence,"actually be? Is it a system that can do everything a human can do? Is it a system that can do everything a human can do, but also do"
P0239,P0239_T2,P0239_T2_4,4,supported,Supported,"actually be? Is it a system that can do everything a human can do? Is it a system that can do everything a human can do, but also do"
P0239,P0239_T2,P0239_T2_5,5,condition_contradicted,Not Supported,"actually be? Is it a system that can do everything a human can do? Is it a system that can do everything a human can do, but also do"
P0239,P0239_T3,P0239_T3_1,1,relation_contradicted,Not Supported,"actually be? Is it a system that can do everything a human can do? Is it a system that can do everything a human can do, but also do"
P0239,P0239_T3,P0239_T3_2,2,condition_replaced,Not Enough Evidence,"actually be? Is it a system that can do everything a human can do? Is it a system that can do everything a human can do, but also do"
P0239,P0239_T3,P0239_T3_3,3,condition_removed,Not Enough Evidence,"actually be? Is it a system that can do everything a human can do? Is it a system that can do everything a human can do, but also do"
P0239,P0239_T3,P0239_T3_4,4,supported,Supported,"actually be? Is it a system that can do everything a human can do? Is it a system that can do everything a human can do, but also do"
P0239,P0239_T3,P0239_T3_5,5,condition_contradicted,Not Supported,"actually be? Is it a system that can do everything a human can do? Is it a system that can do everything a human can do, but also do"
P0239,P0239_T4,P0239_T4_1,1,relation_contradicted,Not Supported,"actually be? Is it a system that can do everything a human can do? Is it a system that can do everything a human can do, but also do"
P0239,P0239_T4,P0239_T4_2,2,condition_replaced,Not Enough Evidence,"actually be? Is it a system that can do everything a human can do? Is it a system that can do everything a human can do, but also do"
P0239,P0239_T4,P0239_T4_3,3,condition_removed,Not Enough Evidence,"actually be? Is it a system that can do everything a human can do? Is it a system that can do everything a human can do, but also do"
P0239,P0239_T4,P0239_T4_4,4,supported,Supported,"actually be? Is it a system that can do everything a human can do? Is it a system that can do everything a human can do, but also do"
P0239,P0239_T4,P0239_T4_5,5,condition_contradicted,Not Supported,actually be? Is it a system that matches or exceeds human capabilities? Or is it just a fancy name for something that is not quite there? The paragraph does
P0242,P0242_T1,P0242_T1_1,1,relation_contradicted,Not Supported,Not Supported
P0242,P0242_T1,P0242_T1_2,2,condition_replaced,Not Enough Evidence,Not Enough Evidence
P0242,P0242_T1,P0242_T1_3,3,condition_removed,Not Enough Evidence,Not Enough Evidence
P0242,P0242_T1,P0242_T1_4,4,supported,Supported,Not Enough Evidence
P0242,P0242_T1,P0242_T1_5,5,condition_contradicted,Not Supported,Not Supported
P0242,P0242_T2,P0242_T2_1,1,relation_contradicted,Not Supported,Not Supported
P0242,P0242_T2,P0242_T2_2,2,condition_replaced,Not Enough Evidence,Not Enough Evidence
P0242,P0242_T2,P0242_T2_3,3,condition_removed,Not Enough Evidence,Not Enough Evidence
P0242,P0242_T2,P0242_T2_4,4,supported,Supported,Supported
P0242,P0242_T2,P0242_T2_5,5,condition_contradicted,Not Supported,Not Supported
P0143,P0143_T1,P0143_T1_1,1,relation_contradicted,Not Supported,Not Supported
P0143,P0143_T1,P0143_T1_2,2,condition_replaced,Not Enough Evidence,Not Enough Evidence
P0143,P0143_T1,P0143_T1_3,3,condition_removed,Not Enough Evidence,Not Enough Evidence
P0143,P0143_T1,P0143_T1_4,4,supported,Supported,Supported
P0143,P0143_T1,P0143_T1_5,5,condition_contradicted,Not Supported,Not Supported
P0143,P0143_T2,P0143_T2_1,1,relation_contradicted,Not Supported,Not Supported
P0143,P0143_T2,P0143_T2_2,2,condition_replaced,Not Enough Evidence,Not Enough Evidence
P0143,P0143_T2,P0143_T2_3,3,condition_removed,Not Enough Evidence,Not Enough Evidence
P0143,P0143_T2,P0143_T2_4,4,supported,Supported,Supported
P0143,P0143_T2,P0143_T2_5,5,condition_contradicted,Not Supported,Not Supported
P0143,P0143_T3,P0143_T3_1,1,relation_contradicted,Not Supported,Not Supported
P0143,P0143_T3,P0143_T3_2,2,condition_replaced,Not Enough Evidence,Not Enough Evidence
P0143,P0143_T3,P0143_T3_3,3,condition_removed,Not Enough Evidence,Not Enough Evidence
P0143,P0143_T3,P0143_T3_4,4,supported,Supported,Supported
P0143,P0143_T3,P0143_T3_5,5,condition_contradicted,Not Supported,Not Supported
P0354,P0354_T1,P0354_T1_1,1,relation_contradicted,Not Supported,Not Supported
P0354,P0354_T1,P0354_T1_2,2,condition_replaced,Not Enough Evidence,Not Enough Evidence
P0354,P0354_T1,P0354_T1_3,3,condition_removed,Not Enough Evidence,Not Enough Evidence
P0354,P0354_T1,P0354_T1_4,4,supported,Supported,Supported
P0354,P0354_T1,P0354_T1_5,5,condition_contradicted,Not Supported,Not Supported
P0354,P0354_T2,P0354_T2_1,1,relation_contradicted,Not Supported,Not Supported
P0354,P0354_T2,P0354_T2_2,2,condition_replaced,Not Enough Evidence,Not Enough Evidence
P0354,P0354_T2,P0354_T2_3,3,condition_removed,Not Enough Evidence,Not Enough Evidence
P0354,P0354_T2,P0354_T2_4,4,supported,Supported,Supported
P0354,P0354_T2,P0354_T2_5,5,condition_contradicted,Not Supported,Not Supported
P0355,P0355_T1,P0355_T1_1,1,relation_contradicted,Not Supported,Not Supported
P0355,P0355_T1,P0355_T1_2,2,condition_replaced,Not Enough Evidence,Not Enough Evidence
P0355,P0355_T1,P0355_T1_3,3,condition_removed,Not Enough Evidence,Not Enough Evidence
P0355,P0355_T1,P0355_T1_4,4,supported,Supported,Supported
P0355,P0355_T1,P0355_T1_5,5,condition_contradicted,Not Supported,Not Supported
P0507,P0507_T1,P0507_T1_1,1,relation_contradicted,Not Supported,Supported
P0507,P0507_T1,P0507_T1_2,2,condition_replaced,Not Enough Evidence,Not Enough Evidence
P0507,P0507_T1,P0507_T1_3,3,condition_removed,Not Enough Evidence,Not Enough Evidence
P0507,P0507_T1,P0507_T1_4,4,supported,Supported,Supported
P0507,P0507_T1,P0507_T1_5,5,condition_contradicted,Not Supported,Supported
P0507,P0507_T2,P0507_T2_1,1,relation_contradicted,Not Supported,Not Enough Evidence
P0507,P0507_T2,P0507_T2_2,2,condition_replaced,Not Enough Evidence,Not Enough Evidence
P0507,P0507_T2,P0507_T2_3,3,condition_removed,Not Enough Evidence,Not Enough Evidence
P0507,P0507_T2,P0507_T2_4,4,supported,Supported,Supported
P0507,P0507_T2,P0507_T2_5,5,condition_contradicted,Not Supported,Not Enough Evidence
P0510,P0510_T1,P0510_T1_1,1,relation_contradicted,Not Supported,Not Supported
P0510,P0510_T1,P0510_T1_2,2,condition_replaced,Not Enough Evidence,Not Enough Evidence
P0510,P0510_T1,P0510_T1_3,3,condition_removed,Not Enough Evidence,Not Enough Evidence
P0510,P0510_T1,P0510_T1_4,4,supported,Supported,Supported
P0510,P0510_T1,P0510_T1_5,5,condition_contradicted,Not Supported,Not Supported
P0510,P0510_T2,P0510_T2_1,1,relation_contradicted,Not Supported,Not Supported
P0510,P0510_T2,P0510_T2_2,2,condition_replaced,Not Enough Evidence,Not Enough Evidence
P0510,P0510_T2,P0510_T2_3,3,condition_removed,Not Enough Evidence,Not Enough Evidence
P0510,P0510_T2,P0510_T2_4,4,supported,Supported,Supported
P0510,P0510_T2,P0510_T2_5,5,condition_contradicted,Not Supported,Not Supported
P0510,P0510_T3,P0510_T3_1,1,relation_contradicted,Not Supported,Not Supported
P0510,P0510_T3,P0510_T3_2,2,condition_replaced,Not Enough Evidence,Not Enough Evidence
P0510,P0510_T3,P0510_T3_3,3,condition_removed,Not Enough Evidence,Not Enough Evidence
P0510,P0510_T3,P0510_T3_4,4,supported,Supported,Supported
P0510,P0510_T3,P0510_T3_5,5,condition_contradicted,Not Supported,Not Supported
P0511,P0511_T2,P0511_T2_1,1,relation_contradicted,Not Supported,Not Supported
P0511,P0511_T2,P0511_T2_2,2,condition_replaced,Not Enough Evidence,Not Enough Evidence
P0511,P0511_T2,P0511_T2_3,3,condition_removed,Not Enough Evidence,Not Enough Evidence
P0511,P0511_T2,P0511_T2_4,4,supported,Supported,Supported
P0511,P0511_T2,P0511_T2_5,5,condition_contradicted,Not Supported,Not Supported
