Paragraph_ID,Tuple_ID,ProbeID,Probe_Number,Probe_Type,Gold_Label,predicted_label
P0356,P0356_T4,P0356_T4_1,1,relation_contradicted,Not Supported,Not Supported
P0356,P0356_T4,P0356_T4_2,2,condition_replaced,Not Enough Evidence,Not Supported
P0356,P0356_T4,P0356_T4_3,3,condition_removed,Not Enough Evidence,Not Supported
P0356,P0356_T4,P0356_T4_5,5,condition_contradicted,Not Supported,Not Supported
P0356,P0356_T5,P0356_T5_1,1,relation_contradicted,Not Supported,Not Supported
P0356,P0356_T5,P0356_T5_2,2,condition_replaced,Not Enough Evidence,Not Supported
P0356,P0356_T5,P0356_T5_3,3,condition_removed,Not Enough Evidence,Not Supported
P0356,P0356_T5,P0356_T5_4,4,supported,Supported,Not Supported
P0356,P0356_T5,P0356_T5_5,5,condition_contradicted,Not Supported,Not Supported
P0357,P0357_T1,P0357_T1_1,1,relation_contradicted,Not Supported,Not Supported
P0357,P0357_T1,P0357_T1_2,2,condition_replaced,Not Enough Evidence,Not Supported
P0357,P0357_T1,P0357_T1_3,3,condition_removed,Not Enough Evidence,Not Supported
P0357,P0357_T1,P0357_T1_4,4,supported,Supported,Not Supported
P0357,P0357_T1,P0357_T1_5,5,condition_contradicted,Not Supported,Not Supported
P0357,P0357_T2,P0357_T2_1,1,relation_contradicted,Not Supported,Not Supported
P0357,P0357_T2,P0357_T2_2,2,condition_replaced,Not Enough Evidence,Not Supported
P0357,P0357_T2,P0357_T2_3,3,condition_removed,Not Enough Evidence,Not Supported
P0357,P0357_T2,P0357_T2_4,4,supported,Supported,Not Supported
P0357,P0357_T2,P0357_T2_5,5,condition_contradicted,Not Supported,Not Supported
P0357,P0357_T3,P0357_T3_1,1,relation_contradicted,Not Supported,Not Supported
P0357,P0357_T3,P0357_T3_2,2,condition_replaced,Not Enough Evidence,Not Supported
P0357,P0357_T3,P0357_T3_3,3,condition_removed,Not Enough Evidence,Not Supported
P0357,P0357_T3,P0357_T3_4,4,supported,Supported,Not Supported
P0357,P0357_T3,P0357_T3_5,5,condition_contradicted,Not Supported,Not Supported
P0357,P0357_T4,P0357_T4_1,1,relation_contradicted,Not Supported,Not Supported
P0357,P0357_T4,P0357_T4_2,2,condition_replaced,Not Enough Evidence,Not Supported
P0357,P0357_T4,P0357_T4_3,3,condition_removed,Not Enough Evidence,Not Supported
P0357,P0357_T4,P0357_T4_4,4,supported,Supported,Not Supported
P0357,P0357_T4,P0357_T4_5,5,condition_contradicted,Not Supported,Not Supported
P0359,P0359_T1,P0359_T1_1,1,relation_contradicted,Not Supported,Not Supported
P0359,P0359_T1,P0359_T1_2,2,condition_replaced,Not Enough Evidence,Not Supported
P0359,P0359_T1,P0359_T1_3,3,condition_removed,Not Enough Evidence,Not Supported
P0359,P0359_T1,P0359_T1_4,4,supported,Supported,Not Supported
P0359,P0359_T1,P0359_T1_5,5,condition_contradicted,Not Supported,Not Supported
P0360,P0360_T1,P0360_T1_1,1,relation_contradicted,Not Supported,Not Supported
P0360,P0360_T1,P0360_T1_2,2,condition_replaced,Not Enough Evidence,Not Supported
P0360,P0360_T1,P0360_T1_3,3,condition_removed,Not Enough Evidence,Not Supported
P0360,P0360_T1,P0360_T1_4,4,supported,Supported,Not Supported
P0360,P0360_T1,P0360_T1_5,5,condition_contradicted,Not Supported,Not Supported
P0513,P0513_T1,P0513_T1_1,1,relation_contradicted,Not Supported,Not Supported
P0513,P0513_T1,P0513_T1_2,2,condition_replaced,Not Enough Evidence,Not Enough Evidence
P0513,P0513_T1,P0513_T1_3,3,condition_removed,Not Enough Evidence,Not Enough Evidence
P0513,P0513_T1,P0513_T1_4,4,supported,Supported,Not Supported
P0513,P0513_T1,P0513_T1_5,5,condition_contradicted,Not Supported,Not Supported
P0514,P0514_T1,P0514_T1_1,1,relation_contradicted,Not Supported,Not Supported
P0514,P0514_T1,P0514_T1_2,2,condition_replaced,Not Enough Evidence,Not Supported
P0514,P0514_T1,P0514_T1_3,3,condition_removed,Not Enough Evidence,Not Supported
P0514,P0514_T1,P0514_T1_4,4,supported,Supported,Not Supported
P0514,P0514_T1,P0514_T1_5,5,condition_contradicted,Not Supported,Not Supported
P0515,P0515_T1,P0515_T1_1,1,relation_contradicted,Not Supported,Not Supported
P0515,P0515_T1,P0515_T1_2,2,condition_replaced,Not Enough Evidence,Not Supported
P0515,P0515_T1,P0515_T1_3,3,condition_removed,Not Enough Evidence,Not Supported
P0515,P0515_T1,P0515_T1_4,4,supported,Supported,Not Supported
P0515,P0515_T1,P0515_T1_5,5,condition_contradicted,Not Supported,Not Supported
P0515,P0515_T2,P0515_T2_1,1,relation_contradicted,Not Supported,Not Supported
P0515,P0515_T2,P0515_T2_2,2,condition_replaced,Not Enough Evidence,Not Supported
P0515,P0515_T2,P0515_T2_3,3,condition_removed,Not Enough Evidence,Not Supported
P0515,P0515_T2,P0515_T2_4,4,supported,Supported,Not Supported
P0515,P0515_T2,P0515_T2_5,5,condition_contradicted,Not Supported,Not Supported
P0516,P0516_T1,P0516_T1_1,1,relation_contradicted,Not Supported,Not Supported
P0516,P0516_T1,P0516_T1_2,2,condition_replaced,Not Enough Evidence,Not Supported
P0516,P0516_T1,P0516_T1_3,3,condition_removed,Not Enough Evidence,Not Supported
P0516,P0516_T1,P0516_T1_4,4,supported,Supported,Not Supported
P0516,P0516_T1,P0516_T1_5,5,condition_contradicted,Not Supported,Not Supported
P0516,P0516_T2,P0516_T2_1,1,relation_contradicted,Not Supported,Not Supported
P0516,P0516_T2,P0516_T2_2,2,condition_replaced,Not Enough Evidence,Not Supported
P0516,P0516_T2,P0516_T2_3,3,condition_removed,Not Enough Evidence,Not Supported
P0516,P0516_T2,P0516_T2_4,4,supported,Supported,Not Supported
P0516,P0516_T2,P0516_T2_5,5,condition_contradicted,Not Supported,Not Supported
P0517,P0517_T1,P0517_T1_1,1,relation_contradicted,Not Supported,Not Supported
P0517,P0517_T1,P0517_T1_2,2,condition_replaced,Not Enough Evidence,Not Supported
P0517,P0517_T1,P0517_T1_3,3,condition_removed,Not Enough Evidence,Not Supported
P0517,P0517_T1,P0517_T1_4,4,supported,Supported,Not Supported
P0517,P0517_T1,P0517_T1_5,5,condition_contradicted,Not Supported,Not Supported
P0518,P0518_T1,P0518_T1_1,1,relation_contradicted,Not Supported,Not Supported
P0518,P0518_T1,P0518_T1_2,2,condition_replaced,Not Enough Evidence,Not Supported
P0518,P0518_T1,P0518_T1_3,3,condition_removed,Not Enough Evidence,Not Supported
P0518,P0518_T1,P0518_T1_4,4,supported,Supported,Not Supported
P0518,P0518_T1,P0518_T1_5,5,condition_contradicted,Not Supported,Not Supported
P0143,P0143_T4,P0143_T4_1,1,relation_contradicted,Not Supported,Not Supported
P0143,P0143_T4,P0143_T4_2,2,condition_replaced,Not Enough Evidence,Not Supported
P0143,P0143_T4,P0143_T4_3,3,condition_removed,Not Enough Evidence,Not Supported
P0143,P0143_T4,P0143_T4_4,4,supported,Supported,Not Supported
P0143,P0143_T4,P0143_T4_5,5,condition_contradicted,Not Supported,Not Supported
P0143,P0143_T5,P0143_T5_1,1,relation_contradicted,Not Supported,Not Supported
P0143,P0143_T5,P0143_T5_2,2,condition_replaced,Not Enough Evidence,Not Supported
P0143,P0143_T5,P0143_T5_3,3,condition_removed,Not Enough Evidence,Not Supported
P0143,P0143_T5,P0143_T5_4,4,supported,Supported,Not Supported
P0143,P0143_T5,P0143_T5_5,5,condition_contradicted,Not Supported,Not Supported
P0143,P0143_T6,P0143_T6_1,1,relation_contradicted,Not Supported,Not Supported
P0143,P0143_T6,P0143_T6_2,2,condition_replaced,Not Enough Evidence,Not Supported
P0143,P0143_T6,P0143_T6_3,3,condition_removed,Not Enough Evidence,Not Supported
P0143,P0143_T6,P0143_T6_4,4,supported,Supported,Not Supported
P0143,P0143_T6,P0143_T6_5,5,condition_contradicted,Not Supported,Not Supported
P0143,P0143_T7,P0143_T7_1,1,relation_contradicted,Not Supported,Not Supported
P0143,P0143_T7,P0143_T7_2,2,condition_replaced,Not Enough Evidence,Not Supported
P0143,P0143_T7,P0143_T7_3,3,condition_removed,Not Enough Evidence,Not Supported
P0143,P0143_T7,P0143_T7_4,4,supported,Supported,Not Supported
P0143,P0143_T7,P0143_T7_5,5,condition_contradicted,Not Supported,Not Supported
P0143,P0143_T8,P0143_T8_1,1,relation_contradicted,Not Supported,Not Supported
P0143,P0143_T8,P0143_T8_2,2,condition_replaced,Not Enough Evidence,Not Supported
P0143,P0143_T8,P0143_T8_3,3,condition_removed,Not Enough Evidence,Not Supported
P0143,P0143_T8,P0143_T8_4,4,supported,Supported,Not Supported
P0143,P0143_T8,P0143_T8_5,5,condition_contradicted,Not Supported,Not Supported
P0144,P0144_T1,P0144_T1_1,1,relation_contradicted,Not Supported,Not Supported
P0144,P0144_T1,P0144_T1_2,2,condition_replaced,Not Enough Evidence,Not Supported
P0144,P0144_T1,P0144_T1_3,3,condition_removed,Not Enough Evidence,Not Supported
P0144,P0144_T1,P0144_T1_4,4,supported,Supported,Not Supported
P0144,P0144_T1,P0144_T1_5,5,condition_contradicted,Not Supported,Not Supported
P0144,P0144_T2,P0144_T2_1,1,relation_contradicted,Not Supported,Not Supported
P0144,P0144_T2,P0144_T2_2,2,condition_replaced,Not Enough Evidence,Not Supported
P0144,P0144_T2,P0144_T2_3,3,condition_removed,Not Enough Evidence,Not Supported
P0144,P0144_T2,P0144_T2_4,4,supported,Supported,Not Supported
P0144,P0144_T2,P0144_T2_5,5,condition_contradicted,Not Supported,Not Supported
P0144,P0144_T3,P0144_T3_1,1,relation_contradicted,Not Supported,Not Supported
P0144,P0144_T3,P0144_T3_2,2,condition_replaced,Not Enough Evidence,Not Supported
P0144,P0144_T3,P0144_T3_3,3,condition_removed,Not Enough Evidence,Not Supported
P0144,P0144_T3,P0144_T3_4,4,supported,Supported,Not Supported
P0144,P0144_T3,P0144_T3_5,5,condition_contradicted,Not Supported,Not Supported
P0144,P0144_T4,P0144_T4_1,1,relation_contradicted,Not Supported,Not Supported
P0144,P0144_T4,P0144_T4_2,2,condition_replaced,Not Enough Evidence,Not Supported
P0144,P0144_T4,P0144_T4_3,3,condition_removed,Not Enough Evidence,Not Supported
P0144,P0144_T4,P0144_T4_4,4,supported,Supported,Not Supported
P0144,P0144_T4,P0144_T4_5,5,condition_contradicted,Not Supported,Not Supported
P0144,P0144_T5,P0144_T5_1,1,relation_contradicted,Not Supported,Not Supported
P0144,P0144_T5,P0144_T5_2,2,condition_replaced,Not Enough Evidence,Not Supported
P0144,P0144_T5,P0144_T5_3,3,condition_removed,Not Enough Evidence,Not Supported
P0144,P0144_T5,P0144_T5_4,4,supported,Supported,Not Supported
P0144,P0144_T5,P0144_T5_5,5,condition_contradicted,Not Supported,Not Supported
P0243,P0243_T3,P0243_T3_1,1,relation_contradicted,Not Supported,Not Supported
P0243,P0243_T3,P0243_T3_2,2,condition_replaced,Not Enough Evidence,Not Supported
P0243,P0243_T3,P0243_T3_3,3,condition_removed,Not Enough Evidence,Not Supported
P0243,P0243_T3,P0243_T3_4,4,supported,Supported,Not Supported
P0243,P0243_T3,P0243_T3_5,5,condition_contradicted,Not Supported,Not Supported
P0243,P0243_T4,P0243_T4_1,1,relation_contradicted,Not Supported,Not Supported
P0243,P0243_T4,P0243_T4_2,2,condition_replaced,Not Enough Evidence,Not Supported
P0243,P0243_T4,P0243_T4_3,3,condition_removed,Not Enough Evidence,Not Supported
P0243,P0243_T4,P0243_T4_4,4,supported,Supported,Not Supported
P0243,P0243_T4,P0243_T4_5,5,condition_contradicted,Not Supported,Not Supported
P0243,P0243_T5,P0243_T5_1,1,relation_contradicted,Not Supported,Not Supported
P0243,P0243_T5,P0243_T5_2,2,condition_replaced,Not Enough Evidence,Not Supported
P0243,P0243_T5,P0243_T5_3,3,condition_removed,Not Enough Evidence,Not Supported
P0243,P0243_T5,P0243_T5_4,4,supported,Supported,Not Supported
P0243,P0243_T5,P0243_T5_5,5,condition_contradicted,Not Supported,Not Supported
P0243,P0243_T6,P0243_T6_1,1,relation_contradicted,Not Supported,Not Supported
P0243,P0243_T6,P0243_T6_2,2,condition_replaced,Not Enough Evidence,Not Supported
P0243,P0243_T6,P0243_T6_3,3,condition_removed,Not Enough Evidence,Not Supported
P0243,P0243_T6,P0243_T6_4,4,supported,Supported,Not Supported
P0243,P0243_T6,P0243_T6_5,5,condition_contradicted,Not Supported,Not Supported
P0243,P0243_T7,P0243_T7_1,1,relation_contradicted,Not Supported,Not Supported
P0243,P0243_T7,P0243_T7_2,2,condition_replaced,Not Enough Evidence,Not Supported
P0243,P0243_T7,P0243_T7_3,3,condition_removed,Not Enough Evidence,Not Supported
P0243,P0243_T7,P0243_T7_4,4,supported,Supported,Not Supported
P0243,P0243_T7,P0243_T7_5,5,condition_contradicted,Not Supported,Not Supported
P0243,P0243_T8,P0243_T8_1,1,relation_contradicted,Not Supported,Not Supported
P0243,P0243_T8,P0243_T8_2,2,condition_replaced,Not Enough Evidence,Not Supported
P0243,P0243_T8,P0243_T8_3,3,condition_removed,Not Enough Evidence,Not Supported
P0243,P0243_T8,P0243_T8_4,4,supported,Supported,Not Supported
P0243,P0243_T8,P0243_T8_5,5,condition_contradicted,Not Supported,Not Supported
P0243,P0243_T9,P0243_T9_1,1,relation_contradicted,Not Supported,Not Supported
P0243,P0243_T9,P0243_T9_2,2,condition_replaced,Not Enough Evidence,Not Supported
P0243,P0243_T9,P0243_T9_3,3,condition_removed,Not Enough Evidence,Not Supported
P0243,P0243_T9,P0243_T9_4,4,supported,Supported,Not Supported
P0243,P0243_T9,P0243_T9_5,5,condition_contradicted,Not Supported,Not Supported
P0243,P0243_T10,P0243_T10_1,1,relation_contradicted,Not Supported,Not Supported
P0243,P0243_T10,P0243_T10_2,2,condition_replaced,Not Enough Evidence,Not Supported
P0243,P0243_T10,P0243_T10_3,3,condition_removed,Not Enough Evidence,Not Supported
P0243,P0243_T10,P0243_T10_4,4,supported,Supported,Not Supported
P0243,P0243_T10,P0243_T10_5,5,condition_contradicted,Not Supported,Not Supported
P0243,P0243_T11,P0243_T11_1,1,relation_contradicted,Not Supported,Not Supported
P0243,P0243_T11,P0243_T11_2,2,condition_replaced,Not Enough Evidence,Not Supported
P0243,P0243_T11,P0243_T11_3,3,condition_removed,Not Enough Evidence,Not Supported
P0243,P0243_T11,P0243_T11_4,4,supported,Supported,Not Supported
P0243,P0243_T11,P0243_T11_5,5,condition_contradicted,Not Supported,Not Supported
P0244,P0244_T1,P0244_T1_1,1,relation_contradicted,Not Supported,Not Supported
P0244,P0244_T1,P0244_T1_2,2,condition_replaced,Not Enough Evidence,Not Supported
P0244,P0244_T1,P0244_T1_3,3,condition_removed,Not Enough Evidence,Not Supported
P0244,P0244_T1,P0244_T1_4,4,supported,Supported,Not Supported
P0244,P0244_T1,P0244_T1_5,5,condition_contradicted,Not Supported,Not Supported
P0024,P0024_T1,P0024_T1_1,1,relation_contradicted,Not Supported,Not Supported
P0024,P0024_T1,P0024_T1_2,2,condition_replaced,Not Enough Evidence,Not Supported
P0024,P0024_T1,P0024_T1_3,3,condition_removed,Not Enough Evidence,Not Supported
P0024,P0024_T1,P0024_T1_4,4,supported,Supported,Not Supported
P0024,P0024_T1,P0024_T1_5,5,condition_contradicted,Not Supported,Not Supported
P0025,P0025_T1,P0025_T1_1,1,relation_contradicted,Not Supported,Not Supported
P0025,P0025_T1,P0025_T1_2,2,condition_replaced,Not Enough Evidence,Not Enough Evidence
P0025,P0025_T1,P0025_T1_3,3,condition_removed,Not Enough Evidence,Not Enough Evidence
P0025,P0025_T1,P0025_T1_4,4,supported,Supported,Not Supported
P0025,P0025_T1,P0025_T1_5,5,condition_contradicted,Not Supported,Not Supported
P0025,P0025_T2,P0025_T2_1,1,relation_contradicted,Not Supported,Not Supported
P0025,P0025_T2,P0025_T2_2,2,condition_replaced,Not Enough Evidence,Not Enough Evidence
P0025,P0025_T2,P0025_T2_3,3,condition_removed,Not Enough Evidence,Not Enough Evidence
P0025,P0025_T2,P0025_T2_4,4,supported,Supported,Not Supported
P0025,P0025_T2,P0025_T2_5,5,condition_contradicted,Not Supported,Not Supported
P0025,P0025_T3,P0025_T3_1,1,relation_contradicted,Not Supported,Not Supported
P0025,P0025_T3,P0025_T3_2,2,condition_replaced,Not Enough Evidence,Not Enough Evidence
P0025,P0025_T3,P0025_T3_3,3,condition_removed,Not Enough Evidence,Not Enough Evidence
P0025,P0025_T3,P0025_T3_4,4,supported,Supported,Not Supported
P0025,P0025_T3,P0025_T3_5,5,condition_contradicted,Not Supported,Not Supported
P0025,P0025_T4,P0025_T4_1,1,relation_contradicted,Not Supported,Not Supported
P0025,P0025_T4,P0025_T4_2,2,condition_replaced,Not Enough Evidence,Not Enough Evidence
P0025,P0025_T4,P0025_T4_3,3,condition_removed,Not Enough Evidence,Not Enough Evidence
P0025,P0025_T4,P0025_T4_4,4,supported,Supported,Not Supported
P0025,P0025_T4,P0025_T4_5,5,condition_contradicted,Not Supported,Not Supported
P0026,P0026_T1,P0026_T1_1,1,relation_contradicted,Not Supported,Not Supported
P0026,P0026_T1,P0026_T1_2,2,condition_replaced,Not Enough Evidence,Not Enough Evidence
P0026,P0026_T1,P0026_T1_3,3,condition_removed,Not Enough Evidence,Not Enough Evidence
P0026,P0026_T1,P0026_T1_4,4,supported,Supported,Not Supported
P0026,P0026_T1,P0026_T1_5,5,condition_contradicted,Not Supported,Not Supported
P0027,P0027_T1,P0027_T1_1,1,relation_contradicted,Not Supported,Not Supported
P0027,P0027_T1,P0027_T1_2,2,condition_replaced,Not Enough Evidence,Not Supported
P0027,P0027_T1,P0027_T1_3,3,condition_removed,Not Enough Evidence,Not Supported
P0027,P0027_T1,P0027_T1_4,4,supported,Supported,Not Supported
P0027,P0027_T1,P0027_T1_5,5,condition_contradicted,Not Supported,Not Supported
P0027,P0027_T2,P0027_T2_1,1,relation_contradicted,Not Supported,Not Supported
P0027,P0027_T2,P0027_T2_2,2,condition_replaced,Not Enough Evidence,Not Supported
P0027,P0027_T2,P0027_T2_3,3,condition_removed,Not Enough Evidence,Not Supported
P0027,P0027_T2,P0027_T2_4,4,supported,Supported,Not Supported
P0027,P0027_T2,P0027_T2_5,5,condition_contradicted,Not Supported,Not Supported
P0027,P0027_T3,P0027_T3_1,1,relation_contradicted,Not Supported,Not Supported
P0027,P0027_T3,P0027_T3_2,2,condition_replaced,Not Enough Evidence,Not Supported
P0027,P0027_T3,P0027_T3_3,3,condition_removed,Not Enough Evidence,Not Supported
P0027,P0027_T3,P0027_T3_4,4,supported,Supported,Not Supported
P0027,P0027_T3,P0027_T3_5,5,condition_contradicted,Not Supported,Not Supported
P0028,P0028_T1,P0028_T1_1,1,relation_contradicted,Not Supported,Not Supported
P0028,P0028_T1,P0028_T1_2,2,condition_replaced,Not Enough Evidence,Not Enough Evidence
P0028,P0028_T1,P0028_T1_3,3,condition_removed,Not Enough Evidence,Not Enough Evidence
P0028,P0028_T1,P0028_T1_4,4,supported,Supported,Not Supported
P0028,P0028_T1,P0028_T1_5,5,condition_contradicted,Not Supported,Not Supported
P0144,P0144_T6,P0144_T6_1,1,relation_contradicted,Not Supported,Not Supported
P0144,P0144_T6,P0144_T6_2,2,condition_replaced,Not Enough Evidence,Not Supported
P0144,P0144_T6,P0144_T6_3,3,condition_removed,Not Enough Evidence,Not Supported
P0144,P0144_T6,P0144_T6_4,4,supported,Supported,Not Supported
P0144,P0144_T6,P0144_T6_5,5,condition_contradicted,Not Supported,Not Supported
P0144,P0144_T7,P0144_T7_1,1,relation_contradicted,Not Supported,Not Supported
P0144,P0144_T7,P0144_T7_2,2,condition_replaced,Not Enough Evidence,Not Supported
P0144,P0144_T7,P0144_T7_3,3,condition_removed,Not Enough Evidence,Not Supported
P0144,P0144_T7,P0144_T7_4,4,supported,Supported,Not Supported
P0144,P0144_T7,P0144_T7_5,5,condition_contradicted,Not Supported,Not Supported
P0145,P0145_T1,P0145_T1_1,1,relation_contradicted,Not Supported,Not Supported
P0145,P0145_T1,P0145_T1_2,2,condition_replaced,Not Enough Evidence,Not Supported
P0145,P0145_T1,P0145_T1_3,3,condition_removed,Not Enough Evidence,Not Supported
P0145,P0145_T1,P0145_T1_4,4,supported,Supported,Not Supported
P0145,P0145_T1,P0145_T1_5,5,condition_contradicted,Not Supported,Not Supported
P0145,P0145_T2,P0145_T2_1,1,relation_contradicted,Not Supported,Not Supported
P0145,P0145_T2,P0145_T2_2,2,condition_replaced,Not Enough Evidence,Not Supported
P0145,P0145_T2,P0145_T2_3,3,condition_removed,Not Enough Evidence,Not Supported
P0145,P0145_T2,P0145_T2_4,4,supported,Supported,Not Supported
P0145,P0145_T2,P0145_T2_5,5,condition_contradicted,Not Supported,Not Supported
P0145,P0145_T3,P0145_T3_1,1,relation_contradicted,Not Supported,Not Supported
P0145,P0145_T3,P0145_T3_2,2,condition_replaced,Not Enough Evidence,Not Supported
P0145,P0145_T3,P0145_T3_3,3,condition_removed,Not Enough Evidence,Not Supported
P0145,P0145_T3,P0145_T3_4,4,supported,Supported,Not Supported
P0145,P0145_T3,P0145_T3_5,5,condition_contradicted,Not Supported,Not Supported
P0145,P0145_T4,P0145_T4_1,1,relation_contradicted,Not Supported,Not Supported
P0145,P0145_T4,P0145_T4_2,2,condition_replaced,Not Enough Evidence,Not Supported
P0145,P0145_T4,P0145_T4_3,3,condition_removed,Not Enough Evidence,Not Supported
P0145,P0145_T4,P0145_T4_4,4,supported,Supported,Not Supported
P0145,P0145_T4,P0145_T4_5,5,condition_contradicted,Not Supported,Not Supported
P0146,P0146_T1,P0146_T1_1,1,relation_contradicted,Not Supported,Not Supported
P0146,P0146_T1,P0146_T1_2,2,condition_replaced,Not Enough Evidence,Not Enough Evidence
P0146,P0146_T1,P0146_T1_3,3,condition_removed,Not Enough Evidence,Not Enough Evidence
P0146,P0146_T1,P0146_T1_4,4,supported,Supported,Supported
P0146,P0146_T1,P0146_T1_5,5,condition_contradicted,Not Supported,Not Supported
P0146,P0146_T2,P0146_T2_1,1,relation_contradicted,Not Supported,Not Supported
P0146,P0146_T2,P0146_T2_2,2,condition_replaced,Not Enough Evidence,Not Enough Evidence
P0146,P0146_T2,P0146_T2_3,3,condition_removed,Not Enough Evidence,Not Enough Evidence
P0146,P0146_T2,P0146_T2_4,4,supported,Supported,Not Supported
P0146,P0146_T2,P0146_T2_5,5,condition_contradicted,Not Supported,Not Supported
P0147,P0147_T1,P0147_T1_1,1,relation_contradicted,Not Supported,Not Supported
P0147,P0147_T1,P0147_T1_2,2,condition_replaced,Not Enough Evidence,Not Supported
P0147,P0147_T1,P0147_T1_3,3,condition_removed,Not Enough Evidence,Not Supported
P0147,P0147_T1,P0147_T1_4,4,supported,Supported,Not Supported
P0147,P0147_T1,P0147_T1_5,5,condition_contradicted,Not Supported,Not Supported
P0147,P0147_T2,P0147_T2_1,1,relation_contradicted,Not Supported,Not Supported
P0147,P0147_T2,P0147_T2_2,2,condition_replaced,Not Enough Evidence,Not Supported
P0147,P0147_T2,P0147_T2_3,3,condition_removed,Not Enough Evidence,Not Supported
P0147,P0147_T2,P0147_T2_4,4,supported,Supported,Not Supported
P0147,P0147_T2,P0147_T2_5,5,condition_contradicted,Not Supported,Not Supported
P0518,P0518_T2,P0518_T2_1,1,relation_contradicted,Not Supported,Not Supported
P0518,P0518_T2,P0518_T2_2,2,condition_replaced,Not Enough Evidence,Not Supported
P0518,P0518_T2,P0518_T2_3,3,condition_removed,Not Enough Evidence,Not Supported
P0518,P0518_T2,P0518_T2_4,4,supported,Supported,Not Supported
P0518,P0518_T2,P0518_T2_5,5,condition_contradicted,Not Supported,Not Supported
P0518,P0518_T3,P0518_T3_1,1,relation_contradicted,Not Supported,Not Supported
P0518,P0518_T3,P0518_T3_2,2,condition_replaced,Not Enough Evidence,Not Supported
P0518,P0518_T3,P0518_T3_3,3,condition_removed,Not Enough Evidence,Not Supported
P0518,P0518_T3,P0518_T3_4,4,supported,Supported,Not Supported
P0518,P0518_T3,P0518_T3_5,5,condition_contradicted,Not Supported,Not Supported
P0519,P0519_T1,P0519_T1_1,1,relation_contradicted,Not Supported,Not Supported
P0519,P0519_T1,P0519_T1_2,2,condition_replaced,Not Enough Evidence,Not Supported
P0519,P0519_T1,P0519_T1_3,3,condition_removed,Not Enough Evidence,Not Enough Evidence
P0519,P0519_T1,P0519_T1_4,4,supported,Supported,Supported
P0519,P0519_T1,P0519_T1_5,5,condition_contradicted,Not Supported,Not Supported
P0520,P0520_T1,P0520_T1_1,1,relation_contradicted,Not Supported,Not Supported
P0520,P0520_T1,P0520_T1_2,2,condition_replaced,Not Enough Evidence,Not Supported
P0520,P0520_T1,P0520_T1_3,3,condition_removed,Not Enough Evidence,Not Supported
P0520,P0520_T1,P0520_T1_4,4,supported,Supported,Not Supported
P0520,P0520_T1,P0520_T1_5,5,condition_contradicted,Not Supported,Not Supported
P0521,P0521_T1,P0521_T1_1,1,relation_contradicted,Not Supported,Not Supported
P0521,P0521_T1,P0521_T1_2,2,condition_replaced,Not Enough Evidence,Not Supported
P0521,P0521_T1,P0521_T1_3,3,condition_removed,Not Enough Evidence,Not Enough Evidence
P0521,P0521_T1,P0521_T1_4,4,supported,Supported,Supported
P0521,P0521_T1,P0521_T1_5,5,condition_contradicted,Not Supported,Not Supported
P0521,P0521_T2,P0521_T2_1,1,relation_contradicted,Not Supported,Not Supported
P0521,P0521_T2,P0521_T2_2,2,condition_replaced,Not Enough Evidence,Not Enough Evidence
P0521,P0521_T2,P0521_T2_3,3,condition_removed,Not Enough Evidence,Not Enough Evidence
P0521,P0521_T2,P0521_T2_4,4,supported,Supported,Supported
P0521,P0521_T2,P0521_T2_5,5,condition_contradicted,Not Supported,Not Supported
P0521,P0521_T3,P0521_T3_1,1,relation_contradicted,Not Supported,Not Supported
P0521,P0521_T3,P0521_T3_2,2,condition_replaced,Not Enough Evidence,Not Enough Evidence
P0521,P0521_T3,P0521_T3_3,3,condition_removed,Not Enough Evidence,Not Enough Evidence
P0521,P0521_T3,P0521_T3_4,4,supported,Supported,Supported
P0521,P0521_T3,P0521_T3_5,5,condition_contradicted,Not Supported,Not Supported
P0521,P0521_T4,P0521_T4_1,1,relation_contradicted,Not Supported,Not Supported
P0521,P0521_T4,P0521_T4_2,2,condition_replaced,Not Enough Evidence,Not Enough Evidence
P0521,P0521_T4,P0521_T4_3,3,condition_removed,Not Enough Evidence,Not Enough Evidence
P0521,P0521_T4,P0521_T4_4,4,supported,Supported,Not Supported
P0521,P0521_T4,P0521_T4_5,5,condition_contradicted,Not Supported,Not Supported
P0522,P0522_T1,P0522_T1_1,1,relation_contradicted,Not Supported,Not Supported
P0522,P0522_T1,P0522_T1_2,2,condition_replaced,Not Enough Evidence,Not Supported
P0522,P0522_T1,P0522_T1_3,3,condition_removed,Not Enough Evidence,Not Supported
P0522,P0522_T1,P0522_T1_4,4,supported,Supported,Not Supported
P0522,P0522_T1,P0522_T1_5,5,condition_contradicted,Not Supported,Not Supported
P0361,P0361_T1,P0361_T1_1,1,relation_contradicted,Not Supported,Not Supported
P0361,P0361_T1,P0361_T1_2,2,condition_replaced,Not Enough Evidence,Not Supported
P0361,P0361_T1,P0361_T1_3,3,condition_removed,Not Enough Evidence,Not Supported
P0361,P0361_T1,P0361_T1_4,4,supported,Supported,Not Supported
P0361,P0361_T1,P0361_T1_5,5,condition_contradicted,Not Supported,Not Supported
P0361,P0361_T2,P0361_T2_1,1,relation_contradicted,Not Supported,Not Supported
P0361,P0361_T2,P0361_T2_2,2,condition_replaced,Not Enough Evidence,Not Supported
P0361,P0361_T2,P0361_T2_3,3,condition_removed,Not Enough Evidence,Not Supported
P0361,P0361_T2,P0361_T2_4,4,supported,Supported,Not Supported
P0361,P0361_T2,P0361_T2_5,5,condition_contradicted,Not Supported,Not Supported
P0362,P0362_T1,P0362_T1_1,1,relation_contradicted,Not Supported,Not Supported
P0362,P0362_T1,P0362_T1_2,2,condition_replaced,Not Enough Evidence,Not Supported
P0362,P0362_T1,P0362_T1_3,3,condition_removed,Not Enough Evidence,Not Supported
P0362,P0362_T1,P0362_T1_4,4,supported,Supported,Not Supported
P0362,P0362_T1,P0362_T1_5,5,condition_contradicted,Not Supported,Not Supported
P0363,P0363_T1,P0363_T1_1,1,relation_contradicted,Not Supported,Not Supported
P0363,P0363_T1,P0363_T1_2,2,condition_replaced,Not Enough Evidence,Not Supported
P0363,P0363_T1,P0363_T1_3,3,condition_removed,Not Enough Evidence,Not Supported
P0363,P0363_T1,P0363_T1_4,4,supported,Supported,Not Supported
P0363,P0363_T1,P0363_T1_5,5,condition_contradicted,Not Supported,Not Supported
P0363,P0363_T3,P0363_T3_1,1,relation_contradicted,Not Supported,Not Supported
P0363,P0363_T3,P0363_T3_2,2,condition_replaced,Not Enough Evidence,Not Supported
P0363,P0363_T3,P0363_T3_3,3,condition_removed,Not Enough Evidence,Not Supported
P0363,P0363_T3,P0363_T3_4,4,supported,Supported,Not Supported
P0363,P0363_T3,P0363_T3_5,5,condition_contradicted,Not Supported,Not Supported
P0363,P0363_T4,P0363_T4_1,1,relation_contradicted,Not Supported,Not Supported
P0363,P0363_T4,P0363_T4_2,2,condition_replaced,Not Enough Evidence,Not Supported
P0363,P0363_T4,P0363_T4_3,3,condition_removed,Not Enough Evidence,Not Supported
P0363,P0363_T4,P0363_T4_4,4,supported,Supported,Not Supported
P0363,P0363_T4,P0363_T4_5,5,condition_contradicted,Not Supported,Not Supported
P0363,P0363_T5,P0363_T5_1,1,relation_contradicted,Not Supported,Not Supported
P0363,P0363_T5,P0363_T5_2,2,condition_replaced,Not Enough Evidence,Not Supported
P0363,P0363_T5,P0363_T5_3,3,condition_removed,Not Enough Evidence,Not Supported
P0363,P0363_T5,P0363_T5_4,4,supported,Supported,Not Supported
P0363,P0363_T5,P0363_T5_5,5,condition_contradicted,Not Supported,Not Supported
P0364,P0364_T2,P0364_T2_1,1,relation_contradicted,Not Supported,Not Supported
P0364,P0364_T2,P0364_T2_2,2,condition_replaced,Not Enough Evidence,Not Enough Evidence
P0364,P0364_T2,P0364_T2_3,3,condition_removed,Not Enough Evidence,Not Enough Evidence
P0364,P0364_T2,P0364_T2_4,4,supported,Supported,Not Supported
P0364,P0364_T2,P0364_T2_5,5,condition_contradicted,Not Supported,Not Supported
P0245,P0245_T1,P0245_T1_1,1,relation_contradicted,Not Supported,Not Supported
P0245,P0245_T1,P0245_T1_2,2,condition_replaced,Not Enough Evidence,Not Enough Evidence
P0245,P0245_T1,P0245_T1_3,3,condition_removed,Not Enough Evidence,Not Enough Evidence
P0245,P0245_T1,P0245_T1_4,4,supported,Supported,Not Supported
P0245,P0245_T1,P0245_T1_5,5,condition_contradicted,Not Supported,Not Supported
P0245,P0245_T2,P0245_T2_1,1,relation_contradicted,Not Supported,Not Supported
P0245,P0245_T2,P0245_T2_2,2,condition_replaced,Not Enough Evidence,Not Enough Evidence
P0245,P0245_T2,P0245_T2_3,3,condition_removed,Not Enough Evidence,Not Enough Evidence
P0245,P0245_T2,P0245_T2_4,4,supported,Supported,Supported
P0245,P0245_T2,P0245_T2_5,5,condition_contradicted,Not Supported,Not Supported
P0245,P0245_T3,P0245_T3_1,1,relation_contradicted,Not Supported,Not Supported
P0245,P0245_T3,P0245_T3_2,2,condition_replaced,Not Enough Evidence,Not Enough Evidence
P0245,P0245_T3,P0245_T3_3,3,condition_removed,Not Enough Evidence,Not Enough Evidence
P0245,P0245_T3,P0245_T3_4,4,supported,Supported,Not Supported
P0245,P0245_T3,P0245_T3_5,5,condition_contradicted,Not Supported,Not Supported
P0246,P0246_T1,P0246_T1_1,1,relation_contradicted,Not Supported,Not Supported
P0246,P0246_T1,P0246_T1_2,2,condition_replaced,Not Enough Evidence,Not Enough Evidence
P0246,P0246_T1,P0246_T1_3,3,condition_removed,Not Enough Evidence,Not Enough Evidence
P0246,P0246_T1,P0246_T1_4,4,supported,Supported,Not Supported
P0246,P0246_T1,P0246_T1_5,5,condition_contradicted,Not Supported,Not Supported
P0246,P0246_T2,P0246_T2_1,1,relation_contradicted,Not Supported,Not Supported
P0246,P0246_T2,P0246_T2_2,2,condition_replaced,Not Enough Evidence,Not Enough Evidence
P0246,P0246_T2,P0246_T2_3,3,condition_removed,Not Enough Evidence,Not Enough Evidence
P0246,P0246_T2,P0246_T2_4,4,supported,Supported,Not Supported
P0246,P0246_T2,P0246_T2_5,5,condition_contradicted,Not Supported,Not Supported
P0246,P0246_T3,P0246_T3_1,1,relation_contradicted,Not Supported,Not Supported
P0246,P0246_T3,P0246_T3_2,2,condition_replaced,Not Enough Evidence,Not Enough Evidence
P0246,P0246_T3,P0246_T3_3,3,condition_removed,Not Enough Evidence,Not Enough Evidence
P0246,P0246_T3,P0246_T3_4,4,supported,Supported,Not Supported
P0246,P0246_T3,P0246_T3_5,5,condition_contradicted,Not Supported,Not Supported
P0246,P0246_T4,P0246_T4_1,1,relation_contradicted,Not Supported,Not Supported
P0246,P0246_T4,P0246_T4_2,2,condition_replaced,Not Enough Evidence,Not Enough Evidence
P0246,P0246_T4,P0246_T4_3,3,condition_removed,Not Enough Evidence,Not Enough Evidence
P0246,P0246_T4,P0246_T4_4,4,supported,Supported,Not Supported
P0246,P0246_T4,P0246_T4_5,5,condition_contradicted,Not Supported,Not Supported
P0246,P0246_T5,P0246_T5_1,1,relation_contradicted,Not Supported,Not Supported
P0246,P0246_T5,P0246_T5_2,2,condition_replaced,Not Enough Evidence,Not Supported
P0246,P0246_T5,P0246_T5_3,3,condition_removed,Not Enough Evidence,Not Enough Evidence
P0246,P0246_T5,P0246_T5_4,4,supported,Supported,Not Supported
P0246,P0246_T5,P0246_T5_5,5,condition_contradicted,Not Supported,Not Supported
P0247,P0247_T1,P0247_T1_1,1,relation_contradicted,Not Supported,Not Supported
P0247,P0247_T1,P0247_T1_2,2,condition_replaced,Not Enough Evidence,Not Supported
P0247,P0247_T1,P0247_T1_3,3,condition_removed,Not Enough Evidence,Not Supported
P0247,P0247_T1,P0247_T1_4,4,supported,Supported,Not Supported
P0247,P0247_T1,P0247_T1_5,5,condition_contradicted,Not Supported,Not Supported
P0247,P0247_T2,P0247_T2_1,1,relation_contradicted,Not Supported,Not Supported
P0247,P0247_T2,P0247_T2_2,2,condition_replaced,Not Enough Evidence,Not Supported
P0247,P0247_T2,P0247_T2_3,3,condition_removed,Not Enough Evidence,Not Supported
P0247,P0247_T2,P0247_T2_4,4,supported,Supported,Not Supported
P0247,P0247_T2,P0247_T2_5,5,condition_contradicted,Not Supported,Not Supported
P0029,P0029_T1,P0029_T1_1,1,relation_contradicted,Not Supported,Not Supported
P0029,P0029_T1,P0029_T1_2,2,condition_replaced,Not Enough Evidence,Not Enough Evidence
P0029,P0029_T1,P0029_T1_3,3,condition_removed,Not Enough Evidence,Not Enough Evidence
P0029,P0029_T1,P0029_T1_4,4,supported,Supported,Not Supported
P0029,P0029_T1,P0029_T1_5,5,condition_contradicted,Not Supported,Not Supported
P0030,P0030_T1,P0030_T1_1,1,relation_contradicted,Not Supported,Not Supported
P0030,P0030_T1,P0030_T1_2,2,condition_replaced,Not Enough Evidence,Not Supported
P0030,P0030_T1,P0030_T1_3,3,condition_removed,Not Enough Evidence,Not Supported
P0030,P0030_T1,P0030_T1_4,4,supported,Supported,Not Supported
P0030,P0030_T1,P0030_T1_5,5,condition_contradicted,Not Supported,Not Supported
P0030,P0030_T2,P0030_T2_1,1,relation_contradicted,Not Supported,Not Supported
P0030,P0030_T2,P0030_T2_2,2,condition_replaced,Not Enough Evidence,Not Supported
P0030,P0030_T2,P0030_T2_3,3,condition_removed,Not Enough Evidence,Not Supported
P0030,P0030_T2,P0030_T2_4,4,supported,Supported,Not Supported
P0030,P0030_T2,P0030_T2_5,5,condition_contradicted,Not Supported,Not Supported
P0030,P0030_T3,P0030_T3_1,1,relation_contradicted,Not Supported,Not Supported
P0030,P0030_T3,P0030_T3_2,2,condition_replaced,Not Enough Evidence,Not Supported
P0030,P0030_T3,P0030_T3_3,3,condition_removed,Not Enough Evidence,Not Supported
P0030,P0030_T3,P0030_T3_4,4,supported,Supported,Not Supported
P0030,P0030_T3,P0030_T3_5,5,condition_contradicted,Not Supported,Not Supported
P0030,P0030_T4,P0030_T4_1,1,relation_contradicted,Not Supported,Not Supported
P0030,P0030_T4,P0030_T4_2,2,condition_replaced,Not Enough Evidence,Not Supported
P0030,P0030_T4,P0030_T4_3,3,condition_removed,Not Enough Evidence,Not Supported
P0030,P0030_T4,P0030_T4_4,4,supported,Supported,Not Supported
P0030,P0030_T4,P0030_T4_5,5,condition_contradicted,Not Supported,Not Supported
P0030,P0030_T5,P0030_T5_1,1,relation_contradicted,Not Supported,Not Supported
P0030,P0030_T5,P0030_T5_2,2,condition_replaced,Not Enough Evidence,Not Supported
P0030,P0030_T5,P0030_T5_3,3,condition_removed,Not Enough Evidence,Not Supported
P0030,P0030_T5,P0030_T5_4,4,supported,Supported,Not Supported
P0030,P0030_T5,P0030_T5_5,5,condition_contradicted,Not Supported,Not Supported
P0030,P0030_T6,P0030_T6_1,1,relation_contradicted,Not Supported,Not Supported
P0030,P0030_T6,P0030_T6_2,2,condition_replaced,Not Enough Evidence,Not Supported
P0030,P0030_T6,P0030_T6_3,3,condition_removed,Not Enough Evidence,Not Supported
P0030,P0030_T6,P0030_T6_4,4,supported,Supported,Not Supported
P0030,P0030_T6,P0030_T6_5,5,condition_contradicted,Not Supported,Not Supported
P0030,P0030_T7,P0030_T7_1,1,relation_contradicted,Not Supported,Not Supported
P0030,P0030_T7,P0030_T7_2,2,condition_replaced,Not Enough Evidence,Not Supported
P0030,P0030_T7,P0030_T7_3,3,condition_removed,Not Enough Evidence,Not Supported
P0030,P0030_T7,P0030_T7_4,4,supported,Supported,Not Supported
P0030,P0030_T7,P0030_T7_5,5,condition_contradicted,Not Supported,Not Supported
P0031,P0031_T1,P0031_T1_1,1,relation_contradicted,Not Supported,Not Supported
P0031,P0031_T1,P0031_T1_2,2,condition_replaced,Not Enough Evidence,Not Supported
P0031,P0031_T1,P0031_T1_3,3,condition_removed,Not Enough Evidence,Not Supported
P0031,P0031_T1,P0031_T1_4,4,supported,Supported,Not Supported
P0031,P0031_T1,P0031_T1_5,5,condition_contradicted,Not Supported,Not Supported
P0031,P0031_T2,P0031_T2_1,1,relation_contradicted,Not Supported,Not Supported
P0031,P0031_T2,P0031_T2_2,2,condition_replaced,Not Enough Evidence,Not Supported
P0031,P0031_T2,P0031_T2_3,3,condition_removed,Not Enough Evidence,Not Supported
P0031,P0031_T2,P0031_T2_4,4,supported,Supported,Not Supported
P0031,P0031_T2,P0031_T2_5,5,condition_contradicted,Not Supported,Not Supported
P0364,P0364_T3,P0364_T3_1,1,relation_contradicted,Not Supported,Not Supported
P0364,P0364_T3,P0364_T3_2,2,condition_replaced,Not Enough Evidence,Not Supported
P0364,P0364_T3,P0364_T3_3,3,condition_removed,Not Enough Evidence,Not Enough Evidence
P0364,P0364_T3,P0364_T3_4,4,supported,Supported,Not Supported
P0364,P0364_T3,P0364_T3_5,5,condition_contradicted,Not Supported,Not Supported
P0365,P0365_T1,P0365_T1_1,1,relation_contradicted,Not Supported,Not Supported
P0365,P0365_T1,P0365_T1_2,2,condition_replaced,Not Enough Evidence,Not Supported
P0365,P0365_T1,P0365_T1_3,3,condition_removed,Not Enough Evidence,Not Supported
P0365,P0365_T1,P0365_T1_4,4,supported,Supported,Not Supported
P0365,P0365_T1,P0365_T1_5,5,condition_contradicted,Not Supported,Not Supported
P0366,P0366_T1,P0366_T1_1,1,relation_contradicted,Not Supported,Not Supported
P0366,P0366_T1,P0366_T1_2,2,condition_replaced,Not Enough Evidence,Not Supported
P0366,P0366_T1,P0366_T1_3,3,condition_removed,Not Enough Evidence,Not Supported
P0366,P0366_T1,P0366_T1_4,4,supported,Supported,Not Supported
P0366,P0366_T1,P0366_T1_5,5,condition_contradicted,Not Supported,Not Supported
P0366,P0366_T2,P0366_T2_1,1,relation_contradicted,Not Supported,Not Supported
P0366,P0366_T2,P0366_T2_2,2,condition_replaced,Not Enough Evidence,Not Supported
P0366,P0366_T2,P0366_T2_3,3,condition_removed,Not Enough Evidence,Not Supported
P0366,P0366_T2,P0366_T2_4,4,supported,Supported,Not Supported
P0366,P0366_T2,P0366_T2_5,5,condition_contradicted,Not Supported,Not Supported
P0367,P0367_T1,P0367_T1_1,1,relation_contradicted,Not Supported,Supported
P0367,P0367_T1,P0367_T1_2,2,condition_replaced,Not Enough Evidence,Not Supported
P0367,P0367_T1,P0367_T1_3,3,condition_removed,Not Enough Evidence,Not Supported
P0367,P0367_T1,P0367_T1_4,4,supported,Supported,Not Supported
P0367,P0367_T1,P0367_T1_5,5,condition_contradicted,Not Supported,Not Supported
P0367,P0367_T2,P0367_T2_1,1,relation_contradicted,Not Supported,Not Supported
P0367,P0367_T2,P0367_T2_2,2,condition_replaced,Not Enough Evidence,Not Supported
P0367,P0367_T2,P0367_T2_3,3,condition_removed,Not Enough Evidence,Not Enough Evidence
P0367,P0367_T2,P0367_T2_4,4,supported,Supported,Not Supported
P0367,P0367_T2,P0367_T2_5,5,condition_contradicted,Not Supported,Not Supported
P0367,P0367_T3,P0367_T3_1,1,relation_contradicted,Not Supported,Not Supported
P0367,P0367_T3,P0367_T3_2,2,condition_replaced,Not Enough Evidence,Not Supported
P0367,P0367_T3,P0367_T3_3,3,condition_removed,Not Enough Evidence,Not Supported
P0367,P0367_T3,P0367_T3_4,4,supported,Supported,Not Supported
P0367,P0367_T3,P0367_T3_5,5,condition_contradicted,Not Supported,Not Supported
P0368,P0368_T1,P0368_T1_1,1,relation_contradicted,Not Supported,Not Supported
P0368,P0368_T1,P0368_T1_2,2,condition_replaced,Not Enough Evidence,Not Supported
P0368,P0368_T1,P0368_T1_3,3,condition_removed,Not Enough Evidence,Not Supported
P0368,P0368_T1,P0368_T1_4,4,supported,Supported,Not Supported
P0368,P0368_T1,P0368_T1_5,5,condition_contradicted,Not Supported,Not Supported
P0368,P0368_T3,P0368_T3_1,1,relation_contradicted,Not Supported,Not Supported
P0368,P0368_T3,P0368_T3_2,2,condition_replaced,Not Enough Evidence,Not Supported
P0368,P0368_T3,P0368_T3_3,3,condition_removed,Not Enough Evidence,Not Supported
P0368,P0368_T3,P0368_T3_4,4,supported,Supported,Not Supported
P0368,P0368_T3,P0368_T3_5,5,condition_contradicted,Not Supported,Not Supported
P0247,P0247_T3,P0247_T3_1,1,relation_contradicted,Not Supported,Not Supported
P0247,P0247_T3,P0247_T3_2,2,condition_replaced,Not Enough Evidence,Not Supported
P0247,P0247_T3,P0247_T3_3,3,condition_removed,Not Enough Evidence,Not Supported
P0247,P0247_T3,P0247_T3_4,4,supported,Supported,Not Supported
P0247,P0247_T3,P0247_T3_5,5,condition_contradicted,Not Supported,Not Supported
P0247,P0247_T4,P0247_T4_1,1,relation_contradicted,Not Supported,Not Supported
P0247,P0247_T4,P0247_T4_2,2,condition_replaced,Not Enough Evidence,Not Supported
P0247,P0247_T4,P0247_T4_3,3,condition_removed,Not Enough Evidence,Not Supported
P0247,P0247_T4,P0247_T4_4,4,supported,Supported,Not Supported
P0247,P0247_T4,P0247_T4_5,5,condition_contradicted,Not Supported,Not Supported
P0247,P0247_T5,P0247_T5_1,1,relation_contradicted,Not Supported,Not Supported
P0247,P0247_T5,P0247_T5_2,2,condition_replaced,Not Enough Evidence,Not Supported
P0247,P0247_T5,P0247_T5_3,3,condition_removed,Not Enough Evidence,Not Supported
P0247,P0247_T5,P0247_T5_4,4,supported,Supported,Not Supported
P0247,P0247_T5,P0247_T5_5,5,condition_contradicted,Not Supported,Not Supported
P0247,P0247_T6,P0247_T6_1,1,relation_contradicted,Not Supported,Not Supported
P0247,P0247_T6,P0247_T6_2,2,condition_replaced,Not Enough Evidence,Not Supported
P0247,P0247_T6,P0247_T6_3,3,condition_removed,Not Enough Evidence,Not Supported
P0247,P0247_T6,P0247_T6_4,4,supported,Supported,Not Supported
P0247,P0247_T6,P0247_T6_5,5,condition_contradicted,Not Supported,Not Supported
P0247,P0247_T7,P0247_T7_1,1,relation_contradicted,Not Supported,Not Supported
P0247,P0247_T7,P0247_T7_2,2,condition_replaced,Not Enough Evidence,Not Supported
P0247,P0247_T7,P0247_T7_3,3,condition_removed,Not Enough Evidence,Not Supported
P0247,P0247_T7,P0247_T7_4,4,supported,Supported,Not Supported
P0247,P0247_T7,P0247_T7_5,5,condition_contradicted,Not Supported,Not Supported
P0248,P0248_T1,P0248_T1_1,1,relation_contradicted,Not Supported,Not Supported
P0248,P0248_T1,P0248_T1_2,2,condition_replaced,Not Enough Evidence,Not Enough Evidence
P0248,P0248_T1,P0248_T1_3,3,condition_removed,Not Enough Evidence,Not Enough Evidence
P0248,P0248_T1,P0248_T1_4,4,supported,Supported,Not Supported
P0248,P0248_T1,P0248_T1_5,5,condition_contradicted,Not Supported,Not Supported
P0248,P0248_T2,P0248_T2_1,1,relation_contradicted,Not Supported,Not Supported
P0248,P0248_T2,P0248_T2_2,2,condition_replaced,Not Enough Evidence,Not Enough Evidence
P0248,P0248_T2,P0248_T2_3,3,condition_removed,Not Enough Evidence,Not Enough Evidence
P0248,P0248_T2,P0248_T2_4,4,supported,Supported,Not Supported
P0248,P0248_T2,P0248_T2_5,5,condition_contradicted,Not Supported,Not Supported
P0248,P0248_T3,P0248_T3_1,1,relation_contradicted,Not Supported,Not Supported
P0248,P0248_T3,P0248_T3_2,2,condition_replaced,Not Enough Evidence,Not Enough Evidence
P0248,P0248_T3,P0248_T3_3,3,condition_removed,Not Enough Evidence,Not Enough Evidence
P0248,P0248_T3,P0248_T3_4,4,supported,Supported,Not Supported
P0248,P0248_T3,P0248_T3_5,5,condition_contradicted,Not Supported,Not Supported
P0249,P0249_T1,P0249_T1_1,1,relation_contradicted,Not Supported,Not Supported
P0249,P0249_T1,P0249_T1_2,2,condition_replaced,Not Enough Evidence,Not Enough Evidence
P0249,P0249_T1,P0249_T1_3,3,condition_removed,Not Enough Evidence,Not Enough Evidence
P0249,P0249_T1,P0249_T1_4,4,supported,Supported,Not Supported
P0249,P0249_T1,P0249_T1_5,5,condition_contradicted,Not Supported,Not Supported
P0249,P0249_T2,P0249_T2_1,1,relation_contradicted,Not Supported,Not Supported
P0249,P0249_T2,P0249_T2_2,2,condition_replaced,Not Enough Evidence,Not Enough Evidence
P0249,P0249_T2,P0249_T2_3,3,condition_removed,Not Enough Evidence,Not Supported
P0249,P0249_T2,P0249_T2_4,4,supported,Supported,Not Supported
P0249,P0249_T2,P0249_T2_5,5,condition_contradicted,Not Supported,Not Supported
P0523,P0523_T1,P0523_T1_1,1,relation_contradicted,Not Supported,Not Supported
P0523,P0523_T1,P0523_T1_2,2,condition_replaced,Not Enough Evidence,Not Supported
P0523,P0523_T1,P0523_T1_3,3,condition_removed,Not Enough Evidence,Not Supported
P0523,P0523_T1,P0523_T1_4,4,supported,Supported,Not Supported
P0523,P0523_T1,P0523_T1_5,5,condition_contradicted,Not Supported,Not Supported
P0523,P0523_T2,P0523_T2_1,1,relation_contradicted,Not Supported,Not Supported
P0523,P0523_T2,P0523_T2_2,2,condition_replaced,Not Enough Evidence,Not Supported
P0523,P0523_T2,P0523_T2_3,3,condition_removed,Not Enough Evidence,Not Supported
P0523,P0523_T2,P0523_T2_4,4,supported,Supported,Not Supported
P0523,P0523_T2,P0523_T2_5,5,condition_contradicted,Not Supported,Not Supported
P0524,P0524_T1,P0524_T1_1,1,relation_contradicted,Not Supported,Not Supported
P0524,P0524_T1,P0524_T1_2,2,condition_replaced,Not Enough Evidence,Not Supported
P0524,P0524_T1,P0524_T1_3,3,condition_removed,Not Enough Evidence,Not Supported
P0524,P0524_T1,P0524_T1_4,4,supported,Supported,Not Supported
P0524,P0524_T1,P0524_T1_5,5,condition_contradicted,Not Supported,Not Supported
P0525,P0525_T1,P0525_T1_1,1,relation_contradicted,Not Supported,Not Supported
P0525,P0525_T1,P0525_T1_2,2,condition_replaced,Not Enough Evidence,Not Supported
P0525,P0525_T1,P0525_T1_3,3,condition_removed,Not Enough Evidence,Not Supported
P0525,P0525_T1,P0525_T1_4,4,supported,Supported,Not Supported
P0525,P0525_T1,P0525_T1_5,5,condition_contradicted,Not Supported,Not Supported
P0526,P0526_T1,P0526_T1_1,1,relation_contradicted,Not Supported,Not Supported
P0526,P0526_T1,P0526_T1_2,2,condition_replaced,Not Enough Evidence,Not Supported
P0526,P0526_T1,P0526_T1_3,3,condition_removed,Not Enough Evidence,Not Supported
P0526,P0526_T1,P0526_T1_4,4,supported,Supported,Not Supported
P0526,P0526_T1,P0526_T1_5,5,condition_contradicted,Not Supported,Not Supported
P0526,P0526_T2,P0526_T2_1,1,relation_contradicted,Not Supported,Not Supported
P0526,P0526_T2,P0526_T2_2,2,condition_replaced,Not Enough Evidence,Not Supported
P0526,P0526_T2,P0526_T2_3,3,condition_removed,Not Enough Evidence,Not Supported
P0526,P0526_T2,P0526_T2_4,4,supported,Supported,Not Supported
P0526,P0526_T2,P0526_T2_5,5,condition_contradicted,Not Supported,Not Supported
P0527,P0527_T1,P0527_T1_1,1,relation_contradicted,Not Supported,Not Supported
P0527,P0527_T1,P0527_T1_2,2,condition_replaced,Not Enough Evidence,Not Supported
P0527,P0527_T1,P0527_T1_3,3,condition_removed,Not Enough Evidence,Not Supported
P0527,P0527_T1,P0527_T1_4,4,supported,Supported,Not Supported
P0527,P0527_T1,P0527_T1_5,5,condition_contradicted,Not Supported,Not Supported
P0527,P0527_T2,P0527_T2_1,1,relation_contradicted,Not Supported,Not Supported
P0527,P0527_T2,P0527_T2_2,2,condition_replaced,Not Enough Evidence,Not Supported
P0527,P0527_T2,P0527_T2_3,3,condition_removed,Not Enough Evidence,Not Supported
P0527,P0527_T2,P0527_T2_4,4,supported,Supported,Not Supported
P0527,P0527_T2,P0527_T2_5,5,condition_contradicted,Not Supported,Not Supported
P0527,P0527_T3,P0527_T3_1,1,relation_contradicted,Not Supported,Not Supported
P0527,P0527_T3,P0527_T3_2,2,condition_replaced,Not Enough Evidence,Not Supported
P0527,P0527_T3,P0527_T3_3,3,condition_removed,Not Enough Evidence,Not Supported
P0527,P0527_T3,P0527_T3_4,4,supported,Supported,Not Supported
P0527,P0527_T3,P0527_T3_5,5,condition_contradicted,Not Supported,Not Supported
P0528,P0528_T1,P0528_T1_1,1,relation_contradicted,Not Supported,Not Supported
P0528,P0528_T1,P0528_T1_2,2,condition_replaced,Not Enough Evidence,Not Supported
P0528,P0528_T1,P0528_T1_3,3,condition_removed,Not Enough Evidence,Not Supported
P0528,P0528_T1,P0528_T1_4,4,supported,Supported,Not Supported
P0528,P0528_T1,P0528_T1_5,5,condition_contradicted,Not Supported,Not Supported
P0147,P0147_T3,P0147_T3_1,1,relation_contradicted,Not Supported,Not Supported
P0147,P0147_T3,P0147_T3_2,2,condition_replaced,Not Enough Evidence,Not Supported
P0147,P0147_T3,P0147_T3_3,3,condition_removed,Not Enough Evidence,Not Supported
P0147,P0147_T3,P0147_T3_4,4,supported,Supported,Not Supported
P0147,P0147_T3,P0147_T3_5,5,condition_contradicted,Not Supported,Not Supported
P0147,P0147_T4,P0147_T4_1,1,relation_contradicted,Not Supported,Not Supported
P0147,P0147_T4,P0147_T4_2,2,condition_replaced,Not Enough Evidence,Not Supported
P0147,P0147_T4,P0147_T4_3,3,condition_removed,Not Enough Evidence,Not Supported
P0147,P0147_T4,P0147_T4_4,4,supported,Supported,Not Supported
P0147,P0147_T4,P0147_T4_5,5,condition_contradicted,Not Supported,Not Supported
P0147,P0147_T5,P0147_T5_1,1,relation_contradicted,Not Supported,Not Supported
P0147,P0147_T5,P0147_T5_2,2,condition_replaced,Not Enough Evidence,Not Supported
P0147,P0147_T5,P0147_T5_3,3,condition_removed,Not Enough Evidence,Not Supported
P0147,P0147_T5,P0147_T5_4,4,supported,Supported,Not Supported
P0147,P0147_T5,P0147_T5_5,5,condition_contradicted,Not Supported,Not Supported
P0148,P0148_T1,P0148_T1_1,1,relation_contradicted,Not Supported,Not Supported
P0148,P0148_T1,P0148_T1_2,2,condition_replaced,Not Enough Evidence,Not Enough Evidence
P0148,P0148_T1,P0148_T1_3,3,condition_removed,Not Enough Evidence,Not Enough Evidence
P0148,P0148_T1,P0148_T1_4,4,supported,Supported,Supported
P0148,P0148_T1,P0148_T1_5,5,condition_contradicted,Not Supported,Not Supported
P0149,P0149_T1,P0149_T1_1,1,relation_contradicted,Not Supported,Not Supported
P0149,P0149_T1,P0149_T1_2,2,condition_replaced,Not Enough Evidence,Not Supported
P0149,P0149_T1,P0149_T1_3,3,condition_removed,Not Enough Evidence,Not Supported
P0149,P0149_T1,P0149_T1_4,4,supported,Supported,Not Supported
P0149,P0149_T1,P0149_T1_5,5,condition_contradicted,Not Supported,Not Supported
P0150,P0150_T1,P0150_T1_1,1,relation_contradicted,Not Supported,Not Supported
P0150,P0150_T1,P0150_T1_2,2,condition_replaced,Not Enough Evidence,Not Supported
P0150,P0150_T1,P0150_T1_3,3,condition_removed,Not Enough Evidence,Not Enough Evidence
P0150,P0150_T1,P0150_T1_4,4,supported,Supported,Not Supported
P0150,P0150_T1,P0150_T1_5,5,condition_contradicted,Not Supported,Not Supported
P0150,P0150_T2,P0150_T2_1,1,relation_contradicted,Not Supported,Not Supported
P0150,P0150_T2,P0150_T2_2,2,condition_replaced,Not Enough Evidence,Not Enough Evidence
P0150,P0150_T2,P0150_T2_3,3,condition_removed,Not Enough Evidence,Not Enough Evidence
P0150,P0150_T2,P0150_T2_4,4,supported,Supported,Not Supported
P0150,P0150_T2,P0150_T2_5,5,condition_contradicted,Not Supported,Not Supported
P0150,P0150_T3,P0150_T3_1,1,relation_contradicted,Not Supported,Not Supported
P0150,P0150_T3,P0150_T3_2,2,condition_replaced,Not Enough Evidence,Not Enough Evidence
P0150,P0150_T3,P0150_T3_3,3,condition_removed,Not Enough Evidence,Not Enough Evidence
P0150,P0150_T3,P0150_T3_4,4,supported,Supported,Not Supported
P0150,P0150_T3,P0150_T3_5,5,condition_contradicted,Not Supported,Not Supported
P0150,P0150_T4,P0150_T4_1,1,relation_contradicted,Not Supported,Not Supported
P0150,P0150_T4,P0150_T4_2,2,condition_replaced,Not Enough Evidence,Not Enough Evidence
P0150,P0150_T4,P0150_T4_3,3,condition_removed,Not Enough Evidence,Not Enough Evidence
P0150,P0150_T4,P0150_T4_4,4,supported,Supported,Supported
P0150,P0150_T4,P0150_T4_5,5,condition_contradicted,Not Supported,Not Supported
P0150,P0150_T5,P0150_T5_1,1,relation_contradicted,Not Supported,Not Supported
P0150,P0150_T5,P0150_T5_2,2,condition_replaced,Not Enough Evidence,Not Enough Evidence
P0150,P0150_T5,P0150_T5_3,3,condition_removed,Not Enough Evidence,Not Enough Evidence
P0150,P0150_T5,P0150_T5_4,4,supported,Supported,Supported
P0150,P0150_T5,P0150_T5_5,5,condition_contradicted,Not Supported,Not Supported
P0032,P0032_T1,P0032_T1_1,1,relation_contradicted,Not Supported,Not Supported
P0032,P0032_T1,P0032_T1_2,2,condition_replaced,Not Enough Evidence,Not Enough Evidence
P0032,P0032_T1,P0032_T1_3,3,condition_removed,Not Enough Evidence,Not Enough Evidence
P0032,P0032_T1,P0032_T1_4,4,supported,Supported,Supported
P0032,P0032_T1,P0032_T1_5,5,condition_contradicted,Not Supported,Not Supported
P0032,P0032_T2,P0032_T2_1,1,relation_contradicted,Not Supported,Not Supported
P0032,P0032_T2,P0032_T2_2,2,condition_replaced,Not Enough Evidence,Not Enough Evidence
P0032,P0032_T2,P0032_T2_3,3,condition_removed,Not Enough Evidence,Not Enough Evidence
P0032,P0032_T2,P0032_T2_4,4,supported,Supported,Supported
P0032,P0032_T2,P0032_T2_5,5,condition_contradicted,Not Supported,Not Supported
P0032,P0032_T3,P0032_T3_1,1,relation_contradicted,Not Supported,Not Supported
P0032,P0032_T3,P0032_T3_2,2,condition_replaced,Not Enough Evidence,Not Enough Evidence
P0032,P0032_T3,P0032_T3_3,3,condition_removed,Not Enough Evidence,Not Enough Evidence
P0032,P0032_T3,P0032_T3_4,4,supported,Supported,Not Supported
P0032,P0032_T3,P0032_T3_5,5,condition_contradicted,Not Supported,Not Supported
P0032,P0032_T4,P0032_T4_1,1,relation_contradicted,Not Supported,Not Supported
P0032,P0032_T4,P0032_T4_2,2,condition_replaced,Not Enough Evidence,Not Enough Evidence
P0032,P0032_T4,P0032_T4_3,3,condition_removed,Not Enough Evidence,Not Enough Evidence
P0032,P0032_T4,P0032_T4_4,4,supported,Supported,Supported
P0032,P0032_T4,P0032_T4_5,5,condition_contradicted,Not Supported,Not Supported
P0033,P0033_T1,P0033_T1_1,1,relation_contradicted,Not Supported,Not Supported
P0033,P0033_T1,P0033_T1_2,2,condition_replaced,Not Enough Evidence,Not Enough Evidence
P0033,P0033_T1,P0033_T1_3,3,condition_removed,Not Enough Evidence,Not Enough Evidence
P0033,P0033_T1,P0033_T1_4,4,supported,Supported,Supported
P0033,P0033_T1,P0033_T1_5,5,condition_contradicted,Not Supported,Not Supported
P0034,P0034_T1,P0034_T1_1,1,relation_contradicted,Not Supported,Not Supported
P0034,P0034_T1,P0034_T1_2,2,condition_replaced,Not Enough Evidence,Not Enough Evidence
P0034,P0034_T1,P0034_T1_3,3,condition_removed,Not Enough Evidence,Not Enough Evidence
P0034,P0034_T1,P0034_T1_4,4,supported,Supported,Supported
P0034,P0034_T1,P0034_T1_5,5,condition_contradicted,Not Supported,Not Supported
P0034,P0034_T2,P0034_T2_1,1,relation_contradicted,Not Supported,Not Supported
P0034,P0034_T2,P0034_T2_2,2,condition_replaced,Not Enough Evidence,Not Enough Evidence
P0034,P0034_T2,P0034_T2_3,3,condition_removed,Not Enough Evidence,Not Enough Evidence
P0034,P0034_T2,P0034_T2_4,4,supported,Supported,Supported
P0034,P0034_T2,P0034_T2_5,5,condition_contradicted,Not Supported,Not Supported
P0034,P0034_T3,P0034_T3_1,1,relation_contradicted,Not Supported,Not Supported
P0034,P0034_T3,P0034_T3_2,2,condition_replaced,Not Enough Evidence,Not Enough Evidence
P0034,P0034_T3,P0034_T3_3,3,condition_removed,Not Enough Evidence,Not Enough Evidence
P0034,P0034_T3,P0034_T3_4,4,supported,Supported,Supported
P0034,P0034_T3,P0034_T3_5,5,condition_contradicted,Not Supported,Not Supported
P0034,P0034_T4,P0034_T4_1,1,relation_contradicted,Not Supported,Not Supported
P0034,P0034_T4,P0034_T4_2,2,condition_replaced,Not Enough Evidence,Not Enough Evidence
P0034,P0034_T4,P0034_T4_3,3,condition_removed,Not Enough Evidence,Not Enough Evidence
P0034,P0034_T4,P0034_T4_4,4,supported,Supported,Not Supported
P0034,P0034_T4,P0034_T4_5,5,condition_contradicted,Not Supported,Not Supported
P0035,P0035_T1,P0035_T1_1,1,relation_contradicted,Not Supported,Not Supported
P0035,P0035_T1,P0035_T1_2,2,condition_replaced,Not Enough Evidence,Not Supported
P0035,P0035_T1,P0035_T1_3,3,condition_removed,Not Enough Evidence,Not Supported
P0035,P0035_T1,P0035_T1_4,4,supported,Supported,Not Supported
P0035,P0035_T1,P0035_T1_5,5,condition_contradicted,Not Supported,Not Supported
P0151,P0151_T1,P0151_T1_1,1,relation_contradicted,Not Supported,Not Supported
P0151,P0151_T1,P0151_T1_2,2,condition_replaced,Not Enough Evidence,Not Supported
P0151,P0151_T1,P0151_T1_3,3,condition_removed,Not Enough Evidence,Not Supported
P0151,P0151_T1,P0151_T1_4,4,supported,Supported,Not Supported
P0151,P0151_T1,P0151_T1_5,5,condition_contradicted,Not Supported,Not Supported
P0151,P0151_T2,P0151_T2_1,1,relation_contradicted,Not Supported,Not Supported
P0151,P0151_T2,P0151_T2_2,2,condition_replaced,Not Enough Evidence,Not Supported
P0151,P0151_T2,P0151_T2_3,3,condition_removed,Not Enough Evidence,Not Supported
P0151,P0151_T2,P0151_T2_4,4,supported,Supported,Not Supported
P0151,P0151_T2,P0151_T2_5,5,condition_contradicted,Not Supported,Not Supported
P0151,P0151_T3,P0151_T3_1,1,relation_contradicted,Not Supported,Not Supported
P0151,P0151_T3,P0151_T3_2,2,condition_replaced,Not Enough Evidence,Not Supported
P0151,P0151_T3,P0151_T3_3,3,condition_removed,Not Enough Evidence,Not Supported
P0151,P0151_T3,P0151_T3_4,4,supported,Supported,Not Supported
P0151,P0151_T3,P0151_T3_5,5,condition_contradicted,Not Supported,Not Supported
P0152,P0152_T1,P0152_T1_1,1,relation_contradicted,Not Supported,Not Supported
P0152,P0152_T1,P0152_T1_2,2,condition_replaced,Not Enough Evidence,Not Supported
P0152,P0152_T1,P0152_T1_3,3,condition_removed,Not Enough Evidence,Not Supported
P0152,P0152_T1,P0152_T1_4,4,supported,Supported,Not Supported
P0152,P0152_T1,P0152_T1_5,5,condition_contradicted,Not Supported,Not Supported
P0152,P0152_T2,P0152_T2_1,1,relation_contradicted,Not Supported,Not Supported
P0152,P0152_T2,P0152_T2_2,2,condition_replaced,Not Enough Evidence,Not Supported
P0152,P0152_T2,P0152_T2_3,3,condition_removed,Not Enough Evidence,Not Supported
P0152,P0152_T2,P0152_T2_4,4,supported,Supported,Not Supported
P0152,P0152_T2,P0152_T2_5,5,condition_contradicted,Not Supported,Not Supported
P0152,P0152_T3,P0152_T3_1,1,relation_contradicted,Not Supported,Not Supported
P0152,P0152_T3,P0152_T3_2,2,condition_replaced,Not Enough Evidence,Not Supported
P0152,P0152_T3,P0152_T3_3,3,condition_removed,Not Enough Evidence,Not Supported
P0152,P0152_T3,P0152_T3_4,4,supported,Supported,Not Supported
P0152,P0152_T3,P0152_T3_5,5,condition_contradicted,Not Supported,Not Supported
P0152,P0152_T4,P0152_T4_1,1,relation_contradicted,Not Supported,Not Supported
P0152,P0152_T4,P0152_T4_2,2,condition_replaced,Not Enough Evidence,Not Supported
P0152,P0152_T4,P0152_T4_3,3,condition_removed,Not Enough Evidence,Not Supported
P0152,P0152_T4,P0152_T4_4,4,supported,Supported,Not Supported
P0152,P0152_T4,P0152_T4_5,5,condition_contradicted,Not Supported,Not Supported
P0152,P0152_T5,P0152_T5_1,1,relation_contradicted,Not Supported,Not Supported
P0152,P0152_T5,P0152_T5_2,2,condition_replaced,Not Enough Evidence,Not Supported
P0152,P0152_T5,P0152_T5_3,3,condition_removed,Not Enough Evidence,Not Supported
P0152,P0152_T5,P0152_T5_4,4,supported,Supported,Not Supported
P0152,P0152_T5,P0152_T5_5,5,condition_contradicted,Not Supported,Not Supported
P0152,P0152_T6,P0152_T6_1,1,relation_contradicted,Not Supported,Not Supported
P0152,P0152_T6,P0152_T6_2,2,condition_replaced,Not Enough Evidence,Not Supported
P0152,P0152_T6,P0152_T6_3,3,condition_removed,Not Enough Evidence,Not Supported
P0152,P0152_T6,P0152_T6_4,4,supported,Supported,Not Supported
P0152,P0152_T6,P0152_T6_5,5,condition_contradicted,Not Supported,Not Supported
P0152,P0152_T7,P0152_T7_1,1,relation_contradicted,Not Supported,Not Supported
P0152,P0152_T7,P0152_T7_2,2,condition_replaced,Not Enough Evidence,Not Supported
P0152,P0152_T7,P0152_T7_3,3,condition_removed,Not Enough Evidence,Not Supported
P0152,P0152_T7,P0152_T7_4,4,supported,Supported,Not Supported
P0152,P0152_T7,P0152_T7_5,5,condition_contradicted,Not Supported,Not Supported
P0368,P0368_T4,P0368_T4_1,1,relation_contradicted,Not Supported,Not Supported
P0368,P0368_T4,P0368_T4_2,2,condition_replaced,Not Enough Evidence,Not Supported
P0368,P0368_T4,P0368_T4_3,3,condition_removed,Not Enough Evidence,Not Supported
P0368,P0368_T4,P0368_T4_4,4,supported,Supported,Not Supported
P0368,P0368_T4,P0368_T4_5,5,condition_contradicted,Not Supported,Not Supported
P0368,P0368_T5,P0368_T5_1,1,relation_contradicted,Not Supported,Not Supported
P0368,P0368_T5,P0368_T5_2,2,condition_replaced,Not Enough Evidence,Not Supported
P0368,P0368_T5,P0368_T5_3,3,condition_removed,Not Enough Evidence,Not Supported
P0368,P0368_T5,P0368_T5_4,4,supported,Supported,Not Supported
P0368,P0368_T5,P0368_T5_5,5,condition_contradicted,Not Supported,Not Supported
P0368,P0368_T6,P0368_T6_1,1,relation_contradicted,Not Supported,Not Supported
P0368,P0368_T6,P0368_T6_2,2,condition_replaced,Not Enough Evidence,Not Supported
P0368,P0368_T6,P0368_T6_3,3,condition_removed,Not Enough Evidence,Not Supported
P0368,P0368_T6,P0368_T6_4,4,supported,Supported,Not Supported
P0368,P0368_T6,P0368_T6_5,5,condition_contradicted,Not Supported,Not Supported
P0369,P0369_T1,P0369_T1_1,1,relation_contradicted,Not Supported,Not Supported
P0369,P0369_T1,P0369_T1_2,2,condition_replaced,Not Enough Evidence,Not Enough Evidence
P0369,P0369_T1,P0369_T1_3,3,condition_removed,Not Enough Evidence,Not Enough Evidence
P0369,P0369_T1,P0369_T1_4,4,supported,Supported,Not Supported
P0369,P0369_T1,P0369_T1_5,5,condition_contradicted,Not Supported,Not Supported
P0370,P0370_T1,P0370_T1_1,1,relation_contradicted,Not Supported,Not Supported
P0370,P0370_T1,P0370_T1_2,2,condition_replaced,Not Enough Evidence,Not Enough Evidence
P0370,P0370_T1,P0370_T1_3,3,condition_removed,Not Enough Evidence,Not Enough Evidence
P0370,P0370_T1,P0370_T1_4,4,supported,Supported,Supported
P0370,P0370_T1,P0370_T1_5,5,condition_contradicted,Not Supported,Not Supported
P0371,P0371_T1,P0371_T1_1,1,relation_contradicted,Not Supported,Not Supported
P0371,P0371_T1,P0371_T1_2,2,condition_replaced,Not Enough Evidence,Not Supported
P0371,P0371_T1,P0371_T1_3,3,condition_removed,Not Enough Evidence,Not Supported
P0371,P0371_T1,P0371_T1_4,4,supported,Supported,Not Supported
P0371,P0371_T1,P0371_T1_5,5,condition_contradicted,Not Supported,Not Supported
P0372,P0372_T2,P0372_T2_1,1,relation_contradicted,Not Supported,Not Supported
P0372,P0372_T2,P0372_T2_2,2,condition_replaced,Not Enough Evidence,Not Supported
P0372,P0372_T2,P0372_T2_3,3,condition_removed,Not Enough Evidence,Not Supported
P0372,P0372_T2,P0372_T2_4,4,supported,Supported,Not Supported
P0372,P0372_T2,P0372_T2_5,5,condition_contradicted,Not Supported,Not Supported
P0373,P0373_T1,P0373_T1_1,1,relation_contradicted,Not Supported,Not Supported
P0373,P0373_T1,P0373_T1_2,2,condition_replaced,Not Enough Evidence,Not Supported
P0373,P0373_T1,P0373_T1_3,3,condition_removed,Not Enough Evidence,Not Supported
P0373,P0373_T1,P0373_T1_4,4,supported,Supported,Not Supported
P0373,P0373_T1,P0373_T1_5,5,condition_contradicted,Not Supported,Not Supported
P0036,P0036_T1,P0036_T1_1,1,relation_contradicted,Not Supported,Not Supported
P0036,P0036_T1,P0036_T1_2,2,condition_replaced,Not Enough Evidence,Not Enough Evidence
P0036,P0036_T1,P0036_T1_3,3,condition_removed,Not Enough Evidence,Not Enough Evidence
P0036,P0036_T1,P0036_T1_4,4,supported,Supported,Not Supported
P0036,P0036_T1,P0036_T1_5,5,condition_contradicted,Not Supported,Not Supported
P0037,P0037_T1,P0037_T1_1,1,relation_contradicted,Not Supported,Not Enough Evidence
P0037,P0037_T1,P0037_T1_2,2,condition_replaced,Not Enough Evidence,Not Enough Evidence
P0037,P0037_T1,P0037_T1_3,3,condition_removed,Not Enough Evidence,Not Enough Evidence
P0037,P0037_T1,P0037_T1_4,4,supported,Supported,Not Enough Evidence
P0037,P0037_T1,P0037_T1_5,5,condition_contradicted,Not Supported,Not Enough Evidence
P0038,P0038_T1,P0038_T1_1,1,relation_contradicted,Not Supported,Not Supported
P0038,P0038_T1,P0038_T1_2,2,condition_replaced,Not Enough Evidence,Not Supported
P0038,P0038_T1,P0038_T1_3,3,condition_removed,Not Enough Evidence,Not Supported
P0038,P0038_T1,P0038_T1_4,4,supported,Supported,Not Supported
P0038,P0038_T1,P0038_T1_5,5,condition_contradicted,Not Supported,Not Supported
P0038,P0038_T2,P0038_T2_1,1,relation_contradicted,Not Supported,Not Supported
P0038,P0038_T2,P0038_T2_2,2,condition_replaced,Not Enough Evidence,Not Supported
P0038,P0038_T2,P0038_T2_3,3,condition_removed,Not Enough Evidence,Not Supported
P0038,P0038_T2,P0038_T2_4,4,supported,Supported,Not Supported
P0038,P0038_T2,P0038_T2_5,5,condition_contradicted,Not Supported,Not Supported
P0038,P0038_T3,P0038_T3_1,1,relation_contradicted,Not Supported,Not Supported
P0038,P0038_T3,P0038_T3_2,2,condition_replaced,Not Enough Evidence,Not Supported
P0038,P0038_T3,P0038_T3_3,3,condition_removed,Not Enough Evidence,Not Supported
P0038,P0038_T3,P0038_T3_4,4,supported,Supported,Not Supported
P0038,P0038_T3,P0038_T3_5,5,condition_contradicted,Not Supported,Not Supported
P0038,P0038_T4,P0038_T4_1,1,relation_contradicted,Not Supported,Not Supported
P0038,P0038_T4,P0038_T4_2,2,condition_replaced,Not Enough Evidence,Not Supported
P0038,P0038_T4,P0038_T4_3,3,condition_removed,Not Enough Evidence,Not Supported
P0038,P0038_T4,P0038_T4_4,4,supported,Supported,Not Supported
P0038,P0038_T4,P0038_T4_5,5,condition_contradicted,Not Supported,Not Supported
P0038,P0038_T5,P0038_T5_1,1,relation_contradicted,Not Supported,Not Supported
P0038,P0038_T5,P0038_T5_2,2,condition_replaced,Not Enough Evidence,Not Supported
P0038,P0038_T5,P0038_T5_3,3,condition_removed,Not Enough Evidence,Not Supported
P0038,P0038_T5,P0038_T5_4,4,supported,Supported,Not Supported
P0038,P0038_T5,P0038_T5_5,5,condition_contradicted,Not Supported,Not Supported
P0038,P0038_T6,P0038_T6_1,1,relation_contradicted,Not Supported,Not Supported
P0038,P0038_T6,P0038_T6_2,2,condition_replaced,Not Enough Evidence,Not Supported
P0038,P0038_T6,P0038_T6_3,3,condition_removed,Not Enough Evidence,Not Supported
P0038,P0038_T6,P0038_T6_4,4,supported,Supported,Not Supported
P0038,P0038_T6,P0038_T6_5,5,condition_contradicted,Not Supported,Not Supported
P0039,P0039_T1,P0039_T1_1,1,relation_contradicted,Not Supported,Not Supported
P0039,P0039_T1,P0039_T1_2,2,condition_replaced,Not Enough Evidence,Not Supported
P0039,P0039_T1,P0039_T1_3,3,condition_removed,Not Enough Evidence,Not Supported
P0039,P0039_T1,P0039_T1_4,4,supported,Supported,Not Supported
P0039,P0039_T1,P0039_T1_5,5,condition_contradicted,Not Supported,Not Supported
P0039,P0039_T2,P0039_T2_1,1,relation_contradicted,Not Supported,Not Supported
P0039,P0039_T2,P0039_T2_2,2,condition_replaced,Not Enough Evidence,Not Supported
P0039,P0039_T2,P0039_T2_3,3,condition_removed,Not Enough Evidence,Not Supported
P0039,P0039_T2,P0039_T2_4,4,supported,Supported,Not Supported
P0039,P0039_T2,P0039_T2_5,5,condition_contradicted,Not Supported,Not Supported
P0528,P0528_T3,P0528_T3_1,1,relation_contradicted,Not Supported,Not Supported
P0528,P0528_T3,P0528_T3_2,2,condition_replaced,Not Enough Evidence,Not Supported
P0528,P0528_T3,P0528_T3_3,3,condition_removed,Not Enough Evidence,Not Supported
P0528,P0528_T3,P0528_T3_4,4,supported,Supported,Not Supported
P0528,P0528_T3,P0528_T3_5,5,condition_contradicted,Not Supported,Not Supported
P0529,P0529_T1,P0529_T1_1,1,relation_contradicted,Not Supported,Not Supported
P0529,P0529_T1,P0529_T1_2,2,condition_replaced,Not Enough Evidence,Not Supported
P0529,P0529_T1,P0529_T1_3,3,condition_removed,Not Enough Evidence,Not Supported
P0529,P0529_T1,P0529_T1_4,4,supported,Supported,Not Supported
P0529,P0529_T1,P0529_T1_5,5,condition_contradicted,Not Supported,Not Supported
P0529,P0529_T2,P0529_T2_1,1,relation_contradicted,Not Supported,Not Supported
P0529,P0529_T2,P0529_T2_2,2,condition_replaced,Not Enough Evidence,Not Supported
P0529,P0529_T2,P0529_T2_3,3,condition_removed,Not Enough Evidence,Not Supported
P0529,P0529_T2,P0529_T2_4,4,supported,Supported,Not Supported
P0529,P0529_T2,P0529_T2_5,5,condition_contradicted,Not Supported,Not Supported
P0529,P0529_T3,P0529_T3_1,1,relation_contradicted,Not Supported,Not Supported
P0529,P0529_T3,P0529_T3_2,2,condition_replaced,Not Enough Evidence,Not Supported
P0529,P0529_T3,P0529_T3_3,3,condition_removed,Not Enough Evidence,Not Supported
P0529,P0529_T3,P0529_T3_4,4,supported,Supported,Not Supported
P0529,P0529_T3,P0529_T3_5,5,condition_contradicted,Not Supported,Not Supported
P0529,P0529_T4,P0529_T4_1,1,relation_contradicted,Not Supported,Not Supported
P0529,P0529_T4,P0529_T4_2,2,condition_replaced,Not Enough Evidence,Not Supported
P0529,P0529_T4,P0529_T4_3,3,condition_removed,Not Enough Evidence,Not Supported
P0529,P0529_T4,P0529_T4_4,4,supported,Supported,Not Supported
P0529,P0529_T4,P0529_T4_5,5,condition_contradicted,Not Supported,Not Supported
P0529,P0529_T5,P0529_T5_1,1,relation_contradicted,Not Supported,Not Supported
P0529,P0529_T5,P0529_T5_2,2,condition_replaced,Not Enough Evidence,Not Supported
P0529,P0529_T5,P0529_T5_3,3,condition_removed,Not Enough Evidence,Not Supported
P0529,P0529_T5,P0529_T5_4,4,supported,Supported,Not Supported
P0529,P0529_T5,P0529_T5_5,5,condition_contradicted,Not Supported,Not Supported
P0530,P0530_T2,P0530_T2_1,1,relation_contradicted,Not Supported,Not Supported
P0530,P0530_T2,P0530_T2_2,2,condition_replaced,Not Enough Evidence,Not Enough Evidence
P0530,P0530_T2,P0530_T2_3,3,condition_removed,Not Enough Evidence,Not Enough Evidence
P0530,P0530_T2,P0530_T2_4,4,supported,Supported,Not Supported
P0530,P0530_T2,P0530_T2_5,5,condition_contradicted,Not Supported,Not Supported
P0530,P0530_T3,P0530_T3_1,1,relation_contradicted,Not Supported,Not Supported
P0530,P0530_T3,P0530_T3_2,2,condition_replaced,Not Enough Evidence,Not Enough Evidence
P0530,P0530_T3,P0530_T3_3,3,condition_removed,Not Enough Evidence,Not Supported
P0530,P0530_T3,P0530_T3_4,4,supported,Supported,Not Supported
P0530,P0530_T3,P0530_T3_5,5,condition_contradicted,Not Supported,Not Supported
P0153,P0153_T1,P0153_T1_1,1,relation_contradicted,Not Supported,Not Supported
P0153,P0153_T1,P0153_T1_2,2,condition_replaced,Not Enough Evidence,Not Enough Evidence
P0153,P0153_T1,P0153_T1_3,3,condition_removed,Not Enough Evidence,Not Enough Evidence
P0153,P0153_T1,P0153_T1_4,4,supported,Supported,Not Supported
P0153,P0153_T1,P0153_T1_5,5,condition_contradicted,Not Supported,Not Supported
P0153,P0153_T2,P0153_T2_1,1,relation_contradicted,Not Supported,Not Supported
P0153,P0153_T2,P0153_T2_2,2,condition_replaced,Not Enough Evidence,Not Enough Evidence
P0153,P0153_T2,P0153_T2_3,3,condition_removed,Not Enough Evidence,Not Enough Evidence
P0153,P0153_T2,P0153_T2_4,4,supported,Supported,Not Supported
P0153,P0153_T2,P0153_T2_5,5,condition_contradicted,Not Supported,Not Supported
P0153,P0153_T3,P0153_T3_1,1,relation_contradicted,Not Supported,Not Supported
P0153,P0153_T3,P0153_T3_2,2,condition_replaced,Not Enough Evidence,Not Enough Evidence
P0153,P0153_T3,P0153_T3_3,3,condition_removed,Not Enough Evidence,Not Supported
P0153,P0153_T3,P0153_T3_4,4,supported,Supported,Not Supported
P0153,P0153_T3,P0153_T3_5,5,condition_contradicted,Not Supported,Not Supported
P0153,P0153_T4,P0153_T4_1,1,relation_contradicted,Not Supported,Not Supported
P0153,P0153_T4,P0153_T4_2,2,condition_replaced,Not Enough Evidence,Not Enough Evidence
P0153,P0153_T4,P0153_T4_3,3,condition_removed,Not Enough Evidence,Not Enough Evidence
P0153,P0153_T4,P0153_T4_4,4,supported,Supported,Supported
P0153,P0153_T4,P0153_T4_5,5,condition_contradicted,Not Supported,Not Supported
P0153,P0153_T5,P0153_T5_1,1,relation_contradicted,Not Supported,Not Supported
P0153,P0153_T5,P0153_T5_2,2,condition_replaced,Not Enough Evidence,Not Enough Evidence
P0153,P0153_T5,P0153_T5_3,3,condition_removed,Not Enough Evidence,Not Enough Evidence
P0153,P0153_T5,P0153_T5_4,4,supported,Supported,Not Supported
P0153,P0153_T5,P0153_T5_5,5,condition_contradicted,Not Supported,Not Supported
P0154,P0154_T1,P0154_T1_1,1,relation_contradicted,Not Supported,Not Supported
P0154,P0154_T1,P0154_T1_2,2,condition_replaced,Not Enough Evidence,Not Enough Evidence
P0154,P0154_T1,P0154_T1_3,3,condition_removed,Not Enough Evidence,Not Supported
P0154,P0154_T1,P0154_T1_4,4,supported,Supported,Not Supported
P0154,P0154_T1,P0154_T1_5,5,condition_contradicted,Not Supported,Not Supported
P0154,P0154_T2,P0154_T2_1,1,relation_contradicted,Not Supported,Not Supported
P0154,P0154_T2,P0154_T2_2,2,condition_replaced,Not Enough Evidence,Not Enough Evidence
P0154,P0154_T2,P0154_T2_3,3,condition_removed,Not Enough Evidence,Not Supported
P0154,P0154_T2,P0154_T2_4,4,supported,Supported,Not Supported
P0154,P0154_T2,P0154_T2_5,5,condition_contradicted,Not Supported,Not Supported
P0154,P0154_T3,P0154_T3_1,1,relation_contradicted,Not Supported,Not Supported
P0154,P0154_T3,P0154_T3_2,2,condition_replaced,Not Enough Evidence,Not Supported
P0154,P0154_T3,P0154_T3_3,3,condition_removed,Not Enough Evidence,Not Enough Evidence
P0154,P0154_T3,P0154_T3_4,4,supported,Supported,Not Supported
P0154,P0154_T3,P0154_T3_5,5,condition_contradicted,Not Supported,Not Supported
P0154,P0154_T4,P0154_T4_1,1,relation_contradicted,Not Supported,Not Supported
P0154,P0154_T4,P0154_T4_2,2,condition_replaced,Not Enough Evidence,Not Supported
P0154,P0154_T4,P0154_T4_3,3,condition_removed,Not Enough Evidence,Not Enough Evidence
P0154,P0154_T4,P0154_T4_4,4,supported,Supported,Not Supported
P0154,P0154_T4,P0154_T4_5,5,condition_contradicted,Not Supported,Not Supported
P0154,P0154_T5,P0154_T5_1,1,relation_contradicted,Not Supported,Not Supported
P0154,P0154_T5,P0154_T5_2,2,condition_replaced,Not Enough Evidence,Not Enough Evidence
P0154,P0154_T5,P0154_T5_3,3,condition_removed,Not Enough Evidence,Not Supported
P0154,P0154_T5,P0154_T5_4,4,supported,Supported,Not Supported
P0154,P0154_T5,P0154_T5_5,5,condition_contradicted,Not Supported,Not Supported
P0373,P0373_T2,P0373_T2_1,1,relation_contradicted,Not Supported,Not Supported
P0373,P0373_T2,P0373_T2_2,2,condition_replaced,Not Enough Evidence,Not Supported
P0373,P0373_T2,P0373_T2_3,3,condition_removed,Not Enough Evidence,Not Supported
P0373,P0373_T2,P0373_T2_4,4,supported,Supported,Not Supported
P0373,P0373_T2,P0373_T2_5,5,condition_contradicted,Not Supported,Not Supported
P0374,P0374_T1,P0374_T1_1,1,relation_contradicted,Not Supported,Not Supported
P0374,P0374_T1,P0374_T1_2,2,condition_replaced,Not Enough Evidence,Not Supported
P0374,P0374_T1,P0374_T1_3,3,condition_removed,Not Enough Evidence,Not Supported
P0374,P0374_T1,P0374_T1_4,4,supported,Supported,Not Supported
P0374,P0374_T1,P0374_T1_5,5,condition_contradicted,Not Supported,Not Supported
P0375,P0375_T1,P0375_T1_1,1,relation_contradicted,Not Supported,Not Supported
P0375,P0375_T1,P0375_T1_2,2,condition_replaced,Not Enough Evidence,Not Supported
P0375,P0375_T1,P0375_T1_3,3,condition_removed,Not Enough Evidence,Not Supported
P0375,P0375_T1,P0375_T1_4,4,supported,Supported,Not Supported
P0375,P0375_T1,P0375_T1_5,5,condition_contradicted,Not Supported,Not Supported
P0376,P0376_T1,P0376_T1_1,1,relation_contradicted,Not Supported,Not Supported
P0376,P0376_T1,P0376_T1_2,2,condition_replaced,Not Enough Evidence,Not Supported
P0376,P0376_T1,P0376_T1_3,3,condition_removed,Not Enough Evidence,Not Supported
P0376,P0376_T1,P0376_T1_4,4,supported,Supported,Not Supported
P0376,P0376_T1,P0376_T1_5,5,condition_contradicted,Not Supported,Not Supported
P0376,P0376_T2,P0376_T2_1,1,relation_contradicted,Not Supported,Not Supported
P0376,P0376_T2,P0376_T2_2,2,condition_replaced,Not Enough Evidence,Not Supported
P0376,P0376_T2,P0376_T2_3,3,condition_removed,Not Enough Evidence,Not Supported
P0376,P0376_T2,P0376_T2_4,4,supported,Supported,Not Supported
P0376,P0376_T2,P0376_T2_5,5,condition_contradicted,Not Supported,Not Supported
P0377,P0377_T1,P0377_T1_1,1,relation_contradicted,Not Supported,Not Supported
P0377,P0377_T1,P0377_T1_2,2,condition_replaced,Not Enough Evidence,Not Enough Evidence
P0377,P0377_T1,P0377_T1_3,3,condition_removed,Not Enough Evidence,Not Enough Evidence
P0377,P0377_T1,P0377_T1_4,4,supported,Supported,Supported
P0377,P0377_T1,P0377_T1_5,5,condition_contradicted,Not Supported,Not Supported
P0378,P0378_T1,P0378_T1_1,1,relation_contradicted,Not Supported,Not Supported
P0378,P0378_T1,P0378_T1_2,2,condition_replaced,Not Enough Evidence,Not Supported
P0378,P0378_T1,P0378_T1_3,3,condition_removed,Not Enough Evidence,Not Supported
P0378,P0378_T1,P0378_T1_4,4,supported,Supported,Not Supported
P0378,P0378_T1,P0378_T1_5,5,condition_contradicted,Not Supported,Not Supported
P0378,P0378_T2,P0378_T2_1,1,relation_contradicted,Not Supported,Not Supported
P0378,P0378_T2,P0378_T2_2,2,condition_replaced,Not Enough Evidence,Not Supported
P0378,P0378_T2,P0378_T2_3,3,condition_removed,Not Enough Evidence,Not Supported
P0378,P0378_T2,P0378_T2_4,4,supported,Supported,Not Supported
P0378,P0378_T2,P0378_T2_5,5,condition_contradicted,Not Supported,Not Supported
P0040,P0040_T1,P0040_T1_1,1,relation_contradicted,Not Supported,Not Supported
P0040,P0040_T1,P0040_T1_2,2,condition_replaced,Not Enough Evidence,Not Enough Evidence
P0040,P0040_T1,P0040_T1_3,3,condition_removed,Not Enough Evidence,Not Enough Evidence
P0040,P0040_T1,P0040_T1_4,4,supported,Supported,Not Supported
P0040,P0040_T1,P0040_T1_5,5,condition_contradicted,Not Supported,Not Supported
P0040,P0040_T2,P0040_T2_1,1,relation_contradicted,Not Supported,Not Supported
P0040,P0040_T2,P0040_T2_2,2,condition_replaced,Not Enough Evidence,Not Enough Evidence
P0040,P0040_T2,P0040_T2_3,3,condition_removed,Not Enough Evidence,Not Supported
P0040,P0040_T2,P0040_T2_4,4,supported,Supported,Not Supported
P0040,P0040_T2,P0040_T2_5,5,condition_contradicted,Not Supported,Not Supported
P0041,P0041_T1,P0041_T1_1,1,relation_contradicted,Not Supported,Not Supported
P0041,P0041_T1,P0041_T1_2,2,condition_replaced,Not Enough Evidence,Not Enough Evidence
P0041,P0041_T1,P0041_T1_3,3,condition_removed,Not Enough Evidence,Not Enough Evidence
P0041,P0041_T1,P0041_T1_4,4,supported,Supported,Supported
P0041,P0041_T1,P0041_T1_5,5,condition_contradicted,Not Supported,Not Supported
P0042,P0042_T1,P0042_T1_1,1,relation_contradicted,Not Supported,Not Supported
P0042,P0042_T1,P0042_T1_2,2,condition_replaced,Not Enough Evidence,Not Supported
P0042,P0042_T1,P0042_T1_3,3,condition_removed,Not Enough Evidence,Not Supported
P0042,P0042_T1,P0042_T1_4,4,supported,Supported,Not Supported
P0042,P0042_T1,P0042_T1_5,5,condition_contradicted,Not Supported,Not Supported
P0042,P0042_T2,P0042_T2_1,1,relation_contradicted,Not Supported,Not Supported
P0042,P0042_T2,P0042_T2_2,2,condition_replaced,Not Enough Evidence,Not Supported
P0042,P0042_T2,P0042_T2_3,3,condition_removed,Not Enough Evidence,Not Supported
P0042,P0042_T2,P0042_T2_4,4,supported,Supported,Not Supported
P0042,P0042_T2,P0042_T2_5,5,condition_contradicted,Not Supported,Not Supported
P0042,P0042_T3,P0042_T3_1,1,relation_contradicted,Not Supported,Not Supported
P0042,P0042_T3,P0042_T3_2,2,condition_replaced,Not Enough Evidence,Not Supported
P0042,P0042_T3,P0042_T3_3,3,condition_removed,Not Enough Evidence,Not Supported
P0042,P0042_T3,P0042_T3_4,4,supported,Supported,Not Supported
P0042,P0042_T3,P0042_T3_5,5,condition_contradicted,Not Supported,Not Supported
P0042,P0042_T4,P0042_T4_1,1,relation_contradicted,Not Supported,Not Supported
P0042,P0042_T4,P0042_T4_2,2,condition_replaced,Not Enough Evidence,Not Supported
P0042,P0042_T4,P0042_T4_3,3,condition_removed,Not Enough Evidence,Not Supported
P0042,P0042_T4,P0042_T4_4,4,supported,Supported,Not Supported
P0042,P0042_T4,P0042_T4_5,5,condition_contradicted,Not Supported,Not Supported
P0043,P0043_T1,P0043_T1_1,1,relation_contradicted,Not Supported,Not Supported
P0043,P0043_T1,P0043_T1_2,2,condition_replaced,Not Enough Evidence,Not Enough Evidence
P0043,P0043_T1,P0043_T1_3,3,condition_removed,Not Enough Evidence,Not Enough Evidence
P0043,P0043_T1,P0043_T1_4,4,supported,Supported,Not Supported
P0043,P0043_T1,P0043_T1_5,5,condition_contradicted,Not Supported,Not Supported
P0043,P0043_T2,P0043_T2_1,1,relation_contradicted,Not Supported,Not Supported
P0043,P0043_T2,P0043_T2_2,2,condition_replaced,Not Enough Evidence,Not Enough Evidence
P0043,P0043_T2,P0043_T2_3,3,condition_removed,Not Enough Evidence,Not Supported
P0043,P0043_T2,P0043_T2_4,4,supported,Supported,Not Supported
P0043,P0043_T2,P0043_T2_5,5,condition_contradicted,Not Supported,Not Supported
P0043,P0043_T3,P0043_T3_1,1,relation_contradicted,Not Supported,Not Supported
P0043,P0043_T3,P0043_T3_2,2,condition_replaced,Not Enough Evidence,Not Enough Evidence
P0043,P0043_T3,P0043_T3_3,3,condition_removed,Not Enough Evidence,Not Supported
P0043,P0043_T3,P0043_T3_4,4,supported,Supported,Not Supported
P0043,P0043_T3,P0043_T3_5,5,condition_contradicted,Not Supported,Not Supported
P0253,P0253_T2,P0253_T2_1,1,relation_contradicted,Not Supported,Not Supported
P0253,P0253_T2,P0253_T2_2,2,condition_replaced,Not Enough Evidence,Not Enough Evidence
P0253,P0253_T2,P0253_T2_3,3,condition_removed,Not Enough Evidence,Not Enough Evidence
P0253,P0253_T2,P0253_T2_4,4,supported,Supported,Not Supported
P0253,P0253_T2,P0253_T2_5,5,condition_contradicted,Not Supported,Not Supported
P0253,P0253_T3,P0253_T3_1,1,relation_contradicted,Not Supported,Not Supported
P0253,P0253_T3,P0253_T3_2,2,condition_replaced,Not Enough Evidence,Not Enough Evidence
P0253,P0253_T3,P0253_T3_3,3,condition_removed,Not Enough Evidence,Not Enough Evidence
P0253,P0253_T3,P0253_T3_4,4,supported,Supported,Not Supported
P0253,P0253_T3,P0253_T3_5,5,condition_contradicted,Not Supported,Not Supported
P0254,P0254_T1,P0254_T1_1,1,relation_contradicted,Not Supported,Not Supported
P0254,P0254_T1,P0254_T1_2,2,condition_replaced,Not Enough Evidence,Not Enough Evidence
P0254,P0254_T1,P0254_T1_3,3,condition_removed,Not Enough Evidence,Not Enough Evidence
P0254,P0254_T1,P0254_T1_4,4,supported,Supported,Supported
P0254,P0254_T1,P0254_T1_5,5,condition_contradicted,Not Supported,Not Supported
P0255,P0255_T1,P0255_T1_1,1,relation_contradicted,Not Supported,Not Supported
P0255,P0255_T1,P0255_T1_2,2,condition_replaced,Not Enough Evidence,Not Enough Evidence
P0255,P0255_T1,P0255_T1_3,3,condition_removed,Not Enough Evidence,Not Enough Evidence
P0255,P0255_T1,P0255_T1_4,4,supported,Supported,Supported
P0255,P0255_T1,P0255_T1_5,5,condition_contradicted,Not Supported,Not Supported
P0256,P0256_T1,P0256_T1_1,1,relation_contradicted,Not Supported,Not Supported
P0256,P0256_T1,P0256_T1_2,2,condition_replaced,Not Enough Evidence,Not Supported
P0256,P0256_T1,P0256_T1_3,3,condition_removed,Not Enough Evidence,Not Enough Evidence
P0256,P0256_T1,P0256_T1_4,4,supported,Supported,Not Supported
P0256,P0256_T1,P0256_T1_5,5,condition_contradicted,Not Supported,Not Supported
P0256,P0256_T2,P0256_T2_1,1,relation_contradicted,Not Supported,Not Supported
P0256,P0256_T2,P0256_T2_2,2,condition_replaced,Not Enough Evidence,Not Enough Evidence
P0256,P0256_T2,P0256_T2_3,3,condition_removed,Not Enough Evidence,Not Enough Evidence
P0256,P0256_T2,P0256_T2_4,4,supported,Supported,Not Supported
P0256,P0256_T2,P0256_T2_5,5,condition_contradicted,Not Supported,Not Supported
P0256,P0256_T3,P0256_T3_1,1,relation_contradicted,Not Supported,Not Supported
P0256,P0256_T3,P0256_T3_2,2,condition_replaced,Not Enough Evidence,Not Enough Evidence
P0256,P0256_T3,P0256_T3_3,3,condition_removed,Not Enough Evidence,Not Enough Evidence
P0256,P0256_T3,P0256_T3_4,4,supported,Supported,Not Supported
P0256,P0256_T3,P0256_T3_5,5,condition_contradicted,Not Supported,Not Supported
P0256,P0256_T4,P0256_T4_1,1,relation_contradicted,Not Supported,Not Supported
P0256,P0256_T4,P0256_T4_2,2,condition_replaced,Not Enough Evidence,Not Enough Evidence
P0256,P0256_T4,P0256_T4_3,3,condition_removed,Not Enough Evidence,Not Enough Evidence
P0256,P0256_T4,P0256_T4_4,4,supported,Supported,Supported
P0256,P0256_T4,P0256_T4_5,5,condition_contradicted,Not Supported,Not Supported
P0257,P0257_T1,P0257_T1_1,1,relation_contradicted,Not Supported,Not Supported
P0257,P0257_T1,P0257_T1_2,2,condition_replaced,Not Enough Evidence,Not Enough Evidence
P0257,P0257_T1,P0257_T1_3,3,condition_removed,Not Enough Evidence,Not Enough Evidence
P0257,P0257_T1,P0257_T1_4,4,supported,Supported,Supported
P0257,P0257_T1,P0257_T1_5,5,condition_contradicted,Not Supported,Not Supported
P0257,P0257_T2,P0257_T2_1,1,relation_contradicted,Not Supported,Not Supported
P0257,P0257_T2,P0257_T2_2,2,condition_replaced,Not Enough Evidence,Not Supported
P0257,P0257_T2,P0257_T2_3,3,condition_removed,Not Enough Evidence,Not Enough Evidence
P0257,P0257_T2,P0257_T2_4,4,supported,Supported,Supported
P0257,P0257_T2,P0257_T2_5,5,condition_contradicted,Not Supported,Not Supported
P0249,P0249_T3,P0249_T3_1,1,relation_contradicted,Not Supported,Not Supported
P0249,P0249_T3,P0249_T3_2,2,condition_replaced,Not Enough Evidence,Not Supported
P0249,P0249_T3,P0249_T3_3,3,condition_removed,Not Enough Evidence,Not Enough Evidence
P0249,P0249_T3,P0249_T3_4,4,supported,Supported,Not Supported
P0249,P0249_T3,P0249_T3_5,5,condition_contradicted,Not Supported,Not Supported
P0249,P0249_T4,P0249_T4_1,1,relation_contradicted,Not Supported,Not Supported
P0249,P0249_T4,P0249_T4_2,2,condition_replaced,Not Enough Evidence,Not Enough Evidence
P0249,P0249_T4,P0249_T4_3,3,condition_removed,Not Enough Evidence,Not Enough Evidence
P0249,P0249_T4,P0249_T4_4,4,supported,Supported,Not Supported
P0249,P0249_T4,P0249_T4_5,5,condition_contradicted,Not Supported,Not Supported
P0250,P0250_T1,P0250_T1_1,1,relation_contradicted,Not Supported,Not Supported
P0250,P0250_T1,P0250_T1_2,2,condition_replaced,Not Enough Evidence,Not Enough Evidence
P0250,P0250_T1,P0250_T1_3,3,condition_removed,Not Enough Evidence,Not Enough Evidence
P0250,P0250_T1,P0250_T1_4,4,supported,Supported,Not Supported
P0250,P0250_T1,P0250_T1_5,5,condition_contradicted,Not Supported,Not Supported
P0250,P0250_T2,P0250_T2_1,1,relation_contradicted,Not Supported,Not Supported
P0250,P0250_T2,P0250_T2_2,2,condition_replaced,Not Enough Evidence,Not Enough Evidence
P0250,P0250_T2,P0250_T2_3,3,condition_removed,Not Enough Evidence,Not Enough Evidence
P0250,P0250_T2,P0250_T2_4,4,supported,Supported,Not Supported
P0250,P0250_T2,P0250_T2_5,5,condition_contradicted,Not Supported,Not Supported
P0251,P0251_T1,P0251_T1_1,1,relation_contradicted,Not Supported,Not Supported
P0251,P0251_T1,P0251_T1_2,2,condition_replaced,Not Enough Evidence,Not Enough Evidence
P0251,P0251_T1,P0251_T1_3,3,condition_removed,Not Enough Evidence,Not Enough Evidence
P0251,P0251_T1,P0251_T1_4,4,supported,Supported,Supported
P0251,P0251_T1,P0251_T1_5,5,condition_contradicted,Not Supported,Not Supported
P0251,P0251_T2,P0251_T2_1,1,relation_contradicted,Not Supported,Not Supported
P0251,P0251_T2,P0251_T2_2,2,condition_replaced,Not Enough Evidence,Not Enough Evidence
P0251,P0251_T2,P0251_T2_3,3,condition_removed,Not Enough Evidence,Not Enough Evidence
P0251,P0251_T2,P0251_T2_4,4,supported,Supported,Supported
P0251,P0251_T2,P0251_T2_5,5,condition_contradicted,Not Supported,Not Supported
P0251,P0251_T3,P0251_T3_1,1,relation_contradicted,Not Supported,Not Supported
P0251,P0251_T3,P0251_T3_2,2,condition_replaced,Not Enough Evidence,Not Enough Evidence
P0251,P0251_T3,P0251_T3_3,3,condition_removed,Not Enough Evidence,Not Enough Evidence
P0251,P0251_T3,P0251_T3_4,4,supported,Supported,Supported
P0251,P0251_T3,P0251_T3_5,5,condition_contradicted,Not Supported,Not Supported
P0252,P0252_T1,P0252_T1_1,1,relation_contradicted,Not Supported,Not Supported
P0252,P0252_T1,P0252_T1_2,2,condition_replaced,Not Enough Evidence,Not Supported
P0252,P0252_T1,P0252_T1_3,3,condition_removed,Not Enough Evidence,Not Supported
P0252,P0252_T1,P0252_T1_4,4,supported,Supported,Not Supported
P0252,P0252_T1,P0252_T1_5,5,condition_contradicted,Not Supported,Not Supported
P0252,P0252_T2,P0252_T2_1,1,relation_contradicted,Not Supported,Not Supported
P0252,P0252_T2,P0252_T2_2,2,condition_replaced,Not Enough Evidence,Not Supported
P0252,P0252_T2,P0252_T2_3,3,condition_removed,Not Enough Evidence,Not Supported
P0252,P0252_T2,P0252_T2_4,4,supported,Supported,Not Supported
P0252,P0252_T2,P0252_T2_5,5,condition_contradicted,Not Supported,Not Supported
P0253,P0253_T1,P0253_T1_1,1,relation_contradicted,Not Supported,Not Supported
P0253,P0253_T1,P0253_T1_2,2,condition_replaced,Not Enough Evidence,Not Enough Evidence
P0253,P0253_T1,P0253_T1_3,3,condition_removed,Not Enough Evidence,Not Enough Evidence
P0253,P0253_T1,P0253_T1_4,4,supported,Supported,Not Supported
P0253,P0253_T1,P0253_T1_5,5,condition_contradicted,Not Supported,Not Supported
P0531,P0531_T1,P0531_T1_1,1,relation_contradicted,Not Supported,Not Supported
P0531,P0531_T1,P0531_T1_2,2,condition_replaced,Not Enough Evidence,Not Supported
P0531,P0531_T1,P0531_T1_3,3,condition_removed,Not Enough Evidence,Not Supported
P0531,P0531_T1,P0531_T1_4,4,supported,Supported,Not Supported
P0531,P0531_T1,P0531_T1_5,5,condition_contradicted,Not Supported,Not Supported
P0532,P0532_T1,P0532_T1_1,1,relation_contradicted,Not Supported,Not Supported
P0532,P0532_T1,P0532_T1_2,2,condition_replaced,Not Enough Evidence,Not Enough Evidence
P0532,P0532_T1,P0532_T1_3,3,condition_removed,Not Enough Evidence,Not Enough Evidence
P0532,P0532_T1,P0532_T1_4,4,supported,Supported,Not Supported
P0532,P0532_T1,P0532_T1_5,5,condition_contradicted,Not Supported,Not Supported
P0532,P0532_T2,P0532_T2_1,1,relation_contradicted,Not Supported,Not Supported
P0532,P0532_T2,P0532_T2_2,2,condition_replaced,Not Enough Evidence,Not Enough Evidence
P0532,P0532_T2,P0532_T2_3,3,condition_removed,Not Enough Evidence,Not Enough Evidence
P0532,P0532_T2,P0532_T2_4,4,supported,Supported,Supported
P0532,P0532_T2,P0532_T2_5,5,condition_contradicted,Not Supported,Not Supported
P0532,P0532_T3,P0532_T3_1,1,relation_contradicted,Not Supported,Not Supported
P0532,P0532_T3,P0532_T3_2,2,condition_replaced,Not Enough Evidence,Not Enough Evidence
P0532,P0532_T3,P0532_T3_3,3,condition_removed,Not Enough Evidence,Not Enough Evidence
P0532,P0532_T3,P0532_T3_4,4,supported,Supported,Supported
P0532,P0532_T3,P0532_T3_5,5,condition_contradicted,Not Supported,Not Supported
P0533,P0533_T1,P0533_T1_1,1,relation_contradicted,Not Supported,Not Supported
P0533,P0533_T1,P0533_T1_2,2,condition_replaced,Not Enough Evidence,Not Supported
P0533,P0533_T1,P0533_T1_3,3,condition_removed,Not Enough Evidence,Not Supported
P0533,P0533_T1,P0533_T1_4,4,supported,Supported,Not Supported
P0533,P0533_T1,P0533_T1_5,5,condition_contradicted,Not Supported,Not Supported
P0533,P0533_T2,P0533_T2_1,1,relation_contradicted,Not Supported,Not Supported
P0533,P0533_T2,P0533_T2_2,2,condition_replaced,Not Enough Evidence,Not Supported
P0533,P0533_T2,P0533_T2_3,3,condition_removed,Not Enough Evidence,Not Supported
P0533,P0533_T2,P0533_T2_4,4,supported,Supported,Not Supported
P0533,P0533_T2,P0533_T2_5,5,condition_contradicted,Not Supported,Not Supported
P0534,P0534_T1,P0534_T1_1,1,relation_contradicted,Not Supported,Not Supported
P0534,P0534_T1,P0534_T1_2,2,condition_replaced,Not Enough Evidence,Not Supported
P0534,P0534_T1,P0534_T1_3,3,condition_removed,Not Enough Evidence,Not Supported
P0534,P0534_T1,P0534_T1_4,4,supported,Supported,Not Supported
P0534,P0534_T1,P0534_T1_5,5,condition_contradicted,Not Supported,Not Supported
P0534,P0534_T2,P0534_T2_1,1,relation_contradicted,Not Supported,Not Supported
P0534,P0534_T2,P0534_T2_2,2,condition_replaced,Not Enough Evidence,Not Supported
P0534,P0534_T2,P0534_T2_3,3,condition_removed,Not Enough Evidence,Not Supported
P0534,P0534_T2,P0534_T2_4,4,supported,Supported,Not Supported
P0534,P0534_T2,P0534_T2_5,5,condition_contradicted,Not Supported,Not Supported
P0534,P0534_T4,P0534_T4_1,1,relation_contradicted,Not Supported,Not Supported
P0534,P0534_T4,P0534_T4_2,2,condition_replaced,Not Enough Evidence,Not Supported
P0534,P0534_T4,P0534_T4_3,3,condition_removed,Not Enough Evidence,Not Supported
P0534,P0534_T4,P0534_T4_4,4,supported,Supported,Not Supported
P0534,P0534_T4,P0534_T4_5,5,condition_contradicted,Not Supported,Not Supported
P0378,P0378_T3,P0378_T3_1,1,relation_contradicted,Not Supported,Not Supported
P0378,P0378_T3,P0378_T3_2,2,condition_replaced,Not Enough Evidence,Not Supported
P0378,P0378_T3,P0378_T3_3,3,condition_removed,Not Enough Evidence,Not Supported
P0378,P0378_T3,P0378_T3_4,4,supported,Supported,Not Supported
P0378,P0378_T3,P0378_T3_5,5,condition_contradicted,Not Supported,Not Supported
P0379,P0379_T1,P0379_T1_1,1,relation_contradicted,Not Supported,Not Supported
P0379,P0379_T1,P0379_T1_2,2,condition_replaced,Not Enough Evidence,Not Supported
P0379,P0379_T1,P0379_T1_3,3,condition_removed,Not Enough Evidence,Not Supported
P0379,P0379_T1,P0379_T1_4,4,supported,Supported,Not Supported
P0379,P0379_T1,P0379_T1_5,5,condition_contradicted,Not Supported,Not Supported
P0379,P0379_T3,P0379_T3_1,1,relation_contradicted,Not Supported,Not Supported
P0379,P0379_T3,P0379_T3_2,2,condition_replaced,Not Enough Evidence,Not Supported
P0379,P0379_T3,P0379_T3_3,3,condition_removed,Not Enough Evidence,Not Supported
P0379,P0379_T3,P0379_T3_4,4,supported,Supported,Not Supported
P0379,P0379_T3,P0379_T3_5,5,condition_contradicted,Not Supported,Not Supported
P0380,P0380_T1,P0380_T1_1,1,relation_contradicted,Not Supported,Not Supported
P0380,P0380_T1,P0380_T1_2,2,condition_replaced,Not Enough Evidence,Not Enough Evidence
P0380,P0380_T1,P0380_T1_3,3,condition_removed,Not Enough Evidence,Not Enough Evidence
P0380,P0380_T1,P0380_T1_4,4,supported,Supported,Not Supported
P0380,P0380_T1,P0380_T1_5,5,condition_contradicted,Not Supported,Not Supported
P0381,P0381_T1,P0381_T1_1,1,relation_contradicted,Not Supported,Not Supported
P0381,P0381_T1,P0381_T1_2,2,condition_replaced,Not Enough Evidence,Not Supported
P0381,P0381_T1,P0381_T1_3,3,condition_removed,Not Enough Evidence,Not Supported
P0381,P0381_T1,P0381_T1_4,4,supported,Supported,Not Supported
P0381,P0381_T1,P0381_T1_5,5,condition_contradicted,Not Supported,Not Supported
P0382,P0382_T1,P0382_T1_1,1,relation_contradicted,Not Supported,Not Supported
P0382,P0382_T1,P0382_T1_2,2,condition_replaced,Not Enough Evidence,Not Supported
P0382,P0382_T1,P0382_T1_3,3,condition_removed,Not Enough Evidence,Not Supported
P0382,P0382_T1,P0382_T1_4,4,supported,Supported,Not Supported
P0382,P0382_T1,P0382_T1_5,5,condition_contradicted,Not Supported,Not Supported
P0383,P0383_T1,P0383_T1_1,1,relation_contradicted,Not Supported,Not Supported
P0383,P0383_T1,P0383_T1_2,2,condition_replaced,Not Enough Evidence,Not Supported
P0383,P0383_T1,P0383_T1_3,3,condition_removed,Not Enough Evidence,Not Supported
P0383,P0383_T1,P0383_T1_4,4,supported,Supported,Not Supported
P0383,P0383_T1,P0383_T1_5,5,condition_contradicted,Not Supported,Not Supported
P0383,P0383_T2,P0383_T2_1,1,relation_contradicted,Not Supported,Not Supported
P0383,P0383_T2,P0383_T2_2,2,condition_replaced,Not Enough Evidence,Not Supported
P0383,P0383_T2,P0383_T2_3,3,condition_removed,Not Enough Evidence,Not Supported
P0383,P0383_T2,P0383_T2_4,4,supported,Supported,Not Supported
P0383,P0383_T2,P0383_T2_5,5,condition_contradicted,Not Supported,Not Supported
P0155,P0155_T1,P0155_T1_1,1,relation_contradicted,Not Supported,Not Supported
P0155,P0155_T1,P0155_T1_2,2,condition_replaced,Not Enough Evidence,Not Enough Evidence
P0155,P0155_T1,P0155_T1_3,3,condition_removed,Not Enough Evidence,Not Enough Evidence
P0155,P0155_T1,P0155_T1_4,4,supported,Supported,Not Supported
P0155,P0155_T1,P0155_T1_5,5,condition_contradicted,Not Supported,Not Supported
P0156,P0156_T1,P0156_T1_1,1,relation_contradicted,Not Supported,Not Supported
P0156,P0156_T1,P0156_T1_2,2,condition_replaced,Not Enough Evidence,Not Enough Evidence
P0156,P0156_T1,P0156_T1_3,3,condition_removed,Not Enough Evidence,Not Enough Evidence
P0156,P0156_T1,P0156_T1_4,4,supported,Supported,Supported
P0156,P0156_T1,P0156_T1_5,5,condition_contradicted,Not Supported,Not Supported
P0156,P0156_T2,P0156_T2_1,1,relation_contradicted,Not Supported,Not Supported
P0156,P0156_T2,P0156_T2_2,2,condition_replaced,Not Enough Evidence,Not Enough Evidence
P0156,P0156_T2,P0156_T2_3,3,condition_removed,Not Enough Evidence,Not Enough Evidence
P0156,P0156_T2,P0156_T2_4,4,supported,Supported,Not Supported
P0156,P0156_T2,P0156_T2_5,5,condition_contradicted,Not Supported,Not Supported
P0157,P0157_T1,P0157_T1_1,1,relation_contradicted,Not Supported,Not Supported
P0157,P0157_T1,P0157_T1_2,2,condition_replaced,Not Enough Evidence,Not Enough Evidence
P0157,P0157_T1,P0157_T1_3,3,condition_removed,Not Enough Evidence,Not Enough Evidence
P0157,P0157_T1,P0157_T1_4,4,supported,Supported,Supported
P0157,P0157_T1,P0157_T1_5,5,condition_contradicted,Not Supported,Not Supported
P0158,P0158_T1,P0158_T1_1,1,relation_contradicted,Not Supported,Not Supported
P0158,P0158_T1,P0158_T1_2,2,condition_replaced,Not Enough Evidence,Not Supported
P0158,P0158_T1,P0158_T1_3,3,condition_removed,Not Enough Evidence,Not Enough Evidence
P0158,P0158_T1,P0158_T1_4,4,supported,Supported,Supported
P0158,P0158_T1,P0158_T1_5,5,condition_contradicted,Not Supported,Not Supported
P0158,P0158_T2,P0158_T2_1,1,relation_contradicted,Not Supported,Not Supported
P0158,P0158_T2,P0158_T2_2,2,condition_replaced,Not Enough Evidence,Not Supported
P0158,P0158_T2,P0158_T2_3,3,condition_removed,Not Enough Evidence,Not Enough Evidence
P0158,P0158_T2,P0158_T2_4,4,supported,Supported,Not Supported
P0158,P0158_T2,P0158_T2_5,5,condition_contradicted,Not Supported,Not Supported
P0158,P0158_T3,P0158_T3_1,1,relation_contradicted,Not Supported,Not Supported
P0158,P0158_T3,P0158_T3_2,2,condition_replaced,Not Enough Evidence,Not Supported
P0158,P0158_T3,P0158_T3_3,3,condition_removed,Not Enough Evidence,Not Supported
P0158,P0158_T3,P0158_T3_4,4,supported,Supported,Not Supported
P0158,P0158_T3,P0158_T3_5,5,condition_contradicted,Not Supported,Not Supported
P0159,P0159_T1,P0159_T1_1,1,relation_contradicted,Not Supported,Not Supported
P0159,P0159_T1,P0159_T1_2,2,condition_replaced,Not Enough Evidence,Not Supported
P0159,P0159_T1,P0159_T1_3,3,condition_removed,Not Enough Evidence,Not Supported
P0159,P0159_T1,P0159_T1_4,4,supported,Supported,Not Supported
P0159,P0159_T1,P0159_T1_5,5,condition_contradicted,Not Supported,Not Supported
P0159,P0159_T2,P0159_T2_1,1,relation_contradicted,Not Supported,Not Supported
P0159,P0159_T2,P0159_T2_2,2,condition_replaced,Not Enough Evidence,Not Supported
P0159,P0159_T2,P0159_T2_3,3,condition_removed,Not Enough Evidence,Not Supported
P0159,P0159_T2,P0159_T2_4,4,supported,Supported,Not Supported
P0159,P0159_T2,P0159_T2_5,5,condition_contradicted,Not Supported,Not Supported
P0159,P0159_T3,P0159_T3_1,1,relation_contradicted,Not Supported,Not Supported
P0159,P0159_T3,P0159_T3_2,2,condition_replaced,Not Enough Evidence,Not Supported
P0159,P0159_T3,P0159_T3_3,3,condition_removed,Not Enough Evidence,Not Supported
P0159,P0159_T3,P0159_T3_4,4,supported,Supported,Not Supported
P0159,P0159_T3,P0159_T3_5,5,condition_contradicted,Not Supported,Not Supported
P0257,P0257_T3,P0257_T3_1,1,relation_contradicted,Not Supported,Not Supported
P0257,P0257_T3,P0257_T3_2,2,condition_replaced,Not Enough Evidence,Not Enough Evidence
P0257,P0257_T3,P0257_T3_3,3,condition_removed,Not Enough Evidence,Not Enough Evidence
P0257,P0257_T3,P0257_T3_4,4,supported,Supported,Supported
P0257,P0257_T3,P0257_T3_5,5,condition_contradicted,Not Supported,Not Supported
P0258,P0258_T1,P0258_T1_1,1,relation_contradicted,Not Supported,Not Supported
P0258,P0258_T1,P0258_T1_2,2,condition_replaced,Not Enough Evidence,Not Supported
P0258,P0258_T1,P0258_T1_3,3,condition_removed,Not Enough Evidence,Not Enough Evidence
P0258,P0258_T1,P0258_T1_4,4,supported,Supported,Supported
P0258,P0258_T1,P0258_T1_5,5,condition_contradicted,Not Supported,Not Supported
P0258,P0258_T2,P0258_T2_1,1,relation_contradicted,Not Supported,Not Supported
P0258,P0258_T2,P0258_T2_2,2,condition_replaced,Not Enough Evidence,Not Enough Evidence
P0258,P0258_T2,P0258_T2_3,3,condition_removed,Not Enough Evidence,Not Enough Evidence
P0258,P0258_T2,P0258_T2_4,4,supported,Supported,Supported
P0258,P0258_T2,P0258_T2_5,5,condition_contradicted,Not Supported,Not Supported
P0259,P0259_T1,P0259_T1_1,1,relation_contradicted,Not Supported,Not Supported
P0259,P0259_T1,P0259_T1_2,2,condition_replaced,Not Enough Evidence,Not Enough Evidence
P0259,P0259_T1,P0259_T1_3,3,condition_removed,Not Enough Evidence,Not Enough Evidence
P0259,P0259_T1,P0259_T1_4,4,supported,Supported,Supported
P0259,P0259_T1,P0259_T1_5,5,condition_contradicted,Not Supported,Not Supported
P0260,P0260_T1,P0260_T1_1,1,relation_contradicted,Not Supported,Not Enough Evidence
P0260,P0260_T1,P0260_T1_2,2,condition_replaced,Not Enough Evidence,Not Enough Evidence
P0260,P0260_T1,P0260_T1_3,3,condition_removed,Not Enough Evidence,Not Enough Evidence
P0260,P0260_T1,P0260_T1_4,4,supported,Supported,Not Enough Evidence
P0260,P0260_T1,P0260_T1_5,5,condition_contradicted,Not Supported,Not Enough Evidence
P0260,P0260_T2,P0260_T2_1,1,relation_contradicted,Not Supported,Not Enough Evidence
P0260,P0260_T2,P0260_T2_2,2,condition_replaced,Not Enough Evidence,Not Enough Evidence
P0260,P0260_T2,P0260_T2_3,3,condition_removed,Not Enough Evidence,Not Enough Evidence
P0260,P0260_T2,P0260_T2_4,4,supported,Supported,Not Enough Evidence
P0260,P0260_T2,P0260_T2_5,5,condition_contradicted,Not Supported,Not Enough Evidence
P0260,P0260_T3,P0260_T3_1,1,relation_contradicted,Not Supported,Not Enough Evidence
P0260,P0260_T3,P0260_T3_2,2,condition_replaced,Not Enough Evidence,Not Enough Evidence
P0260,P0260_T3,P0260_T3_3,3,condition_removed,Not Enough Evidence,Not Enough Evidence
P0260,P0260_T3,P0260_T3_4,4,supported,Supported,Not Enough Evidence
P0260,P0260_T3,P0260_T3_5,5,condition_contradicted,Not Supported,Not Enough Evidence
P0261,P0261_T1,P0261_T1_1,1,relation_contradicted,Not Supported,Not Supported
P0261,P0261_T1,P0261_T1_2,2,condition_replaced,Not Enough Evidence,Not Supported
P0261,P0261_T1,P0261_T1_3,3,condition_removed,Not Enough Evidence,Not Enough Evidence
P0261,P0261_T1,P0261_T1_4,4,supported,Supported,Supported
P0261,P0261_T1,P0261_T1_5,5,condition_contradicted,Not Supported,Not Supported
P0261,P0261_T2,P0261_T2_1,1,relation_contradicted,Not Supported,Not Supported
P0261,P0261_T2,P0261_T2_2,2,condition_replaced,Not Enough Evidence,Not Enough Evidence
P0261,P0261_T2,P0261_T2_3,3,condition_removed,Not Enough Evidence,Not Enough Evidence
P0261,P0261_T2,P0261_T2_4,4,supported,Supported,Supported
P0261,P0261_T2,P0261_T2_5,5,condition_contradicted,Not Supported,Not Supported
P0261,P0261_T3,P0261_T3_1,1,relation_contradicted,Not Supported,Not Supported
P0261,P0261_T3,P0261_T3_2,2,condition_replaced,Not Enough Evidence,Not Enough Evidence
P0261,P0261_T3,P0261_T3_3,3,condition_removed,Not Enough Evidence,Not Enough Evidence
P0261,P0261_T3,P0261_T3_4,4,supported,Supported,Not Supported
P0261,P0261_T3,P0261_T3_5,5,condition_contradicted,Not Supported,Not Supported
P0043,P0043_T4,P0043_T4_1,1,relation_contradicted,Not Supported,Not Supported
P0043,P0043_T4,P0043_T4_2,2,condition_replaced,Not Enough Evidence,Not Enough Evidence
P0043,P0043_T4,P0043_T4_3,3,condition_removed,Not Enough Evidence,Not Enough Evidence
P0043,P0043_T4,P0043_T4_4,4,supported,Supported,Not Supported
P0043,P0043_T4,P0043_T4_5,5,condition_contradicted,Not Supported,Not Supported
P0044,P0044_T1,P0044_T1_1,1,relation_contradicted,Not Supported,Not Supported
P0044,P0044_T1,P0044_T1_2,2,condition_replaced,Not Enough Evidence,Not Supported
P0044,P0044_T1,P0044_T1_3,3,condition_removed,Not Enough Evidence,Not Supported
P0044,P0044_T1,P0044_T1_4,4,supported,Supported,Not Supported
P0044,P0044_T1,P0044_T1_5,5,condition_contradicted,Not Supported,Not Supported
P0045,P0045_T1,P0045_T1_1,1,relation_contradicted,Not Supported,Not Supported
P0045,P0045_T1,P0045_T1_2,2,condition_replaced,Not Enough Evidence,Not Enough Evidence
P0045,P0045_T1,P0045_T1_3,3,condition_removed,Not Enough Evidence,Not Enough Evidence
P0045,P0045_T1,P0045_T1_4,4,supported,Supported,Supported
P0045,P0045_T1,P0045_T1_5,5,condition_contradicted,Not Supported,Not Supported
P0046,P0046_T1,P0046_T1_1,1,relation_contradicted,Not Supported,Not Supported
P0046,P0046_T1,P0046_T1_2,2,condition_replaced,Not Enough Evidence,Not Supported
P0046,P0046_T1,P0046_T1_3,3,condition_removed,Not Enough Evidence,Not Supported
P0046,P0046_T1,P0046_T1_4,4,supported,Supported,Not Supported
P0046,P0046_T1,P0046_T1_5,5,condition_contradicted,Not Supported,Not Supported
P0046,P0046_T2,P0046_T2_1,1,relation_contradicted,Not Supported,Not Supported
P0046,P0046_T2,P0046_T2_2,2,condition_replaced,Not Enough Evidence,Not Supported
P0046,P0046_T2,P0046_T2_3,3,condition_removed,Not Enough Evidence,Not Supported
P0046,P0046_T2,P0046_T2_4,4,supported,Supported,Not Supported
P0046,P0046_T2,P0046_T2_5,5,condition_contradicted,Not Supported,Not Supported
P0047,P0047_T1,P0047_T1_1,1,relation_contradicted,Not Supported,Not Supported
P0047,P0047_T1,P0047_T1_2,2,condition_replaced,Not Enough Evidence,Not Supported
P0047,P0047_T1,P0047_T1_3,3,condition_removed,Not Enough Evidence,Not Supported
P0047,P0047_T1,P0047_T1_4,4,supported,Supported,Not Supported
P0047,P0047_T1,P0047_T1_5,5,condition_contradicted,Not Supported,Not Supported
P0047,P0047_T2,P0047_T2_1,1,relation_contradicted,Not Supported,Not Supported
P0047,P0047_T2,P0047_T2_2,2,condition_replaced,Not Enough Evidence,Not Supported
P0047,P0047_T2,P0047_T2_3,3,condition_removed,Not Enough Evidence,Not Supported
P0047,P0047_T2,P0047_T2_4,4,supported,Supported,Not Supported
P0047,P0047_T2,P0047_T2_5,5,condition_contradicted,Not Supported,Not Supported
P0047,P0047_T3,P0047_T3_1,1,relation_contradicted,Not Supported,Not Supported
P0047,P0047_T3,P0047_T3_2,2,condition_replaced,Not Enough Evidence,Not Supported
P0047,P0047_T3,P0047_T3_3,3,condition_removed,Not Enough Evidence,Not Supported
P0047,P0047_T3,P0047_T3_4,4,supported,Supported,Not Supported
P0047,P0047_T3,P0047_T3_5,5,condition_contradicted,Not Supported,Not Supported
P0047,P0047_T4,P0047_T4_1,1,relation_contradicted,Not Supported,Not Supported
P0047,P0047_T4,P0047_T4_2,2,condition_replaced,Not Enough Evidence,Not Supported
P0047,P0047_T4,P0047_T4_3,3,condition_removed,Not Enough Evidence,Not Supported
P0047,P0047_T4,P0047_T4_4,4,supported,Supported,Not Supported
P0047,P0047_T4,P0047_T4_5,5,condition_contradicted,Not Supported,Not Supported
P0047,P0047_T5,P0047_T5_1,1,relation_contradicted,Not Supported,Not Supported
P0047,P0047_T5,P0047_T5_2,2,condition_replaced,Not Enough Evidence,Not Supported
P0047,P0047_T5,P0047_T5_3,3,condition_removed,Not Enough Evidence,Not Supported
P0047,P0047_T5,P0047_T5_4,4,supported,Supported,Not Supported
P0047,P0047_T5,P0047_T5_5,5,condition_contradicted,Not Supported,Not Supported
P0159,P0159_T4,P0159_T4_1,1,relation_contradicted,Not Supported,Not Supported
P0159,P0159_T4,P0159_T4_2,2,condition_replaced,Not Enough Evidence,Not Supported
P0159,P0159_T4,P0159_T4_3,3,condition_removed,Not Enough Evidence,Not Supported
P0159,P0159_T4,P0159_T4_4,4,supported,Supported,Not Supported
P0159,P0159_T4,P0159_T4_5,5,condition_contradicted,Not Supported,Not Supported
P0159,P0159_T5,P0159_T5_1,1,relation_contradicted,Not Supported,Not Supported
P0159,P0159_T5,P0159_T5_2,2,condition_replaced,Not Enough Evidence,Not Supported
P0159,P0159_T5,P0159_T5_3,3,condition_removed,Not Enough Evidence,Not Supported
P0159,P0159_T5,P0159_T5_4,4,supported,Supported,Not Supported
P0159,P0159_T5,P0159_T5_5,5,condition_contradicted,Not Supported,Not Supported
P0159,P0159_T6,P0159_T6_1,1,relation_contradicted,Not Supported,Not Supported
P0159,P0159_T6,P0159_T6_2,2,condition_replaced,Not Enough Evidence,Not Supported
P0159,P0159_T6,P0159_T6_3,3,condition_removed,Not Enough Evidence,Not Supported
P0159,P0159_T6,P0159_T6_4,4,supported,Supported,Not Supported
P0159,P0159_T6,P0159_T6_5,5,condition_contradicted,Not Supported,Not Supported
P0159,P0159_T7,P0159_T7_1,1,relation_contradicted,Not Supported,Not Supported
P0159,P0159_T7,P0159_T7_2,2,condition_replaced,Not Enough Evidence,Not Supported
P0159,P0159_T7,P0159_T7_3,3,condition_removed,Not Enough Evidence,Not Supported
P0159,P0159_T7,P0159_T7_4,4,supported,Supported,Not Supported
P0159,P0159_T7,P0159_T7_5,5,condition_contradicted,Not Supported,Not Supported
P0159,P0159_T8,P0159_T8_1,1,relation_contradicted,Not Supported,Not Supported
P0159,P0159_T8,P0159_T8_2,2,condition_replaced,Not Enough Evidence,Not Supported
P0159,P0159_T8,P0159_T8_3,3,condition_removed,Not Enough Evidence,Not Supported
P0159,P0159_T8,P0159_T8_4,4,supported,Supported,Not Supported
P0159,P0159_T8,P0159_T8_5,5,condition_contradicted,Not Supported,Not Supported
P0160,P0160_T1,P0160_T1_1,1,relation_contradicted,Not Supported,Not Supported
P0160,P0160_T1,P0160_T1_2,2,condition_replaced,Not Enough Evidence,Not Enough Evidence
P0160,P0160_T1,P0160_T1_3,3,condition_removed,Not Enough Evidence,Not Enough Evidence
P0160,P0160_T1,P0160_T1_4,4,supported,Supported,Supported
P0160,P0160_T1,P0160_T1_5,5,condition_contradicted,Not Supported,Not Supported
P0161,P0161_T1,P0161_T1_1,1,relation_contradicted,Not Supported,Not Supported
P0161,P0161_T1,P0161_T1_2,2,condition_replaced,Not Enough Evidence,Not Supported
P0161,P0161_T1,P0161_T1_3,3,condition_removed,Not Enough Evidence,Not Supported
P0161,P0161_T1,P0161_T1_4,4,supported,Supported,Not Supported
P0161,P0161_T1,P0161_T1_5,5,condition_contradicted,Not Supported,Not Supported
P0535,P0535_T1,P0535_T1_1,1,relation_contradicted,Not Supported,Not Supported
P0535,P0535_T1,P0535_T1_2,2,condition_replaced,Not Enough Evidence,Not Enough Evidence
P0535,P0535_T1,P0535_T1_3,3,condition_removed,Not Enough Evidence,Not Enough Evidence
P0535,P0535_T1,P0535_T1_4,4,supported,Supported,Supported
P0535,P0535_T1,P0535_T1_5,5,condition_contradicted,Not Supported,Not Supported
P0535,P0535_T2,P0535_T2_1,1,relation_contradicted,Not Supported,Not Supported
P0535,P0535_T2,P0535_T2_2,2,condition_replaced,Not Enough Evidence,Not Enough Evidence
P0535,P0535_T2,P0535_T2_3,3,condition_removed,Not Enough Evidence,Not Enough Evidence
P0535,P0535_T2,P0535_T2_4,4,supported,Supported,Not Supported
P0535,P0535_T2,P0535_T2_5,5,condition_contradicted,Not Supported,Not Supported
P0536,P0536_T1,P0536_T1_1,1,relation_contradicted,Not Supported,Not Supported
P0536,P0536_T1,P0536_T1_2,2,condition_replaced,Not Enough Evidence,Not Supported
P0536,P0536_T1,P0536_T1_3,3,condition_removed,Not Enough Evidence,Not Supported
P0536,P0536_T1,P0536_T1_4,4,supported,Supported,Not Supported
P0536,P0536_T1,P0536_T1_5,5,condition_contradicted,Not Supported,Not Supported
P0537,P0537_T1,P0537_T1_1,1,relation_contradicted,Not Supported,Not Supported
P0537,P0537_T1,P0537_T1_2,2,condition_replaced,Not Enough Evidence,Not Supported
P0537,P0537_T1,P0537_T1_3,3,condition_removed,Not Enough Evidence,Not Supported
P0537,P0537_T1,P0537_T1_4,4,supported,Supported,Not Supported
P0537,P0537_T1,P0537_T1_5,5,condition_contradicted,Not Supported,Not Supported
P0537,P0537_T2,P0537_T2_1,1,relation_contradicted,Not Supported,Not Supported
P0537,P0537_T2,P0537_T2_2,2,condition_replaced,Not Enough Evidence,Not Supported
P0537,P0537_T2,P0537_T2_3,3,condition_removed,Not Enough Evidence,Not Supported
P0537,P0537_T2,P0537_T2_4,4,supported,Supported,Not Supported
P0537,P0537_T2,P0537_T2_5,5,condition_contradicted,Not Supported,Not Supported
P0538,P0538_T1,P0538_T1_1,1,relation_contradicted,Not Supported,Supported
P0538,P0538_T1,P0538_T1_2,2,condition_replaced,Not Enough Evidence,Not Enough Evidence
P0538,P0538_T1,P0538_T1_3,3,condition_removed,Not Enough Evidence,Not Enough Evidence
P0538,P0538_T1,P0538_T1_4,4,supported,Supported,Supported
P0538,P0538_T1,P0538_T1_5,5,condition_contradicted,Not Supported,Not Supported
P0539,P0539_T1,P0539_T1_1,1,relation_contradicted,Not Supported,Not Supported
P0539,P0539_T1,P0539_T1_2,2,condition_replaced,Not Enough Evidence,Not Enough Evidence
P0539,P0539_T1,P0539_T1_3,3,condition_removed,Not Enough Evidence,Not Enough Evidence
P0539,P0539_T1,P0539_T1_4,4,supported,Supported,Not Supported
P0539,P0539_T1,P0539_T1_5,5,condition_contradicted,Not Supported,Not Supported
P0539,P0539_T2,P0539_T2_1,1,relation_contradicted,Not Supported,Not Supported
P0539,P0539_T2,P0539_T2_2,2,condition_replaced,Not Enough Evidence,Not Supported
P0539,P0539_T2,P0539_T2_3,3,condition_removed,Not Enough Evidence,Not Enough Evidence
P0539,P0539_T2,P0539_T2_4,4,supported,Supported,Not Supported
P0539,P0539_T2,P0539_T2_5,5,condition_contradicted,Not Supported,Not Supported
P0540,P0540_T1,P0540_T1_1,1,relation_contradicted,Not Supported,Not Supported
P0540,P0540_T1,P0540_T1_2,2,condition_replaced,Not Enough Evidence,Not Supported
P0540,P0540_T1,P0540_T1_3,3,condition_removed,Not Enough Evidence,Not Supported
P0540,P0540_T1,P0540_T1_4,4,supported,Supported,Not Supported
P0540,P0540_T1,P0540_T1_5,5,condition_contradicted,Not Supported,Not Supported
P0541,P0541_T1,P0541_T1_1,1,relation_contradicted,Not Supported,Not Supported
P0541,P0541_T1,P0541_T1_2,2,condition_replaced,Not Enough Evidence,Not Enough Evidence
P0541,P0541_T1,P0541_T1_3,3,condition_removed,Not Enough Evidence,Not Enough Evidence
P0541,P0541_T1,P0541_T1_4,4,supported,Supported,Supported
P0541,P0541_T1,P0541_T1_5,5,condition_contradicted,Not Supported,Not Supported
P0383,P0383_T3,P0383_T3_1,1,relation_contradicted,Not Supported,Not Supported
P0383,P0383_T3,P0383_T3_2,2,condition_replaced,Not Enough Evidence,Not Supported
P0383,P0383_T3,P0383_T3_3,3,condition_removed,Not Enough Evidence,Not Supported
P0383,P0383_T3,P0383_T3_4,4,supported,Supported,Not Supported
P0383,P0383_T3,P0383_T3_5,5,condition_contradicted,Not Supported,Not Supported
P0384,P0384_T1,P0384_T1_1,1,relation_contradicted,Not Supported,Not Supported
P0384,P0384_T1,P0384_T1_2,2,condition_replaced,Not Enough Evidence,Not Supported
P0384,P0384_T1,P0384_T1_3,3,condition_removed,Not Enough Evidence,Not Supported
P0384,P0384_T1,P0384_T1_4,4,supported,Supported,Not Supported
P0384,P0384_T1,P0384_T1_5,5,condition_contradicted,Not Supported,Not Supported
P0384,P0384_T2,P0384_T2_1,1,relation_contradicted,Not Supported,Not Supported
P0384,P0384_T2,P0384_T2_2,2,condition_replaced,Not Enough Evidence,Not Supported
P0384,P0384_T2,P0384_T2_3,3,condition_removed,Not Enough Evidence,Not Supported
P0384,P0384_T2,P0384_T2_4,4,supported,Supported,Not Supported
P0384,P0384_T2,P0384_T2_5,5,condition_contradicted,Not Supported,Not Supported
P0384,P0384_T3,P0384_T3_1,1,relation_contradicted,Not Supported,Not Supported
P0384,P0384_T3,P0384_T3_2,2,condition_replaced,Not Enough Evidence,Not Supported
P0384,P0384_T3,P0384_T3_3,3,condition_removed,Not Enough Evidence,Not Supported
P0384,P0384_T3,P0384_T3_4,4,supported,Supported,Not Supported
P0384,P0384_T3,P0384_T3_5,5,condition_contradicted,Not Supported,Not Supported
P0385,P0385_T1,P0385_T1_1,1,relation_contradicted,Not Supported,Not Supported
P0385,P0385_T1,P0385_T1_2,2,condition_replaced,Not Enough Evidence,Not Supported
P0385,P0385_T1,P0385_T1_3,3,condition_removed,Not Enough Evidence,Not Supported
P0385,P0385_T1,P0385_T1_4,4,supported,Supported,Not Supported
P0385,P0385_T1,P0385_T1_5,5,condition_contradicted,Not Supported,Not Supported
P0385,P0385_T2,P0385_T2_1,1,relation_contradicted,Not Supported,Not Supported
P0385,P0385_T2,P0385_T2_2,2,condition_replaced,Not Enough Evidence,Not Supported
P0385,P0385_T2,P0385_T2_3,3,condition_removed,Not Enough Evidence,Not Supported
P0385,P0385_T2,P0385_T2_4,4,supported,Supported,Not Supported
P0385,P0385_T2,P0385_T2_5,5,condition_contradicted,Not Supported,Not Supported
P0386,P0386_T1,P0386_T1_1,1,relation_contradicted,Not Supported,Not Supported
P0386,P0386_T1,P0386_T1_2,2,condition_replaced,Not Enough Evidence,Not Supported
P0386,P0386_T1,P0386_T1_3,3,condition_removed,Not Enough Evidence,Not Supported
P0386,P0386_T1,P0386_T1_4,4,supported,Supported,Not Supported
P0386,P0386_T1,P0386_T1_5,5,condition_contradicted,Not Supported,Not Supported
P0387,P0387_T1,P0387_T1_1,1,relation_contradicted,Not Supported,Not Supported
P0387,P0387_T1,P0387_T1_2,2,condition_replaced,Not Enough Evidence,Not Supported
P0387,P0387_T1,P0387_T1_3,3,condition_removed,Not Enough Evidence,Not Supported
P0387,P0387_T1,P0387_T1_4,4,supported,Supported,Not Supported
P0387,P0387_T1,P0387_T1_5,5,condition_contradicted,Not Supported,Not Supported
P0048,P0048_T1,P0048_T1_1,1,relation_contradicted,Not Supported,Not Supported
P0048,P0048_T1,P0048_T1_2,2,condition_replaced,Not Enough Evidence,Not Supported
P0048,P0048_T1,P0048_T1_3,3,condition_removed,Not Enough Evidence,Not Supported
P0048,P0048_T1,P0048_T1_4,4,supported,Supported,Not Supported
P0048,P0048_T1,P0048_T1_5,5,condition_contradicted,Not Supported,Not Supported
P0048,P0048_T2,P0048_T2_1,1,relation_contradicted,Not Supported,Not Supported
P0048,P0048_T2,P0048_T2_2,2,condition_replaced,Not Enough Evidence,Not Supported
P0048,P0048_T2,P0048_T2_3,3,condition_removed,Not Enough Evidence,Not Supported
P0048,P0048_T2,P0048_T2_4,4,supported,Supported,Not Supported
P0048,P0048_T2,P0048_T2_5,5,condition_contradicted,Not Supported,Not Supported
P0049,P0049_T1,P0049_T1_1,1,relation_contradicted,Not Supported,Not Supported
P0049,P0049_T1,P0049_T1_2,2,condition_replaced,Not Enough Evidence,Not Supported
P0049,P0049_T1,P0049_T1_3,3,condition_removed,Not Enough Evidence,Not Supported
P0049,P0049_T1,P0049_T1_4,4,supported,Supported,Not Supported
P0049,P0049_T1,P0049_T1_5,5,condition_contradicted,Not Supported,Not Supported
P0049,P0049_T2,P0049_T2_1,1,relation_contradicted,Not Supported,Not Supported
P0049,P0049_T2,P0049_T2_2,2,condition_replaced,Not Enough Evidence,Not Supported
P0049,P0049_T2,P0049_T2_3,3,condition_removed,Not Enough Evidence,Not Supported
P0049,P0049_T2,P0049_T2_4,4,supported,Supported,Not Supported
P0049,P0049_T2,P0049_T2_5,5,condition_contradicted,Not Supported,Not Supported
P0050,P0050_T1,P0050_T1_1,1,relation_contradicted,Not Supported,Not Supported
P0050,P0050_T1,P0050_T1_2,2,condition_replaced,Not Enough Evidence,Not Enough Evidence
P0050,P0050_T1,P0050_T1_3,3,condition_removed,Not Enough Evidence,Not Enough Evidence
P0050,P0050_T1,P0050_T1_4,4,supported,Supported,Supported
P0050,P0050_T1,P0050_T1_5,5,condition_contradicted,Not Supported,Not Supported
P0051,P0051_T1,P0051_T1_1,1,relation_contradicted,Not Supported,Not Supported
P0051,P0051_T1,P0051_T1_2,2,condition_replaced,Not Enough Evidence,Not Supported
P0051,P0051_T1,P0051_T1_3,3,condition_removed,Not Enough Evidence,Not Supported
P0051,P0051_T1,P0051_T1_4,4,supported,Supported,Not Supported
P0051,P0051_T1,P0051_T1_5,5,condition_contradicted,Not Supported,Not Supported
P0051,P0051_T2,P0051_T2_1,1,relation_contradicted,Not Supported,Not Supported
P0051,P0051_T2,P0051_T2_2,2,condition_replaced,Not Enough Evidence,Not Supported
P0051,P0051_T2,P0051_T2_3,3,condition_removed,Not Enough Evidence,Not Supported
P0051,P0051_T2,P0051_T2_4,4,supported,Supported,Not Supported
P0051,P0051_T2,P0051_T2_5,5,condition_contradicted,Not Supported,Not Supported
P0052,P0052_T1,P0052_T1_1,1,relation_contradicted,Not Supported,Not Supported
P0052,P0052_T1,P0052_T1_2,2,condition_replaced,Not Enough Evidence,Not Supported
P0052,P0052_T1,P0052_T1_3,3,condition_removed,Not Enough Evidence,Not Enough Evidence
P0052,P0052_T1,P0052_T1_4,4,supported,Supported,Not Supported
P0052,P0052_T1,P0052_T1_5,5,condition_contradicted,Not Supported,Not Supported
P0052,P0052_T2,P0052_T2_1,1,relation_contradicted,Not Supported,Not Supported
P0052,P0052_T2,P0052_T2_2,2,condition_replaced,Not Enough Evidence,Not Supported
P0052,P0052_T2,P0052_T2_3,3,condition_removed,Not Enough Evidence,Not Enough Evidence
P0052,P0052_T2,P0052_T2_4,4,supported,Supported,Supported
P0052,P0052_T2,P0052_T2_5,5,condition_contradicted,Not Supported,Not Supported
P0052,P0052_T3,P0052_T3_1,1,relation_contradicted,Not Supported,Not Supported
P0052,P0052_T3,P0052_T3_2,2,condition_replaced,Not Enough Evidence,Not Supported
P0052,P0052_T3,P0052_T3_3,3,condition_removed,Not Enough Evidence,Not Enough Evidence
P0052,P0052_T3,P0052_T3_4,4,supported,Supported,Supported
P0052,P0052_T3,P0052_T3_5,5,condition_contradicted,Not Supported,Not Supported
P0261,P0261_T4,P0261_T4_1,1,relation_contradicted,Not Supported,Not Supported
P0261,P0261_T4,P0261_T4_2,2,condition_replaced,Not Enough Evidence,Not Enough Evidence
P0261,P0261_T4,P0261_T4_3,3,condition_removed,Not Enough Evidence,Not Enough Evidence
P0261,P0261_T4,P0261_T4_4,4,supported,Supported,Not Supported
P0261,P0261_T4,P0261_T4_5,5,condition_contradicted,Not Supported,Not Supported
P0261,P0261_T5,P0261_T5_1,1,relation_contradicted,Not Supported,Not Supported
P0261,P0261_T5,P0261_T5_2,2,condition_replaced,Not Enough Evidence,Not Enough Evidence
P0261,P0261_T5,P0261_T5_3,3,condition_removed,Not Enough Evidence,Not Enough Evidence
P0261,P0261_T5,P0261_T5_4,4,supported,Supported,Supported
P0261,P0261_T5,P0261_T5_5,5,condition_contradicted,Not Supported,Not Supported
P0262,P0262_T1,P0262_T1_1,1,relation_contradicted,Not Supported,Not Supported
P0262,P0262_T1,P0262_T1_2,2,condition_replaced,Not Enough Evidence,Not Enough Evidence
P0262,P0262_T1,P0262_T1_3,3,condition_removed,Not Enough Evidence,Not Enough Evidence
P0262,P0262_T1,P0262_T1_4,4,supported,Supported,Supported
P0262,P0262_T1,P0262_T1_5,5,condition_contradicted,Not Supported,Not Supported
P0263,P0263_T1,P0263_T1_1,1,relation_contradicted,Not Supported,Not Supported
P0263,P0263_T1,P0263_T1_2,2,condition_replaced,Not Enough Evidence,Not Enough Evidence
P0263,P0263_T1,P0263_T1_3,3,condition_removed,Not Enough Evidence,Not Enough Evidence
P0263,P0263_T1,P0263_T1_4,4,supported,Supported,Supported
P0263,P0263_T1,P0263_T1_5,5,condition_contradicted,Not Supported,Not Supported
P0263,P0263_T2,P0263_T2_1,1,relation_contradicted,Not Supported,Not Supported
P0263,P0263_T2,P0263_T2_2,2,condition_replaced,Not Enough Evidence,Not Enough Evidence
P0263,P0263_T2,P0263_T2_3,3,condition_removed,Not Enough Evidence,Not Enough Evidence
P0263,P0263_T2,P0263_T2_4,4,supported,Supported,Not Supported
P0263,P0263_T2,P0263_T2_5,5,condition_contradicted,Not Supported,Not Supported
P0263,P0263_T3,P0263_T3_1,1,relation_contradicted,Not Supported,Not Supported
P0263,P0263_T3,P0263_T3_2,2,condition_replaced,Not Enough Evidence,Not Enough Evidence
P0263,P0263_T3,P0263_T3_3,3,condition_removed,Not Enough Evidence,Not Enough Evidence
P0263,P0263_T3,P0263_T3_4,4,supported,Supported,Not Supported
P0263,P0263_T3,P0263_T3_5,5,condition_contradicted,Not Supported,Not Supported
P0264,P0264_T1,P0264_T1_1,1,relation_contradicted,Not Supported,Not Supported
P0264,P0264_T1,P0264_T1_2,2,condition_replaced,Not Enough Evidence,Not Enough Evidence
P0264,P0264_T1,P0264_T1_3,3,condition_removed,Not Enough Evidence,Not Enough Evidence
P0264,P0264_T1,P0264_T1_4,4,supported,Supported,Supported
P0264,P0264_T1,P0264_T1_5,5,condition_contradicted,Not Supported,Not Supported
P0264,P0264_T2,P0264_T2_1,1,relation_contradicted,Not Supported,Not Supported
P0264,P0264_T2,P0264_T2_2,2,condition_replaced,Not Enough Evidence,Not Enough Evidence
P0264,P0264_T2,P0264_T2_3,3,condition_removed,Not Enough Evidence,Not Enough Evidence
P0264,P0264_T2,P0264_T2_4,4,supported,Supported,Supported
P0264,P0264_T2,P0264_T2_5,5,condition_contradicted,Not Supported,Not Supported
P0264,P0264_T3,P0264_T3_1,1,relation_contradicted,Not Supported,Not Supported
P0264,P0264_T3,P0264_T3_2,2,condition_replaced,Not Enough Evidence,Not Enough Evidence
P0264,P0264_T3,P0264_T3_3,3,condition_removed,Not Enough Evidence,Not Enough Evidence
P0264,P0264_T3,P0264_T3_4,4,supported,Supported,Supported
P0264,P0264_T3,P0264_T3_5,5,condition_contradicted,Not Supported,Not Supported
P0264,P0264_T4,P0264_T4_1,1,relation_contradicted,Not Supported,Not Supported
P0264,P0264_T4,P0264_T4_2,2,condition_replaced,Not Enough Evidence,Not Enough Evidence
P0264,P0264_T4,P0264_T4_3,3,condition_removed,Not Enough Evidence,Not Enough Evidence
P0264,P0264_T4,P0264_T4_4,4,supported,Supported,Not Supported
P0264,P0264_T4,P0264_T4_5,5,condition_contradicted,Not Supported,Not Supported
P0387,P0387_T2,P0387_T2_1,1,relation_contradicted,Not Supported,Not Supported
P0387,P0387_T2,P0387_T2_2,2,condition_replaced,Not Enough Evidence,Not Supported
P0387,P0387_T2,P0387_T2_3,3,condition_removed,Not Enough Evidence,Not Supported
P0387,P0387_T2,P0387_T2_4,4,supported,Supported,Not Supported
P0387,P0387_T2,P0387_T2_5,5,condition_contradicted,Not Supported,Not Supported
P0388,P0388_T1,P0388_T1_1,1,relation_contradicted,Not Supported,Not Supported
P0388,P0388_T1,P0388_T1_2,2,condition_replaced,Not Enough Evidence,Not Supported
P0388,P0388_T1,P0388_T1_3,3,condition_removed,Not Enough Evidence,Not Supported
P0388,P0388_T1,P0388_T1_4,4,supported,Supported,Not Supported
P0388,P0388_T1,P0388_T1_5,5,condition_contradicted,Not Supported,Not Supported
P0388,P0388_T2,P0388_T2_1,1,relation_contradicted,Not Supported,Not Supported
P0388,P0388_T2,P0388_T2_2,2,condition_replaced,Not Enough Evidence,Not Supported
P0388,P0388_T2,P0388_T2_3,3,condition_removed,Not Enough Evidence,Not Supported
P0388,P0388_T2,P0388_T2_4,4,supported,Supported,Not Supported
P0388,P0388_T2,P0388_T2_5,5,condition_contradicted,Not Supported,Not Supported
P0389,P0389_T1,P0389_T1_1,1,relation_contradicted,Not Supported,Not Supported
P0389,P0389_T1,P0389_T1_2,2,condition_replaced,Not Enough Evidence,Not Supported
P0389,P0389_T1,P0389_T1_3,3,condition_removed,Not Enough Evidence,Not Supported
P0389,P0389_T1,P0389_T1_4,4,supported,Supported,Not Supported
P0389,P0389_T1,P0389_T1_5,5,condition_contradicted,Not Supported,Not Supported
P0389,P0389_T2,P0389_T2_1,1,relation_contradicted,Not Supported,Not Supported
P0389,P0389_T2,P0389_T2_2,2,condition_replaced,Not Enough Evidence,Not Supported
P0389,P0389_T2,P0389_T2_3,3,condition_removed,Not Enough Evidence,Not Supported
P0389,P0389_T2,P0389_T2_4,4,supported,Supported,Not Supported
P0389,P0389_T2,P0389_T2_5,5,condition_contradicted,Not Supported,Not Supported
P0389,P0389_T3,P0389_T3_1,1,relation_contradicted,Not Supported,Not Supported
P0389,P0389_T3,P0389_T3_2,2,condition_replaced,Not Enough Evidence,Not Supported
P0389,P0389_T3,P0389_T3_3,3,condition_removed,Not Enough Evidence,Not Supported
P0389,P0389_T3,P0389_T3_4,4,supported,Supported,Not Supported
P0389,P0389_T3,P0389_T3_5,5,condition_contradicted,Not Supported,Not Supported
P0390,P0390_T1,P0390_T1_1,1,relation_contradicted,Not Supported,Not Supported
P0390,P0390_T1,P0390_T1_2,2,condition_replaced,Not Enough Evidence,Not Supported
P0390,P0390_T1,P0390_T1_3,3,condition_removed,Not Enough Evidence,Not Supported
P0390,P0390_T1,P0390_T1_4,4,supported,Supported,Not Supported
P0390,P0390_T1,P0390_T1_5,5,condition_contradicted,Not Supported,Not Supported
P0390,P0390_T2,P0390_T2_1,1,relation_contradicted,Not Supported,Not Supported
P0390,P0390_T2,P0390_T2_2,2,condition_replaced,Not Enough Evidence,Not Supported
P0390,P0390_T2,P0390_T2_3,3,condition_removed,Not Enough Evidence,Not Supported
P0390,P0390_T2,P0390_T2_4,4,supported,Supported,Not Supported
P0390,P0390_T2,P0390_T2_5,5,condition_contradicted,Not Supported,Not Supported
P0390,P0390_T3,P0390_T3_1,1,relation_contradicted,Not Supported,Not Supported
P0390,P0390_T3,P0390_T3_2,2,condition_replaced,Not Enough Evidence,Not Supported
P0390,P0390_T3,P0390_T3_3,3,condition_removed,Not Enough Evidence,Not Supported
P0390,P0390_T3,P0390_T3_4,4,supported,Supported,Not Supported
P0390,P0390_T3,P0390_T3_5,5,condition_contradicted,Not Supported,Not Supported
P0163,P0163_T3,P0163_T3_1,1,relation_contradicted,Not Supported,Not Supported
P0163,P0163_T3,P0163_T3_2,2,condition_replaced,Not Enough Evidence,Not Supported
P0163,P0163_T3,P0163_T3_3,3,condition_removed,Not Enough Evidence,Not Supported
P0163,P0163_T3,P0163_T3_4,4,supported,Supported,Not Supported
P0163,P0163_T3,P0163_T3_5,5,condition_contradicted,Not Supported,Not Supported
P0163,P0163_T4,P0163_T4_1,1,relation_contradicted,Not Supported,Not Supported
P0163,P0163_T4,P0163_T4_2,2,condition_replaced,Not Enough Evidence,Not Supported
P0163,P0163_T4,P0163_T4_3,3,condition_removed,Not Enough Evidence,Not Supported
P0163,P0163_T4,P0163_T4_4,4,supported,Supported,Not Supported
P0163,P0163_T4,P0163_T4_5,5,condition_contradicted,Not Supported,Not Supported
P0163,P0163_T5,P0163_T5_1,1,relation_contradicted,Not Supported,Not Supported
P0163,P0163_T5,P0163_T5_2,2,condition_replaced,Not Enough Evidence,Not Supported
P0163,P0163_T5,P0163_T5_3,3,condition_removed,Not Enough Evidence,Not Supported
P0163,P0163_T5,P0163_T5_4,4,supported,Supported,Not Supported
P0163,P0163_T5,P0163_T5_5,5,condition_contradicted,Not Supported,Not Supported
P0163,P0163_T6,P0163_T6_1,1,relation_contradicted,Not Supported,Not Supported
P0163,P0163_T6,P0163_T6_2,2,condition_replaced,Not Enough Evidence,Not Supported
P0163,P0163_T6,P0163_T6_3,3,condition_removed,Not Enough Evidence,Not Supported
P0163,P0163_T6,P0163_T6_4,4,supported,Supported,Not Supported
P0163,P0163_T6,P0163_T6_5,5,condition_contradicted,Not Supported,Not Supported
P0163,P0163_T7,P0163_T7_1,1,relation_contradicted,Not Supported,Not Supported
P0163,P0163_T7,P0163_T7_2,2,condition_replaced,Not Enough Evidence,Not Supported
P0163,P0163_T7,P0163_T7_3,3,condition_removed,Not Enough Evidence,Not Supported
P0163,P0163_T7,P0163_T7_4,4,supported,Supported,Not Supported
P0163,P0163_T7,P0163_T7_5,5,condition_contradicted,Not Supported,Not Supported
P0163,P0163_T8,P0163_T8_1,1,relation_contradicted,Not Supported,Not Supported
P0163,P0163_T8,P0163_T8_2,2,condition_replaced,Not Enough Evidence,Not Supported
P0163,P0163_T8,P0163_T8_3,3,condition_removed,Not Enough Evidence,Not Supported
P0163,P0163_T8,P0163_T8_4,4,supported,Supported,Not Supported
P0163,P0163_T8,P0163_T8_5,5,condition_contradicted,Not Supported,Not Supported
P0163,P0163_T9,P0163_T9_1,1,relation_contradicted,Not Supported,Not Supported
P0163,P0163_T9,P0163_T9_2,2,condition_replaced,Not Enough Evidence,Not Supported
P0163,P0163_T9,P0163_T9_3,3,condition_removed,Not Enough Evidence,Not Supported
P0163,P0163_T9,P0163_T9_4,4,supported,Supported,Not Supported
P0163,P0163_T9,P0163_T9_5,5,condition_contradicted,Not Supported,Not Supported
P0163,P0163_T10,P0163_T10_1,1,relation_contradicted,Not Supported,Not Supported
P0163,P0163_T10,P0163_T10_2,2,condition_replaced,Not Enough Evidence,Not Supported
P0163,P0163_T10,P0163_T10_3,3,condition_removed,Not Enough Evidence,Not Supported
P0163,P0163_T10,P0163_T10_4,4,supported,Supported,Not Supported
P0163,P0163_T10,P0163_T10_5,5,condition_contradicted,Not Supported,Not Supported
P0163,P0163_T11,P0163_T11_1,1,relation_contradicted,Not Supported,Not Supported
P0163,P0163_T11,P0163_T11_2,2,condition_replaced,Not Enough Evidence,Not Supported
P0163,P0163_T11,P0163_T11_3,3,condition_removed,Not Enough Evidence,Not Supported
P0163,P0163_T11,P0163_T11_4,4,supported,Supported,Not Supported
P0163,P0163_T11,P0163_T11_5,5,condition_contradicted,Not Supported,Not Supported
P0164,P0164_T1,P0164_T1_1,1,relation_contradicted,Not Supported,Not Supported
P0164,P0164_T1,P0164_T1_2,2,condition_replaced,Not Enough Evidence,Not Enough Evidence
P0164,P0164_T1,P0164_T1_3,3,condition_removed,Not Enough Evidence,Not Enough Evidence
P0164,P0164_T1,P0164_T1_4,4,supported,Supported,Supported
P0164,P0164_T1,P0164_T1_5,5,condition_contradicted,Not Supported,Not Supported
P0542,P0542_T1,P0542_T1_1,1,relation_contradicted,Not Supported,Not Supported
P0542,P0542_T1,P0542_T1_2,2,condition_replaced,Not Enough Evidence,Not Enough Evidence
P0542,P0542_T1,P0542_T1_3,3,condition_removed,Not Enough Evidence,Not Enough Evidence
P0542,P0542_T1,P0542_T1_4,4,supported,Supported,Not Supported
P0542,P0542_T1,P0542_T1_5,5,condition_contradicted,Not Supported,Not Supported
P0542,P0542_T2,P0542_T2_1,1,relation_contradicted,Not Supported,Not Supported
P0542,P0542_T2,P0542_T2_2,2,condition_replaced,Not Enough Evidence,Supported
P0542,P0542_T2,P0542_T2_3,3,condition_removed,Not Enough Evidence,Not Enough Evidence
P0542,P0542_T2,P0542_T2_4,4,supported,Supported,Not Supported
P0542,P0542_T2,P0542_T2_5,5,condition_contradicted,Not Supported,Not Supported
P0543,P0543_T1,P0543_T1_1,1,relation_contradicted,Not Supported,Not Supported
P0543,P0543_T1,P0543_T1_2,2,condition_replaced,Not Enough Evidence,Not Enough Evidence
P0543,P0543_T1,P0543_T1_3,3,condition_removed,Not Enough Evidence,Not Supported
P0543,P0543_T1,P0543_T1_4,4,supported,Supported,Supported
P0543,P0543_T1,P0543_T1_5,5,condition_contradicted,Not Supported,Not Supported
P0543,P0543_T2,P0543_T2_1,1,relation_contradicted,Not Supported,Not Supported
P0543,P0543_T2,P0543_T2_2,2,condition_replaced,Not Enough Evidence,Not Supported
P0543,P0543_T2,P0543_T2_3,3,condition_removed,Not Enough Evidence,Not Enough Evidence
P0543,P0543_T2,P0543_T2_4,4,supported,Supported,Not Supported
P0543,P0543_T2,P0543_T2_5,5,condition_contradicted,Not Supported,Not Supported
P0543,P0543_T3,P0543_T3_1,1,relation_contradicted,Not Supported,Not Supported
P0543,P0543_T3,P0543_T3_2,2,condition_replaced,Not Enough Evidence,Not Enough Evidence
P0543,P0543_T3,P0543_T3_3,3,condition_removed,Not Enough Evidence,Not Supported
P0543,P0543_T3,P0543_T3_4,4,supported,Supported,Supported
P0543,P0543_T3,P0543_T3_5,5,condition_contradicted,Not Supported,Not Supported
P0544,P0544_T1,P0544_T1_1,1,relation_contradicted,Not Supported,Not Supported
P0544,P0544_T1,P0544_T1_2,2,condition_replaced,Not Enough Evidence,Not Enough Evidence
P0544,P0544_T1,P0544_T1_3,3,condition_removed,Not Enough Evidence,Not Enough Evidence
P0544,P0544_T1,P0544_T1_4,4,supported,Supported,Supported
P0544,P0544_T1,P0544_T1_5,5,condition_contradicted,Not Supported,Not Supported
P0545,P0545_T1,P0545_T1_1,1,relation_contradicted,Not Supported,Not Enough Evidence
P0545,P0545_T1,P0545_T1_2,2,condition_replaced,Not Enough Evidence,Not Enough Evidence
P0545,P0545_T1,P0545_T1_3,3,condition_removed,Not Enough Evidence,Not Enough Evidence
P0545,P0545_T1,P0545_T1_4,4,supported,Supported,Supported
P0545,P0545_T1,P0545_T1_5,5,condition_contradicted,Not Supported,Not Supported
P0546,P0546_T1,P0546_T1_1,1,relation_contradicted,Not Supported,Not Supported
P0546,P0546_T1,P0546_T1_2,2,condition_replaced,Not Enough Evidence,Not Enough Evidence
P0546,P0546_T1,P0546_T1_3,3,condition_removed,Not Enough Evidence,Not Enough Evidence
P0546,P0546_T1,P0546_T1_4,4,supported,Supported,Supported
P0546,P0546_T1,P0546_T1_5,5,condition_contradicted,Not Supported,Not Supported
P0547,P0547_T1,P0547_T1_1,1,relation_contradicted,Not Supported,Not Supported
P0547,P0547_T1,P0547_T1_2,2,condition_replaced,Not Enough Evidence,Not Enough Evidence
P0547,P0547_T1,P0547_T1_3,3,condition_removed,Not Enough Evidence,Not Enough Evidence
P0547,P0547_T1,P0547_T1_4,4,supported,Supported,Supported
P0547,P0547_T1,P0547_T1_5,5,condition_contradicted,Not Supported,Not Supported
P0548,P0548_T1,P0548_T1_1,1,relation_contradicted,Not Supported,Not Supported
P0548,P0548_T1,P0548_T1_2,2,condition_replaced,Not Enough Evidence,Not Enough Evidence
P0548,P0548_T1,P0548_T1_3,3,condition_removed,Not Enough Evidence,Not Enough Evidence
P0548,P0548_T1,P0548_T1_4,4,supported,Supported,Not Supported
P0548,P0548_T1,P0548_T1_5,5,condition_contradicted,Not Supported,Not Supported
P0052,P0052_T4,P0052_T4_1,1,relation_contradicted,Not Supported,Not Supported
P0052,P0052_T4,P0052_T4_2,2,condition_replaced,Not Enough Evidence,Not Supported
P0052,P0052_T4,P0052_T4_3,3,condition_removed,Not Enough Evidence,Not Enough Evidence
P0052,P0052_T4,P0052_T4_4,4,supported,Supported,Supported
P0052,P0052_T4,P0052_T4_5,5,condition_contradicted,Not Supported,Not Supported
P0053,P0053_T1,P0053_T1_1,1,relation_contradicted,Not Supported,Not Supported
P0053,P0053_T1,P0053_T1_2,2,condition_replaced,Not Enough Evidence,Not Supported
P0053,P0053_T1,P0053_T1_3,3,condition_removed,Not Enough Evidence,Not Supported
P0053,P0053_T1,P0053_T1_4,4,supported,Supported,Not Supported
P0053,P0053_T1,P0053_T1_5,5,condition_contradicted,Not Supported,Not Supported
P0054,P0054_T1,P0054_T1_1,1,relation_contradicted,Not Supported,Not Supported
P0054,P0054_T1,P0054_T1_2,2,condition_replaced,Not Enough Evidence,Not Enough Evidence
P0054,P0054_T1,P0054_T1_3,3,condition_removed,Not Enough Evidence,Not Enough Evidence
P0054,P0054_T1,P0054_T1_4,4,supported,Supported,Not Enough Evidence
P0054,P0054_T1,P0054_T1_5,5,condition_contradicted,Not Supported,Not Supported
P0054,P0054_T2,P0054_T2_1,1,relation_contradicted,Not Supported,Not Enough Evidence
P0054,P0054_T2,P0054_T2_2,2,condition_replaced,Not Enough Evidence,Not Enough Evidence
P0054,P0054_T2,P0054_T2_3,3,condition_removed,Not Enough Evidence,Not Enough Evidence
P0054,P0054_T2,P0054_T2_4,4,supported,Supported,Not Enough Evidence
P0054,P0054_T2,P0054_T2_5,5,condition_contradicted,Not Supported,Not Enough Evidence
P0055,P0055_T1,P0055_T1_1,1,relation_contradicted,Not Supported,Not Supported
P0055,P0055_T1,P0055_T1_2,2,condition_replaced,Not Enough Evidence,Not Supported
P0055,P0055_T1,P0055_T1_3,3,condition_removed,Not Enough Evidence,Not Supported
P0055,P0055_T1,P0055_T1_4,4,supported,Supported,Not Supported
P0055,P0055_T1,P0055_T1_5,5,condition_contradicted,Not Supported,Not Supported
P0055,P0055_T2,P0055_T2_1,1,relation_contradicted,Not Supported,Not Supported
P0055,P0055_T2,P0055_T2_2,2,condition_replaced,Not Enough Evidence,Not Supported
P0055,P0055_T2,P0055_T2_3,3,condition_removed,Not Enough Evidence,Not Supported
P0055,P0055_T2,P0055_T2_4,4,supported,Supported,Not Supported
P0055,P0055_T2,P0055_T2_5,5,condition_contradicted,Not Supported,Not Supported
P0056,P0056_T1,P0056_T1_1,1,relation_contradicted,Not Supported,Not Supported
P0056,P0056_T1,P0056_T1_2,2,condition_replaced,Not Enough Evidence,Not Supported
P0056,P0056_T1,P0056_T1_3,3,condition_removed,Not Enough Evidence,Not Supported
P0056,P0056_T1,P0056_T1_4,4,supported,Supported,Not Supported
P0056,P0056_T1,P0056_T1_5,5,condition_contradicted,Not Supported,Not Supported
P0057,P0057_T1,P0057_T1_1,1,relation_contradicted,Not Supported,Not Supported
P0057,P0057_T1,P0057_T1_2,2,condition_replaced,Not Enough Evidence,Not Supported
P0057,P0057_T1,P0057_T1_3,3,condition_removed,Not Enough Evidence,Not Supported
P0057,P0057_T1,P0057_T1_4,4,supported,Supported,Not Supported
P0057,P0057_T1,P0057_T1_5,5,condition_contradicted,Not Supported,Not Supported
P0057,P0057_T2,P0057_T2_1,1,relation_contradicted,Not Supported,Not Supported
P0057,P0057_T2,P0057_T2_2,2,condition_replaced,Not Enough Evidence,Not Supported
P0057,P0057_T2,P0057_T2_3,3,condition_removed,Not Enough Evidence,Not Supported
P0057,P0057_T2,P0057_T2_4,4,supported,Supported,Not Supported
P0057,P0057_T2,P0057_T2_5,5,condition_contradicted,Not Supported,Not Supported
P0058,P0058_T1,P0058_T1_1,1,relation_contradicted,Not Supported,Not Supported
P0058,P0058_T1,P0058_T1_2,2,condition_replaced,Not Enough Evidence,Not Supported
P0058,P0058_T1,P0058_T1_3,3,condition_removed,Not Enough Evidence,Not Supported
P0058,P0058_T1,P0058_T1_4,4,supported,Supported,Not Supported
P0058,P0058_T1,P0058_T1_5,5,condition_contradicted,Not Supported,Not Supported
P0264,P0264_T5,P0264_T5_1,1,relation_contradicted,Not Supported,Not Supported
P0264,P0264_T5,P0264_T5_2,2,condition_replaced,Not Enough Evidence,Not Enough Evidence
P0264,P0264_T5,P0264_T5_3,3,condition_removed,Not Enough Evidence,Not Enough Evidence
P0264,P0264_T5,P0264_T5_4,4,supported,Supported,Supported
P0264,P0264_T5,P0264_T5_5,5,condition_contradicted,Not Supported,Not Supported
P0265,P0265_T1,P0265_T1_1,1,relation_contradicted,Not Supported,Not Supported
P0265,P0265_T1,P0265_T1_2,2,condition_replaced,Not Enough Evidence,Not Enough Evidence
P0265,P0265_T1,P0265_T1_3,3,condition_removed,Not Enough Evidence,Not Enough Evidence
P0265,P0265_T1,P0265_T1_4,4,supported,Supported,Supported
P0265,P0265_T1,P0265_T1_5,5,condition_contradicted,Not Supported,Not Supported
P0265,P0265_T2,P0265_T2_1,1,relation_contradicted,Not Supported,Not Supported
P0265,P0265_T2,P0265_T2_2,2,condition_replaced,Not Enough Evidence,Not Enough Evidence
P0265,P0265_T2,P0265_T2_3,3,condition_removed,Not Enough Evidence,Not Enough Evidence
P0265,P0265_T2,P0265_T2_4,4,supported,Supported,Supported
P0265,P0265_T2,P0265_T2_5,5,condition_contradicted,Not Supported,Not Supported
P0265,P0265_T3,P0265_T3_1,1,relation_contradicted,Not Supported,Not Supported
P0265,P0265_T3,P0265_T3_2,2,condition_replaced,Not Enough Evidence,Not Enough Evidence
P0265,P0265_T3,P0265_T3_3,3,condition_removed,Not Enough Evidence,Not Enough Evidence
P0265,P0265_T3,P0265_T3_4,4,supported,Supported,Supported
P0265,P0265_T3,P0265_T3_5,5,condition_contradicted,Not Supported,Not Supported
P0265,P0265_T4,P0265_T4_1,1,relation_contradicted,Not Supported,Not Supported
P0265,P0265_T4,P0265_T4_2,2,condition_replaced,Not Enough Evidence,Not Enough Evidence
P0265,P0265_T4,P0265_T4_3,3,condition_removed,Not Enough Evidence,Not Enough Evidence
P0265,P0265_T4,P0265_T4_4,4,supported,Supported,Supported
P0265,P0265_T4,P0265_T4_5,5,condition_contradicted,Not Supported,Not Supported
P0265,P0265_T5,P0265_T5_1,1,relation_contradicted,Not Supported,Not Supported
P0265,P0265_T5,P0265_T5_2,2,condition_replaced,Not Enough Evidence,Not Enough Evidence
P0265,P0265_T5,P0265_T5_3,3,condition_removed,Not Enough Evidence,Not Enough Evidence
P0265,P0265_T5,P0265_T5_4,4,supported,Supported,Supported
P0265,P0265_T5,P0265_T5_5,5,condition_contradicted,Not Supported,Not Supported
P0265,P0265_T6,P0265_T6_1,1,relation_contradicted,Not Supported,Not Supported
P0265,P0265_T6,P0265_T6_2,2,condition_replaced,Not Enough Evidence,Not Enough Evidence
P0265,P0265_T6,P0265_T6_3,3,condition_removed,Not Enough Evidence,Not Enough Evidence
P0265,P0265_T6,P0265_T6_4,4,supported,Supported,Supported
P0265,P0265_T6,P0265_T6_5,5,condition_contradicted,Not Supported,Not Supported
P0265,P0265_T7,P0265_T7_1,1,relation_contradicted,Not Supported,Not Supported
P0265,P0265_T7,P0265_T7_2,2,condition_replaced,Not Enough Evidence,Not Enough Evidence
P0265,P0265_T7,P0265_T7_3,3,condition_removed,Not Enough Evidence,Not Enough Evidence
P0265,P0265_T7,P0265_T7_4,4,supported,Supported,Supported
P0265,P0265_T7,P0265_T7_5,5,condition_contradicted,Not Supported,Not Supported
P0266,P0266_T1,P0266_T1_1,1,relation_contradicted,Not Supported,Not Supported
P0266,P0266_T1,P0266_T1_2,2,condition_replaced,Not Enough Evidence,Not Supported
P0266,P0266_T1,P0266_T1_3,3,condition_removed,Not Enough Evidence,Not Supported
P0266,P0266_T1,P0266_T1_4,4,supported,Supported,Not Supported
P0266,P0266_T1,P0266_T1_5,5,condition_contradicted,Not Supported,Not Supported
P0266,P0266_T2,P0266_T2_1,1,relation_contradicted,Not Supported,Not Supported
P0266,P0266_T2,P0266_T2_2,2,condition_replaced,Not Enough Evidence,Not Supported
P0266,P0266_T2,P0266_T2_3,3,condition_removed,Not Enough Evidence,Not Supported
P0266,P0266_T2,P0266_T2_4,4,supported,Supported,Not Supported
P0266,P0266_T2,P0266_T2_5,5,condition_contradicted,Not Supported,Not Supported
P0549,P0549_T1,P0549_T1_1,1,relation_contradicted,Not Supported,Supported
P0549,P0549_T1,P0549_T1_2,2,condition_replaced,Not Enough Evidence,Not Supported
P0549,P0549_T1,P0549_T1_3,3,condition_removed,Not Enough Evidence,Not Enough Evidence
P0549,P0549_T1,P0549_T1_5,5,condition_contradicted,Not Supported,Not Supported
P0550,P0550_T1,P0550_T1_1,1,relation_contradicted,Not Supported,Not Supported
P0550,P0550_T1,P0550_T1_2,2,condition_replaced,Not Enough Evidence,Not Enough Evidence
P0550,P0550_T1,P0550_T1_3,3,condition_removed,Not Enough Evidence,Not Enough Evidence
P0550,P0550_T1,P0550_T1_5,5,condition_contradicted,Not Supported,Not Supported
P0551,P0551_T1,P0551_T1_1,1,relation_contradicted,Not Supported,Not Supported
P0551,P0551_T1,P0551_T1_2,2,condition_replaced,Not Enough Evidence,Not Enough Evidence
P0551,P0551_T1,P0551_T1_3,3,condition_removed,Not Enough Evidence,Not Enough Evidence
P0551,P0551_T1,P0551_T1_4,4,supported,Supported,Not Supported
P0551,P0551_T1,P0551_T1_5,5,condition_contradicted,Not Supported,Not Supported
P0552,P0552_T1,P0552_T1_1,1,relation_contradicted,Not Supported,Not Supported
P0552,P0552_T1,P0552_T1_2,2,condition_replaced,Not Enough Evidence,Not Enough Evidence
P0552,P0552_T1,P0552_T1_3,3,condition_removed,Not Enough Evidence,Not Enough Evidence
P0552,P0552_T1,P0552_T1_4,4,supported,Supported,Supported
P0552,P0552_T1,P0552_T1_5,5,condition_contradicted,Not Supported,Not Supported
P0553,P0553_T1,P0553_T1_1,1,relation_contradicted,Not Supported,Not Supported
P0553,P0553_T1,P0553_T1_2,2,condition_replaced,Not Enough Evidence,Not Enough Evidence
P0553,P0553_T1,P0553_T1_3,3,condition_removed,Not Enough Evidence,Not Enough Evidence
P0553,P0553_T1,P0553_T1_4,4,supported,Supported,Supported
P0553,P0553_T1,P0553_T1_5,5,condition_contradicted,Not Supported,Not Supported
P0553,P0553_T2,P0553_T2_1,1,relation_contradicted,Not Supported,Not Supported
P0553,P0553_T2,P0553_T2_2,2,condition_replaced,Not Enough Evidence,Not Enough Evidence
P0553,P0553_T2,P0553_T2_3,3,condition_removed,Not Enough Evidence,Not Enough Evidence
P0553,P0553_T2,P0553_T2_4,4,supported,Supported,Supported
P0553,P0553_T2,P0553_T2_5,5,condition_contradicted,Not Supported,Not Supported
P0554,P0554_T1,P0554_T1_1,1,relation_contradicted,Not Supported,Not Supported
P0554,P0554_T1,P0554_T1_2,2,condition_replaced,Not Enough Evidence,Not Enough Evidence
P0554,P0554_T1,P0554_T1_3,3,condition_removed,Not Enough Evidence,Not Enough Evidence
P0554,P0554_T1,P0554_T1_4,4,supported,Supported,Not Supported
P0554,P0554_T1,P0554_T1_5,5,condition_contradicted,Not Supported,Not Supported
P0555,P0555_T1,P0555_T1_1,1,relation_contradicted,Not Supported,Not Supported
P0555,P0555_T1,P0555_T1_2,2,condition_replaced,Not Enough Evidence,Not Enough Evidence
P0555,P0555_T1,P0555_T1_3,3,condition_removed,Not Enough Evidence,Not Enough Evidence
P0555,P0555_T1,P0555_T1_4,4,supported,Supported,Supported
P0555,P0555_T1,P0555_T1_5,5,condition_contradicted,Not Supported,Not Supported
P0556,P0556_T1,P0556_T1_1,1,relation_contradicted,Not Supported,Not Supported
P0556,P0556_T1,P0556_T1_2,2,condition_replaced,Not Enough Evidence,Not Enough Evidence
P0556,P0556_T1,P0556_T1_3,3,condition_removed,Not Enough Evidence,Not Enough Evidence
P0556,P0556_T1,P0556_T1_4,4,supported,Supported,Supported
P0556,P0556_T1,P0556_T1_5,5,condition_contradicted,Not Supported,Not Supported
P0556,P0556_T2,P0556_T2_1,1,relation_contradicted,Not Supported,Not Supported
P0556,P0556_T2,P0556_T2_2,2,condition_replaced,Not Enough Evidence,Not Enough Evidence
P0556,P0556_T2,P0556_T2_3,3,condition_removed,Not Enough Evidence,Not Enough Evidence
P0556,P0556_T2,P0556_T2_4,4,supported,Supported,Supported
P0556,P0556_T2,P0556_T2_5,5,condition_contradicted,Not Supported,Not Supported
P0391,P0391_T1,P0391_T1_1,1,relation_contradicted,Not Supported,Not Supported
P0391,P0391_T1,P0391_T1_2,2,condition_replaced,Not Enough Evidence,Not Supported
P0391,P0391_T1,P0391_T1_3,3,condition_removed,Not Enough Evidence,Not Supported
P0391,P0391_T1,P0391_T1_4,4,supported,Supported,Not Supported
P0391,P0391_T1,P0391_T1_5,5,condition_contradicted,Not Supported,Not Supported
P0391,P0391_T2,P0391_T2_1,1,relation_contradicted,Not Supported,Not Supported
P0391,P0391_T2,P0391_T2_2,2,condition_replaced,Not Enough Evidence,Not Supported
P0391,P0391_T2,P0391_T2_3,3,condition_removed,Not Enough Evidence,Not Supported
P0391,P0391_T2,P0391_T2_4,4,supported,Supported,Not Supported
P0391,P0391_T2,P0391_T2_5,5,condition_contradicted,Not Supported,Not Supported
P0392,P0392_T1,P0392_T1_1,1,relation_contradicted,Not Supported,Not Supported
P0392,P0392_T1,P0392_T1_2,2,condition_replaced,Not Enough Evidence,Not Supported
P0392,P0392_T1,P0392_T1_3,3,condition_removed,Not Enough Evidence,Not Supported
P0392,P0392_T1,P0392_T1_4,4,supported,Supported,Not Supported
P0392,P0392_T1,P0392_T1_5,5,condition_contradicted,Not Supported,Not Supported
P0393,P0393_T2,P0393_T2_1,1,relation_contradicted,Not Supported,Not Supported
P0393,P0393_T2,P0393_T2_2,2,condition_replaced,Not Enough Evidence,Not Enough Evidence
P0393,P0393_T2,P0393_T2_3,3,condition_removed,Not Enough Evidence,Not Enough Evidence
P0393,P0393_T2,P0393_T2_4,4,supported,Supported,Supported
P0393,P0393_T2,P0393_T2_5,5,condition_contradicted,Not Supported,Not Supported
P0394,P0394_T1,P0394_T1_1,1,relation_contradicted,Not Supported,Not Supported
P0394,P0394_T1,P0394_T1_2,2,condition_replaced,Not Enough Evidence,Not Supported
P0394,P0394_T1,P0394_T1_3,3,condition_removed,Not Enough Evidence,Not Supported
P0394,P0394_T1,P0394_T1_4,4,supported,Supported,Not Supported
P0394,P0394_T1,P0394_T1_5,5,condition_contradicted,Not Supported,Not Supported
P0395,P0395_T1,P0395_T1_1,1,relation_contradicted,Not Supported,Not Supported
P0395,P0395_T1,P0395_T1_2,2,condition_replaced,Not Enough Evidence,Not Supported
P0395,P0395_T1,P0395_T1_3,3,condition_removed,Not Enough Evidence,Not Supported
P0395,P0395_T1,P0395_T1_4,4,supported,Supported,Not Supported
P0395,P0395_T1,P0395_T1_5,5,condition_contradicted,Not Supported,Not Supported
P0396,P0396_T1,P0396_T1_1,1,relation_contradicted,Not Supported,Not Supported
P0396,P0396_T1,P0396_T1_2,2,condition_replaced,Not Enough Evidence,Not Supported
P0396,P0396_T1,P0396_T1_3,3,condition_removed,Not Enough Evidence,Not Supported
P0396,P0396_T1,P0396_T1_4,4,supported,Supported,Not Supported
P0396,P0396_T1,P0396_T1_5,5,condition_contradicted,Not Supported,Not Supported
P0058,P0058_T2,P0058_T2_1,1,relation_contradicted,Not Supported,Not Supported
P0058,P0058_T2,P0058_T2_2,2,condition_replaced,Not Enough Evidence,Not Supported
P0058,P0058_T2,P0058_T2_3,3,condition_removed,Not Enough Evidence,Not Supported
P0058,P0058_T2,P0058_T2_4,4,supported,Supported,Not Supported
P0058,P0058_T2,P0058_T2_5,5,condition_contradicted,Not Supported,Not Supported
P0059,P0059_T1,P0059_T1_1,1,relation_contradicted,Not Supported,Not Supported
P0059,P0059_T1,P0059_T1_2,2,condition_replaced,Not Enough Evidence,Not Enough Evidence
P0059,P0059_T1,P0059_T1_3,3,condition_removed,Not Enough Evidence,Not Enough Evidence
P0059,P0059_T1,P0059_T1_4,4,supported,Supported,Supported
P0059,P0059_T1,P0059_T1_5,5,condition_contradicted,Not Supported,Not Supported
P0060,P0060_T1,P0060_T1_1,1,relation_contradicted,Not Supported,Not Supported
P0060,P0060_T1,P0060_T1_2,2,condition_replaced,Not Enough Evidence,Not Supported
P0060,P0060_T1,P0060_T1_3,3,condition_removed,Not Enough Evidence,Not Supported
P0060,P0060_T1,P0060_T1_4,4,supported,Supported,Not Supported
P0060,P0060_T1,P0060_T1_5,5,condition_contradicted,Not Supported,Not Supported
P0060,P0060_T2,P0060_T2_1,1,relation_contradicted,Not Supported,Not Supported
P0060,P0060_T2,P0060_T2_2,2,condition_replaced,Not Enough Evidence,Not Supported
P0060,P0060_T2,P0060_T2_3,3,condition_removed,Not Enough Evidence,Not Supported
P0060,P0060_T2,P0060_T2_4,4,supported,Supported,Not Supported
P0060,P0060_T2,P0060_T2_5,5,condition_contradicted,Not Supported,Not Supported
P0060,P0060_T3,P0060_T3_1,1,relation_contradicted,Not Supported,Not Supported
P0060,P0060_T3,P0060_T3_2,2,condition_replaced,Not Enough Evidence,Not Supported
P0060,P0060_T3,P0060_T3_3,3,condition_removed,Not Enough Evidence,Not Supported
P0060,P0060_T3,P0060_T3_4,4,supported,Supported,Not Supported
P0060,P0060_T3,P0060_T3_5,5,condition_contradicted,Not Supported,Not Supported
P0060,P0060_T4,P0060_T4_1,1,relation_contradicted,Not Supported,Not Supported
P0060,P0060_T4,P0060_T4_2,2,condition_replaced,Not Enough Evidence,Not Supported
P0060,P0060_T4,P0060_T4_3,3,condition_removed,Not Enough Evidence,Not Supported
P0060,P0060_T4,P0060_T4_4,4,supported,Supported,Not Supported
P0060,P0060_T4,P0060_T4_5,5,condition_contradicted,Not Supported,Not Supported
P0060,P0060_T5,P0060_T5_1,1,relation_contradicted,Not Supported,Not Supported
P0060,P0060_T5,P0060_T5_2,2,condition_replaced,Not Enough Evidence,Not Supported
P0060,P0060_T5,P0060_T5_3,3,condition_removed,Not Enough Evidence,Not Supported
P0060,P0060_T5,P0060_T5_4,4,supported,Supported,Not Supported
P0060,P0060_T5,P0060_T5_5,5,condition_contradicted,Not Supported,Not Supported
P0060,P0060_T6,P0060_T6_1,1,relation_contradicted,Not Supported,Not Supported
P0060,P0060_T6,P0060_T6_2,2,condition_replaced,Not Enough Evidence,Not Supported
P0060,P0060_T6,P0060_T6_3,3,condition_removed,Not Enough Evidence,Not Supported
P0060,P0060_T6,P0060_T6_4,4,supported,Supported,Not Supported
P0060,P0060_T6,P0060_T6_5,5,condition_contradicted,Not Supported,Not Supported
P0060,P0060_T7,P0060_T7_1,1,relation_contradicted,Not Supported,Not Supported
P0060,P0060_T7,P0060_T7_2,2,condition_replaced,Not Enough Evidence,Not Supported
P0060,P0060_T7,P0060_T7_3,3,condition_removed,Not Enough Evidence,Not Supported
P0060,P0060_T7,P0060_T7_4,4,supported,Supported,Not Supported
P0060,P0060_T7,P0060_T7_5,5,condition_contradicted,Not Supported,Not Supported
P0061,P0061_T1,P0061_T1_1,1,relation_contradicted,Not Supported,Not Supported
P0061,P0061_T1,P0061_T1_2,2,condition_replaced,Not Enough Evidence,Not Supported
P0061,P0061_T1,P0061_T1_3,3,condition_removed,Not Enough Evidence,Not Supported
P0061,P0061_T1,P0061_T1_4,4,supported,Supported,Not Supported
P0061,P0061_T1,P0061_T1_5,5,condition_contradicted,Not Supported,Not Supported
P0267,P0267_T1,P0267_T1_1,1,relation_contradicted,Not Supported,Not Supported
P0267,P0267_T1,P0267_T1_2,2,condition_replaced,Not Enough Evidence,Not Enough Evidence
P0267,P0267_T1,P0267_T1_3,3,condition_removed,Not Enough Evidence,Not Enough Evidence
P0267,P0267_T1,P0267_T1_5,5,condition_contradicted,Not Supported,Not Supported
P0268,P0268_T1,P0268_T1_1,1,relation_contradicted,Not Supported,Not Supported
P0268,P0268_T1,P0268_T1_2,2,condition_replaced,Not Enough Evidence,Not Supported
P0268,P0268_T1,P0268_T1_3,3,condition_removed,Not Enough Evidence,Not Enough Evidence
P0268,P0268_T1,P0268_T1_5,5,condition_contradicted,Not Supported,Not Supported
P0268,P0268_T2,P0268_T2_1,1,relation_contradicted,Not Supported,Not Supported
P0268,P0268_T2,P0268_T2_2,2,condition_replaced,Not Enough Evidence,Not Supported
P0268,P0268_T2,P0268_T2_3,3,condition_removed,Not Enough Evidence,Not Supported
P0268,P0268_T2,P0268_T2_5,5,condition_contradicted,Not Supported,Not Supported
P0268,P0268_T3,P0268_T3_1,1,relation_contradicted,Not Supported,Not Supported
P0268,P0268_T3,P0268_T3_2,2,condition_replaced,Not Enough Evidence,Not Supported
P0268,P0268_T3,P0268_T3_3,3,condition_removed,Not Enough Evidence,Not Supported
P0268,P0268_T3,P0268_T3_5,5,condition_contradicted,Not Supported,Not Supported
P0268,P0268_T4,P0268_T4_1,1,relation_contradicted,Not Supported,Not Supported
P0268,P0268_T4,P0268_T4_2,2,condition_replaced,Not Enough Evidence,Not Supported
P0268,P0268_T4,P0268_T4_3,3,condition_removed,Not Enough Evidence,Not Supported
P0268,P0268_T4,P0268_T4_5,5,condition_contradicted,Not Supported,Not Supported
P0269,P0269_T1,P0269_T1_1,1,relation_contradicted,Not Supported,Not Supported
P0269,P0269_T1,P0269_T1_2,2,condition_replaced,Not Enough Evidence,Not Enough Evidence
P0269,P0269_T1,P0269_T1_3,3,condition_removed,Not Enough Evidence,Not Enough Evidence
P0269,P0269_T1,P0269_T1_5,5,condition_contradicted,Not Supported,Not Supported
P0269,P0269_T2,P0269_T2_1,1,relation_contradicted,Not Supported,Not Supported
P0269,P0269_T2,P0269_T2_2,2,condition_replaced,Not Enough Evidence,Not Enough Evidence
P0269,P0269_T2,P0269_T2_3,3,condition_removed,Not Enough Evidence,Not Enough Evidence
P0269,P0269_T2,P0269_T2_5,5,condition_contradicted,Not Supported,Not Supported
P0269,P0269_T3,P0269_T3_1,1,relation_contradicted,Not Supported,Not Supported
P0269,P0269_T3,P0269_T3_2,2,condition_replaced,Not Enough Evidence,Not Enough Evidence
P0269,P0269_T3,P0269_T3_3,3,condition_removed,Not Enough Evidence,Not Enough Evidence
P0269,P0269_T3,P0269_T3_5,5,condition_contradicted,Not Supported,Not Supported
P0269,P0269_T4,P0269_T4_1,1,relation_contradicted,Not Supported,Not Supported
P0269,P0269_T4,P0269_T4_2,2,condition_replaced,Not Enough Evidence,Not Enough Evidence
P0269,P0269_T4,P0269_T4_3,3,condition_removed,Not Enough Evidence,Not Enough Evidence
P0269,P0269_T4,P0269_T4_4,4,supported,Supported,Supported
P0269,P0269_T4,P0269_T4_5,5,condition_contradicted,Not Supported,Not Supported
P0269,P0269_T5,P0269_T5_1,1,relation_contradicted,Not Supported,Not Supported
P0269,P0269_T5,P0269_T5_2,2,condition_replaced,Not Enough Evidence,Not Enough Evidence
P0269,P0269_T5,P0269_T5_3,3,condition_removed,Not Enough Evidence,Not Enough Evidence
P0269,P0269_T5,P0269_T5_4,4,supported,Supported,Supported
P0269,P0269_T5,P0269_T5_5,5,condition_contradicted,Not Supported,Not Supported
P0557,P0557_T1,P0557_T1_1,1,relation_contradicted,Not Supported,Not Supported
P0557,P0557_T1,P0557_T1_2,2,condition_replaced,Not Enough Evidence,Not Enough Evidence
P0557,P0557_T1,P0557_T1_3,3,condition_removed,Not Enough Evidence,Not Enough Evidence
P0557,P0557_T1,P0557_T1_4,4,supported,Supported,Supported
P0557,P0557_T1,P0557_T1_5,5,condition_contradicted,Not Supported,Not Supported
P0558,P0558_T1,P0558_T1_1,1,relation_contradicted,Not Supported,Not Supported
P0558,P0558_T1,P0558_T1_2,2,condition_replaced,Not Enough Evidence,Not Enough Evidence
P0558,P0558_T1,P0558_T1_3,3,condition_removed,Not Enough Evidence,Not Enough Evidence
P0558,P0558_T1,P0558_T1_4,4,supported,Supported,Supported
P0558,P0558_T1,P0558_T1_5,5,condition_contradicted,Not Supported,Not Supported
P0559,P0559_T1,P0559_T1_1,1,relation_contradicted,Not Supported,Not Supported
P0559,P0559_T1,P0559_T1_2,2,condition_replaced,Not Enough Evidence,Not Enough Evidence
P0559,P0559_T1,P0559_T1_3,3,condition_removed,Not Enough Evidence,Not Enough Evidence
P0559,P0559_T1,P0559_T1_4,4,supported,Supported,Supported
P0559,P0559_T1,P0559_T1_5,5,condition_contradicted,Not Supported,Not Supported
P0560,P0560_T1,P0560_T1_1,1,relation_contradicted,Not Supported,Not Supported
P0560,P0560_T1,P0560_T1_2,2,condition_replaced,Not Enough Evidence,Not Enough Evidence
P0560,P0560_T1,P0560_T1_3,3,condition_removed,Not Enough Evidence,Not Enough Evidence
P0560,P0560_T1,P0560_T1_4,4,supported,Supported,Supported
P0560,P0560_T1,P0560_T1_5,5,condition_contradicted,Not Supported,Not Supported
P0560,P0560_T2,P0560_T2_1,1,relation_contradicted,Not Supported,Not Supported
P0560,P0560_T2,P0560_T2_2,2,condition_replaced,Not Enough Evidence,Not Enough Evidence
P0560,P0560_T2,P0560_T2_3,3,condition_removed,Not Enough Evidence,Not Enough Evidence
P0560,P0560_T2,P0560_T2_4,4,supported,Supported,Not Supported
P0560,P0560_T2,P0560_T2_5,5,condition_contradicted,Not Supported,Not Supported
P0561,P0561_T1,P0561_T1_1,1,relation_contradicted,Not Supported,Not Supported
P0561,P0561_T1,P0561_T1_2,2,condition_replaced,Not Enough Evidence,Not Enough Evidence
P0561,P0561_T1,P0561_T1_3,3,condition_removed,Not Enough Evidence,Not Enough Evidence
P0561,P0561_T1,P0561_T1_4,4,supported,Supported,Not Supported
P0561,P0561_T1,P0561_T1_5,5,condition_contradicted,Not Supported,Not Supported
P0562,P0562_T1,P0562_T1_1,1,relation_contradicted,Not Supported,Not Supported
P0562,P0562_T1,P0562_T1_2,2,condition_replaced,Not Enough Evidence,Not Enough Evidence
P0562,P0562_T1,P0562_T1_3,3,condition_removed,Not Enough Evidence,Not Enough Evidence
P0562,P0562_T1,P0562_T1_4,4,supported,Supported,Not Supported
P0562,P0562_T1,P0562_T1_5,5,condition_contradicted,Not Supported,Not Supported
P0563,P0563_T1,P0563_T1_1,1,relation_contradicted,Not Supported,Not Supported
P0563,P0563_T1,P0563_T1_2,2,condition_replaced,Not Enough Evidence,Not Enough Evidence
P0563,P0563_T1,P0563_T1_3,3,condition_removed,Not Enough Evidence,Not Enough Evidence
P0563,P0563_T1,P0563_T1_4,4,supported,Supported,Not Supported
P0563,P0563_T1,P0563_T1_5,5,condition_contradicted,Not Supported,Not Supported
P0564,P0564_T1,P0564_T1_1,1,relation_contradicted,Not Supported,Not Supported
P0564,P0564_T1,P0564_T1_2,2,condition_replaced,Not Enough Evidence,Not Enough Evidence
P0564,P0564_T1,P0564_T1_3,3,condition_removed,Not Enough Evidence,Not Enough Evidence
P0564,P0564_T1,P0564_T1_4,4,supported,Supported,Supported
P0564,P0564_T1,P0564_T1_5,5,condition_contradicted,Not Supported,Not Supported
P0565,P0565_T1,P0565_T1_1,1,relation_contradicted,Not Supported,Not Supported
P0565,P0565_T1,P0565_T1_2,2,condition_replaced,Not Enough Evidence,Not Enough Evidence
P0565,P0565_T1,P0565_T1_3,3,condition_removed,Not Enough Evidence,Not Enough Evidence
P0565,P0565_T1,P0565_T1_4,4,supported,Supported,Supported
P0565,P0565_T1,P0565_T1_5,5,condition_contradicted,Not Supported,Not Supported
P0165,P0165_T1,P0165_T1_1,1,relation_contradicted,Not Supported,Not Supported
P0165,P0165_T1,P0165_T1_2,2,condition_replaced,Not Enough Evidence,Not Supported
P0165,P0165_T1,P0165_T1_3,3,condition_removed,Not Enough Evidence,Not Supported
P0165,P0165_T1,P0165_T1_4,4,supported,Supported,Not Supported
P0165,P0165_T1,P0165_T1_5,5,condition_contradicted,Not Supported,Not Supported
P0165,P0165_T2,P0165_T2_1,1,relation_contradicted,Not Supported,Not Supported
P0165,P0165_T2,P0165_T2_2,2,condition_replaced,Not Enough Evidence,Not Supported
P0165,P0165_T2,P0165_T2_3,3,condition_removed,Not Enough Evidence,Not Supported
P0165,P0165_T2,P0165_T2_4,4,supported,Supported,Not Supported
P0165,P0165_T2,P0165_T2_5,5,condition_contradicted,Not Supported,Not Supported
P0165,P0165_T3,P0165_T3_1,1,relation_contradicted,Not Supported,Not Supported
P0165,P0165_T3,P0165_T3_2,2,condition_replaced,Not Enough Evidence,Not Supported
P0165,P0165_T3,P0165_T3_3,3,condition_removed,Not Enough Evidence,Not Supported
P0165,P0165_T3,P0165_T3_4,4,supported,Supported,Not Supported
P0165,P0165_T3,P0165_T3_5,5,condition_contradicted,Not Supported,Not Supported
P0165,P0165_T4,P0165_T4_1,1,relation_contradicted,Not Supported,Not Supported
P0165,P0165_T4,P0165_T4_2,2,condition_replaced,Not Enough Evidence,Not Supported
P0165,P0165_T4,P0165_T4_3,3,condition_removed,Not Enough Evidence,Not Supported
P0165,P0165_T4,P0165_T4_4,4,supported,Supported,Not Supported
P0165,P0165_T4,P0165_T4_5,5,condition_contradicted,Not Supported,Not Supported
P0165,P0165_T5,P0165_T5_1,1,relation_contradicted,Not Supported,Not Supported
P0165,P0165_T5,P0165_T5_2,2,condition_replaced,Not Enough Evidence,Not Supported
P0165,P0165_T5,P0165_T5_3,3,condition_removed,Not Enough Evidence,Not Supported
P0165,P0165_T5,P0165_T5_4,4,supported,Supported,Not Supported
P0165,P0165_T5,P0165_T5_5,5,condition_contradicted,Not Supported,Not Supported
P0165,P0165_T6,P0165_T6_1,1,relation_contradicted,Not Supported,Not Supported
P0165,P0165_T6,P0165_T6_2,2,condition_replaced,Not Enough Evidence,Not Supported
P0165,P0165_T6,P0165_T6_3,3,condition_removed,Not Enough Evidence,Not Supported
P0165,P0165_T6,P0165_T6_4,4,supported,Supported,Not Supported
P0165,P0165_T6,P0165_T6_5,5,condition_contradicted,Not Supported,Not Supported
P0165,P0165_T7,P0165_T7_1,1,relation_contradicted,Not Supported,Not Supported
P0165,P0165_T7,P0165_T7_2,2,condition_replaced,Not Enough Evidence,Not Supported
P0165,P0165_T7,P0165_T7_3,3,condition_removed,Not Enough Evidence,Not Supported
P0165,P0165_T7,P0165_T7_4,4,supported,Supported,Not Supported
P0165,P0165_T7,P0165_T7_5,5,condition_contradicted,Not Supported,Not Supported
P0165,P0165_T8,P0165_T8_1,1,relation_contradicted,Not Supported,Not Supported
P0165,P0165_T8,P0165_T8_2,2,condition_replaced,Not Enough Evidence,Not Supported
P0165,P0165_T8,P0165_T8_3,3,condition_removed,Not Enough Evidence,Not Supported
P0165,P0165_T8,P0165_T8_4,4,supported,Supported,Not Supported
P0165,P0165_T8,P0165_T8_5,5,condition_contradicted,Not Supported,Not Supported
P0166,P0166_T1,P0166_T1_1,1,relation_contradicted,Not Supported,Not Supported
P0166,P0166_T1,P0166_T1_2,2,condition_replaced,Not Enough Evidence,Not Supported
P0166,P0166_T1,P0166_T1_3,3,condition_removed,Not Enough Evidence,Not Supported
P0166,P0166_T1,P0166_T1_4,4,supported,Supported,Not Supported
P0166,P0166_T1,P0166_T1_5,5,condition_contradicted,Not Supported,Not Supported
P0166,P0166_T2,P0166_T2_1,1,relation_contradicted,Not Supported,Not Supported
P0166,P0166_T2,P0166_T2_2,2,condition_replaced,Not Enough Evidence,Not Enough Evidence
P0166,P0166_T2,P0166_T2_3,3,condition_removed,Not Enough Evidence,Not Enough Evidence
P0166,P0166_T2,P0166_T2_4,4,supported,Supported,Not Supported
P0166,P0166_T2,P0166_T2_5,5,condition_contradicted,Not Supported,Not Supported
P0166,P0166_T3,P0166_T3_1,1,relation_contradicted,Not Supported,Not Supported
P0166,P0166_T3,P0166_T3_2,2,condition_replaced,Not Enough Evidence,Not Supported
P0166,P0166_T3,P0166_T3_3,3,condition_removed,Not Enough Evidence,Not Supported
P0166,P0166_T3,P0166_T3_4,4,supported,Supported,Not Supported
P0166,P0166_T3,P0166_T3_5,5,condition_contradicted,Not Supported,Not Supported
P0166,P0166_T4,P0166_T4_1,1,relation_contradicted,Not Supported,Not Supported
P0166,P0166_T4,P0166_T4_2,2,condition_replaced,Not Enough Evidence,Not Supported
P0166,P0166_T4,P0166_T4_3,3,condition_removed,Not Enough Evidence,Not Supported
P0166,P0166_T4,P0166_T4_4,4,supported,Supported,Not Supported
P0166,P0166_T4,P0166_T4_5,5,condition_contradicted,Not Supported,Not Supported
P0166,P0166_T5,P0166_T5_1,1,relation_contradicted,Not Supported,Not Supported
P0166,P0166_T5,P0166_T5_2,2,condition_replaced,Not Enough Evidence,Not Supported
P0166,P0166_T5,P0166_T5_3,3,condition_removed,Not Enough Evidence,Not Supported
P0166,P0166_T5,P0166_T5_4,4,supported,Supported,Not Supported
P0166,P0166_T5,P0166_T5_5,5,condition_contradicted,Not Supported,Not Supported
P0167,P0167_T1,P0167_T1_1,1,relation_contradicted,Not Supported,Not Supported
P0167,P0167_T1,P0167_T1_2,2,condition_replaced,Not Enough Evidence,Not Enough Evidence
P0167,P0167_T1,P0167_T1_3,3,condition_removed,Not Enough Evidence,Not Enough Evidence
P0167,P0167_T1,P0167_T1_4,4,supported,Supported,Supported
P0167,P0167_T1,P0167_T1_5,5,condition_contradicted,Not Supported,Not Supported
P0168,P0168_T1,P0168_T1_1,1,relation_contradicted,Not Supported,Not Supported
P0168,P0168_T1,P0168_T1_2,2,condition_replaced,Not Enough Evidence,Not Enough Evidence
P0168,P0168_T1,P0168_T1_3,3,condition_removed,Not Enough Evidence,Not Enough Evidence
P0168,P0168_T1,P0168_T1_4,4,supported,Supported,Supported
P0168,P0168_T1,P0168_T1_5,5,condition_contradicted,Not Supported,Not Supported
P0168,P0168_T2,P0168_T2_1,1,relation_contradicted,Not Supported,Not Supported
P0168,P0168_T2,P0168_T2_2,2,condition_replaced,Not Enough Evidence,Not Enough Evidence
P0168,P0168_T2,P0168_T2_3,3,condition_removed,Not Enough Evidence,Not Enough Evidence
P0168,P0168_T2,P0168_T2_4,4,supported,Supported,Supported
P0168,P0168_T2,P0168_T2_5,5,condition_contradicted,Not Supported,Not Supported
P0168,P0168_T3,P0168_T3_1,1,relation_contradicted,Not Supported,Not Supported
P0168,P0168_T3,P0168_T3_2,2,condition_replaced,Not Enough Evidence,Not Enough Evidence
P0168,P0168_T3,P0168_T3_3,3,condition_removed,Not Enough Evidence,Not Enough Evidence
P0168,P0168_T3,P0168_T3_4,4,supported,Supported,Supported
P0168,P0168_T3,P0168_T3_5,5,condition_contradicted,Not Supported,Not Supported
P0168,P0168_T4,P0168_T4_1,1,relation_contradicted,Not Supported,Not Supported
P0168,P0168_T4,P0168_T4_2,2,condition_replaced,Not Enough Evidence,Not Enough Evidence
P0168,P0168_T4,P0168_T4_3,3,condition_removed,Not Enough Evidence,Not Enough Evidence
P0168,P0168_T4,P0168_T4_4,4,supported,Supported,Supported
P0168,P0168_T4,P0168_T4_5,5,condition_contradicted,Not Supported,Not Supported
P0168,P0168_T5,P0168_T5_1,1,relation_contradicted,Not Supported,Not Supported
P0168,P0168_T5,P0168_T5_2,2,condition_replaced,Not Enough Evidence,Not Enough Evidence
P0168,P0168_T5,P0168_T5_3,3,condition_removed,Not Enough Evidence,Not Enough Evidence
P0168,P0168_T5,P0168_T5_4,4,supported,Supported,Supported
P0168,P0168_T5,P0168_T5_5,5,condition_contradicted,Not Supported,Not Supported
P0168,P0168_T6,P0168_T6_1,1,relation_contradicted,Not Supported,Not Supported
P0168,P0168_T6,P0168_T6_2,2,condition_replaced,Not Enough Evidence,Not Supported
P0168,P0168_T6,P0168_T6_3,3,condition_removed,Not Enough Evidence,Not Enough Evidence
P0168,P0168_T6,P0168_T6_4,4,supported,Supported,Not Supported
P0168,P0168_T6,P0168_T6_5,5,condition_contradicted,Not Supported,Not Supported
P0398,P0398_T1,P0398_T1_1,1,relation_contradicted,Not Supported,Not Supported
P0398,P0398_T1,P0398_T1_2,2,condition_replaced,Not Enough Evidence,Not Enough Evidence
P0398,P0398_T1,P0398_T1_3,3,condition_removed,Not Enough Evidence,Not Enough Evidence
P0398,P0398_T1,P0398_T1_4,4,supported,Supported,Supported
P0398,P0398_T1,P0398_T1_5,5,condition_contradicted,Not Supported,Not Supported
P0399,P0399_T1,P0399_T1_1,1,relation_contradicted,Not Supported,Not Supported
P0399,P0399_T1,P0399_T1_2,2,condition_replaced,Not Enough Evidence,Not Enough Evidence
P0399,P0399_T1,P0399_T1_3,3,condition_removed,Not Enough Evidence,Not Enough Evidence
P0399,P0399_T1,P0399_T1_4,4,supported,Supported,Not Supported
P0399,P0399_T1,P0399_T1_5,5,condition_contradicted,Not Supported,Not Supported
P0400,P0400_T2,P0400_T2_1,1,relation_contradicted,Not Supported,Not Supported
P0400,P0400_T2,P0400_T2_2,2,condition_replaced,Not Enough Evidence,Not Supported
P0400,P0400_T2,P0400_T2_3,3,condition_removed,Not Enough Evidence,Not Enough Evidence
P0400,P0400_T2,P0400_T2_4,4,supported,Supported,Not Supported
P0400,P0400_T2,P0400_T2_5,5,condition_contradicted,Not Supported,Not Supported
P0401,P0401_T1,P0401_T1_1,1,relation_contradicted,Not Supported,Not Supported
P0401,P0401_T1,P0401_T1_2,2,condition_replaced,Not Enough Evidence,Not Supported
P0401,P0401_T1,P0401_T1_3,3,condition_removed,Not Enough Evidence,Not Supported
P0401,P0401_T1,P0401_T1_4,4,supported,Supported,Not Supported
P0401,P0401_T1,P0401_T1_5,5,condition_contradicted,Not Supported,Not Supported
P0402,P0402_T1,P0402_T1_1,1,relation_contradicted,Not Supported,Not Supported
P0402,P0402_T1,P0402_T1_2,2,condition_replaced,Not Enough Evidence,Not Supported
P0402,P0402_T1,P0402_T1_3,3,condition_removed,Not Enough Evidence,Not Supported
P0402,P0402_T1,P0402_T1_4,4,supported,Supported,Not Supported
P0402,P0402_T1,P0402_T1_5,5,condition_contradicted,Not Supported,Not Supported
P0402,P0402_T2,P0402_T2_1,1,relation_contradicted,Not Supported,Not Supported
P0402,P0402_T2,P0402_T2_2,2,condition_replaced,Not Enough Evidence,Not Supported
P0402,P0402_T2,P0402_T2_3,3,condition_removed,Not Enough Evidence,Not Supported
P0402,P0402_T2,P0402_T2_4,4,supported,Supported,Not Supported
P0402,P0402_T2,P0402_T2_5,5,condition_contradicted,Not Supported,Not Supported
P0402,P0402_T3,P0402_T3_1,1,relation_contradicted,Not Supported,Not Supported
P0402,P0402_T3,P0402_T3_2,2,condition_replaced,Not Enough Evidence,Not Supported
P0402,P0402_T3,P0402_T3_3,3,condition_removed,Not Enough Evidence,Not Supported
P0402,P0402_T3,P0402_T3_4,4,supported,Supported,Not Supported
P0402,P0402_T3,P0402_T3_5,5,condition_contradicted,Not Supported,Not Supported
P0061,P0061_T2,P0061_T2_1,1,relation_contradicted,Not Supported,Not Supported
P0061,P0061_T2,P0061_T2_2,2,condition_replaced,Not Enough Evidence,Not Supported
P0061,P0061_T2,P0061_T2_3,3,condition_removed,Not Enough Evidence,Not Supported
P0061,P0061_T2,P0061_T2_4,4,supported,Supported,Supported
P0061,P0061_T2,P0061_T2_5,5,condition_contradicted,Not Supported,Not Supported
P0061,P0061_T3,P0061_T3_1,1,relation_contradicted,Not Supported,Not Supported
P0061,P0061_T3,P0061_T3_2,2,condition_replaced,Not Enough Evidence,Not Supported
P0061,P0061_T3,P0061_T3_3,3,condition_removed,Not Enough Evidence,Not Enough Evidence
P0061,P0061_T3,P0061_T3_4,4,supported,Supported,Not Supported
P0061,P0061_T3,P0061_T3_5,5,condition_contradicted,Not Supported,Not Supported
P0062,P0062_T1,P0062_T1_1,1,relation_contradicted,Not Supported,Not Supported
P0062,P0062_T1,P0062_T1_2,2,condition_replaced,Not Enough Evidence,Not Supported
P0062,P0062_T1,P0062_T1_3,3,condition_removed,Not Enough Evidence,Not Supported
P0062,P0062_T1,P0062_T1_4,4,supported,Supported,Not Supported
P0062,P0062_T1,P0062_T1_5,5,condition_contradicted,Not Supported,Not Supported
P0062,P0062_T2,P0062_T2_1,1,relation_contradicted,Not Supported,Not Supported
P0062,P0062_T2,P0062_T2_2,2,condition_replaced,Not Enough Evidence,Not Supported
P0062,P0062_T2,P0062_T2_3,3,condition_removed,Not Enough Evidence,Not Supported
P0062,P0062_T2,P0062_T2_4,4,supported,Supported,Not Supported
P0062,P0062_T2,P0062_T2_5,5,condition_contradicted,Not Supported,Not Supported
P0062,P0062_T3,P0062_T3_1,1,relation_contradicted,Not Supported,Not Supported
P0062,P0062_T3,P0062_T3_2,2,condition_replaced,Not Enough Evidence,Not Supported
P0062,P0062_T3,P0062_T3_3,3,condition_removed,Not Enough Evidence,Not Supported
P0062,P0062_T3,P0062_T3_4,4,supported,Supported,Not Supported
P0062,P0062_T3,P0062_T3_5,5,condition_contradicted,Not Supported,Not Supported
P0062,P0062_T4,P0062_T4_1,1,relation_contradicted,Not Supported,Not Supported
P0062,P0062_T4,P0062_T4_2,2,condition_replaced,Not Enough Evidence,Not Supported
P0062,P0062_T4,P0062_T4_3,3,condition_removed,Not Enough Evidence,Not Supported
P0062,P0062_T4,P0062_T4_4,4,supported,Supported,Not Supported
P0062,P0062_T4,P0062_T4_5,5,condition_contradicted,Not Supported,Not Supported
P0062,P0062_T5,P0062_T5_1,1,relation_contradicted,Not Supported,Not Supported
P0062,P0062_T5,P0062_T5_2,2,condition_replaced,Not Enough Evidence,Not Supported
P0062,P0062_T5,P0062_T5_3,3,condition_removed,Not Enough Evidence,Not Supported
P0062,P0062_T5,P0062_T5_4,4,supported,Supported,Not Supported
P0062,P0062_T5,P0062_T5_5,5,condition_contradicted,Not Supported,Not Supported
P0063,P0063_T1,P0063_T1_1,1,relation_contradicted,Not Supported,Not Supported
P0063,P0063_T1,P0063_T1_2,2,condition_replaced,Not Enough Evidence,Not Supported
P0063,P0063_T1,P0063_T1_3,3,condition_removed,Not Enough Evidence,Not Supported
P0063,P0063_T1,P0063_T1_4,4,supported,Supported,Not Supported
P0063,P0063_T1,P0063_T1_5,5,condition_contradicted,Not Supported,Not Supported
P0064,P0064_T1,P0064_T1_1,1,relation_contradicted,Not Supported,Not Supported
P0064,P0064_T1,P0064_T1_2,2,condition_replaced,Not Enough Evidence,Not Supported
P0064,P0064_T1,P0064_T1_3,3,condition_removed,Not Enough Evidence,Not Supported
P0064,P0064_T1,P0064_T1_4,4,supported,Supported,Not Supported
P0064,P0064_T1,P0064_T1_5,5,condition_contradicted,Not Supported,Not Supported
P0065,P0065_T1,P0065_T1_1,1,relation_contradicted,Not Supported,Not Supported
P0065,P0065_T1,P0065_T1_2,2,condition_replaced,Not Enough Evidence,Not Enough Evidence
P0065,P0065_T1,P0065_T1_3,3,condition_removed,Not Enough Evidence,Not Enough Evidence
P0065,P0065_T1,P0065_T1_4,4,supported,Supported,Supported
P0065,P0065_T1,P0065_T1_5,5,condition_contradicted,Not Supported,Not Supported
P0269,P0269_T6,P0269_T6_1,1,relation_contradicted,Not Supported,Not Supported
P0269,P0269_T6,P0269_T6_2,2,condition_replaced,Not Enough Evidence,Not Enough Evidence
P0269,P0269_T6,P0269_T6_3,3,condition_removed,Not Enough Evidence,Not Enough Evidence
P0269,P0269_T6,P0269_T6_4,4,supported,Supported,Supported
P0269,P0269_T6,P0269_T6_5,5,condition_contradicted,Not Supported,Not Supported
P0269,P0269_T7,P0269_T7_1,1,relation_contradicted,Not Supported,Not Supported
P0269,P0269_T7,P0269_T7_2,2,condition_replaced,Not Enough Evidence,Not Enough Evidence
P0269,P0269_T7,P0269_T7_3,3,condition_removed,Not Enough Evidence,Not Enough Evidence
P0269,P0269_T7,P0269_T7_4,4,supported,Supported,Not Supported
P0269,P0269_T7,P0269_T7_5,5,condition_contradicted,Not Supported,Not Supported
P0270,P0270_T1,P0270_T1_1,1,relation_contradicted,Not Supported,Not Supported
P0270,P0270_T1,P0270_T1_2,2,condition_replaced,Not Enough Evidence,Not Supported
P0270,P0270_T1,P0270_T1_3,3,condition_removed,Not Enough Evidence,Not Supported
P0270,P0270_T1,P0270_T1_4,4,supported,Supported,Not Supported
P0270,P0270_T1,P0270_T1_5,5,condition_contradicted,Not Supported,Not Supported
P0270,P0270_T2,P0270_T2_1,1,relation_contradicted,Not Supported,Not Supported
P0270,P0270_T2,P0270_T2_2,2,condition_replaced,Not Enough Evidence,Not Supported
P0270,P0270_T2,P0270_T2_3,3,condition_removed,Not Enough Evidence,Not Supported
P0270,P0270_T2,P0270_T2_4,4,supported,Supported,Not Supported
P0270,P0270_T2,P0270_T2_5,5,condition_contradicted,Not Supported,Not Supported
P0270,P0270_T3,P0270_T3_1,1,relation_contradicted,Not Supported,Not Supported
P0270,P0270_T3,P0270_T3_2,2,condition_replaced,Not Enough Evidence,Not Supported
P0270,P0270_T3,P0270_T3_3,3,condition_removed,Not Enough Evidence,Not Supported
P0270,P0270_T3,P0270_T3_4,4,supported,Supported,Not Supported
P0270,P0270_T3,P0270_T3_5,5,condition_contradicted,Not Supported,Not Supported
P0270,P0270_T4,P0270_T4_1,1,relation_contradicted,Not Supported,Not Supported
P0270,P0270_T4,P0270_T4_2,2,condition_replaced,Not Enough Evidence,Not Supported
P0270,P0270_T4,P0270_T4_3,3,condition_removed,Not Enough Evidence,Not Supported
P0270,P0270_T4,P0270_T4_4,4,supported,Supported,Not Supported
P0270,P0270_T4,P0270_T4_5,5,condition_contradicted,Not Supported,Not Supported
P0270,P0270_T5,P0270_T5_1,1,relation_contradicted,Not Supported,Not Supported
P0270,P0270_T5,P0270_T5_2,2,condition_replaced,Not Enough Evidence,Not Supported
P0270,P0270_T5,P0270_T5_3,3,condition_removed,Not Enough Evidence,Not Supported
P0270,P0270_T5,P0270_T5_4,4,supported,Supported,Not Supported
P0270,P0270_T5,P0270_T5_5,5,condition_contradicted,Not Supported,Not Supported
P0270,P0270_T6,P0270_T6_1,1,relation_contradicted,Not Supported,Not Supported
P0270,P0270_T6,P0270_T6_2,2,condition_replaced,Not Enough Evidence,Not Supported
P0270,P0270_T6,P0270_T6_3,3,condition_removed,Not Enough Evidence,Not Supported
P0270,P0270_T6,P0270_T6_4,4,supported,Supported,Not Supported
P0270,P0270_T6,P0270_T6_5,5,condition_contradicted,Not Supported,Not Supported
P0270,P0270_T7,P0270_T7_1,1,relation_contradicted,Not Supported,Not Supported
P0270,P0270_T7,P0270_T7_2,2,condition_replaced,Not Enough Evidence,Not Supported
P0270,P0270_T7,P0270_T7_3,3,condition_removed,Not Enough Evidence,Not Supported
P0270,P0270_T7,P0270_T7_4,4,supported,Supported,Not Supported
P0270,P0270_T7,P0270_T7_5,5,condition_contradicted,Not Supported,Not Supported
P0270,P0270_T8,P0270_T8_1,1,relation_contradicted,Not Supported,Not Supported
P0270,P0270_T8,P0270_T8_2,2,condition_replaced,Not Enough Evidence,Not Supported
P0270,P0270_T8,P0270_T8_3,3,condition_removed,Not Enough Evidence,Not Supported
P0270,P0270_T8,P0270_T8_4,4,supported,Supported,Not Supported
P0270,P0270_T8,P0270_T8_5,5,condition_contradicted,Not Supported,Not Supported
P0566,P0566_T1,P0566_T1_1,1,relation_contradicted,Not Supported,Not Supported
P0566,P0566_T1,P0566_T1_2,2,condition_replaced,Not Enough Evidence,Not Enough Evidence
P0566,P0566_T1,P0566_T1_3,3,condition_removed,Not Enough Evidence,Not Enough Evidence
P0566,P0566_T1,P0566_T1_4,4,supported,Supported,Supported
P0566,P0566_T1,P0566_T1_5,5,condition_contradicted,Not Supported,Not Supported
P0567,P0567_T1,P0567_T1_1,1,relation_contradicted,Not Supported,Not Supported
P0567,P0567_T1,P0567_T1_2,2,condition_replaced,Not Enough Evidence,Not Enough Evidence
P0567,P0567_T1,P0567_T1_3,3,condition_removed,Not Enough Evidence,Not Enough Evidence
P0567,P0567_T1,P0567_T1_4,4,supported,Supported,Supported
P0567,P0567_T1,P0567_T1_5,5,condition_contradicted,Not Supported,Not Supported
P0568,P0568_T1,P0568_T1_1,1,relation_contradicted,Not Supported,Not Supported
P0568,P0568_T1,P0568_T1_2,2,condition_replaced,Not Enough Evidence,Not Enough Evidence
P0568,P0568_T1,P0568_T1_3,3,condition_removed,Not Enough Evidence,Not Enough Evidence
P0568,P0568_T1,P0568_T1_4,4,supported,Supported,Not Supported
P0568,P0568_T1,P0568_T1_5,5,condition_contradicted,Not Supported,Not Supported
P0569,P0569_T1,P0569_T1_1,1,relation_contradicted,Not Supported,Not Supported
P0569,P0569_T1,P0569_T1_2,2,condition_replaced,Not Enough Evidence,Not Enough Evidence
P0569,P0569_T1,P0569_T1_3,3,condition_removed,Not Enough Evidence,Not Enough Evidence
P0569,P0569_T1,P0569_T1_4,4,supported,Supported,Supported
P0569,P0569_T1,P0569_T1_5,5,condition_contradicted,Not Supported,Not Supported
P0569,P0569_T2,P0569_T2_1,1,relation_contradicted,Not Supported,Not Supported
P0569,P0569_T2,P0569_T2_2,2,condition_replaced,Not Enough Evidence,Not Enough Evidence
P0569,P0569_T2,P0569_T2_3,3,condition_removed,Not Enough Evidence,Not Enough Evidence
P0569,P0569_T2,P0569_T2_4,4,supported,Supported,Supported
P0569,P0569_T2,P0569_T2_5,5,condition_contradicted,Not Supported,Not Supported
P0570,P0570_T1,P0570_T1_1,1,relation_contradicted,Not Supported,Not Supported
P0570,P0570_T1,P0570_T1_2,2,condition_replaced,Not Enough Evidence,Not Enough Evidence
P0570,P0570_T1,P0570_T1_3,3,condition_removed,Not Enough Evidence,Not Enough Evidence
P0570,P0570_T1,P0570_T1_4,4,supported,Supported,Supported
P0570,P0570_T1,P0570_T1_5,5,condition_contradicted,Not Supported,Not Supported
P0571,P0571_T1,P0571_T1_1,1,relation_contradicted,Not Supported,Not Supported
P0571,P0571_T1,P0571_T1_2,2,condition_replaced,Not Enough Evidence,Not Enough Evidence
P0571,P0571_T1,P0571_T1_3,3,condition_removed,Not Enough Evidence,Not Enough Evidence
P0571,P0571_T1,P0571_T1_4,4,supported,Supported,Supported
P0571,P0571_T1,P0571_T1_5,5,condition_contradicted,Not Supported,Not Supported
P0572,P0572_T1,P0572_T1_1,1,relation_contradicted,Not Supported,Not Supported
P0572,P0572_T1,P0572_T1_2,2,condition_replaced,Not Enough Evidence,Not Enough Evidence
P0572,P0572_T1,P0572_T1_3,3,condition_removed,Not Enough Evidence,Not Enough Evidence
P0572,P0572_T1,P0572_T1_4,4,supported,Supported,Supported
P0572,P0572_T1,P0572_T1_5,5,condition_contradicted,Not Supported,Not Supported
P0573,P0573_T1,P0573_T1_1,1,relation_contradicted,Not Supported,Not Supported
P0573,P0573_T1,P0573_T1_2,2,condition_replaced,Not Enough Evidence,Not Enough Evidence
P0573,P0573_T1,P0573_T1_3,3,condition_removed,Not Enough Evidence,Not Enough Evidence
P0573,P0573_T1,P0573_T1_4,4,supported,Supported,Supported
P0573,P0573_T1,P0573_T1_5,5,condition_contradicted,Not Supported,Not Supported
P0573,P0573_T2,P0573_T2_1,1,relation_contradicted,Not Supported,Not Supported
P0573,P0573_T2,P0573_T2_2,2,condition_replaced,Not Enough Evidence,Not Enough Evidence
P0573,P0573_T2,P0573_T2_3,3,condition_removed,Not Enough Evidence,Not Enough Evidence
P0573,P0573_T2,P0573_T2_4,4,supported,Supported,Supported
P0573,P0573_T2,P0573_T2_5,5,condition_contradicted,Not Supported,Not Supported
P0168,P0168_T7,P0168_T7_1,1,relation_contradicted,Not Supported,Not Supported
P0168,P0168_T7,P0168_T7_2,2,condition_replaced,Not Enough Evidence,Not Enough Evidence
P0168,P0168_T7,P0168_T7_3,3,condition_removed,Not Enough Evidence,Not Supported
P0168,P0168_T7,P0168_T7_4,4,supported,Supported,Not Supported
P0168,P0168_T7,P0168_T7_5,5,condition_contradicted,Not Supported,Not Supported
P0168,P0168_T8,P0168_T8_1,1,relation_contradicted,Not Supported,Not Supported
P0168,P0168_T8,P0168_T8_2,2,condition_replaced,Not Enough Evidence,Not Supported
P0168,P0168_T8,P0168_T8_3,3,condition_removed,Not Enough Evidence,Not Enough Evidence
P0168,P0168_T8,P0168_T8_4,4,supported,Supported,Not Supported
P0168,P0168_T8,P0168_T8_5,5,condition_contradicted,Not Supported,Not Supported
P0168,P0168_T9,P0168_T9_1,1,relation_contradicted,Not Supported,Not Supported
P0168,P0168_T9,P0168_T9_2,2,condition_replaced,Not Enough Evidence,Not Supported
P0168,P0168_T9,P0168_T9_3,3,condition_removed,Not Enough Evidence,Not Enough Evidence
P0168,P0168_T9,P0168_T9_4,4,supported,Supported,Not Supported
P0168,P0168_T9,P0168_T9_5,5,condition_contradicted,Not Supported,Not Supported
P0169,P0169_T1,P0169_T1_1,1,relation_contradicted,Not Supported,Not Supported
P0169,P0169_T1,P0169_T1_2,2,condition_replaced,Not Enough Evidence,Not Enough Evidence
P0169,P0169_T1,P0169_T1_3,3,condition_removed,Not Enough Evidence,Not Enough Evidence
P0169,P0169_T1,P0169_T1_4,4,supported,Supported,Supported
P0169,P0169_T1,P0169_T1_5,5,condition_contradicted,Not Supported,Not Supported
P0169,P0169_T2,P0169_T2_1,1,relation_contradicted,Not Supported,Not Supported
P0169,P0169_T2,P0169_T2_2,2,condition_replaced,Not Enough Evidence,Not Enough Evidence
P0169,P0169_T2,P0169_T2_3,3,condition_removed,Not Enough Evidence,Not Enough Evidence
P0169,P0169_T2,P0169_T2_4,4,supported,Supported,Not Supported
P0169,P0169_T2,P0169_T2_5,5,condition_contradicted,Not Supported,Not Supported
P0170,P0170_T1,P0170_T1_1,1,relation_contradicted,Not Supported,Not Supported
P0170,P0170_T1,P0170_T1_2,2,condition_replaced,Not Enough Evidence,Not Enough Evidence
P0170,P0170_T1,P0170_T1_3,3,condition_removed,Not Enough Evidence,Not Enough Evidence
P0170,P0170_T1,P0170_T1_4,4,supported,Supported,Supported
P0170,P0170_T1,P0170_T1_5,5,condition_contradicted,Not Supported,Not Supported
P0170,P0170_T2,P0170_T2_1,1,relation_contradicted,Not Supported,Not Supported
P0170,P0170_T2,P0170_T2_2,2,condition_replaced,Not Enough Evidence,Not Enough Evidence
P0170,P0170_T2,P0170_T2_3,3,condition_removed,Not Enough Evidence,Not Enough Evidence
P0170,P0170_T2,P0170_T2_4,4,supported,Supported,Supported
P0170,P0170_T2,P0170_T2_5,5,condition_contradicted,Not Supported,Not Supported
P0170,P0170_T3,P0170_T3_1,1,relation_contradicted,Not Supported,Not Supported
P0170,P0170_T3,P0170_T3_2,2,condition_replaced,Not Enough Evidence,Not Enough Evidence
P0170,P0170_T3,P0170_T3_3,3,condition_removed,Not Enough Evidence,Not Enough Evidence
P0170,P0170_T3,P0170_T3_4,4,supported,Supported,Supported
P0170,P0170_T3,P0170_T3_5,5,condition_contradicted,Not Supported,Not Supported
P0170,P0170_T4,P0170_T4_1,1,relation_contradicted,Not Supported,Not Supported
P0170,P0170_T4,P0170_T4_2,2,condition_replaced,Not Enough Evidence,Not Enough Evidence
P0170,P0170_T4,P0170_T4_3,3,condition_removed,Not Enough Evidence,Not Enough Evidence
P0170,P0170_T4,P0170_T4_4,4,supported,Supported,Supported
P0170,P0170_T4,P0170_T4_5,5,condition_contradicted,Not Supported,Not Supported
P0170,P0170_T5,P0170_T5_1,1,relation_contradicted,Not Supported,Not Supported
P0170,P0170_T5,P0170_T5_2,2,condition_replaced,Not Enough Evidence,Not Enough Evidence
P0170,P0170_T5,P0170_T5_3,3,condition_removed,Not Enough Evidence,Not Enough Evidence
P0170,P0170_T5,P0170_T5_4,4,supported,Supported,Supported
P0170,P0170_T5,P0170_T5_5,5,condition_contradicted,Not Supported,Not Supported
P0402,P0402_T4,P0402_T4_1,1,relation_contradicted,Not Supported,Not Supported
P0402,P0402_T4,P0402_T4_2,2,condition_replaced,Not Enough Evidence,Not Supported
P0402,P0402_T4,P0402_T4_3,3,condition_removed,Not Enough Evidence,Not Supported
P0402,P0402_T4,P0402_T4_4,4,supported,Supported,Not Supported
P0402,P0402_T4,P0402_T4_5,5,condition_contradicted,Not Supported,Not Supported
P0403,P0403_T1,P0403_T1_1,1,relation_contradicted,Not Supported,Not Supported
P0403,P0403_T1,P0403_T1_2,2,condition_replaced,Not Enough Evidence,Not Supported
P0403,P0403_T1,P0403_T1_3,3,condition_removed,Not Enough Evidence,Not Supported
P0403,P0403_T1,P0403_T1_4,4,supported,Supported,Not Supported
P0403,P0403_T1,P0403_T1_5,5,condition_contradicted,Not Supported,Not Supported
P0403,P0403_T2,P0403_T2_1,1,relation_contradicted,Not Supported,Not Supported
P0403,P0403_T2,P0403_T2_2,2,condition_replaced,Not Enough Evidence,Not Supported
P0403,P0403_T2,P0403_T2_3,3,condition_removed,Not Enough Evidence,Not Supported
P0403,P0403_T2,P0403_T2_4,4,supported,Supported,Not Supported
P0403,P0403_T2,P0403_T2_5,5,condition_contradicted,Not Supported,Not Supported
P0403,P0403_T3,P0403_T3_1,1,relation_contradicted,Not Supported,Not Supported
P0403,P0403_T3,P0403_T3_2,2,condition_replaced,Not Enough Evidence,Not Supported
P0403,P0403_T3,P0403_T3_3,3,condition_removed,Not Enough Evidence,Not Supported
P0403,P0403_T3,P0403_T3_4,4,supported,Supported,Not Supported
P0403,P0403_T3,P0403_T3_5,5,condition_contradicted,Not Supported,Not Supported
P0404,P0404_T2,P0404_T2_1,1,relation_contradicted,Not Supported,Not Supported
P0404,P0404_T2,P0404_T2_2,2,condition_replaced,Not Enough Evidence,Not Enough Evidence
P0404,P0404_T2,P0404_T2_3,3,condition_removed,Not Enough Evidence,Not Enough Evidence
P0404,P0404_T2,P0404_T2_4,4,supported,Supported,Supported
P0404,P0404_T2,P0404_T2_5,5,condition_contradicted,Not Supported,Not Supported
P0405,P0405_T1,P0405_T1_1,1,relation_contradicted,Not Supported,Not Supported
P0405,P0405_T1,P0405_T1_2,2,condition_replaced,Not Enough Evidence,Not Supported
P0405,P0405_T1,P0405_T1_3,3,condition_removed,Not Enough Evidence,Not Supported
P0405,P0405_T1,P0405_T1_4,4,supported,Supported,Not Supported
P0405,P0405_T1,P0405_T1_5,5,condition_contradicted,Not Supported,Not Supported
P0406,P0406_T1,P0406_T1_1,1,relation_contradicted,Not Supported,Not Supported
P0406,P0406_T1,P0406_T1_2,2,condition_replaced,Not Enough Evidence,Not Supported
P0406,P0406_T1,P0406_T1_3,3,condition_removed,Not Enough Evidence,Not Supported
P0406,P0406_T1,P0406_T1_4,4,supported,Supported,Not Supported
P0406,P0406_T1,P0406_T1_5,5,condition_contradicted,Not Supported,Not Supported
P0406,P0406_T2,P0406_T2_1,1,relation_contradicted,Not Supported,Not Supported
P0406,P0406_T2,P0406_T2_2,2,condition_replaced,Not Enough Evidence,Not Supported
P0406,P0406_T2,P0406_T2_3,3,condition_removed,Not Enough Evidence,Not Supported
P0406,P0406_T2,P0406_T2_4,4,supported,Supported,Not Supported
P0406,P0406_T2,P0406_T2_5,5,condition_contradicted,Not Supported,Not Supported
P0066,P0066_T1,P0066_T1_1,1,relation_contradicted,Not Supported,Not Supported
P0066,P0066_T1,P0066_T1_2,2,condition_replaced,Not Enough Evidence,Not Supported
P0066,P0066_T1,P0066_T1_3,3,condition_removed,Not Enough Evidence,Not Supported
P0066,P0066_T1,P0066_T1_5,5,condition_contradicted,Not Supported,Not Supported
P0066,P0066_T2,P0066_T2_1,1,relation_contradicted,Not Supported,Not Supported
P0066,P0066_T2,P0066_T2_2,2,condition_replaced,Not Enough Evidence,Not Supported
P0066,P0066_T2,P0066_T2_3,3,condition_removed,Not Enough Evidence,Not Supported
P0066,P0066_T2,P0066_T2_5,5,condition_contradicted,Not Supported,Not Supported
P0067,P0067_T1,P0067_T1_1,1,relation_contradicted,Not Supported,Not Supported
P0067,P0067_T1,P0067_T1_2,2,condition_replaced,Not Enough Evidence,Not Enough Evidence
P0067,P0067_T1,P0067_T1_3,3,condition_removed,Not Enough Evidence,Not Enough Evidence
P0067,P0067_T1,P0067_T1_5,5,condition_contradicted,Not Supported,Not Supported
P0068,P0068_T1,P0068_T1_1,1,relation_contradicted,Not Supported,Not Supported
P0068,P0068_T1,P0068_T1_2,2,condition_replaced,Not Enough Evidence,Not Supported
P0068,P0068_T1,P0068_T1_3,3,condition_removed,Not Enough Evidence,Not Supported
P0068,P0068_T1,P0068_T1_4,4,supported,Supported,Not Supported
P0068,P0068_T1,P0068_T1_5,5,condition_contradicted,Not Supported,Not Supported
P0068,P0068_T2,P0068_T2_1,1,relation_contradicted,Not Supported,Not Supported
P0068,P0068_T2,P0068_T2_2,2,condition_replaced,Not Enough Evidence,Not Supported
P0068,P0068_T2,P0068_T2_3,3,condition_removed,Not Enough Evidence,Not Supported
P0068,P0068_T2,P0068_T2_4,4,supported,Supported,Not Supported
P0068,P0068_T2,P0068_T2_5,5,condition_contradicted,Not Supported,Not Supported
P0068,P0068_T3,P0068_T3_1,1,relation_contradicted,Not Supported,Not Supported
P0068,P0068_T3,P0068_T3_2,2,condition_replaced,Not Enough Evidence,Not Supported
P0068,P0068_T3,P0068_T3_3,3,condition_removed,Not Enough Evidence,Not Supported
P0068,P0068_T3,P0068_T3_4,4,supported,Supported,Not Supported
P0068,P0068_T3,P0068_T3_5,5,condition_contradicted,Not Supported,Not Supported
P0068,P0068_T4,P0068_T4_1,1,relation_contradicted,Not Supported,Not Supported
P0068,P0068_T4,P0068_T4_2,2,condition_replaced,Not Enough Evidence,Not Supported
P0068,P0068_T4,P0068_T4_3,3,condition_removed,Not Enough Evidence,Not Supported
P0068,P0068_T4,P0068_T4_4,4,supported,Supported,Not Supported
P0068,P0068_T4,P0068_T4_5,5,condition_contradicted,Not Supported,Not Supported
P0068,P0068_T5,P0068_T5_1,1,relation_contradicted,Not Supported,Not Supported
P0068,P0068_T5,P0068_T5_2,2,condition_replaced,Not Enough Evidence,Not Supported
P0068,P0068_T5,P0068_T5_3,3,condition_removed,Not Enough Evidence,Not Supported
P0068,P0068_T5,P0068_T5_4,4,supported,Supported,Not Supported
P0068,P0068_T5,P0068_T5_5,5,condition_contradicted,Not Supported,Not Supported
P0068,P0068_T6,P0068_T6_1,1,relation_contradicted,Not Supported,Not Supported
P0068,P0068_T6,P0068_T6_2,2,condition_replaced,Not Enough Evidence,Not Supported
P0068,P0068_T6,P0068_T6_3,3,condition_removed,Not Enough Evidence,Not Supported
P0068,P0068_T6,P0068_T6_4,4,supported,Supported,Not Supported
P0068,P0068_T6,P0068_T6_5,5,condition_contradicted,Not Supported,Not Supported
P0068,P0068_T7,P0068_T7_1,1,relation_contradicted,Not Supported,Not Supported
P0068,P0068_T7,P0068_T7_2,2,condition_replaced,Not Enough Evidence,Not Supported
P0068,P0068_T7,P0068_T7_3,3,condition_removed,Not Enough Evidence,Not Supported
P0068,P0068_T7,P0068_T7_4,4,supported,Supported,Not Supported
P0068,P0068_T7,P0068_T7_5,5,condition_contradicted,Not Supported,Not Supported
P0271,P0271_T1,P0271_T1_1,1,relation_contradicted,Not Supported,Not Supported
P0271,P0271_T1,P0271_T1_2,2,condition_replaced,Not Enough Evidence,Not Supported
P0271,P0271_T1,P0271_T1_3,3,condition_removed,Not Enough Evidence,Not Enough Evidence
P0271,P0271_T1,P0271_T1_4,4,supported,Supported,Not Supported
P0271,P0271_T1,P0271_T1_5,5,condition_contradicted,Not Supported,Not Supported
P0271,P0271_T2,P0271_T2_1,1,relation_contradicted,Not Supported,Not Supported
P0271,P0271_T2,P0271_T2_2,2,condition_replaced,Not Enough Evidence,Not Supported
P0271,P0271_T2,P0271_T2_3,3,condition_removed,Not Enough Evidence,Not Supported
P0271,P0271_T2,P0271_T2_4,4,supported,Supported,Not Supported
P0271,P0271_T2,P0271_T2_5,5,condition_contradicted,Not Supported,Not Supported
P0271,P0271_T3,P0271_T3_1,1,relation_contradicted,Not Supported,Not Supported
P0271,P0271_T3,P0271_T3_2,2,condition_replaced,Not Enough Evidence,Not Enough Evidence
P0271,P0271_T3,P0271_T3_3,3,condition_removed,Not Enough Evidence,Not Enough Evidence
P0271,P0271_T3,P0271_T3_4,4,supported,Supported,Not Supported
P0271,P0271_T3,P0271_T3_5,5,condition_contradicted,Not Supported,Not Supported
P0271,P0271_T4,P0271_T4_1,1,relation_contradicted,Not Supported,Not Supported
P0271,P0271_T4,P0271_T4_2,2,condition_replaced,Not Enough Evidence,Not Enough Evidence
P0271,P0271_T4,P0271_T4_3,3,condition_removed,Not Enough Evidence,Not Supported
P0271,P0271_T4,P0271_T4_4,4,supported,Supported,Not Supported
P0271,P0271_T4,P0271_T4_5,5,condition_contradicted,Not Supported,Not Supported
P0271,P0271_T5,P0271_T5_1,1,relation_contradicted,Not Supported,Not Supported
P0271,P0271_T5,P0271_T5_2,2,condition_replaced,Not Enough Evidence,Not Supported
P0271,P0271_T5,P0271_T5_3,3,condition_removed,Not Enough Evidence,Not Enough Evidence
P0271,P0271_T5,P0271_T5_4,4,supported,Supported,Not Supported
P0271,P0271_T5,P0271_T5_5,5,condition_contradicted,Not Supported,Not Supported
P0271,P0271_T6,P0271_T6_1,1,relation_contradicted,Not Supported,Not Supported
P0271,P0271_T6,P0271_T6_2,2,condition_replaced,Not Enough Evidence,Not Supported
P0271,P0271_T6,P0271_T6_3,3,condition_removed,Not Enough Evidence,Not Enough Evidence
P0271,P0271_T6,P0271_T6_4,4,supported,Supported,Not Supported
P0271,P0271_T6,P0271_T6_5,5,condition_contradicted,Not Supported,Not Supported
P0271,P0271_T7,P0271_T7_1,1,relation_contradicted,Not Supported,Not Supported
P0271,P0271_T7,P0271_T7_2,2,condition_replaced,Not Enough Evidence,Not Supported
P0271,P0271_T7,P0271_T7_3,3,condition_removed,Not Enough Evidence,Not Enough Evidence
P0271,P0271_T7,P0271_T7_4,4,supported,Supported,Not Supported
P0271,P0271_T7,P0271_T7_5,5,condition_contradicted,Not Supported,Not Supported
P0271,P0271_T8,P0271_T8_1,1,relation_contradicted,Not Supported,Not Supported
P0271,P0271_T8,P0271_T8_2,2,condition_replaced,Not Enough Evidence,Not Supported
P0271,P0271_T8,P0271_T8_3,3,condition_removed,Not Enough Evidence,Not Supported
P0271,P0271_T8,P0271_T8_4,4,supported,Supported,Not Supported
P0271,P0271_T8,P0271_T8_5,5,condition_contradicted,Not Supported,Not Supported
P0272,P0272_T1,P0272_T1_1,1,relation_contradicted,Not Supported,Not Supported
P0272,P0272_T1,P0272_T1_2,2,condition_replaced,Not Enough Evidence,Not Enough Evidence
P0272,P0272_T1,P0272_T1_3,3,condition_removed,Not Enough Evidence,Not Enough Evidence
P0272,P0272_T1,P0272_T1_4,4,supported,Supported,Not Supported
P0272,P0272_T1,P0272_T1_5,5,condition_contradicted,Not Supported,Not Supported
P0272,P0272_T2,P0272_T2_1,1,relation_contradicted,Not Supported,Not Supported
P0272,P0272_T2,P0272_T2_2,2,condition_replaced,Not Enough Evidence,Not Enough Evidence
P0272,P0272_T2,P0272_T2_3,3,condition_removed,Not Enough Evidence,Not Enough Evidence
P0272,P0272_T2,P0272_T2_4,4,supported,Supported,Not Supported
P0272,P0272_T2,P0272_T2_5,5,condition_contradicted,Not Supported,Not Supported
P0574,P0574_T1,P0574_T1_1,1,relation_contradicted,Not Supported,Not Supported
P0574,P0574_T1,P0574_T1_2,2,condition_replaced,Not Enough Evidence,Not Supported
P0574,P0574_T1,P0574_T1_3,3,condition_removed,Not Enough Evidence,Not Enough Evidence
P0574,P0574_T1,P0574_T1_4,4,supported,Supported,Supported
P0574,P0574_T1,P0574_T1_5,5,condition_contradicted,Not Supported,Not Supported
P0575,P0575_T1,P0575_T1_1,1,relation_contradicted,Not Supported,Not Supported
P0575,P0575_T1,P0575_T1_2,2,condition_replaced,Not Enough Evidence,Not Supported
P0575,P0575_T1,P0575_T1_3,3,condition_removed,Not Enough Evidence,Not Enough Evidence
P0575,P0575_T1,P0575_T1_4,4,supported,Supported,Supported
P0575,P0575_T1,P0575_T1_5,5,condition_contradicted,Not Supported,Not Supported
P0576,P0576_T1,P0576_T1_1,1,relation_contradicted,Not Supported,Not Supported
P0576,P0576_T1,P0576_T1_2,2,condition_replaced,Not Enough Evidence,Not Enough Evidence
P0576,P0576_T1,P0576_T1_3,3,condition_removed,Not Enough Evidence,Not Enough Evidence
P0576,P0576_T1,P0576_T1_4,4,supported,Supported,Not Supported
P0576,P0576_T1,P0576_T1_5,5,condition_contradicted,Not Supported,Not Supported
P0577,P0577_T1,P0577_T1_1,1,relation_contradicted,Not Supported,Not Enough Evidence
P0577,P0577_T1,P0577_T1_2,2,condition_replaced,Not Enough Evidence,Not Enough Evidence
P0577,P0577_T1,P0577_T1_3,3,condition_removed,Not Enough Evidence,Not Enough Evidence
P0577,P0577_T1,P0577_T1_4,4,supported,Supported,Supported
P0577,P0577_T1,P0577_T1_5,5,condition_contradicted,Not Supported,Not Supported
P0578,P0578_T1,P0578_T1_1,1,relation_contradicted,Not Supported,Not Supported
P0578,P0578_T1,P0578_T1_2,2,condition_replaced,Not Enough Evidence,Not Enough Evidence
P0578,P0578_T1,P0578_T1_3,3,condition_removed,Not Enough Evidence,Not Enough Evidence
P0578,P0578_T1,P0578_T1_4,4,supported,Supported,Not Supported
P0578,P0578_T1,P0578_T1_5,5,condition_contradicted,Not Supported,Not Supported
P0579,P0579_T1,P0579_T1_1,1,relation_contradicted,Not Supported,Not Supported
P0579,P0579_T1,P0579_T1_2,2,condition_replaced,Not Enough Evidence,Not Enough Evidence
P0579,P0579_T1,P0579_T1_3,3,condition_removed,Not Enough Evidence,Not Enough Evidence
P0579,P0579_T1,P0579_T1_4,4,supported,Supported,Supported
P0579,P0579_T1,P0579_T1_5,5,condition_contradicted,Not Supported,Not Supported
P0580,P0580_T1,P0580_T1_1,1,relation_contradicted,Not Supported,Not Supported
P0580,P0580_T1,P0580_T1_2,2,condition_replaced,Not Enough Evidence,Not Supported
P0580,P0580_T1,P0580_T1_3,3,condition_removed,Not Enough Evidence,Not Enough Evidence
P0580,P0580_T1,P0580_T1_4,4,supported,Supported,Supported
P0580,P0580_T1,P0580_T1_5,5,condition_contradicted,Not Supported,Not Supported
P0581,P0581_T1,P0581_T1_1,1,relation_contradicted,Not Supported,Not Supported
P0581,P0581_T1,P0581_T1_2,2,condition_replaced,Not Enough Evidence,Not Enough Evidence
P0581,P0581_T1,P0581_T1_3,3,condition_removed,Not Enough Evidence,Not Enough Evidence
P0581,P0581_T1,P0581_T1_4,4,supported,Supported,Supported
P0581,P0581_T1,P0581_T1_5,5,condition_contradicted,Not Supported,Not Supported
P0582,P0582_T1,P0582_T1_1,1,relation_contradicted,Not Supported,Not Supported
P0582,P0582_T1,P0582_T1_2,2,condition_replaced,Not Enough Evidence,Not Enough Evidence
P0582,P0582_T1,P0582_T1_3,3,condition_removed,Not Enough Evidence,Not Enough Evidence
P0582,P0582_T1,P0582_T1_4,4,supported,Supported,Supported
P0582,P0582_T1,P0582_T1_5,5,condition_contradicted,Not Supported,Not Supported
P0583,P0583_T1,P0583_T1_1,1,relation_contradicted,Not Supported,Not Supported
P0583,P0583_T1,P0583_T1_2,2,condition_replaced,Not Enough Evidence,Not Enough Evidence
P0583,P0583_T1,P0583_T1_3,3,condition_removed,Not Enough Evidence,Not Enough Evidence
P0583,P0583_T1,P0583_T1_4,4,supported,Supported,Supported
P0583,P0583_T1,P0583_T1_5,5,condition_contradicted,Not Supported,Not Supported
P0406,P0406_T3,P0406_T3_1,1,relation_contradicted,Not Supported,Not Supported
P0406,P0406_T3,P0406_T3_2,2,condition_replaced,Not Enough Evidence,Not Supported
P0406,P0406_T3,P0406_T3_3,3,condition_removed,Not Enough Evidence,Not Supported
P0406,P0406_T3,P0406_T3_4,4,supported,Supported,Not Supported
P0406,P0406_T3,P0406_T3_5,5,condition_contradicted,Not Supported,Not Supported
P0406,P0406_T4,P0406_T4_1,1,relation_contradicted,Not Supported,Not Supported
P0406,P0406_T4,P0406_T4_2,2,condition_replaced,Not Enough Evidence,Not Supported
P0406,P0406_T4,P0406_T4_3,3,condition_removed,Not Enough Evidence,Not Supported
P0406,P0406_T4,P0406_T4_4,4,supported,Supported,Not Supported
P0406,P0406_T4,P0406_T4_5,5,condition_contradicted,Not Supported,Not Supported
P0407,P0407_T1,P0407_T1_1,1,relation_contradicted,Not Supported,Not Supported
P0407,P0407_T1,P0407_T1_2,2,condition_replaced,Not Enough Evidence,Not Supported
P0407,P0407_T1,P0407_T1_3,3,condition_removed,Not Enough Evidence,Not Enough Evidence
P0407,P0407_T1,P0407_T1_4,4,supported,Supported,Not Supported
P0407,P0407_T1,P0407_T1_5,5,condition_contradicted,Not Supported,Not Supported
P0407,P0407_T2,P0407_T2_1,1,relation_contradicted,Not Supported,Not Supported
P0407,P0407_T2,P0407_T2_2,2,condition_replaced,Not Enough Evidence,Not Supported
P0407,P0407_T2,P0407_T2_3,3,condition_removed,Not Enough Evidence,Not Supported
P0407,P0407_T2,P0407_T2_4,4,supported,Supported,Not Supported
P0407,P0407_T2,P0407_T2_5,5,condition_contradicted,Not Supported,Not Supported
P0408,P0408_T1,P0408_T1_1,1,relation_contradicted,Not Supported,Not Supported
P0408,P0408_T1,P0408_T1_2,2,condition_replaced,Not Enough Evidence,Not Supported
P0408,P0408_T1,P0408_T1_3,3,condition_removed,Not Enough Evidence,Not Enough Evidence
P0408,P0408_T1,P0408_T1_4,4,supported,Supported,Not Supported
P0408,P0408_T1,P0408_T1_5,5,condition_contradicted,Not Supported,Not Supported
P0408,P0408_T2,P0408_T2_1,1,relation_contradicted,Not Supported,Not Supported
P0408,P0408_T2,P0408_T2_2,2,condition_replaced,Not Enough Evidence,Not Enough Evidence
P0408,P0408_T2,P0408_T2_3,3,condition_removed,Not Enough Evidence,Not Enough Evidence
P0408,P0408_T2,P0408_T2_4,4,supported,Supported,Not Supported
P0408,P0408_T2,P0408_T2_5,5,condition_contradicted,Not Supported,Not Supported
P0409,P0409_T1,P0409_T1_1,1,relation_contradicted,Not Supported,Not Supported
P0409,P0409_T1,P0409_T1_2,2,condition_replaced,Not Enough Evidence,Not Supported
P0409,P0409_T1,P0409_T1_3,3,condition_removed,Not Enough Evidence,Not Enough Evidence
P0409,P0409_T1,P0409_T1_4,4,supported,Supported,Supported
P0409,P0409_T1,P0409_T1_5,5,condition_contradicted,Not Supported,Not Supported
P0409,P0409_T2,P0409_T2_1,1,relation_contradicted,Not Supported,Not Supported
P0409,P0409_T2,P0409_T2_2,2,condition_replaced,Not Enough Evidence,Not Supported
P0409,P0409_T2,P0409_T2_3,3,condition_removed,Not Enough Evidence,Not Enough Evidence
P0409,P0409_T2,P0409_T2_4,4,supported,Supported,Supported
P0409,P0409_T2,P0409_T2_5,5,condition_contradicted,Not Supported,Not Supported
P0170,P0170_T6,P0170_T6_1,1,relation_contradicted,Not Supported,Not Supported
P0170,P0170_T6,P0170_T6_2,2,condition_replaced,Not Enough Evidence,Not Enough Evidence
P0170,P0170_T6,P0170_T6_3,3,condition_removed,Not Enough Evidence,Not Enough Evidence
P0170,P0170_T6,P0170_T6_4,4,supported,Supported,Supported
P0170,P0170_T6,P0170_T6_5,5,condition_contradicted,Not Supported,Not Supported
P0171,P0171_T1,P0171_T1_1,1,relation_contradicted,Not Supported,Not Supported
P0171,P0171_T1,P0171_T1_2,2,condition_replaced,Not Enough Evidence,Not Enough Evidence
P0171,P0171_T1,P0171_T1_3,3,condition_removed,Not Enough Evidence,Not Enough Evidence
P0171,P0171_T1,P0171_T1_4,4,supported,Supported,Supported
P0171,P0171_T1,P0171_T1_5,5,condition_contradicted,Not Supported,Not Supported
P0171,P0171_T2,P0171_T2_1,1,relation_contradicted,Not Supported,Not Supported
P0171,P0171_T2,P0171_T2_2,2,condition_replaced,Not Enough Evidence,Not Enough Evidence
P0171,P0171_T2,P0171_T2_3,3,condition_removed,Not Enough Evidence,Not Enough Evidence
P0171,P0171_T2,P0171_T2_4,4,supported,Supported,Supported
P0171,P0171_T2,P0171_T2_5,5,condition_contradicted,Not Supported,Not Supported
P0172,P0172_T1,P0172_T1_1,1,relation_contradicted,Not Supported,Not Supported
P0172,P0172_T1,P0172_T1_2,2,condition_replaced,Not Enough Evidence,Not Enough Evidence
P0172,P0172_T1,P0172_T1_3,3,condition_removed,Not Enough Evidence,Not Supported
P0172,P0172_T1,P0172_T1_4,4,supported,Supported,Supported
P0172,P0172_T1,P0172_T1_5,5,condition_contradicted,Not Supported,Not Supported
P0172,P0172_T2,P0172_T2_1,1,relation_contradicted,Not Supported,Not Supported
P0172,P0172_T2,P0172_T2_2,2,condition_replaced,Not Enough Evidence,Not Enough Evidence
P0172,P0172_T2,P0172_T2_3,3,condition_removed,Not Enough Evidence,Not Enough Evidence
P0172,P0172_T2,P0172_T2_4,4,supported,Supported,Supported
P0172,P0172_T2,P0172_T2_5,5,condition_contradicted,Not Supported,Not Supported
P0172,P0172_T3,P0172_T3_1,1,relation_contradicted,Not Supported,Not Supported
P0172,P0172_T3,P0172_T3_2,2,condition_replaced,Not Enough Evidence,Not Enough Evidence
P0172,P0172_T3,P0172_T3_3,3,condition_removed,Not Enough Evidence,Not Enough Evidence
P0172,P0172_T3,P0172_T3_4,4,supported,Supported,Supported
P0172,P0172_T3,P0172_T3_5,5,condition_contradicted,Not Supported,Not Supported
P0173,P0173_T1,P0173_T1_1,1,relation_contradicted,Not Supported,Not Supported
P0173,P0173_T1,P0173_T1_2,2,condition_replaced,Not Enough Evidence,Not Enough Evidence
P0173,P0173_T1,P0173_T1_3,3,condition_removed,Not Enough Evidence,Not Enough Evidence
P0173,P0173_T1,P0173_T1_4,4,supported,Supported,Supported
P0173,P0173_T1,P0173_T1_5,5,condition_contradicted,Not Supported,Not Supported
P0173,P0173_T2,P0173_T2_1,1,relation_contradicted,Not Supported,Not Supported
P0173,P0173_T2,P0173_T2_2,2,condition_replaced,Not Enough Evidence,Not Enough Evidence
P0173,P0173_T2,P0173_T2_3,3,condition_removed,Not Enough Evidence,Not Enough Evidence
P0173,P0173_T2,P0173_T2_4,4,supported,Supported,Not Supported
P0173,P0173_T2,P0173_T2_5,5,condition_contradicted,Not Supported,Not Supported
P0173,P0173_T3,P0173_T3_1,1,relation_contradicted,Not Supported,Not Supported
P0173,P0173_T3,P0173_T3_2,2,condition_replaced,Not Enough Evidence,Not Enough Evidence
P0173,P0173_T3,P0173_T3_3,3,condition_removed,Not Enough Evidence,Not Enough Evidence
P0173,P0173_T3,P0173_T3_4,4,supported,Supported,Supported
P0173,P0173_T3,P0173_T3_5,5,condition_contradicted,Not Supported,Not Supported
P0174,P0174_T1,P0174_T1_1,1,relation_contradicted,Not Supported,Not Supported
P0174,P0174_T1,P0174_T1_2,2,condition_replaced,Not Enough Evidence,Not Supported
P0174,P0174_T1,P0174_T1_3,3,condition_removed,Not Enough Evidence,Not Supported
P0174,P0174_T1,P0174_T1_4,4,supported,Supported,Not Supported
P0174,P0174_T1,P0174_T1_5,5,condition_contradicted,Not Supported,Not Supported
P0069,P0069_T1,P0069_T1_1,1,relation_contradicted,Not Supported,Not Supported
P0069,P0069_T1,P0069_T1_2,2,condition_replaced,Not Enough Evidence,Not Supported
P0069,P0069_T1,P0069_T1_3,3,condition_removed,Not Enough Evidence,Not Supported
P0069,P0069_T1,P0069_T1_4,4,supported,Supported,Not Supported
P0069,P0069_T1,P0069_T1_5,5,condition_contradicted,Not Supported,Not Supported
P0069,P0069_T2,P0069_T2_1,1,relation_contradicted,Not Supported,Not Supported
P0069,P0069_T2,P0069_T2_2,2,condition_replaced,Not Enough Evidence,Not Supported
P0069,P0069_T2,P0069_T2_3,3,condition_removed,Not Enough Evidence,Not Supported
P0069,P0069_T2,P0069_T2_4,4,supported,Supported,Not Supported
P0069,P0069_T2,P0069_T2_5,5,condition_contradicted,Not Supported,Not Supported
P0069,P0069_T3,P0069_T3_1,1,relation_contradicted,Not Supported,Not Supported
P0069,P0069_T3,P0069_T3_2,2,condition_replaced,Not Enough Evidence,Not Supported
P0069,P0069_T3,P0069_T3_3,3,condition_removed,Not Enough Evidence,Not Supported
P0069,P0069_T3,P0069_T3_4,4,supported,Supported,Not Supported
P0069,P0069_T3,P0069_T3_5,5,condition_contradicted,Not Supported,Not Supported
P0069,P0069_T4,P0069_T4_1,1,relation_contradicted,Not Supported,Not Supported
P0069,P0069_T4,P0069_T4_2,2,condition_replaced,Not Enough Evidence,Not Supported
P0069,P0069_T4,P0069_T4_3,3,condition_removed,Not Enough Evidence,Not Supported
P0069,P0069_T4,P0069_T4_4,4,supported,Supported,Not Supported
P0069,P0069_T4,P0069_T4_5,5,condition_contradicted,Not Supported,Not Supported
P0069,P0069_T5,P0069_T5_1,1,relation_contradicted,Not Supported,Not Supported
P0069,P0069_T5,P0069_T5_2,2,condition_replaced,Not Enough Evidence,Not Supported
P0069,P0069_T5,P0069_T5_3,3,condition_removed,Not Enough Evidence,Not Supported
P0069,P0069_T5,P0069_T5_4,4,supported,Supported,Not Supported
P0069,P0069_T5,P0069_T5_5,5,condition_contradicted,Not Supported,Not Supported
P0070,P0070_T1,P0070_T1_1,1,relation_contradicted,Not Supported,Not Supported
P0070,P0070_T1,P0070_T1_2,2,condition_replaced,Not Enough Evidence,Not Supported
P0070,P0070_T1,P0070_T1_3,3,condition_removed,Not Enough Evidence,Not Supported
P0070,P0070_T1,P0070_T1_4,4,supported,Supported,Not Supported
P0070,P0070_T1,P0070_T1_5,5,condition_contradicted,Not Supported,Not Supported
P0071,P0071_T1,P0071_T1_1,1,relation_contradicted,Not Supported,Not Supported
P0071,P0071_T1,P0071_T1_2,2,condition_replaced,Not Enough Evidence,Not Supported
P0071,P0071_T1,P0071_T1_3,3,condition_removed,Not Enough Evidence,Not Supported
P0071,P0071_T1,P0071_T1_4,4,supported,Supported,Not Supported
P0071,P0071_T1,P0071_T1_5,5,condition_contradicted,Not Supported,Not Supported
P0071,P0071_T2,P0071_T2_1,1,relation_contradicted,Not Supported,Not Supported
P0071,P0071_T2,P0071_T2_2,2,condition_replaced,Not Enough Evidence,Not Supported
P0071,P0071_T2,P0071_T2_3,3,condition_removed,Not Enough Evidence,Not Supported
P0071,P0071_T2,P0071_T2_4,4,supported,Supported,Not Supported
P0071,P0071_T2,P0071_T2_5,5,condition_contradicted,Not Supported,Not Supported
P0071,P0071_T3,P0071_T3_1,1,relation_contradicted,Not Supported,Not Supported
P0071,P0071_T3,P0071_T3_2,2,condition_replaced,Not Enough Evidence,Not Supported
P0071,P0071_T3,P0071_T3_3,3,condition_removed,Not Enough Evidence,Not Supported
P0071,P0071_T3,P0071_T3_4,4,supported,Supported,Not Supported
P0071,P0071_T3,P0071_T3_5,5,condition_contradicted,Not Supported,Not Supported
P0071,P0071_T4,P0071_T4_1,1,relation_contradicted,Not Supported,Not Supported
P0071,P0071_T4,P0071_T4_2,2,condition_replaced,Not Enough Evidence,Not Supported
P0071,P0071_T4,P0071_T4_3,3,condition_removed,Not Enough Evidence,Not Supported
P0071,P0071_T4,P0071_T4_4,4,supported,Supported,Not Supported
P0071,P0071_T4,P0071_T4_5,5,condition_contradicted,Not Supported,Not Supported
P0272,P0272_T3,P0272_T3_1,1,relation_contradicted,Not Supported,Not Supported
P0272,P0272_T3,P0272_T3_2,2,condition_replaced,Not Enough Evidence,Not Enough Evidence
P0272,P0272_T3,P0272_T3_3,3,condition_removed,Not Enough Evidence,Not Enough Evidence
P0272,P0272_T3,P0272_T3_4,4,supported,Supported,Not Supported
P0272,P0272_T3,P0272_T3_5,5,condition_contradicted,Not Supported,Not Supported
P0272,P0272_T4,P0272_T4_1,1,relation_contradicted,Not Supported,Not Supported
P0272,P0272_T4,P0272_T4_2,2,condition_replaced,Not Enough Evidence,Not Enough Evidence
P0272,P0272_T4,P0272_T4_3,3,condition_removed,Not Enough Evidence,Not Enough Evidence
P0272,P0272_T4,P0272_T4_4,4,supported,Supported,Not Supported
P0272,P0272_T4,P0272_T4_5,5,condition_contradicted,Not Supported,Not Supported
P0272,P0272_T5,P0272_T5_1,1,relation_contradicted,Not Supported,Not Supported
P0272,P0272_T5,P0272_T5_2,2,condition_replaced,Not Enough Evidence,Not Supported
P0272,P0272_T5,P0272_T5_3,3,condition_removed,Not Enough Evidence,Not Supported
P0272,P0272_T5,P0272_T5_4,4,supported,Supported,Not Supported
P0272,P0272_T5,P0272_T5_5,5,condition_contradicted,Not Supported,Not Supported
P0272,P0272_T6,P0272_T6_1,1,relation_contradicted,Not Supported,Not Supported
P0272,P0272_T6,P0272_T6_2,2,condition_replaced,Not Enough Evidence,Not Enough Evidence
P0272,P0272_T6,P0272_T6_3,3,condition_removed,Not Enough Evidence,Not Enough Evidence
P0272,P0272_T6,P0272_T6_4,4,supported,Supported,Not Supported
P0272,P0272_T6,P0272_T6_5,5,condition_contradicted,Not Supported,Not Supported
P0273,P0273_T1,P0273_T1_1,1,relation_contradicted,Not Supported,Not Supported
P0273,P0273_T1,P0273_T1_2,2,condition_replaced,Not Enough Evidence,Not Supported
P0273,P0273_T1,P0273_T1_3,3,condition_removed,Not Enough Evidence,Not Supported
P0273,P0273_T1,P0273_T1_4,4,supported,Supported,Not Supported
P0273,P0273_T1,P0273_T1_5,5,condition_contradicted,Not Supported,Not Supported
P0273,P0273_T2,P0273_T2_1,1,relation_contradicted,Not Supported,Not Supported
P0273,P0273_T2,P0273_T2_2,2,condition_replaced,Not Enough Evidence,Not Supported
P0273,P0273_T2,P0273_T2_3,3,condition_removed,Not Enough Evidence,Not Supported
P0273,P0273_T2,P0273_T2_4,4,supported,Supported,Not Supported
P0273,P0273_T2,P0273_T2_5,5,condition_contradicted,Not Supported,Not Supported
P0273,P0273_T3,P0273_T3_1,1,relation_contradicted,Not Supported,Not Supported
P0273,P0273_T3,P0273_T3_2,2,condition_replaced,Not Enough Evidence,Not Supported
P0273,P0273_T3,P0273_T3_3,3,condition_removed,Not Enough Evidence,Not Supported
P0273,P0273_T3,P0273_T3_4,4,supported,Supported,Not Supported
P0273,P0273_T3,P0273_T3_5,5,condition_contradicted,Not Supported,Not Supported
P0273,P0273_T4,P0273_T4_1,1,relation_contradicted,Not Supported,Not Supported
P0273,P0273_T4,P0273_T4_2,2,condition_replaced,Not Enough Evidence,Not Supported
P0273,P0273_T4,P0273_T4_3,3,condition_removed,Not Enough Evidence,Not Supported
P0273,P0273_T4,P0273_T4_4,4,supported,Supported,Not Supported
P0273,P0273_T4,P0273_T4_5,5,condition_contradicted,Not Supported,Not Supported
P0273,P0273_T5,P0273_T5_1,1,relation_contradicted,Not Supported,Not Supported
P0273,P0273_T5,P0273_T5_2,2,condition_replaced,Not Enough Evidence,Not Supported
P0273,P0273_T5,P0273_T5_3,3,condition_removed,Not Enough Evidence,Not Supported
P0273,P0273_T5,P0273_T5_4,4,supported,Supported,Not Supported
P0273,P0273_T5,P0273_T5_5,5,condition_contradicted,Not Supported,Not Supported
P0273,P0273_T6,P0273_T6_1,1,relation_contradicted,Not Supported,Not Supported
P0273,P0273_T6,P0273_T6_2,2,condition_replaced,Not Enough Evidence,Not Supported
P0273,P0273_T6,P0273_T6_3,3,condition_removed,Not Enough Evidence,Not Supported
P0273,P0273_T6,P0273_T6_4,4,supported,Supported,Not Supported
P0273,P0273_T6,P0273_T6_5,5,condition_contradicted,Not Supported,Not Supported
P0584,P0584_T1,P0584_T1_1,1,relation_contradicted,Not Supported,Not Supported
P0584,P0584_T1,P0584_T1_2,2,condition_replaced,Not Enough Evidence,Not Enough Evidence
P0584,P0584_T1,P0584_T1_3,3,condition_removed,Not Enough Evidence,Not Enough Evidence
P0584,P0584_T1,P0584_T1_4,4,supported,Supported,Supported
P0584,P0584_T1,P0584_T1_5,5,condition_contradicted,Not Supported,Not Supported
P0585,P0585_T1,P0585_T1_1,1,relation_contradicted,Not Supported,Not Supported
P0585,P0585_T1,P0585_T1_2,2,condition_replaced,Not Enough Evidence,Not Enough Evidence
P0585,P0585_T1,P0585_T1_3,3,condition_removed,Not Enough Evidence,Not Enough Evidence
P0585,P0585_T1,P0585_T1_4,4,supported,Supported,Supported
P0585,P0585_T1,P0585_T1_5,5,condition_contradicted,Not Supported,Not Supported
P0585,P0585_T2,P0585_T2_1,1,relation_contradicted,Not Supported,Not Supported
P0585,P0585_T2,P0585_T2_2,2,condition_replaced,Not Enough Evidence,Not Enough Evidence
P0585,P0585_T2,P0585_T2_3,3,condition_removed,Not Enough Evidence,Not Enough Evidence
P0585,P0585_T2,P0585_T2_4,4,supported,Supported,Supported
P0585,P0585_T2,P0585_T2_5,5,condition_contradicted,Not Supported,Not Supported
P0586,P0586_T1,P0586_T1_1,1,relation_contradicted,Not Supported,Not Supported
P0586,P0586_T1,P0586_T1_2,2,condition_replaced,Not Enough Evidence,Not Enough Evidence
P0586,P0586_T1,P0586_T1_3,3,condition_removed,Not Enough Evidence,Not Enough Evidence
P0586,P0586_T1,P0586_T1_4,4,supported,Supported,Supported
P0586,P0586_T1,P0586_T1_5,5,condition_contradicted,Not Supported,Not Supported
P0587,P0587_T1,P0587_T1_1,1,relation_contradicted,Not Supported,Not Supported
P0587,P0587_T1,P0587_T1_2,2,condition_replaced,Not Enough Evidence,Not Enough Evidence
P0587,P0587_T1,P0587_T1_3,3,condition_removed,Not Enough Evidence,Not Enough Evidence
P0587,P0587_T1,P0587_T1_4,4,supported,Supported,Supported
P0587,P0587_T1,P0587_T1_5,5,condition_contradicted,Not Supported,Not Supported
P0588,P0588_T1,P0588_T1_1,1,relation_contradicted,Not Supported,Not Supported
P0588,P0588_T1,P0588_T1_2,2,condition_replaced,Not Enough Evidence,Not Enough Evidence
P0588,P0588_T1,P0588_T1_3,3,condition_removed,Not Enough Evidence,Not Enough Evidence
P0588,P0588_T1,P0588_T1_4,4,supported,Supported,Supported
P0588,P0588_T1,P0588_T1_5,5,condition_contradicted,Not Supported,Not Supported
P0589,P0589_T1,P0589_T1_1,1,relation_contradicted,Not Supported,Not Supported
P0589,P0589_T1,P0589_T1_2,2,condition_replaced,Not Enough Evidence,Not Enough Evidence
P0589,P0589_T1,P0589_T1_3,3,condition_removed,Not Enough Evidence,Not Enough Evidence
P0589,P0589_T1,P0589_T1_4,4,supported,Supported,Supported
P0589,P0589_T1,P0589_T1_5,5,condition_contradicted,Not Supported,Not Supported
P0590,P0590_T1,P0590_T1_1,1,relation_contradicted,Not Supported,Not Supported
P0590,P0590_T1,P0590_T1_2,2,condition_replaced,Not Enough Evidence,Not Supported
P0590,P0590_T1,P0590_T1_3,3,condition_removed,Not Enough Evidence,Not Enough Evidence
P0590,P0590_T1,P0590_T1_4,4,supported,Supported,Supported
P0590,P0590_T1,P0590_T1_5,5,condition_contradicted,Not Supported,Not Supported
P0591,P0591_T1,P0591_T1_1,1,relation_contradicted,Not Supported,Not Supported
P0591,P0591_T1,P0591_T1_2,2,condition_replaced,Not Enough Evidence,Not Enough Evidence
P0591,P0591_T1,P0591_T1_3,3,condition_removed,Not Enough Evidence,Not Enough Evidence
P0591,P0591_T1,P0591_T1_4,4,supported,Supported,Supported
P0591,P0591_T1,P0591_T1_5,5,condition_contradicted,Not Supported,Not Supported
P0592,P0592_T1,P0592_T1_1,1,relation_contradicted,Not Supported,Not Supported
P0592,P0592_T1,P0592_T1_2,2,condition_replaced,Not Enough Evidence,Not Enough Evidence
P0592,P0592_T1,P0592_T1_3,3,condition_removed,Not Enough Evidence,Not Enough Evidence
P0592,P0592_T1,P0592_T1_4,4,supported,Supported,Supported
P0592,P0592_T1,P0592_T1_5,5,condition_contradicted,Not Supported,Not Supported
P0410,P0410_T1,P0410_T1_1,1,relation_contradicted,Not Supported,Not Supported
P0410,P0410_T1,P0410_T1_2,2,condition_replaced,Not Enough Evidence,Not Supported
P0410,P0410_T1,P0410_T1_3,3,condition_removed,Not Enough Evidence,Not Supported
P0410,P0410_T1,P0410_T1_4,4,supported,Supported,Not Supported
P0410,P0410_T1,P0410_T1_5,5,condition_contradicted,Not Supported,Not Supported
P0410,P0410_T2,P0410_T2_1,1,relation_contradicted,Not Supported,Not Supported
P0410,P0410_T2,P0410_T2_2,2,condition_replaced,Not Enough Evidence,Not Supported
P0410,P0410_T2,P0410_T2_3,3,condition_removed,Not Enough Evidence,Not Supported
P0410,P0410_T2,P0410_T2_4,4,supported,Supported,Not Supported
P0410,P0410_T2,P0410_T2_5,5,condition_contradicted,Not Supported,Not Supported
P0410,P0410_T3,P0410_T3_1,1,relation_contradicted,Not Supported,Not Supported
P0410,P0410_T3,P0410_T3_2,2,condition_replaced,Not Enough Evidence,Not Supported
P0410,P0410_T3,P0410_T3_3,3,condition_removed,Not Enough Evidence,Not Supported
P0410,P0410_T3,P0410_T3_4,4,supported,Supported,Not Supported
P0410,P0410_T3,P0410_T3_5,5,condition_contradicted,Not Supported,Not Supported
P0411,P0411_T1,P0411_T1_1,1,relation_contradicted,Not Supported,Not Supported
P0411,P0411_T1,P0411_T1_2,2,condition_replaced,Not Enough Evidence,Not Enough Evidence
P0411,P0411_T1,P0411_T1_3,3,condition_removed,Not Enough Evidence,Not Enough Evidence
P0411,P0411_T1,P0411_T1_4,4,supported,Supported,Supported
P0411,P0411_T1,P0411_T1_5,5,condition_contradicted,Not Supported,Not Supported
P0411,P0411_T3,P0411_T3_1,1,relation_contradicted,Not Supported,Not Supported
P0411,P0411_T3,P0411_T3_2,2,condition_replaced,Not Enough Evidence,Not Enough Evidence
P0411,P0411_T3,P0411_T3_3,3,condition_removed,Not Enough Evidence,Not Enough Evidence
P0411,P0411_T3,P0411_T3_4,4,supported,Supported,Supported
P0411,P0411_T3,P0411_T3_5,5,condition_contradicted,Not Supported,Not Supported
P0411,P0411_T4,P0411_T4_1,1,relation_contradicted,Not Supported,Not Supported
P0411,P0411_T4,P0411_T4_2,2,condition_replaced,Not Enough Evidence,Not Enough Evidence
P0411,P0411_T4,P0411_T4_3,3,condition_removed,Not Enough Evidence,Not Enough Evidence
P0411,P0411_T4,P0411_T4_4,4,supported,Supported,Supported
P0411,P0411_T4,P0411_T4_5,5,condition_contradicted,Not Supported,Not Supported
P0412,P0412_T1,P0412_T1_1,1,relation_contradicted,Not Supported,Not Supported
P0412,P0412_T1,P0412_T1_2,2,condition_replaced,Not Enough Evidence,Not Supported
P0412,P0412_T1,P0412_T1_3,3,condition_removed,Not Enough Evidence,Not Supported
P0412,P0412_T1,P0412_T1_4,4,supported,Supported,Not Supported
P0412,P0412_T1,P0412_T1_5,5,condition_contradicted,Not Supported,Not Supported
P0412,P0412_T2,P0412_T2_1,1,relation_contradicted,Not Supported,Not Supported
P0412,P0412_T2,P0412_T2_2,2,condition_replaced,Not Enough Evidence,Not Supported
P0412,P0412_T2,P0412_T2_3,3,condition_removed,Not Enough Evidence,Not Supported
P0412,P0412_T2,P0412_T2_4,4,supported,Supported,Not Supported
P0412,P0412_T2,P0412_T2_5,5,condition_contradicted,Not Supported,Not Supported
P0412,P0412_T3,P0412_T3_1,1,relation_contradicted,Not Supported,Not Supported
P0412,P0412_T3,P0412_T3_2,2,condition_replaced,Not Enough Evidence,Not Supported
P0412,P0412_T3,P0412_T3_3,3,condition_removed,Not Enough Evidence,Not Supported
P0412,P0412_T3,P0412_T3_4,4,supported,Supported,Not Supported
P0412,P0412_T3,P0412_T3_5,5,condition_contradicted,Not Supported,Not Supported
P0174,P0174_T2,P0174_T2_1,1,relation_contradicted,Not Supported,Not Supported
P0174,P0174_T2,P0174_T2_2,2,condition_replaced,Not Enough Evidence,Not Supported
P0174,P0174_T2,P0174_T2_3,3,condition_removed,Not Enough Evidence,Not Supported
P0174,P0174_T2,P0174_T2_4,4,supported,Supported,Not Supported
P0174,P0174_T2,P0174_T2_5,5,condition_contradicted,Not Supported,Not Supported
P0174,P0174_T3,P0174_T3_1,1,relation_contradicted,Not Supported,Not Supported
P0174,P0174_T3,P0174_T3_2,2,condition_replaced,Not Enough Evidence,Not Supported
P0174,P0174_T3,P0174_T3_3,3,condition_removed,Not Enough Evidence,Not Supported
P0174,P0174_T3,P0174_T3_4,4,supported,Supported,Not Supported
P0174,P0174_T3,P0174_T3_5,5,condition_contradicted,Not Supported,Not Supported
P0174,P0174_T4,P0174_T4_1,1,relation_contradicted,Not Supported,Not Supported
P0174,P0174_T4,P0174_T4_2,2,condition_replaced,Not Enough Evidence,Not Supported
P0174,P0174_T4,P0174_T4_3,3,condition_removed,Not Enough Evidence,Not Supported
P0174,P0174_T4,P0174_T4_4,4,supported,Supported,Not Supported
P0174,P0174_T4,P0174_T4_5,5,condition_contradicted,Not Supported,Not Supported
P0174,P0174_T5,P0174_T5_1,1,relation_contradicted,Not Supported,Not Supported
P0174,P0174_T5,P0174_T5_2,2,condition_replaced,Not Enough Evidence,Not Supported
P0174,P0174_T5,P0174_T5_3,3,condition_removed,Not Enough Evidence,Not Supported
P0174,P0174_T5,P0174_T5_4,4,supported,Supported,Not Supported
P0174,P0174_T5,P0174_T5_5,5,condition_contradicted,Not Supported,Not Supported
P0174,P0174_T6,P0174_T6_1,1,relation_contradicted,Not Supported,Not Supported
P0174,P0174_T6,P0174_T6_2,2,condition_replaced,Not Enough Evidence,Not Supported
P0174,P0174_T6,P0174_T6_3,3,condition_removed,Not Enough Evidence,Not Supported
P0174,P0174_T6,P0174_T6_4,4,supported,Supported,Not Supported
P0174,P0174_T6,P0174_T6_5,5,condition_contradicted,Not Supported,Not Supported
P0175,P0175_T1,P0175_T1_1,1,relation_contradicted,Not Supported,Not Supported
P0175,P0175_T1,P0175_T1_2,2,condition_replaced,Not Enough Evidence,Not Supported
P0175,P0175_T1,P0175_T1_3,3,condition_removed,Not Enough Evidence,Not Supported
P0175,P0175_T1,P0175_T1_4,4,supported,Supported,Not Supported
P0175,P0175_T1,P0175_T1_5,5,condition_contradicted,Not Supported,Not Supported
P0175,P0175_T2,P0175_T2_1,1,relation_contradicted,Not Supported,Not Supported
P0175,P0175_T2,P0175_T2_2,2,condition_replaced,Not Enough Evidence,Not Supported
P0175,P0175_T2,P0175_T2_3,3,condition_removed,Not Enough Evidence,Not Supported
P0175,P0175_T2,P0175_T2_4,4,supported,Supported,Not Supported
P0175,P0175_T2,P0175_T2_5,5,condition_contradicted,Not Supported,Not Supported
P0175,P0175_T3,P0175_T3_1,1,relation_contradicted,Not Supported,Not Supported
P0175,P0175_T3,P0175_T3_2,2,condition_replaced,Not Enough Evidence,Not Supported
P0175,P0175_T3,P0175_T3_3,3,condition_removed,Not Enough Evidence,Not Supported
P0175,P0175_T3,P0175_T3_4,4,supported,Supported,Not Supported
P0175,P0175_T3,P0175_T3_5,5,condition_contradicted,Not Supported,Not Supported
P0176,P0176_T1,P0176_T1_1,1,relation_contradicted,Not Supported,Not Supported
P0176,P0176_T1,P0176_T1_2,2,condition_replaced,Not Enough Evidence,Not Supported
P0176,P0176_T1,P0176_T1_3,3,condition_removed,Not Enough Evidence,Not Supported
P0176,P0176_T1,P0176_T1_4,4,supported,Supported,Not Supported
P0176,P0176_T1,P0176_T1_5,5,condition_contradicted,Not Supported,Not Supported
P0176,P0176_T2,P0176_T2_1,1,relation_contradicted,Not Supported,Not Supported
P0176,P0176_T2,P0176_T2_2,2,condition_replaced,Not Enough Evidence,Not Supported
P0176,P0176_T2,P0176_T2_3,3,condition_removed,Not Enough Evidence,Not Supported
P0176,P0176_T2,P0176_T2_4,4,supported,Supported,Not Supported
P0176,P0176_T2,P0176_T2_5,5,condition_contradicted,Not Supported,Not Supported
P0071,P0071_T5,P0071_T5_1,1,relation_contradicted,Not Supported,Not Supported
P0071,P0071_T5,P0071_T5_2,2,condition_replaced,Not Enough Evidence,Not Supported
P0071,P0071_T5,P0071_T5_3,3,condition_removed,Not Enough Evidence,Not Supported
P0071,P0071_T5,P0071_T5_4,4,supported,Supported,Not Supported
P0071,P0071_T5,P0071_T5_5,5,condition_contradicted,Not Supported,Not Supported
P0071,P0071_T6,P0071_T6_1,1,relation_contradicted,Not Supported,Not Supported
P0071,P0071_T6,P0071_T6_2,2,condition_replaced,Not Enough Evidence,Not Supported
P0071,P0071_T6,P0071_T6_3,3,condition_removed,Not Enough Evidence,Not Supported
P0071,P0071_T6,P0071_T6_4,4,supported,Supported,Not Supported
P0071,P0071_T6,P0071_T6_5,5,condition_contradicted,Not Supported,Not Supported
P0072,P0072_T1,P0072_T1_1,1,relation_contradicted,Not Supported,Not Supported
P0072,P0072_T1,P0072_T1_2,2,condition_replaced,Not Enough Evidence,Not Enough Evidence
P0072,P0072_T1,P0072_T1_3,3,condition_removed,Not Enough Evidence,Not Enough Evidence
P0072,P0072_T1,P0072_T1_4,4,supported,Supported,Supported
P0072,P0072_T1,P0072_T1_5,5,condition_contradicted,Not Supported,Not Supported
P0072,P0072_T2,P0072_T2_1,1,relation_contradicted,Not Supported,Not Supported
P0072,P0072_T2,P0072_T2_2,2,condition_replaced,Not Enough Evidence,Not Enough Evidence
P0072,P0072_T2,P0072_T2_3,3,condition_removed,Not Enough Evidence,Not Enough Evidence
P0072,P0072_T2,P0072_T2_4,4,supported,Supported,Supported
P0072,P0072_T2,P0072_T2_5,5,condition_contradicted,Not Supported,Not Supported
P0072,P0072_T3,P0072_T3_1,1,relation_contradicted,Not Supported,Not Supported
P0072,P0072_T3,P0072_T3_2,2,condition_replaced,Not Enough Evidence,Not Enough Evidence
P0072,P0072_T3,P0072_T3_3,3,condition_removed,Not Enough Evidence,Not Enough Evidence
P0072,P0072_T3,P0072_T3_4,4,supported,Supported,Supported
P0072,P0072_T3,P0072_T3_5,5,condition_contradicted,Not Supported,Not Supported
P0072,P0072_T4,P0072_T4_1,1,relation_contradicted,Not Supported,Not Supported
P0072,P0072_T4,P0072_T4_2,2,condition_replaced,Not Enough Evidence,Not Enough Evidence
P0072,P0072_T4,P0072_T4_3,3,condition_removed,Not Enough Evidence,Not Supported
P0072,P0072_T4,P0072_T4_4,4,supported,Supported,Supported
P0072,P0072_T4,P0072_T4_5,5,condition_contradicted,Not Supported,Not Supported
P0072,P0072_T5,P0072_T5_1,1,relation_contradicted,Not Supported,Not Supported
P0072,P0072_T5,P0072_T5_2,2,condition_replaced,Not Enough Evidence,Not Enough Evidence
P0072,P0072_T5,P0072_T5_3,3,condition_removed,Not Enough Evidence,Not Enough Evidence
P0072,P0072_T5,P0072_T5_4,4,supported,Supported,Supported
P0072,P0072_T5,P0072_T5_5,5,condition_contradicted,Not Supported,Not Supported
P0073,P0073_T1,P0073_T1_1,1,relation_contradicted,Not Supported,Not Supported
P0073,P0073_T1,P0073_T1_2,2,condition_replaced,Not Enough Evidence,Not Supported
P0073,P0073_T1,P0073_T1_3,3,condition_removed,Not Enough Evidence,Not Supported
P0073,P0073_T1,P0073_T1_4,4,supported,Supported,Not Supported
P0073,P0073_T1,P0073_T1_5,5,condition_contradicted,Not Supported,Not Supported
P0073,P0073_T2,P0073_T2_1,1,relation_contradicted,Not Supported,Not Supported
P0073,P0073_T2,P0073_T2_2,2,condition_replaced,Not Enough Evidence,Not Supported
P0073,P0073_T2,P0073_T2_3,3,condition_removed,Not Enough Evidence,Not Supported
P0073,P0073_T2,P0073_T2_4,4,supported,Supported,Not Supported
P0073,P0073_T2,P0073_T2_5,5,condition_contradicted,Not Supported,Not Supported
P0073,P0073_T3,P0073_T3_1,1,relation_contradicted,Not Supported,Not Supported
P0073,P0073_T3,P0073_T3_2,2,condition_replaced,Not Enough Evidence,Not Supported
P0073,P0073_T3,P0073_T3_3,3,condition_removed,Not Enough Evidence,Not Supported
P0073,P0073_T3,P0073_T3_4,4,supported,Supported,Not Supported
P0073,P0073_T3,P0073_T3_5,5,condition_contradicted,Not Supported,Not Supported
P0273,P0273_T7,P0273_T7_1,1,relation_contradicted,Not Supported,Not Supported
P0273,P0273_T7,P0273_T7_2,2,condition_replaced,Not Enough Evidence,Not Supported
P0273,P0273_T7,P0273_T7_3,3,condition_removed,Not Enough Evidence,Not Supported
P0273,P0273_T7,P0273_T7_4,4,supported,Supported,Not Supported
P0273,P0273_T7,P0273_T7_5,5,condition_contradicted,Not Supported,Not Supported
P0273,P0273_T8,P0273_T8_1,1,relation_contradicted,Not Supported,Not Supported
P0273,P0273_T8,P0273_T8_2,2,condition_replaced,Not Enough Evidence,Not Supported
P0273,P0273_T8,P0273_T8_3,3,condition_removed,Not Enough Evidence,Not Supported
P0273,P0273_T8,P0273_T8_4,4,supported,Supported,Not Supported
P0273,P0273_T8,P0273_T8_5,5,condition_contradicted,Not Supported,Not Supported
P0273,P0273_T9,P0273_T9_1,1,relation_contradicted,Not Supported,Not Supported
P0273,P0273_T9,P0273_T9_2,2,condition_replaced,Not Enough Evidence,Not Supported
P0273,P0273_T9,P0273_T9_3,3,condition_removed,Not Enough Evidence,Not Supported
P0273,P0273_T9,P0273_T9_4,4,supported,Supported,Not Supported
P0273,P0273_T9,P0273_T9_5,5,condition_contradicted,Not Supported,Not Supported
P0273,P0273_T10,P0273_T10_1,1,relation_contradicted,Not Supported,Not Supported
P0273,P0273_T10,P0273_T10_2,2,condition_replaced,Not Enough Evidence,Not Supported
P0273,P0273_T10,P0273_T10_3,3,condition_removed,Not Enough Evidence,Not Supported
P0273,P0273_T10,P0273_T10_4,4,supported,Supported,Not Supported
P0273,P0273_T10,P0273_T10_5,5,condition_contradicted,Not Supported,Not Supported
P0273,P0273_T11,P0273_T11_1,1,relation_contradicted,Not Supported,Not Supported
P0273,P0273_T11,P0273_T11_2,2,condition_replaced,Not Enough Evidence,Not Supported
P0273,P0273_T11,P0273_T11_3,3,condition_removed,Not Enough Evidence,Not Supported
P0273,P0273_T11,P0273_T11_4,4,supported,Supported,Not Supported
P0273,P0273_T11,P0273_T11_5,5,condition_contradicted,Not Supported,Not Supported
P0273,P0273_T12,P0273_T12_1,1,relation_contradicted,Not Supported,Not Supported
P0273,P0273_T12,P0273_T12_2,2,condition_replaced,Not Enough Evidence,Not Supported
P0273,P0273_T12,P0273_T12_3,3,condition_removed,Not Enough Evidence,Not Supported
P0273,P0273_T12,P0273_T12_4,4,supported,Supported,Not Supported
P0273,P0273_T12,P0273_T12_5,5,condition_contradicted,Not Supported,Not Supported
P0274,P0274_T1,P0274_T1_1,1,relation_contradicted,Not Supported,Not Supported
P0274,P0274_T1,P0274_T1_2,2,condition_replaced,Not Enough Evidence,Not Enough Evidence
P0274,P0274_T1,P0274_T1_3,3,condition_removed,Not Enough Evidence,Not Enough Evidence
P0274,P0274_T1,P0274_T1_4,4,supported,Supported,Supported
P0274,P0274_T1,P0274_T1_5,5,condition_contradicted,Not Supported,Not Supported
P0274,P0274_T2,P0274_T2_1,1,relation_contradicted,Not Supported,Not Supported
P0274,P0274_T2,P0274_T2_2,2,condition_replaced,Not Enough Evidence,Not Enough Evidence
P0274,P0274_T2,P0274_T2_3,3,condition_removed,Not Enough Evidence,Not Enough Evidence
P0274,P0274_T2,P0274_T2_4,4,supported,Supported,Supported
P0274,P0274_T2,P0274_T2_5,5,condition_contradicted,Not Supported,Not Supported
P0274,P0274_T3,P0274_T3_1,1,relation_contradicted,Not Supported,Not Supported
P0274,P0274_T3,P0274_T3_2,2,condition_replaced,Not Enough Evidence,Not Enough Evidence
P0274,P0274_T3,P0274_T3_3,3,condition_removed,Not Enough Evidence,Not Enough Evidence
P0274,P0274_T3,P0274_T3_4,4,supported,Supported,Supported
P0274,P0274_T3,P0274_T3_5,5,condition_contradicted,Not Supported,Not Supported
P0274,P0274_T4,P0274_T4_1,1,relation_contradicted,Not Supported,Not Supported
P0274,P0274_T4,P0274_T4_2,2,condition_replaced,Not Enough Evidence,Not Enough Evidence
P0274,P0274_T4,P0274_T4_3,3,condition_removed,Not Enough Evidence,Not Enough Evidence
P0274,P0274_T4,P0274_T4_4,4,supported,Supported,Not Supported
P0274,P0274_T4,P0274_T4_5,5,condition_contradicted,Not Supported,Not Supported
P0593,P0593_T1,P0593_T1_1,1,relation_contradicted,Not Supported,Not Supported
P0593,P0593_T1,P0593_T1_2,2,condition_replaced,Not Enough Evidence,Not Supported
P0593,P0593_T1,P0593_T1_3,3,condition_removed,Not Enough Evidence,Not Enough Evidence
P0593,P0593_T1,P0593_T1_4,4,supported,Supported,Not Supported
P0593,P0593_T1,P0593_T1_5,5,condition_contradicted,Not Supported,Not Supported
P0594,P0594_T1,P0594_T1_1,1,relation_contradicted,Not Supported,Not Supported
P0594,P0594_T1,P0594_T1_2,2,condition_replaced,Not Enough Evidence,Not Supported
P0594,P0594_T1,P0594_T1_3,3,condition_removed,Not Enough Evidence,Not Enough Evidence
P0594,P0594_T1,P0594_T1_4,4,supported,Supported,Supported
P0594,P0594_T1,P0594_T1_5,5,condition_contradicted,Not Supported,Not Supported
P0595,P0595_T1,P0595_T1_1,1,relation_contradicted,Not Supported,Not Supported
P0595,P0595_T1,P0595_T1_2,2,condition_replaced,Not Enough Evidence,Not Enough Evidence
P0595,P0595_T1,P0595_T1_3,3,condition_removed,Not Enough Evidence,Not Enough Evidence
P0595,P0595_T1,P0595_T1_4,4,supported,Supported,Supported
P0595,P0595_T1,P0595_T1_5,5,condition_contradicted,Not Supported,Not Supported
P0596,P0596_T1,P0596_T1_1,1,relation_contradicted,Not Supported,Not Supported
P0596,P0596_T1,P0596_T1_2,2,condition_replaced,Not Enough Evidence,Not Enough Evidence
P0596,P0596_T1,P0596_T1_3,3,condition_removed,Not Enough Evidence,Not Enough Evidence
P0596,P0596_T1,P0596_T1_4,4,supported,Supported,Not Supported
P0596,P0596_T1,P0596_T1_5,5,condition_contradicted,Not Supported,Not Supported
P0597,P0597_T1,P0597_T1_1,1,relation_contradicted,Not Supported,Not Supported
P0597,P0597_T1,P0597_T1_2,2,condition_replaced,Not Enough Evidence,Not Enough Evidence
P0597,P0597_T1,P0597_T1_3,3,condition_removed,Not Enough Evidence,Not Enough Evidence
P0597,P0597_T1,P0597_T1_4,4,supported,Supported,Not Supported
P0597,P0597_T1,P0597_T1_5,5,condition_contradicted,Not Supported,Not Supported
P0598,P0598_T1,P0598_T1_1,1,relation_contradicted,Not Supported,Not Supported
P0598,P0598_T1,P0598_T1_2,2,condition_replaced,Not Enough Evidence,Not Enough Evidence
P0598,P0598_T1,P0598_T1_3,3,condition_removed,Not Enough Evidence,Not Enough Evidence
P0598,P0598_T1,P0598_T1_4,4,supported,Supported,Supported
P0598,P0598_T1,P0598_T1_5,5,condition_contradicted,Not Supported,Not Supported
P0599,P0599_T1,P0599_T1_1,1,relation_contradicted,Not Supported,Not Supported
P0599,P0599_T1,P0599_T1_2,2,condition_replaced,Not Enough Evidence,Not Supported
P0599,P0599_T1,P0599_T1_3,3,condition_removed,Not Enough Evidence,Not Supported
P0599,P0599_T1,P0599_T1_4,4,supported,Supported,Not Supported
P0599,P0599_T1,P0599_T1_5,5,condition_contradicted,Not Supported,Not Supported
P0599,P0599_T2,P0599_T2_1,1,relation_contradicted,Not Supported,Not Supported
P0599,P0599_T2,P0599_T2_2,2,condition_replaced,Not Enough Evidence,Not Supported
P0599,P0599_T2,P0599_T2_3,3,condition_removed,Not Enough Evidence,Not Supported
P0599,P0599_T2,P0599_T2_4,4,supported,Supported,Not Supported
P0599,P0599_T2,P0599_T2_5,5,condition_contradicted,Not Supported,Not Supported
P0600,P0600_T1,P0600_T1_1,1,relation_contradicted,Not Supported,Not Supported
P0600,P0600_T1,P0600_T1_2,2,condition_replaced,Not Enough Evidence,Not Enough Evidence
P0600,P0600_T1,P0600_T1_3,3,condition_removed,Not Enough Evidence,Not Enough Evidence
P0600,P0600_T1,P0600_T1_4,4,supported,Supported,Supported
P0600,P0600_T1,P0600_T1_5,5,condition_contradicted,Not Supported,Not Supported
P0601,P0601_T1,P0601_T1_1,1,relation_contradicted,Not Supported,Not Supported
P0601,P0601_T1,P0601_T1_2,2,condition_replaced,Not Enough Evidence,Not Enough Evidence
P0601,P0601_T1,P0601_T1_3,3,condition_removed,Not Enough Evidence,Not Enough Evidence
P0601,P0601_T1,P0601_T1_4,4,supported,Supported,Not Supported
P0601,P0601_T1,P0601_T1_5,5,condition_contradicted,Not Supported,Not Supported
P0412,P0412_T5,P0412_T5_1,1,relation_contradicted,Not Supported,Not Supported
P0412,P0412_T5,P0412_T5_2,2,condition_replaced,Not Enough Evidence,Not Supported
P0412,P0412_T5,P0412_T5_3,3,condition_removed,Not Enough Evidence,Not Supported
P0412,P0412_T5,P0412_T5_4,4,supported,Supported,Not Supported
P0412,P0412_T5,P0412_T5_5,5,condition_contradicted,Not Supported,Not Supported
P0413,P0413_T1,P0413_T1_1,1,relation_contradicted,Not Supported,Not Supported
P0413,P0413_T1,P0413_T1_2,2,condition_replaced,Not Enough Evidence,Not Supported
P0413,P0413_T1,P0413_T1_3,3,condition_removed,Not Enough Evidence,Not Supported
P0413,P0413_T1,P0413_T1_4,4,supported,Supported,Not Supported
P0413,P0413_T1,P0413_T1_5,5,condition_contradicted,Not Supported,Not Supported
P0413,P0413_T2,P0413_T2_1,1,relation_contradicted,Not Supported,Not Supported
P0413,P0413_T2,P0413_T2_2,2,condition_replaced,Not Enough Evidence,Not Supported
P0413,P0413_T2,P0413_T2_3,3,condition_removed,Not Enough Evidence,Not Supported
P0413,P0413_T2,P0413_T2_4,4,supported,Supported,Not Supported
P0413,P0413_T2,P0413_T2_5,5,condition_contradicted,Not Supported,Not Supported
P0414,P0414_T1,P0414_T1_1,1,relation_contradicted,Not Supported,Not Supported
P0414,P0414_T1,P0414_T1_2,2,condition_replaced,Not Enough Evidence,Not Supported
P0414,P0414_T1,P0414_T1_3,3,condition_removed,Not Enough Evidence,Not Supported
P0414,P0414_T1,P0414_T1_4,4,supported,Supported,Not Supported
P0414,P0414_T1,P0414_T1_5,5,condition_contradicted,Not Supported,Not Supported
P0414,P0414_T2,P0414_T2_1,1,relation_contradicted,Not Supported,Not Supported
P0414,P0414_T2,P0414_T2_2,2,condition_replaced,Not Enough Evidence,Not Supported
P0414,P0414_T2,P0414_T2_3,3,condition_removed,Not Enough Evidence,Not Supported
P0414,P0414_T2,P0414_T2_4,4,supported,Supported,Not Supported
P0414,P0414_T2,P0414_T2_5,5,condition_contradicted,Not Supported,Not Supported
P0414,P0414_T3,P0414_T3_1,1,relation_contradicted,Not Supported,Not Supported
P0414,P0414_T3,P0414_T3_2,2,condition_replaced,Not Enough Evidence,Not Supported
P0414,P0414_T3,P0414_T3_3,3,condition_removed,Not Enough Evidence,Not Supported
P0414,P0414_T3,P0414_T3_4,4,supported,Supported,Not Supported
P0414,P0414_T3,P0414_T3_5,5,condition_contradicted,Not Supported,Not Supported
P0415,P0415_T1,P0415_T1_1,1,relation_contradicted,Not Supported,Not Supported
P0415,P0415_T1,P0415_T1_2,2,condition_replaced,Not Enough Evidence,Not Supported
P0415,P0415_T1,P0415_T1_3,3,condition_removed,Not Enough Evidence,Not Supported
P0415,P0415_T1,P0415_T1_4,4,supported,Supported,Not Supported
P0415,P0415_T1,P0415_T1_5,5,condition_contradicted,Not Supported,Not Supported
P0415,P0415_T2,P0415_T2_1,1,relation_contradicted,Not Supported,Not Supported
P0415,P0415_T2,P0415_T2_2,2,condition_replaced,Not Enough Evidence,Not Supported
P0415,P0415_T2,P0415_T2_3,3,condition_removed,Not Enough Evidence,Not Supported
P0415,P0415_T2,P0415_T2_4,4,supported,Supported,Not Supported
P0415,P0415_T2,P0415_T2_5,5,condition_contradicted,Not Supported,Not Supported
P0177,P0177_T1,P0177_T1_1,1,relation_contradicted,Not Supported,Not Supported
P0177,P0177_T1,P0177_T1_2,2,condition_replaced,Not Enough Evidence,Not Enough Evidence
P0177,P0177_T1,P0177_T1_3,3,condition_removed,Not Enough Evidence,Not Enough Evidence
P0177,P0177_T1,P0177_T1_4,4,supported,Supported,Not Supported
P0177,P0177_T1,P0177_T1_5,5,condition_contradicted,Not Supported,Not Supported
P0177,P0177_T2,P0177_T2_1,1,relation_contradicted,Not Supported,Not Supported
P0177,P0177_T2,P0177_T2_2,2,condition_replaced,Not Enough Evidence,Not Enough Evidence
P0177,P0177_T2,P0177_T2_3,3,condition_removed,Not Enough Evidence,Not Enough Evidence
P0177,P0177_T2,P0177_T2_4,4,supported,Supported,Supported
P0177,P0177_T2,P0177_T2_5,5,condition_contradicted,Not Supported,Not Supported
P0178,P0178_T1,P0178_T1_1,1,relation_contradicted,Not Supported,Not Supported
P0178,P0178_T1,P0178_T1_2,2,condition_replaced,Not Enough Evidence,Not Enough Evidence
P0178,P0178_T1,P0178_T1_3,3,condition_removed,Not Enough Evidence,Not Enough Evidence
P0178,P0178_T1,P0178_T1_4,4,supported,Supported,Not Supported
P0178,P0178_T1,P0178_T1_5,5,condition_contradicted,Not Supported,Not Supported
P0178,P0178_T2,P0178_T2_1,1,relation_contradicted,Not Supported,Not Supported
P0178,P0178_T2,P0178_T2_2,2,condition_replaced,Not Enough Evidence,Not Enough Evidence
P0178,P0178_T2,P0178_T2_3,3,condition_removed,Not Enough Evidence,Not Enough Evidence
P0178,P0178_T2,P0178_T2_4,4,supported,Supported,Supported
P0178,P0178_T2,P0178_T2_5,5,condition_contradicted,Not Supported,Not Supported
P0179,P0179_T1,P0179_T1_1,1,relation_contradicted,Not Supported,Not Supported
P0179,P0179_T1,P0179_T1_2,2,condition_replaced,Not Enough Evidence,Not Enough Evidence
P0179,P0179_T1,P0179_T1_3,3,condition_removed,Not Enough Evidence,Not Enough Evidence
P0179,P0179_T1,P0179_T1_4,4,supported,Supported,Supported
P0179,P0179_T1,P0179_T1_5,5,condition_contradicted,Not Supported,Not Supported
P0179,P0179_T2,P0179_T2_1,1,relation_contradicted,Not Supported,Not Supported
P0179,P0179_T2,P0179_T2_2,2,condition_replaced,Not Enough Evidence,Not Enough Evidence
P0179,P0179_T2,P0179_T2_3,3,condition_removed,Not Enough Evidence,Not Enough Evidence
P0179,P0179_T2,P0179_T2_4,4,supported,Supported,Supported
P0179,P0179_T2,P0179_T2_5,5,condition_contradicted,Not Supported,Not Supported
P0180,P0180_T1,P0180_T1_1,1,relation_contradicted,Not Supported,Not Supported
P0180,P0180_T1,P0180_T1_2,2,condition_replaced,Not Enough Evidence,Not Enough Evidence
P0180,P0180_T1,P0180_T1_3,3,condition_removed,Not Enough Evidence,Not Enough Evidence
P0180,P0180_T1,P0180_T1_4,4,supported,Supported,Supported
P0180,P0180_T1,P0180_T1_5,5,condition_contradicted,Not Supported,Not Supported
P0180,P0180_T2,P0180_T2_1,1,relation_contradicted,Not Supported,Not Supported
P0180,P0180_T2,P0180_T2_2,2,condition_replaced,Not Enough Evidence,Not Enough Evidence
P0180,P0180_T2,P0180_T2_3,3,condition_removed,Not Enough Evidence,Not Enough Evidence
P0180,P0180_T2,P0180_T2_4,4,supported,Supported,Supported
P0180,P0180_T2,P0180_T2_5,5,condition_contradicted,Not Supported,Not Supported
P0180,P0180_T3,P0180_T3_1,1,relation_contradicted,Not Supported,Not Supported
P0180,P0180_T3,P0180_T3_2,2,condition_replaced,Not Enough Evidence,Not Enough Evidence
P0180,P0180_T3,P0180_T3_3,3,condition_removed,Not Enough Evidence,Not Enough Evidence
P0180,P0180_T3,P0180_T3_4,4,supported,Supported,Supported
P0180,P0180_T3,P0180_T3_5,5,condition_contradicted,Not Supported,Not Supported
P0181,P0181_T1,P0181_T1_1,1,relation_contradicted,Not Supported,Not Supported
P0181,P0181_T1,P0181_T1_2,2,condition_replaced,Not Enough Evidence,Not Enough Evidence
P0181,P0181_T1,P0181_T1_3,3,condition_removed,Not Enough Evidence,Not Enough Evidence
P0181,P0181_T1,P0181_T1_4,4,supported,Supported,Supported
P0181,P0181_T1,P0181_T1_5,5,condition_contradicted,Not Supported,Not Supported
P0073,P0073_T4,P0073_T4_1,1,relation_contradicted,Not Supported,Not Supported
P0073,P0073_T4,P0073_T4_2,2,condition_replaced,Not Enough Evidence,Not Supported
P0073,P0073_T4,P0073_T4_3,3,condition_removed,Not Enough Evidence,Not Supported
P0073,P0073_T4,P0073_T4_4,4,supported,Supported,Not Supported
P0073,P0073_T4,P0073_T4_5,5,condition_contradicted,Not Supported,Not Supported
P0073,P0073_T5,P0073_T5_1,1,relation_contradicted,Not Supported,Not Supported
P0073,P0073_T5,P0073_T5_2,2,condition_replaced,Not Enough Evidence,Not Supported
P0073,P0073_T5,P0073_T5_3,3,condition_removed,Not Enough Evidence,Not Supported
P0073,P0073_T5,P0073_T5_4,4,supported,Supported,Not Supported
P0073,P0073_T5,P0073_T5_5,5,condition_contradicted,Not Supported,Not Supported
P0074,P0074_T1,P0074_T1_1,1,relation_contradicted,Not Supported,Not Supported
P0074,P0074_T1,P0074_T1_2,2,condition_replaced,Not Enough Evidence,Not Supported
P0074,P0074_T1,P0074_T1_3,3,condition_removed,Not Enough Evidence,Not Supported
P0074,P0074_T1,P0074_T1_4,4,supported,Supported,Not Supported
P0074,P0074_T1,P0074_T1_5,5,condition_contradicted,Not Supported,Not Supported
P0074,P0074_T2,P0074_T2_1,1,relation_contradicted,Not Supported,Not Supported
P0074,P0074_T2,P0074_T2_2,2,condition_replaced,Not Enough Evidence,Not Supported
P0074,P0074_T2,P0074_T2_3,3,condition_removed,Not Enough Evidence,Not Supported
P0074,P0074_T2,P0074_T2_4,4,supported,Supported,Not Supported
P0074,P0074_T2,P0074_T2_5,5,condition_contradicted,Not Supported,Not Supported
P0074,P0074_T3,P0074_T3_1,1,relation_contradicted,Not Supported,Not Supported
P0074,P0074_T3,P0074_T3_2,2,condition_replaced,Not Enough Evidence,Not Supported
P0074,P0074_T3,P0074_T3_3,3,condition_removed,Not Enough Evidence,Not Supported
P0074,P0074_T3,P0074_T3_4,4,supported,Supported,Not Supported
P0074,P0074_T3,P0074_T3_5,5,condition_contradicted,Not Supported,Not Supported
P0074,P0074_T4,P0074_T4_1,1,relation_contradicted,Not Supported,Not Supported
P0074,P0074_T4,P0074_T4_2,2,condition_replaced,Not Enough Evidence,Not Supported
P0074,P0074_T4,P0074_T4_3,3,condition_removed,Not Enough Evidence,Not Supported
P0074,P0074_T4,P0074_T4_4,4,supported,Supported,Not Supported
P0074,P0074_T4,P0074_T4_5,5,condition_contradicted,Not Supported,Not Supported
P0075,P0075_T1,P0075_T1_1,1,relation_contradicted,Not Supported,Not Supported
P0075,P0075_T1,P0075_T1_2,2,condition_replaced,Not Enough Evidence,Not Supported
P0075,P0075_T1,P0075_T1_3,3,condition_removed,Not Enough Evidence,Not Enough Evidence
P0075,P0075_T1,P0075_T1_4,4,supported,Supported,Not Supported
P0075,P0075_T1,P0075_T1_5,5,condition_contradicted,Not Supported,Not Supported
P0076,P0076_T1,P0076_T1_1,1,relation_contradicted,Not Supported,Not Supported
P0076,P0076_T1,P0076_T1_2,2,condition_replaced,Not Enough Evidence,Not Supported
P0076,P0076_T1,P0076_T1_3,3,condition_removed,Not Enough Evidence,Not Supported
P0076,P0076_T1,P0076_T1_4,4,supported,Supported,Not Supported
P0076,P0076_T1,P0076_T1_5,5,condition_contradicted,Not Supported,Not Supported
P0076,P0076_T2,P0076_T2_1,1,relation_contradicted,Not Supported,Not Supported
P0076,P0076_T2,P0076_T2_2,2,condition_replaced,Not Enough Evidence,Not Supported
P0076,P0076_T2,P0076_T2_3,3,condition_removed,Not Enough Evidence,Not Supported
P0076,P0076_T2,P0076_T2_4,4,supported,Supported,Not Supported
P0076,P0076_T2,P0076_T2_5,5,condition_contradicted,Not Supported,Not Supported
P0275,P0275_T1,P0275_T1_1,1,relation_contradicted,Not Supported,Not Supported
P0275,P0275_T1,P0275_T1_2,2,condition_replaced,Not Enough Evidence,Not Supported
P0275,P0275_T1,P0275_T1_3,3,condition_removed,Not Enough Evidence,Not Supported
P0275,P0275_T1,P0275_T1_4,4,supported,Supported,Not Supported
P0275,P0275_T1,P0275_T1_5,5,condition_contradicted,Not Supported,Not Supported
P0275,P0275_T2,P0275_T2_1,1,relation_contradicted,Not Supported,Not Supported
P0275,P0275_T2,P0275_T2_2,2,condition_replaced,Not Enough Evidence,Not Supported
P0275,P0275_T2,P0275_T2_3,3,condition_removed,Not Enough Evidence,Not Supported
P0275,P0275_T2,P0275_T2_4,4,supported,Supported,Not Supported
P0275,P0275_T2,P0275_T2_5,5,condition_contradicted,Not Supported,Not Supported
P0275,P0275_T3,P0275_T3_1,1,relation_contradicted,Not Supported,Not Supported
P0275,P0275_T3,P0275_T3_2,2,condition_replaced,Not Enough Evidence,Not Supported
P0275,P0275_T3,P0275_T3_3,3,condition_removed,Not Enough Evidence,Not Supported
P0275,P0275_T3,P0275_T3_4,4,supported,Supported,Not Supported
P0275,P0275_T3,P0275_T3_5,5,condition_contradicted,Not Supported,Not Supported
P0275,P0275_T4,P0275_T4_1,1,relation_contradicted,Not Supported,Not Supported
P0275,P0275_T4,P0275_T4_2,2,condition_replaced,Not Enough Evidence,Not Supported
P0275,P0275_T4,P0275_T4_3,3,condition_removed,Not Enough Evidence,Not Supported
P0275,P0275_T4,P0275_T4_4,4,supported,Supported,Not Supported
P0275,P0275_T4,P0275_T4_5,5,condition_contradicted,Not Supported,Not Supported
P0275,P0275_T5,P0275_T5_1,1,relation_contradicted,Not Supported,Not Supported
P0275,P0275_T5,P0275_T5_2,2,condition_replaced,Not Enough Evidence,Not Supported
P0275,P0275_T5,P0275_T5_3,3,condition_removed,Not Enough Evidence,Not Supported
P0275,P0275_T5,P0275_T5_4,4,supported,Supported,Not Supported
P0275,P0275_T5,P0275_T5_5,5,condition_contradicted,Not Supported,Not Supported
P0276,P0276_T1,P0276_T1_1,1,relation_contradicted,Not Supported,Not Supported
P0276,P0276_T1,P0276_T1_2,2,condition_replaced,Not Enough Evidence,Not Enough Evidence
P0276,P0276_T1,P0276_T1_3,3,condition_removed,Not Enough Evidence,Not Enough Evidence
P0276,P0276_T1,P0276_T1_4,4,supported,Supported,Not Supported
P0276,P0276_T1,P0276_T1_5,5,condition_contradicted,Not Supported,Not Supported
P0277,P0277_T1,P0277_T1_1,1,relation_contradicted,Not Supported,Not Supported
P0277,P0277_T1,P0277_T1_2,2,condition_replaced,Not Enough Evidence,Not Supported
P0277,P0277_T1,P0277_T1_3,3,condition_removed,Not Enough Evidence,Not Supported
P0277,P0277_T1,P0277_T1_4,4,supported,Supported,Not Supported
P0277,P0277_T1,P0277_T1_5,5,condition_contradicted,Not Supported,Not Supported
P0278,P0278_T1,P0278_T1_1,1,relation_contradicted,Not Supported,Not Supported
P0278,P0278_T1,P0278_T1_2,2,condition_replaced,Not Enough Evidence,Not Supported
P0278,P0278_T1,P0278_T1_3,3,condition_removed,Not Enough Evidence,Not Supported
P0278,P0278_T1,P0278_T1_4,4,supported,Supported,Not Supported
P0278,P0278_T1,P0278_T1_5,5,condition_contradicted,Not Supported,Not Supported
P0278,P0278_T2,P0278_T2_1,1,relation_contradicted,Not Supported,Not Supported
P0278,P0278_T2,P0278_T2_2,2,condition_replaced,Not Enough Evidence,Not Supported
P0278,P0278_T2,P0278_T2_3,3,condition_removed,Not Enough Evidence,Not Supported
P0278,P0278_T2,P0278_T2_4,4,supported,Supported,Not Supported
P0278,P0278_T2,P0278_T2_5,5,condition_contradicted,Not Supported,Not Supported
P0278,P0278_T3,P0278_T3_1,1,relation_contradicted,Not Supported,Not Supported
P0278,P0278_T3,P0278_T3_2,2,condition_replaced,Not Enough Evidence,Not Supported
P0278,P0278_T3,P0278_T3_3,3,condition_removed,Not Enough Evidence,Not Supported
P0278,P0278_T3,P0278_T3_4,4,supported,Supported,Not Supported
P0278,P0278_T3,P0278_T3_5,5,condition_contradicted,Not Supported,Not Supported
P0417,P0417_T1,P0417_T1_1,1,relation_contradicted,Not Supported,Not Supported
P0417,P0417_T1,P0417_T1_2,2,condition_replaced,Not Enough Evidence,Not Supported
P0417,P0417_T1,P0417_T1_3,3,condition_removed,Not Enough Evidence,Not Supported
P0417,P0417_T1,P0417_T1_4,4,supported,Supported,Not Supported
P0417,P0417_T1,P0417_T1_5,5,condition_contradicted,Not Supported,Not Supported
P0417,P0417_T2,P0417_T2_1,1,relation_contradicted,Not Supported,Not Supported
P0417,P0417_T2,P0417_T2_2,2,condition_replaced,Not Enough Evidence,Not Supported
P0417,P0417_T2,P0417_T2_3,3,condition_removed,Not Enough Evidence,Not Supported
P0417,P0417_T2,P0417_T2_4,4,supported,Supported,Not Supported
P0417,P0417_T2,P0417_T2_5,5,condition_contradicted,Not Supported,Not Supported
P0417,P0417_T3,P0417_T3_1,1,relation_contradicted,Not Supported,Not Supported
P0417,P0417_T3,P0417_T3_2,2,condition_replaced,Not Enough Evidence,Not Supported
P0417,P0417_T3,P0417_T3_3,3,condition_removed,Not Enough Evidence,Not Supported
P0417,P0417_T3,P0417_T3_4,4,supported,Supported,Not Supported
P0417,P0417_T3,P0417_T3_5,5,condition_contradicted,Not Supported,Not Supported
P0418,P0418_T1,P0418_T1_1,1,relation_contradicted,Not Supported,Not Supported
P0418,P0418_T1,P0418_T1_2,2,condition_replaced,Not Enough Evidence,Not Supported
P0418,P0418_T1,P0418_T1_3,3,condition_removed,Not Enough Evidence,Not Enough Evidence
P0418,P0418_T1,P0418_T1_4,4,supported,Supported,Not Supported
P0418,P0418_T1,P0418_T1_5,5,condition_contradicted,Not Supported,Not Supported
P0419,P0419_T1,P0419_T1_1,1,relation_contradicted,Not Supported,Not Supported
P0419,P0419_T1,P0419_T1_2,2,condition_replaced,Not Enough Evidence,Not Supported
P0419,P0419_T1,P0419_T1_3,3,condition_removed,Not Enough Evidence,Not Enough Evidence
P0419,P0419_T1,P0419_T1_4,4,supported,Supported,Not Supported
P0419,P0419_T1,P0419_T1_5,5,condition_contradicted,Not Supported,Not Supported
P0419,P0419_T2,P0419_T2_1,1,relation_contradicted,Not Supported,Not Supported
P0419,P0419_T2,P0419_T2_2,2,condition_replaced,Not Enough Evidence,Not Enough Evidence
P0419,P0419_T2,P0419_T2_3,3,condition_removed,Not Enough Evidence,Not Enough Evidence
P0419,P0419_T2,P0419_T2_4,4,supported,Supported,Not Supported
P0419,P0419_T2,P0419_T2_5,5,condition_contradicted,Not Supported,Not Supported
P0420,P0420_T1,P0420_T1_1,1,relation_contradicted,Not Supported,Not Supported
P0420,P0420_T1,P0420_T1_2,2,condition_replaced,Not Enough Evidence,Not Supported
P0420,P0420_T1,P0420_T1_3,3,condition_removed,Not Enough Evidence,Not Supported
P0420,P0420_T1,P0420_T1_4,4,supported,Supported,Not Supported
P0420,P0420_T1,P0420_T1_5,5,condition_contradicted,Not Supported,Not Supported
P0421,P0421_T1,P0421_T1_1,1,relation_contradicted,Not Supported,Not Supported
P0421,P0421_T1,P0421_T1_2,2,condition_replaced,Not Enough Evidence,Not Supported
P0421,P0421_T1,P0421_T1_3,3,condition_removed,Not Enough Evidence,Not Supported
P0421,P0421_T1,P0421_T1_4,4,supported,Supported,Not Supported
P0421,P0421_T1,P0421_T1_5,5,condition_contradicted,Not Supported,Not Supported
P0421,P0421_T2,P0421_T2_1,1,relation_contradicted,Not Supported,Not Supported
P0421,P0421_T2,P0421_T2_2,2,condition_replaced,Not Enough Evidence,Not Supported
P0421,P0421_T2,P0421_T2_3,3,condition_removed,Not Enough Evidence,Not Supported
P0421,P0421_T2,P0421_T2_4,4,supported,Supported,Not Supported
P0421,P0421_T2,P0421_T2_5,5,condition_contradicted,Not Supported,Not Supported
P0181,P0181_T2,P0181_T2_1,1,relation_contradicted,Not Supported,Not Supported
P0181,P0181_T2,P0181_T2_2,2,condition_replaced,Not Enough Evidence,Not Enough Evidence
P0181,P0181_T2,P0181_T2_3,3,condition_removed,Not Enough Evidence,Not Enough Evidence
P0181,P0181_T2,P0181_T2_4,4,supported,Supported,Supported
P0181,P0181_T2,P0181_T2_5,5,condition_contradicted,Not Supported,Not Supported
P0182,P0182_T1,P0182_T1_1,1,relation_contradicted,Not Supported,Not Supported
P0182,P0182_T1,P0182_T1_2,2,condition_replaced,Not Enough Evidence,Not Enough Evidence
P0182,P0182_T1,P0182_T1_3,3,condition_removed,Not Enough Evidence,Not Enough Evidence
P0182,P0182_T1,P0182_T1_4,4,supported,Supported,Supported
P0182,P0182_T1,P0182_T1_5,5,condition_contradicted,Not Supported,Not Supported
P0182,P0182_T2,P0182_T2_1,1,relation_contradicted,Not Supported,Not Supported
P0182,P0182_T2,P0182_T2_2,2,condition_replaced,Not Enough Evidence,Not Enough Evidence
P0182,P0182_T2,P0182_T2_3,3,condition_removed,Not Enough Evidence,Not Enough Evidence
P0182,P0182_T2,P0182_T2_4,4,supported,Supported,Supported
P0182,P0182_T2,P0182_T2_5,5,condition_contradicted,Not Supported,Not Supported
P0182,P0182_T3,P0182_T3_1,1,relation_contradicted,Not Supported,Not Supported
P0182,P0182_T3,P0182_T3_2,2,condition_replaced,Not Enough Evidence,Not Enough Evidence
P0182,P0182_T3,P0182_T3_3,3,condition_removed,Not Enough Evidence,Not Enough Evidence
P0182,P0182_T3,P0182_T3_4,4,supported,Supported,Not Supported
P0182,P0182_T3,P0182_T3_5,5,condition_contradicted,Not Supported,Not Supported
P0183,P0183_T1,P0183_T1_1,1,relation_contradicted,Not Supported,Not Supported
P0183,P0183_T1,P0183_T1_2,2,condition_replaced,Not Enough Evidence,Not Enough Evidence
P0183,P0183_T1,P0183_T1_3,3,condition_removed,Not Enough Evidence,Not Enough Evidence
P0183,P0183_T1,P0183_T1_4,4,supported,Supported,Supported
P0183,P0183_T1,P0183_T1_5,5,condition_contradicted,Not Supported,Not Supported
P0184,P0184_T1,P0184_T1_1,1,relation_contradicted,Not Supported,Not Supported
P0184,P0184_T1,P0184_T1_2,2,condition_replaced,Not Enough Evidence,Not Enough Evidence
P0184,P0184_T1,P0184_T1_3,3,condition_removed,Not Enough Evidence,Not Enough Evidence
P0184,P0184_T1,P0184_T1_4,4,supported,Supported,Not Supported
P0184,P0184_T1,P0184_T1_5,5,condition_contradicted,Not Supported,Not Supported
P0184,P0184_T2,P0184_T2_1,1,relation_contradicted,Not Supported,Not Supported
P0184,P0184_T2,P0184_T2_2,2,condition_replaced,Not Enough Evidence,Not Enough Evidence
P0184,P0184_T2,P0184_T2_3,3,condition_removed,Not Enough Evidence,Not Enough Evidence
P0184,P0184_T2,P0184_T2_4,4,supported,Supported,Not Supported
P0184,P0184_T2,P0184_T2_5,5,condition_contradicted,Not Supported,Not Supported
P0184,P0184_T3,P0184_T3_1,1,relation_contradicted,Not Supported,Not Supported
P0184,P0184_T3,P0184_T3_2,2,condition_replaced,Not Enough Evidence,Not Enough Evidence
P0184,P0184_T3,P0184_T3_3,3,condition_removed,Not Enough Evidence,Not Supported
P0184,P0184_T3,P0184_T3_4,4,supported,Supported,Not Supported
P0184,P0184_T3,P0184_T3_5,5,condition_contradicted,Not Supported,Not Supported
P0184,P0184_T4,P0184_T4_1,1,relation_contradicted,Not Supported,Not Supported
P0184,P0184_T4,P0184_T4_2,2,condition_replaced,Not Enough Evidence,Not Enough Evidence
P0184,P0184_T4,P0184_T4_3,3,condition_removed,Not Enough Evidence,Not Enough Evidence
P0184,P0184_T4,P0184_T4_4,4,supported,Supported,Supported
P0184,P0184_T4,P0184_T4_5,5,condition_contradicted,Not Supported,Not Supported
P0184,P0184_T5,P0184_T5_1,1,relation_contradicted,Not Supported,Not Supported
P0184,P0184_T5,P0184_T5_2,2,condition_replaced,Not Enough Evidence,Not Enough Evidence
P0184,P0184_T5,P0184_T5_3,3,condition_removed,Not Enough Evidence,Not Enough Evidence
P0184,P0184_T5,P0184_T5_4,4,supported,Supported,Supported
P0184,P0184_T5,P0184_T5_5,5,condition_contradicted,Not Supported,Not Supported
P0076,P0076_T4,P0076_T4_1,1,relation_contradicted,Not Supported,Not Supported
P0076,P0076_T4,P0076_T4_2,2,condition_replaced,Not Enough Evidence,Not Supported
P0076,P0076_T4,P0076_T4_3,3,condition_removed,Not Enough Evidence,Not Supported
P0076,P0076_T4,P0076_T4_4,4,supported,Supported,Not Supported
P0076,P0076_T4,P0076_T4_5,5,condition_contradicted,Not Supported,Not Supported
P0076,P0076_T5,P0076_T5_1,1,relation_contradicted,Not Supported,Not Supported
P0076,P0076_T5,P0076_T5_2,2,condition_replaced,Not Enough Evidence,Not Supported
P0076,P0076_T5,P0076_T5_3,3,condition_removed,Not Enough Evidence,Not Supported
P0076,P0076_T5,P0076_T5_4,4,supported,Supported,Not Supported
P0076,P0076_T5,P0076_T5_5,5,condition_contradicted,Not Supported,Not Supported
P0076,P0076_T6,P0076_T6_1,1,relation_contradicted,Not Supported,Not Supported
P0076,P0076_T6,P0076_T6_2,2,condition_replaced,Not Enough Evidence,Not Supported
P0076,P0076_T6,P0076_T6_3,3,condition_removed,Not Enough Evidence,Not Supported
P0076,P0076_T6,P0076_T6_4,4,supported,Supported,Not Supported
P0076,P0076_T6,P0076_T6_5,5,condition_contradicted,Not Supported,Not Supported
P0076,P0076_T7,P0076_T7_1,1,relation_contradicted,Not Supported,Not Supported
P0076,P0076_T7,P0076_T7_2,2,condition_replaced,Not Enough Evidence,Not Supported
P0076,P0076_T7,P0076_T7_3,3,condition_removed,Not Enough Evidence,Not Supported
P0076,P0076_T7,P0076_T7_4,4,supported,Supported,Not Supported
P0076,P0076_T7,P0076_T7_5,5,condition_contradicted,Not Supported,Not Supported
P0077,P0077_T1,P0077_T1_1,1,relation_contradicted,Not Supported,Not Supported
P0077,P0077_T1,P0077_T1_2,2,condition_replaced,Not Enough Evidence,Not Supported
P0077,P0077_T1,P0077_T1_3,3,condition_removed,Not Enough Evidence,Not Supported
P0077,P0077_T1,P0077_T1_4,4,supported,Supported,Not Supported
P0077,P0077_T1,P0077_T1_5,5,condition_contradicted,Not Supported,Not Supported
P0077,P0077_T2,P0077_T2_1,1,relation_contradicted,Not Supported,Not Supported
P0077,P0077_T2,P0077_T2_2,2,condition_replaced,Not Enough Evidence,Not Supported
P0077,P0077_T2,P0077_T2_3,3,condition_removed,Not Enough Evidence,Not Supported
P0077,P0077_T2,P0077_T2_4,4,supported,Supported,Not Supported
P0077,P0077_T2,P0077_T2_5,5,condition_contradicted,Not Supported,Not Supported
P0077,P0077_T3,P0077_T3_1,1,relation_contradicted,Not Supported,Not Supported
P0077,P0077_T3,P0077_T3_2,2,condition_replaced,Not Enough Evidence,Not Supported
P0077,P0077_T3,P0077_T3_3,3,condition_removed,Not Enough Evidence,Not Supported
P0077,P0077_T3,P0077_T3_4,4,supported,Supported,Not Supported
P0077,P0077_T3,P0077_T3_5,5,condition_contradicted,Not Supported,Not Supported
P0077,P0077_T4,P0077_T4_1,1,relation_contradicted,Not Supported,Not Supported
P0077,P0077_T4,P0077_T4_2,2,condition_replaced,Not Enough Evidence,Not Supported
P0077,P0077_T4,P0077_T4_3,3,condition_removed,Not Enough Evidence,Not Supported
P0077,P0077_T4,P0077_T4_4,4,supported,Supported,Not Supported
P0077,P0077_T4,P0077_T4_5,5,condition_contradicted,Not Supported,Not Supported
P0077,P0077_T5,P0077_T5_1,1,relation_contradicted,Not Supported,Not Supported
P0077,P0077_T5,P0077_T5_2,2,condition_replaced,Not Enough Evidence,Not Supported
P0077,P0077_T5,P0077_T5_3,3,condition_removed,Not Enough Evidence,Not Supported
P0077,P0077_T5,P0077_T5_4,4,supported,Supported,Not Supported
P0077,P0077_T5,P0077_T5_5,5,condition_contradicted,Not Supported,Not Supported
P0078,P0078_T1,P0078_T1_1,1,relation_contradicted,Not Supported,Not Supported
P0078,P0078_T1,P0078_T1_2,2,condition_replaced,Not Enough Evidence,Not Enough Evidence
P0078,P0078_T1,P0078_T1_3,3,condition_removed,Not Enough Evidence,Not Enough Evidence
P0078,P0078_T1,P0078_T1_4,4,supported,Supported,Supported
P0078,P0078_T1,P0078_T1_5,5,condition_contradicted,Not Supported,Not Supported
P0278,P0278_T4,P0278_T4_1,1,relation_contradicted,Not Supported,Not Supported
P0278,P0278_T4,P0278_T4_2,2,condition_replaced,Not Enough Evidence,Not Supported
P0278,P0278_T4,P0278_T4_3,3,condition_removed,Not Enough Evidence,Not Supported
P0278,P0278_T4,P0278_T4_4,4,supported,Supported,Not Supported
P0278,P0278_T4,P0278_T4_5,5,condition_contradicted,Not Supported,Not Supported
P0278,P0278_T5,P0278_T5_1,1,relation_contradicted,Not Supported,Not Supported
P0278,P0278_T5,P0278_T5_2,2,condition_replaced,Not Enough Evidence,Not Supported
P0278,P0278_T5,P0278_T5_3,3,condition_removed,Not Enough Evidence,Not Supported
P0278,P0278_T5,P0278_T5_4,4,supported,Supported,Not Supported
P0278,P0278_T5,P0278_T5_5,5,condition_contradicted,Not Supported,Not Supported
P0279,P0279_T1,P0279_T1_1,1,relation_contradicted,Not Supported,Not Supported
P0279,P0279_T1,P0279_T1_2,2,condition_replaced,Not Enough Evidence,Not Supported
P0279,P0279_T1,P0279_T1_3,3,condition_removed,Not Enough Evidence,Not Supported
P0279,P0279_T1,P0279_T1_4,4,supported,Supported,Not Supported
P0279,P0279_T1,P0279_T1_5,5,condition_contradicted,Not Supported,Not Supported
P0279,P0279_T2,P0279_T2_1,1,relation_contradicted,Not Supported,Not Supported
P0279,P0279_T2,P0279_T2_2,2,condition_replaced,Not Enough Evidence,Not Supported
P0279,P0279_T2,P0279_T2_3,3,condition_removed,Not Enough Evidence,Not Supported
P0279,P0279_T2,P0279_T2_4,4,supported,Supported,Not Supported
P0279,P0279_T2,P0279_T2_5,5,condition_contradicted,Not Supported,Not Supported
P0279,P0279_T3,P0279_T3_1,1,relation_contradicted,Not Supported,Not Supported
P0279,P0279_T3,P0279_T3_2,2,condition_replaced,Not Enough Evidence,Not Supported
P0279,P0279_T3,P0279_T3_3,3,condition_removed,Not Enough Evidence,Not Supported
P0279,P0279_T3,P0279_T3_4,4,supported,Supported,Not Supported
P0279,P0279_T3,P0279_T3_5,5,condition_contradicted,Not Supported,Not Supported
P0279,P0279_T4,P0279_T4_1,1,relation_contradicted,Not Supported,Not Supported
P0279,P0279_T4,P0279_T4_2,2,condition_replaced,Not Enough Evidence,Not Supported
P0279,P0279_T4,P0279_T4_3,3,condition_removed,Not Enough Evidence,Not Supported
P0279,P0279_T4,P0279_T4_4,4,supported,Supported,Not Supported
P0279,P0279_T4,P0279_T4_5,5,condition_contradicted,Not Supported,Not Supported
P0279,P0279_T5,P0279_T5_1,1,relation_contradicted,Not Supported,Not Supported
P0279,P0279_T5,P0279_T5_2,2,condition_replaced,Not Enough Evidence,Not Supported
P0279,P0279_T5,P0279_T5_3,3,condition_removed,Not Enough Evidence,Not Supported
P0279,P0279_T5,P0279_T5_4,4,supported,Supported,Not Supported
P0279,P0279_T5,P0279_T5_5,5,condition_contradicted,Not Supported,Not Supported
P0280,P0280_T1,P0280_T1_1,1,relation_contradicted,Not Supported,Not Supported
P0280,P0280_T1,P0280_T1_2,2,condition_replaced,Not Enough Evidence,Not Supported
P0280,P0280_T1,P0280_T1_3,3,condition_removed,Not Enough Evidence,Not Supported
P0280,P0280_T1,P0280_T1_4,4,supported,Supported,Not Supported
P0280,P0280_T1,P0280_T1_5,5,condition_contradicted,Not Supported,Not Supported
P0280,P0280_T2,P0280_T2_1,1,relation_contradicted,Not Supported,Not Supported
P0280,P0280_T2,P0280_T2_2,2,condition_replaced,Not Enough Evidence,Not Supported
P0280,P0280_T2,P0280_T2_3,3,condition_removed,Not Enough Evidence,Not Supported
P0280,P0280_T2,P0280_T2_4,4,supported,Supported,Not Supported
P0280,P0280_T2,P0280_T2_5,5,condition_contradicted,Not Supported,Not Supported
P0280,P0280_T3,P0280_T3_1,1,relation_contradicted,Not Supported,Not Supported
P0280,P0280_T3,P0280_T3_2,2,condition_replaced,Not Enough Evidence,Not Supported
P0280,P0280_T3,P0280_T3_3,3,condition_removed,Not Enough Evidence,Not Supported
P0280,P0280_T3,P0280_T3_4,4,supported,Supported,Not Supported
P0280,P0280_T3,P0280_T3_5,5,condition_contradicted,Not Supported,Not Supported
P0602,P0602_T1,P0602_T1_1,1,relation_contradicted,Not Supported,Not Supported
P0602,P0602_T1,P0602_T1_2,2,condition_replaced,Not Enough Evidence,Not Enough Evidence
P0602,P0602_T1,P0602_T1_3,3,condition_removed,Not Enough Evidence,Not Enough Evidence
P0602,P0602_T1,P0602_T1_4,4,supported,Supported,Not Supported
P0602,P0602_T1,P0602_T1_5,5,condition_contradicted,Not Supported,Not Supported
P0603,P0603_T1,P0603_T1_1,1,relation_contradicted,Not Supported,Not Supported
P0603,P0603_T1,P0603_T1_2,2,condition_replaced,Not Enough Evidence,Not Enough Evidence
P0603,P0603_T1,P0603_T1_3,3,condition_removed,Not Enough Evidence,Not Enough Evidence
P0603,P0603_T1,P0603_T1_4,4,supported,Supported,Supported
P0603,P0603_T1,P0603_T1_5,5,condition_contradicted,Not Supported,Not Supported
P0604,P0604_T1,P0604_T1_1,1,relation_contradicted,Not Supported,Not Supported
P0604,P0604_T1,P0604_T1_2,2,condition_replaced,Not Enough Evidence,Not Supported
P0604,P0604_T1,P0604_T1_3,3,condition_removed,Not Enough Evidence,Not Supported
P0604,P0604_T1,P0604_T1_4,4,supported,Supported,Not Supported
P0604,P0604_T1,P0604_T1_5,5,condition_contradicted,Not Supported,Not Supported
P0604,P0604_T2,P0604_T2_1,1,relation_contradicted,Not Supported,Not Supported
P0604,P0604_T2,P0604_T2_2,2,condition_replaced,Not Enough Evidence,Not Supported
P0604,P0604_T2,P0604_T2_3,3,condition_removed,Not Enough Evidence,Not Supported
P0604,P0604_T2,P0604_T2_4,4,supported,Supported,Not Supported
P0604,P0604_T2,P0604_T2_5,5,condition_contradicted,Not Supported,Not Supported
P0604,P0604_T3,P0604_T3_1,1,relation_contradicted,Not Supported,Not Supported
P0604,P0604_T3,P0604_T3_2,2,condition_replaced,Not Enough Evidence,Not Supported
P0604,P0604_T3,P0604_T3_3,3,condition_removed,Not Enough Evidence,Not Supported
P0604,P0604_T3,P0604_T3_4,4,supported,Supported,Not Supported
P0604,P0604_T3,P0604_T3_5,5,condition_contradicted,Not Supported,Not Supported
P0604,P0604_T4,P0604_T4_1,1,relation_contradicted,Not Supported,Not Supported
P0604,P0604_T4,P0604_T4_2,2,condition_replaced,Not Enough Evidence,Not Supported
P0604,P0604_T4,P0604_T4_3,3,condition_removed,Not Enough Evidence,Not Supported
P0604,P0604_T4,P0604_T4_4,4,supported,Supported,Not Supported
P0604,P0604_T4,P0604_T4_5,5,condition_contradicted,Not Supported,Not Supported
P0605,P0605_T1,P0605_T1_1,1,relation_contradicted,Not Supported,Not Supported
P0605,P0605_T1,P0605_T1_2,2,condition_replaced,Not Enough Evidence,Not Enough Evidence
P0605,P0605_T1,P0605_T1_3,3,condition_removed,Not Enough Evidence,Not Enough Evidence
P0605,P0605_T1,P0605_T1_4,4,supported,Supported,Supported
P0605,P0605_T1,P0605_T1_5,5,condition_contradicted,Not Supported,Not Supported
P0606,P0606_T1,P0606_T1_1,1,relation_contradicted,Not Supported,Not Supported
P0606,P0606_T1,P0606_T1_2,2,condition_replaced,Not Enough Evidence,Not Supported
P0606,P0606_T1,P0606_T1_3,3,condition_removed,Not Enough Evidence,Not Supported
P0606,P0606_T1,P0606_T1_4,4,supported,Supported,Not Supported
P0606,P0606_T1,P0606_T1_5,5,condition_contradicted,Not Supported,Not Supported
P0607,P0607_T1,P0607_T1_1,1,relation_contradicted,Not Supported,Not Supported
P0607,P0607_T1,P0607_T1_2,2,condition_replaced,Not Enough Evidence,Not Enough Evidence
P0607,P0607_T1,P0607_T1_3,3,condition_removed,Not Enough Evidence,Not Enough Evidence
P0607,P0607_T1,P0607_T1_4,4,supported,Supported,Supported
P0607,P0607_T1,P0607_T1_5,5,condition_contradicted,Not Supported,Not Supported
P0608,P0608_T1,P0608_T1_1,1,relation_contradicted,Not Supported,Supported
P0608,P0608_T1,P0608_T1_2,2,condition_replaced,Not Enough Evidence,Supported
P0608,P0608_T1,P0608_T1_3,3,condition_removed,Not Enough Evidence,Supported
P0608,P0608_T1,P0608_T1_4,4,supported,Supported,Supported
P0608,P0608_T1,P0608_T1_5,5,condition_contradicted,Not Supported,Supported
P0185,P0185_T1,P0185_T1_1,1,relation_contradicted,Not Supported,Not Supported
P0185,P0185_T1,P0185_T1_2,2,condition_replaced,Not Enough Evidence,Not Supported
P0185,P0185_T1,P0185_T1_3,3,condition_removed,Not Enough Evidence,Not Supported
P0185,P0185_T1,P0185_T1_4,4,supported,Supported,Not Supported
P0185,P0185_T1,P0185_T1_5,5,condition_contradicted,Not Supported,Not Supported
P0186,P0186_T1,P0186_T1_1,1,relation_contradicted,Not Supported,Not Supported
P0186,P0186_T1,P0186_T1_2,2,condition_replaced,Not Enough Evidence,Supported
P0186,P0186_T1,P0186_T1_3,3,condition_removed,Not Enough Evidence,Not Enough Evidence
P0186,P0186_T1,P0186_T1_4,4,supported,Supported,Supported
P0186,P0186_T1,P0186_T1_5,5,condition_contradicted,Not Supported,Not Supported
P0187,P0187_T1,P0187_T1_1,1,relation_contradicted,Not Supported,Not Supported
P0187,P0187_T1,P0187_T1_2,2,condition_replaced,Not Enough Evidence,Supported
P0187,P0187_T1,P0187_T1_3,3,condition_removed,Not Enough Evidence,Not Enough Evidence
P0187,P0187_T1,P0187_T1_4,4,supported,Supported,Not Enough Evidence
P0187,P0187_T1,P0187_T1_5,5,condition_contradicted,Not Supported,Not Supported
P0188,P0188_T1,P0188_T1_1,1,relation_contradicted,Not Supported,Not Supported
P0188,P0188_T1,P0188_T1_2,2,condition_replaced,Not Enough Evidence,Not Enough Evidence
P0188,P0188_T1,P0188_T1_3,3,condition_removed,Not Enough Evidence,Not Supported
P0188,P0188_T1,P0188_T1_4,4,supported,Supported,Not Supported
P0188,P0188_T1,P0188_T1_5,5,condition_contradicted,Not Supported,Not Supported
P0188,P0188_T2,P0188_T2_1,1,relation_contradicted,Not Supported,Not Supported
P0188,P0188_T2,P0188_T2_2,2,condition_replaced,Not Enough Evidence,Supported
P0188,P0188_T2,P0188_T2_3,3,condition_removed,Not Enough Evidence,Not Enough Evidence
P0188,P0188_T2,P0188_T2_4,4,supported,Supported,Supported
P0188,P0188_T2,P0188_T2_5,5,condition_contradicted,Not Supported,Not Supported
P0189,P0189_T1,P0189_T1_1,1,relation_contradicted,Not Supported,Not Supported
P0189,P0189_T1,P0189_T1_2,2,condition_replaced,Not Enough Evidence,Supported
P0189,P0189_T1,P0189_T1_3,3,condition_removed,Not Enough Evidence,Not Enough Evidence
P0189,P0189_T1,P0189_T1_4,4,supported,Supported,Supported
P0189,P0189_T1,P0189_T1_5,5,condition_contradicted,Not Supported,Not Supported
P0189,P0189_T2,P0189_T2_1,1,relation_contradicted,Not Supported,Not Supported
P0189,P0189_T2,P0189_T2_2,2,condition_replaced,Not Enough Evidence,Supported
P0189,P0189_T2,P0189_T2_3,3,condition_removed,Not Enough Evidence,Not Enough Evidence
P0189,P0189_T2,P0189_T2_4,4,supported,Supported,Supported
P0189,P0189_T2,P0189_T2_5,5,condition_contradicted,Not Supported,Not Supported
P0190,P0190_T1,P0190_T1_1,1,relation_contradicted,Not Supported,Not Supported
P0190,P0190_T1,P0190_T1_2,2,condition_replaced,Not Enough Evidence,Supported
P0190,P0190_T1,P0190_T1_3,3,condition_removed,Not Enough Evidence,Not Enough Evidence
P0190,P0190_T1,P0190_T1_4,4,supported,Supported,Not Supported
P0190,P0190_T1,P0190_T1_5,5,condition_contradicted,Not Supported,Not Supported
P0190,P0190_T2,P0190_T2_1,1,relation_contradicted,Not Supported,Not Supported
P0190,P0190_T2,P0190_T2_2,2,condition_replaced,Not Enough Evidence,Not Enough Evidence
P0190,P0190_T2,P0190_T2_3,3,condition_removed,Not Enough Evidence,Not Enough Evidence
P0190,P0190_T2,P0190_T2_4,4,supported,Supported,Supported
P0190,P0190_T2,P0190_T2_5,5,condition_contradicted,Not Supported,Not Supported
P0191,P0191_T1,P0191_T1_1,1,relation_contradicted,Not Supported,Not Supported
P0191,P0191_T1,P0191_T1_2,2,condition_replaced,Not Enough Evidence,Supported
P0191,P0191_T1,P0191_T1_3,3,condition_removed,Not Enough Evidence,Not Enough Evidence
P0191,P0191_T1,P0191_T1_4,4,supported,Supported,Not Supported
P0191,P0191_T1,P0191_T1_5,5,condition_contradicted,Not Supported,Not Supported
P0421,P0421_T3,P0421_T3_1,1,relation_contradicted,Not Supported,Not Supported
P0421,P0421_T3,P0421_T3_2,2,condition_replaced,Not Enough Evidence,Not Supported
P0421,P0421_T3,P0421_T3_3,3,condition_removed,Not Enough Evidence,Not Supported
P0421,P0421_T3,P0421_T3_4,4,supported,Supported,Not Supported
P0421,P0421_T3,P0421_T3_5,5,condition_contradicted,Not Supported,Not Supported
P0421,P0421_T4,P0421_T4_1,1,relation_contradicted,Not Supported,Not Supported
P0421,P0421_T4,P0421_T4_2,2,condition_replaced,Not Enough Evidence,Not Supported
P0421,P0421_T4,P0421_T4_3,3,condition_removed,Not Enough Evidence,Not Supported
P0421,P0421_T4,P0421_T4_4,4,supported,Supported,Not Supported
P0421,P0421_T4,P0421_T4_5,5,condition_contradicted,Not Supported,Not Supported
P0421,P0421_T5,P0421_T5_1,1,relation_contradicted,Not Supported,Not Supported
P0421,P0421_T5,P0421_T5_2,2,condition_replaced,Not Enough Evidence,Not Supported
P0421,P0421_T5,P0421_T5_3,3,condition_removed,Not Enough Evidence,Not Supported
P0421,P0421_T5,P0421_T5_4,4,supported,Supported,Not Supported
P0421,P0421_T5,P0421_T5_5,5,condition_contradicted,Not Supported,Not Supported
P0421,P0421_T6,P0421_T6_1,1,relation_contradicted,Not Supported,Not Supported
P0421,P0421_T6,P0421_T6_2,2,condition_replaced,Not Enough Evidence,Not Supported
P0421,P0421_T6,P0421_T6_3,3,condition_removed,Not Enough Evidence,Not Supported
P0421,P0421_T6,P0421_T6_4,4,supported,Supported,Not Supported
P0421,P0421_T6,P0421_T6_5,5,condition_contradicted,Not Supported,Not Supported
P0422,P0422_T1,P0422_T1_1,1,relation_contradicted,Not Supported,Not Supported
P0422,P0422_T1,P0422_T1_2,2,condition_replaced,Not Enough Evidence,Not Supported
P0422,P0422_T1,P0422_T1_3,3,condition_removed,Not Enough Evidence,Not Supported
P0422,P0422_T1,P0422_T1_4,4,supported,Supported,Not Supported
P0422,P0422_T1,P0422_T1_5,5,condition_contradicted,Not Supported,Not Supported
P0423,P0423_T1,P0423_T1_1,1,relation_contradicted,Not Supported,Not Supported
P0423,P0423_T1,P0423_T1_2,2,condition_replaced,Not Enough Evidence,Not Supported
P0423,P0423_T1,P0423_T1_3,3,condition_removed,Not Enough Evidence,Not Supported
P0423,P0423_T1,P0423_T1_4,4,supported,Supported,Not Supported
P0423,P0423_T1,P0423_T1_5,5,condition_contradicted,Not Supported,Not Supported
P0423,P0423_T2,P0423_T2_1,1,relation_contradicted,Not Supported,Not Supported
P0423,P0423_T2,P0423_T2_2,2,condition_replaced,Not Enough Evidence,Not Supported
P0423,P0423_T2,P0423_T2_3,3,condition_removed,Not Enough Evidence,Not Supported
P0423,P0423_T2,P0423_T2_4,4,supported,Supported,Not Supported
P0423,P0423_T2,P0423_T2_5,5,condition_contradicted,Not Supported,Not Supported
P0424,P0424_T1,P0424_T1_1,1,relation_contradicted,Not Supported,Not Supported
P0424,P0424_T1,P0424_T1_2,2,condition_replaced,Not Enough Evidence,Not Supported
P0424,P0424_T1,P0424_T1_3,3,condition_removed,Not Enough Evidence,Not Supported
P0424,P0424_T1,P0424_T1_4,4,supported,Supported,Not Supported
P0424,P0424_T1,P0424_T1_5,5,condition_contradicted,Not Supported,Not Supported
P0424,P0424_T2,P0424_T2_1,1,relation_contradicted,Not Supported,Not Supported
P0424,P0424_T2,P0424_T2_2,2,condition_replaced,Not Enough Evidence,Not Supported
P0424,P0424_T2,P0424_T2_3,3,condition_removed,Not Enough Evidence,Not Supported
P0424,P0424_T2,P0424_T2_4,4,supported,Supported,Not Supported
P0424,P0424_T2,P0424_T2_5,5,condition_contradicted,Not Supported,Not Supported
P0078,P0078_T2,P0078_T2_1,1,relation_contradicted,Not Supported,Supported
P0078,P0078_T2,P0078_T2_2,2,condition_replaced,Not Enough Evidence,Not Enough Evidence
P0078,P0078_T2,P0078_T2_3,3,condition_removed,Not Enough Evidence,Not Enough Evidence
P0078,P0078_T2,P0078_T2_4,4,supported,Supported,Supported
P0078,P0078_T2,P0078_T2_5,5,condition_contradicted,Not Supported,Not Supported
P0079,P0079_T1,P0079_T1_1,1,relation_contradicted,Not Supported,Not Supported
P0079,P0079_T1,P0079_T1_2,2,condition_replaced,Not Enough Evidence,Not Supported
P0079,P0079_T1,P0079_T1_3,3,condition_removed,Not Enough Evidence,Not Supported
P0079,P0079_T1,P0079_T1_4,4,supported,Supported,Not Supported
P0079,P0079_T1,P0079_T1_5,5,condition_contradicted,Not Supported,Not Supported
P0079,P0079_T2,P0079_T2_1,1,relation_contradicted,Not Supported,Not Supported
P0079,P0079_T2,P0079_T2_2,2,condition_replaced,Not Enough Evidence,Not Supported
P0079,P0079_T2,P0079_T2_3,3,condition_removed,Not Enough Evidence,Not Supported
P0079,P0079_T2,P0079_T2_4,4,supported,Supported,Not Supported
P0079,P0079_T2,P0079_T2_5,5,condition_contradicted,Not Supported,Not Supported
P0079,P0079_T3,P0079_T3_1,1,relation_contradicted,Not Supported,Not Supported
P0079,P0079_T3,P0079_T3_2,2,condition_replaced,Not Enough Evidence,Not Supported
P0079,P0079_T3,P0079_T3_3,3,condition_removed,Not Enough Evidence,Not Supported
P0079,P0079_T3,P0079_T3_4,4,supported,Supported,Not Supported
P0079,P0079_T3,P0079_T3_5,5,condition_contradicted,Not Supported,Not Supported
P0079,P0079_T4,P0079_T4_1,1,relation_contradicted,Not Supported,Not Supported
P0079,P0079_T4,P0079_T4_2,2,condition_replaced,Not Enough Evidence,Not Supported
P0079,P0079_T4,P0079_T4_3,3,condition_removed,Not Enough Evidence,Not Supported
P0079,P0079_T4,P0079_T4_4,4,supported,Supported,Not Supported
P0079,P0079_T4,P0079_T4_5,5,condition_contradicted,Not Supported,Not Supported
P0080,P0080_T1,P0080_T1_1,1,relation_contradicted,Not Supported,Not Supported
P0080,P0080_T1,P0080_T1_2,2,condition_replaced,Not Enough Evidence,Not Enough Evidence
P0080,P0080_T1,P0080_T1_3,3,condition_removed,Not Enough Evidence,Not Enough Evidence
P0080,P0080_T1,P0080_T1_4,4,supported,Supported,Supported
P0080,P0080_T1,P0080_T1_5,5,condition_contradicted,Not Supported,Not Supported
P0080,P0080_T2,P0080_T2_1,1,relation_contradicted,Not Supported,Not Supported
P0080,P0080_T2,P0080_T2_2,2,condition_replaced,Not Enough Evidence,Not Enough Evidence
P0080,P0080_T2,P0080_T2_3,3,condition_removed,Not Enough Evidence,Not Enough Evidence
P0080,P0080_T2,P0080_T2_4,4,supported,Supported,Supported
P0080,P0080_T2,P0080_T2_5,5,condition_contradicted,Not Supported,Not Supported
P0080,P0080_T3,P0080_T3_1,1,relation_contradicted,Not Supported,Not Supported
P0080,P0080_T3,P0080_T3_2,2,condition_replaced,Not Enough Evidence,Not Enough Evidence
P0080,P0080_T3,P0080_T3_3,3,condition_removed,Not Enough Evidence,Not Enough Evidence
P0080,P0080_T3,P0080_T3_4,4,supported,Supported,Supported
P0080,P0080_T3,P0080_T3_5,5,condition_contradicted,Not Supported,Not Supported
P0080,P0080_T4,P0080_T4_1,1,relation_contradicted,Not Supported,Not Supported
P0080,P0080_T4,P0080_T4_2,2,condition_replaced,Not Enough Evidence,Not Enough Evidence
P0080,P0080_T4,P0080_T4_3,3,condition_removed,Not Enough Evidence,Not Enough Evidence
P0080,P0080_T4,P0080_T4_4,4,supported,Supported,Not Supported
P0080,P0080_T4,P0080_T4_5,5,condition_contradicted,Not Supported,Not Supported
P0081,P0081_T1,P0081_T1_1,1,relation_contradicted,Not Supported,Not Supported
P0081,P0081_T1,P0081_T1_2,2,condition_replaced,Not Enough Evidence,Not Enough Evidence
P0081,P0081_T1,P0081_T1_3,3,condition_removed,Not Enough Evidence,Not Enough Evidence
P0081,P0081_T1,P0081_T1_4,4,supported,Supported,Not Supported
P0081,P0081_T1,P0081_T1_5,5,condition_contradicted,Not Supported,Not Supported
P0619,P0619_T1,P0619_T1_1,1,relation_contradicted,Not Supported,Supported
P0619,P0619_T1,P0619_T1_2,2,condition_replaced,Not Enough Evidence,Supported
P0619,P0619_T1,P0619_T1_3,3,condition_removed,Not Enough Evidence,Supported
P0619,P0619_T1,P0619_T1_4,4,supported,Supported,Supported
P0619,P0619_T1,P0619_T1_5,5,condition_contradicted,Not Supported,Supported
P0620,P0620_T1,P0620_T1_1,1,relation_contradicted,Not Supported,Not Supported
P0620,P0620_T1,P0620_T1_2,2,condition_replaced,Not Enough Evidence,Not Enough Evidence
P0620,P0620_T1,P0620_T1_3,3,condition_removed,Not Enough Evidence,Not Enough Evidence
P0620,P0620_T1,P0620_T1_4,4,supported,Supported,Not Supported
P0620,P0620_T1,P0620_T1_5,5,condition_contradicted,Not Supported,Not Supported
P0621,P0621_T1,P0621_T1_1,1,relation_contradicted,Not Supported,Not Supported
P0621,P0621_T1,P0621_T1_2,2,condition_replaced,Not Enough Evidence,Not Enough Evidence
P0621,P0621_T1,P0621_T1_3,3,condition_removed,Not Enough Evidence,Not Enough Evidence
P0621,P0621_T1,P0621_T1_4,4,supported,Supported,Supported
P0621,P0621_T1,P0621_T1_5,5,condition_contradicted,Not Supported,Not Supported
P0622,P0622_T1,P0622_T1_1,1,relation_contradicted,Not Supported,Not Supported
P0622,P0622_T1,P0622_T1_2,2,condition_replaced,Not Enough Evidence,Not Supported
P0622,P0622_T1,P0622_T1_3,3,condition_removed,Not Enough Evidence,Not Supported
P0622,P0622_T1,P0622_T1_4,4,supported,Supported,Not Supported
P0622,P0622_T1,P0622_T1_5,5,condition_contradicted,Not Supported,Not Supported
P0623,P0623_T1,P0623_T1_1,1,relation_contradicted,Not Supported,Not Supported
P0623,P0623_T1,P0623_T1_2,2,condition_replaced,Not Enough Evidence,Not Supported
P0623,P0623_T1,P0623_T1_3,3,condition_removed,Not Enough Evidence,Not Supported
P0623,P0623_T1,P0623_T1_4,4,supported,Supported,Not Supported
P0623,P0623_T1,P0623_T1_5,5,condition_contradicted,Not Supported,Not Supported
P0624,P0624_T1,P0624_T1_1,1,relation_contradicted,Not Supported,Not Supported
P0624,P0624_T1,P0624_T1_2,2,condition_replaced,Not Enough Evidence,Not Supported
P0624,P0624_T1,P0624_T1_3,3,condition_removed,Not Enough Evidence,Not Supported
P0624,P0624_T1,P0624_T1_4,4,supported,Supported,Not Supported
P0624,P0624_T1,P0624_T1_5,5,condition_contradicted,Not Supported,Not Supported
P0624,P0624_T2,P0624_T2_1,1,relation_contradicted,Not Supported,Not Supported
P0624,P0624_T2,P0624_T2_2,2,condition_replaced,Not Enough Evidence,Not Supported
P0624,P0624_T2,P0624_T2_3,3,condition_removed,Not Enough Evidence,Not Supported
P0624,P0624_T2,P0624_T2_4,4,supported,Supported,Not Supported
P0624,P0624_T2,P0624_T2_5,5,condition_contradicted,Not Supported,Not Supported
P0624,P0624_T3,P0624_T3_1,1,relation_contradicted,Not Supported,Not Supported
P0624,P0624_T3,P0624_T3_2,2,condition_replaced,Not Enough Evidence,Not Supported
P0624,P0624_T3,P0624_T3_3,3,condition_removed,Not Enough Evidence,Not Supported
P0624,P0624_T3,P0624_T3_4,4,supported,Supported,Not Supported
P0624,P0624_T3,P0624_T3_5,5,condition_contradicted,Not Supported,Not Supported
P0625,P0625_T1,P0625_T1_1,1,relation_contradicted,Not Supported,Not Supported
P0625,P0625_T1,P0625_T1_2,2,condition_replaced,Not Enough Evidence,Not Enough Evidence
P0625,P0625_T1,P0625_T1_3,3,condition_removed,Not Enough Evidence,Not Enough Evidence
P0625,P0625_T1,P0625_T1_4,4,supported,Supported,Supported
P0625,P0625_T1,P0625_T1_5,5,condition_contradicted,Not Supported,Not Supported
P0626,P0626_T1,P0626_T1_1,1,relation_contradicted,Not Supported,Not Supported
P0626,P0626_T1,P0626_T1_2,2,condition_replaced,Not Enough Evidence,Not Enough Evidence
P0626,P0626_T1,P0626_T1_3,3,condition_removed,Not Enough Evidence,Not Enough Evidence
P0626,P0626_T1,P0626_T1_4,4,supported,Supported,Supported
P0626,P0626_T1,P0626_T1_5,5,condition_contradicted,Not Supported,Not Supported
P0280,P0280_T4,P0280_T4_1,1,relation_contradicted,Not Supported,Not Supported
P0280,P0280_T4,P0280_T4_2,2,condition_replaced,Not Enough Evidence,Not Supported
P0280,P0280_T4,P0280_T4_3,3,condition_removed,Not Enough Evidence,Not Supported
P0280,P0280_T4,P0280_T4_4,4,supported,Supported,Not Supported
P0280,P0280_T4,P0280_T4_5,5,condition_contradicted,Not Supported,Not Supported
P0281,P0281_T1,P0281_T1_1,1,relation_contradicted,Not Supported,Not Supported
P0281,P0281_T1,P0281_T1_2,2,condition_replaced,Not Enough Evidence,Not Supported
P0281,P0281_T1,P0281_T1_3,3,condition_removed,Not Enough Evidence,Not Supported
P0281,P0281_T1,P0281_T1_4,4,supported,Supported,Not Supported
P0281,P0281_T1,P0281_T1_5,5,condition_contradicted,Not Supported,Not Supported
P0281,P0281_T2,P0281_T2_1,1,relation_contradicted,Not Supported,Not Supported
P0281,P0281_T2,P0281_T2_2,2,condition_replaced,Not Enough Evidence,Not Supported
P0281,P0281_T2,P0281_T2_3,3,condition_removed,Not Enough Evidence,Not Supported
P0281,P0281_T2,P0281_T2_4,4,supported,Supported,Not Supported
P0281,P0281_T2,P0281_T2_5,5,condition_contradicted,Not Supported,Not Supported
P0281,P0281_T3,P0281_T3_1,1,relation_contradicted,Not Supported,Not Supported
P0281,P0281_T3,P0281_T3_2,2,condition_replaced,Not Enough Evidence,Not Supported
P0281,P0281_T3,P0281_T3_3,3,condition_removed,Not Enough Evidence,Not Supported
P0281,P0281_T3,P0281_T3_4,4,supported,Supported,Not Supported
P0281,P0281_T3,P0281_T3_5,5,condition_contradicted,Not Supported,Not Supported
P0281,P0281_T4,P0281_T4_1,1,relation_contradicted,Not Supported,Not Supported
P0281,P0281_T4,P0281_T4_2,2,condition_replaced,Not Enough Evidence,Not Supported
P0281,P0281_T4,P0281_T4_3,3,condition_removed,Not Enough Evidence,Not Supported
P0281,P0281_T4,P0281_T4_4,4,supported,Supported,Not Supported
P0281,P0281_T4,P0281_T4_5,5,condition_contradicted,Not Supported,Not Supported
P0281,P0281_T5,P0281_T5_1,1,relation_contradicted,Not Supported,Not Supported
P0281,P0281_T5,P0281_T5_2,2,condition_replaced,Not Enough Evidence,Not Supported
P0281,P0281_T5,P0281_T5_3,3,condition_removed,Not Enough Evidence,Not Supported
P0281,P0281_T5,P0281_T5_4,4,supported,Supported,Not Supported
P0281,P0281_T5,P0281_T5_5,5,condition_contradicted,Not Supported,Not Supported
P0282,P0282_T1,P0282_T1_1,1,relation_contradicted,Not Supported,Not Supported
P0282,P0282_T1,P0282_T1_2,2,condition_replaced,Not Enough Evidence,Not Supported
P0282,P0282_T1,P0282_T1_3,3,condition_removed,Not Enough Evidence,Not Supported
P0282,P0282_T1,P0282_T1_4,4,supported,Supported,Not Supported
P0282,P0282_T1,P0282_T1_5,5,condition_contradicted,Not Supported,Not Supported
P0282,P0282_T2,P0282_T2_1,1,relation_contradicted,Not Supported,Not Supported
P0282,P0282_T2,P0282_T2_2,2,condition_replaced,Not Enough Evidence,Not Supported
P0282,P0282_T2,P0282_T2_3,3,condition_removed,Not Enough Evidence,Not Supported
P0282,P0282_T2,P0282_T2_4,4,supported,Supported,Not Supported
P0282,P0282_T2,P0282_T2_5,5,condition_contradicted,Not Supported,Not Supported
P0282,P0282_T3,P0282_T3_1,1,relation_contradicted,Not Supported,Not Supported
P0282,P0282_T3,P0282_T3_2,2,condition_replaced,Not Enough Evidence,Not Supported
P0282,P0282_T3,P0282_T3_3,3,condition_removed,Not Enough Evidence,Not Supported
P0282,P0282_T3,P0282_T3_4,4,supported,Supported,Not Supported
P0282,P0282_T3,P0282_T3_5,5,condition_contradicted,Not Supported,Not Supported
P0282,P0282_T4,P0282_T4_1,1,relation_contradicted,Not Supported,Not Supported
P0282,P0282_T4,P0282_T4_2,2,condition_replaced,Not Enough Evidence,Not Supported
P0282,P0282_T4,P0282_T4_3,3,condition_removed,Not Enough Evidence,Not Supported
P0282,P0282_T4,P0282_T4_4,4,supported,Supported,Not Supported
P0282,P0282_T4,P0282_T4_5,5,condition_contradicted,Not Supported,Not Supported
P0609,P0609_T1,P0609_T1_1,1,relation_contradicted,Not Supported,Not Supported
P0609,P0609_T1,P0609_T1_2,2,condition_replaced,Not Enough Evidence,Not Enough Evidence
P0609,P0609_T1,P0609_T1_3,3,condition_removed,Not Enough Evidence,Not Enough Evidence
P0609,P0609_T1,P0609_T1_4,4,supported,Supported,Supported
P0609,P0609_T1,P0609_T1_5,5,condition_contradicted,Not Supported,Not Supported
P0610,P0610_T1,P0610_T1_1,1,relation_contradicted,Not Supported,Not Supported
P0610,P0610_T1,P0610_T1_2,2,condition_replaced,Not Enough Evidence,Not Enough Evidence
P0610,P0610_T1,P0610_T1_3,3,condition_removed,Not Enough Evidence,Not Enough Evidence
P0610,P0610_T1,P0610_T1_4,4,supported,Supported,Supported
P0610,P0610_T1,P0610_T1_5,5,condition_contradicted,Not Supported,Not Supported
P0611,P0611_T1,P0611_T1_1,1,relation_contradicted,Not Supported,Not Supported
P0611,P0611_T1,P0611_T1_2,2,condition_replaced,Not Enough Evidence,Not Enough Evidence
P0611,P0611_T1,P0611_T1_3,3,condition_removed,Not Enough Evidence,Not Enough Evidence
P0611,P0611_T1,P0611_T1_4,4,supported,Supported,Supported
P0611,P0611_T1,P0611_T1_5,5,condition_contradicted,Not Supported,Not Supported
P0612,P0612_T1,P0612_T1_1,1,relation_contradicted,Not Supported,Not Supported
P0612,P0612_T1,P0612_T1_2,2,condition_replaced,Not Enough Evidence,Not Enough Evidence
P0612,P0612_T1,P0612_T1_3,3,condition_removed,Not Enough Evidence,Not Enough Evidence
P0612,P0612_T1,P0612_T1_4,4,supported,Supported,Supported
P0612,P0612_T1,P0612_T1_5,5,condition_contradicted,Not Supported,Not Supported
P0613,P0613_T1,P0613_T1_1,1,relation_contradicted,Not Supported,Supported
P0613,P0613_T1,P0613_T1_2,2,condition_replaced,Not Enough Evidence,Supported
P0613,P0613_T1,P0613_T1_3,3,condition_removed,Not Enough Evidence,Supported
P0613,P0613_T1,P0613_T1_4,4,supported,Supported,Supported
P0613,P0613_T1,P0613_T1_5,5,condition_contradicted,Not Supported,Supported
P0614,P0614_T1,P0614_T1_1,1,relation_contradicted,Not Supported,Not Supported
P0614,P0614_T1,P0614_T1_2,2,condition_replaced,Not Enough Evidence,Not Enough Evidence
P0614,P0614_T1,P0614_T1_3,3,condition_removed,Not Enough Evidence,Not Enough Evidence
P0614,P0614_T1,P0614_T1_4,4,supported,Supported,Supported
P0614,P0614_T1,P0614_T1_5,5,condition_contradicted,Not Supported,Not Supported
P0615,P0615_T1,P0615_T1_1,1,relation_contradicted,Not Supported,Not Supported
P0615,P0615_T1,P0615_T1_2,2,condition_replaced,Not Enough Evidence,Not Enough Evidence
P0615,P0615_T1,P0615_T1_3,3,condition_removed,Not Enough Evidence,Not Enough Evidence
P0615,P0615_T1,P0615_T1_4,4,supported,Supported,Supported
P0615,P0615_T1,P0615_T1_5,5,condition_contradicted,Not Supported,Not Supported
P0616,P0616_T1,P0616_T1_1,1,relation_contradicted,Not Supported,Not Supported
P0616,P0616_T1,P0616_T1_2,2,condition_replaced,Not Enough Evidence,Not Enough Evidence
P0616,P0616_T1,P0616_T1_3,3,condition_removed,Not Enough Evidence,Not Enough Evidence
P0616,P0616_T1,P0616_T1_4,4,supported,Supported,Supported
P0616,P0616_T1,P0616_T1_5,5,condition_contradicted,Not Supported,Not Supported
P0617,P0617_T1,P0617_T1_1,1,relation_contradicted,Not Supported,Not Supported
P0617,P0617_T1,P0617_T1_2,2,condition_replaced,Not Enough Evidence,Not Enough Evidence
P0617,P0617_T1,P0617_T1_3,3,condition_removed,Not Enough Evidence,Not Enough Evidence
P0617,P0617_T1,P0617_T1_4,4,supported,Supported,Supported
P0617,P0617_T1,P0617_T1_5,5,condition_contradicted,Not Supported,Not Supported
P0618,P0618_T1,P0618_T1_1,1,relation_contradicted,Not Supported,Not Supported
P0618,P0618_T1,P0618_T1_2,2,condition_replaced,Not Enough Evidence,Not Enough Evidence
P0618,P0618_T1,P0618_T1_3,3,condition_removed,Not Enough Evidence,Not Enough Evidence
P0618,P0618_T1,P0618_T1_4,4,supported,Supported,Supported
P0618,P0618_T1,P0618_T1_5,5,condition_contradicted,Not Supported,Not Supported
P0191,P0191_T2,P0191_T2_1,1,relation_contradicted,Not Supported,Not Supported
P0191,P0191_T2,P0191_T2_2,2,condition_replaced,Not Enough Evidence,Not Enough Evidence
P0191,P0191_T2,P0191_T2_3,3,condition_removed,Not Enough Evidence,Not Enough Evidence
P0191,P0191_T2,P0191_T2_4,4,supported,Supported,Supported
P0191,P0191_T2,P0191_T2_5,5,condition_contradicted,Not Supported,Not Supported
P0192,P0192_T1,P0192_T1_1,1,relation_contradicted,Not Supported,Not Supported
P0192,P0192_T1,P0192_T1_2,2,condition_replaced,Not Enough Evidence,Not Enough Evidence
P0192,P0192_T1,P0192_T1_3,3,condition_removed,Not Enough Evidence,Not Enough Evidence
P0192,P0192_T1,P0192_T1_4,4,supported,Supported,Not Supported
P0192,P0192_T1,P0192_T1_5,5,condition_contradicted,Not Supported,Not Supported
P0193,P0193_T1,P0193_T1_1,1,relation_contradicted,Not Supported,Not Supported
P0193,P0193_T1,P0193_T1_2,2,condition_replaced,Not Enough Evidence,Not Enough Evidence
P0193,P0193_T1,P0193_T1_3,3,condition_removed,Not Enough Evidence,Not Enough Evidence
P0193,P0193_T1,P0193_T1_4,4,supported,Supported,Not Supported
P0193,P0193_T1,P0193_T1_5,5,condition_contradicted,Not Supported,Not Supported
P0194,P0194_T1,P0194_T1_1,1,relation_contradicted,Not Supported,Not Supported
P0194,P0194_T1,P0194_T1_2,2,condition_replaced,Not Enough Evidence,Not Enough Evidence
P0194,P0194_T1,P0194_T1_3,3,condition_removed,Not Enough Evidence,Not Enough Evidence
P0194,P0194_T1,P0194_T1_4,4,supported,Supported,Not Supported
P0194,P0194_T1,P0194_T1_5,5,condition_contradicted,Not Supported,Not Supported
P0194,P0194_T2,P0194_T2_1,1,relation_contradicted,Not Supported,Not Supported
P0194,P0194_T2,P0194_T2_2,2,condition_replaced,Not Enough Evidence,Not Enough Evidence
P0194,P0194_T2,P0194_T2_3,3,condition_removed,Not Enough Evidence,Not Enough Evidence
P0194,P0194_T2,P0194_T2_4,4,supported,Supported,Not Supported
P0194,P0194_T2,P0194_T2_5,5,condition_contradicted,Not Supported,Not Supported
P0195,P0195_T1,P0195_T1_1,1,relation_contradicted,Not Supported,Not Supported
P0195,P0195_T1,P0195_T1_2,2,condition_replaced,Not Enough Evidence,Not Supported
P0195,P0195_T1,P0195_T1_3,3,condition_removed,Not Enough Evidence,Not Supported
P0195,P0195_T1,P0195_T1_4,4,supported,Supported,Not Supported
P0195,P0195_T1,P0195_T1_5,5,condition_contradicted,Not Supported,Not Supported
P0195,P0195_T2,P0195_T2_1,1,relation_contradicted,Not Supported,Not Supported
P0195,P0195_T2,P0195_T2_2,2,condition_replaced,Not Enough Evidence,Not Supported
P0195,P0195_T2,P0195_T2_3,3,condition_removed,Not Enough Evidence,Not Supported
P0195,P0195_T2,P0195_T2_4,4,supported,Supported,Not Supported
P0195,P0195_T2,P0195_T2_5,5,condition_contradicted,Not Supported,Not Supported
P0195,P0195_T3,P0195_T3_1,1,relation_contradicted,Not Supported,Not Supported
P0195,P0195_T3,P0195_T3_2,2,condition_replaced,Not Enough Evidence,Not Supported
P0195,P0195_T3,P0195_T3_3,3,condition_removed,Not Enough Evidence,Not Supported
P0195,P0195_T3,P0195_T3_4,4,supported,Supported,Not Supported
P0195,P0195_T3,P0195_T3_5,5,condition_contradicted,Not Supported,Not Supported
P0195,P0195_T4,P0195_T4_1,1,relation_contradicted,Not Supported,Not Supported
P0195,P0195_T4,P0195_T4_2,2,condition_replaced,Not Enough Evidence,Not Supported
P0195,P0195_T4,P0195_T4_3,3,condition_removed,Not Enough Evidence,Not Supported
P0195,P0195_T4,P0195_T4_4,4,supported,Supported,Not Supported
P0195,P0195_T4,P0195_T4_5,5,condition_contradicted,Not Supported,Not Supported
P0195,P0195_T5,P0195_T5_1,1,relation_contradicted,Not Supported,Not Supported
P0195,P0195_T5,P0195_T5_2,2,condition_replaced,Not Enough Evidence,Not Supported
P0195,P0195_T5,P0195_T5_3,3,condition_removed,Not Enough Evidence,Not Supported
P0195,P0195_T5,P0195_T5_4,4,supported,Supported,Not Supported
P0195,P0195_T5,P0195_T5_5,5,condition_contradicted,Not Supported,Not Supported
P0424,P0424_T3,P0424_T3_1,1,relation_contradicted,Not Supported,Not Supported
P0424,P0424_T3,P0424_T3_2,2,condition_replaced,Not Enough Evidence,Not Supported
P0424,P0424_T3,P0424_T3_3,3,condition_removed,Not Enough Evidence,Not Supported
P0424,P0424_T3,P0424_T3_4,4,supported,Supported,Not Supported
P0424,P0424_T3,P0424_T3_5,5,condition_contradicted,Not Supported,Not Supported
P0424,P0424_T4,P0424_T4_1,1,relation_contradicted,Not Supported,Not Supported
P0424,P0424_T4,P0424_T4_2,2,condition_replaced,Not Enough Evidence,Not Supported
P0424,P0424_T4,P0424_T4_3,3,condition_removed,Not Enough Evidence,Not Supported
P0424,P0424_T4,P0424_T4_4,4,supported,Supported,Not Supported
P0424,P0424_T4,P0424_T4_5,5,condition_contradicted,Not Supported,Not Supported
P0426,P0426_T1,P0426_T1_1,1,relation_contradicted,Not Supported,Not Supported
P0426,P0426_T1,P0426_T1_2,2,condition_replaced,Not Enough Evidence,Not Supported
P0426,P0426_T1,P0426_T1_3,3,condition_removed,Not Enough Evidence,Not Supported
P0426,P0426_T1,P0426_T1_4,4,supported,Supported,Not Supported
P0426,P0426_T1,P0426_T1_5,5,condition_contradicted,Not Supported,Not Supported
P0427,P0427_T1,P0427_T1_1,1,relation_contradicted,Not Supported,Not Supported
P0427,P0427_T1,P0427_T1_2,2,condition_replaced,Not Enough Evidence,Supported
P0427,P0427_T1,P0427_T1_3,3,condition_removed,Not Enough Evidence,Not Enough Evidence
P0427,P0427_T1,P0427_T1_4,4,supported,Supported,Supported
P0427,P0427_T1,P0427_T1_5,5,condition_contradicted,Not Supported,Not Supported
P0428,P0428_T1,P0428_T1_1,1,relation_contradicted,Not Supported,Not Supported
P0428,P0428_T1,P0428_T1_2,2,condition_replaced,Not Enough Evidence,Not Supported
P0428,P0428_T1,P0428_T1_3,3,condition_removed,Not Enough Evidence,Not Supported
P0428,P0428_T1,P0428_T1_4,4,supported,Supported,Not Supported
P0428,P0428_T1,P0428_T1_5,5,condition_contradicted,Not Supported,Not Supported
P0428,P0428_T2,P0428_T2_1,1,relation_contradicted,Not Supported,Not Supported
P0428,P0428_T2,P0428_T2_2,2,condition_replaced,Not Enough Evidence,Not Supported
P0428,P0428_T2,P0428_T2_3,3,condition_removed,Not Enough Evidence,Not Supported
P0428,P0428_T2,P0428_T2_4,4,supported,Supported,Not Supported
P0428,P0428_T2,P0428_T2_5,5,condition_contradicted,Not Supported,Not Supported
P0429,P0429_T1,P0429_T1_1,1,relation_contradicted,Not Supported,Not Supported
P0429,P0429_T1,P0429_T1_2,2,condition_replaced,Not Enough Evidence,Not Supported
P0429,P0429_T1,P0429_T1_3,3,condition_removed,Not Enough Evidence,Not Supported
P0429,P0429_T1,P0429_T1_4,4,supported,Supported,Not Supported
P0429,P0429_T1,P0429_T1_5,5,condition_contradicted,Not Supported,Not Supported
P0081,P0081_T2,P0081_T2_1,1,relation_contradicted,Not Supported,Not Supported
P0081,P0081_T2,P0081_T2_2,2,condition_replaced,Not Enough Evidence,Not Enough Evidence
P0081,P0081_T2,P0081_T2_3,3,condition_removed,Not Enough Evidence,Not Enough Evidence
P0081,P0081_T2,P0081_T2_4,4,supported,Supported,Not Supported
P0081,P0081_T2,P0081_T2_5,5,condition_contradicted,Not Supported,Not Supported
P0081,P0081_T3,P0081_T3_1,1,relation_contradicted,Not Supported,Not Supported
P0081,P0081_T3,P0081_T3_2,2,condition_replaced,Not Enough Evidence,Not Enough Evidence
P0081,P0081_T3,P0081_T3_3,3,condition_removed,Not Enough Evidence,Not Enough Evidence
P0081,P0081_T3,P0081_T3_4,4,supported,Supported,Not Supported
P0081,P0081_T3,P0081_T3_5,5,condition_contradicted,Not Supported,Not Supported
P0081,P0081_T4,P0081_T4_1,1,relation_contradicted,Not Supported,Not Supported
P0081,P0081_T4,P0081_T4_2,2,condition_replaced,Not Enough Evidence,Not Enough Evidence
P0081,P0081_T4,P0081_T4_3,3,condition_removed,Not Enough Evidence,Not Enough Evidence
P0081,P0081_T4,P0081_T4_4,4,supported,Supported,Supported
P0081,P0081_T4,P0081_T4_5,5,condition_contradicted,Not Supported,Not Supported
P0081,P0081_T5,P0081_T5_1,1,relation_contradicted,Not Supported,Not Supported
P0081,P0081_T5,P0081_T5_2,2,condition_replaced,Not Enough Evidence,Not Enough Evidence
P0081,P0081_T5,P0081_T5_3,3,condition_removed,Not Enough Evidence,Not Enough Evidence
P0081,P0081_T5,P0081_T5_4,4,supported,Supported,Supported
P0081,P0081_T5,P0081_T5_5,5,condition_contradicted,Not Supported,Not Supported
P0081,P0081_T6,P0081_T6_1,1,relation_contradicted,Not Supported,Not Supported
P0081,P0081_T6,P0081_T6_2,2,condition_replaced,Not Enough Evidence,Not Enough Evidence
P0081,P0081_T6,P0081_T6_3,3,condition_removed,Not Enough Evidence,Not Enough Evidence
P0081,P0081_T6,P0081_T6_4,4,supported,Supported,Supported
P0081,P0081_T6,P0081_T6_5,5,condition_contradicted,Not Supported,Not Supported
P0081,P0081_T7,P0081_T7_1,1,relation_contradicted,Not Supported,Not Supported
P0081,P0081_T7,P0081_T7_2,2,condition_replaced,Not Enough Evidence,Not Enough Evidence
P0081,P0081_T7,P0081_T7_3,3,condition_removed,Not Enough Evidence,Not Enough Evidence
P0081,P0081_T7,P0081_T7_4,4,supported,Supported,Supported
P0081,P0081_T7,P0081_T7_5,5,condition_contradicted,Not Supported,Not Supported
P0081,P0081_T8,P0081_T8_1,1,relation_contradicted,Not Supported,Not Supported
P0081,P0081_T8,P0081_T8_2,2,condition_replaced,Not Enough Evidence,Not Enough Evidence
P0081,P0081_T8,P0081_T8_3,3,condition_removed,Not Enough Evidence,Not Enough Evidence
P0081,P0081_T8,P0081_T8_4,4,supported,Supported,Supported
P0081,P0081_T8,P0081_T8_5,5,condition_contradicted,Not Supported,Not Supported
P0082,P0082_T1,P0082_T1_1,1,relation_contradicted,Not Supported,Not Supported
P0082,P0082_T1,P0082_T1_2,2,condition_replaced,Not Enough Evidence,Not Enough Evidence
P0082,P0082_T1,P0082_T1_3,3,condition_removed,Not Enough Evidence,Not Enough Evidence
P0082,P0082_T1,P0082_T1_4,4,supported,Supported,Supported
P0082,P0082_T1,P0082_T1_5,5,condition_contradicted,Not Supported,Not Supported
P0083,P0083_T1,P0083_T1_1,1,relation_contradicted,Not Supported,Not Supported
P0083,P0083_T1,P0083_T1_2,2,condition_replaced,Not Enough Evidence,Not Supported
P0083,P0083_T1,P0083_T1_3,3,condition_removed,Not Enough Evidence,Not Supported
P0083,P0083_T1,P0083_T1_4,4,supported,Supported,Not Supported
P0083,P0083_T1,P0083_T1_5,5,condition_contradicted,Not Supported,Not Supported
P0083,P0083_T2,P0083_T2_1,1,relation_contradicted,Not Supported,Not Supported
P0083,P0083_T2,P0083_T2_2,2,condition_replaced,Not Enough Evidence,Not Supported
P0083,P0083_T2,P0083_T2_3,3,condition_removed,Not Enough Evidence,Not Supported
P0083,P0083_T2,P0083_T2_4,4,supported,Supported,Not Supported
P0083,P0083_T2,P0083_T2_5,5,condition_contradicted,Not Supported,Not Supported
P0627,P0627_T1,P0627_T1_1,1,relation_contradicted,Not Supported,Supported
P0627,P0627_T1,P0627_T1_2,2,condition_replaced,Not Enough Evidence,Not Supported
P0627,P0627_T1,P0627_T1_3,3,condition_removed,Not Enough Evidence,Not Enough Evidence
P0627,P0627_T1,P0627_T1_4,4,supported,Supported,Supported
P0627,P0627_T1,P0627_T1_5,5,condition_contradicted,Not Supported,Not Supported
P0627,P0627_T2,P0627_T2_1,1,relation_contradicted,Not Supported,Supported
P0627,P0627_T2,P0627_T2_2,2,condition_replaced,Not Enough Evidence,Not Enough Evidence
P0627,P0627_T2,P0627_T2_3,3,condition_removed,Not Enough Evidence,Not Enough Evidence
P0627,P0627_T2,P0627_T2_4,4,supported,Supported,Supported
P0627,P0627_T2,P0627_T2_5,5,condition_contradicted,Not Supported,Not Supported
P0628,P0628_T1,P0628_T1_1,1,relation_contradicted,Not Supported,Not Supported
P0628,P0628_T1,P0628_T1_2,2,condition_replaced,Not Enough Evidence,Not Enough Evidence
P0628,P0628_T1,P0628_T1_3,3,condition_removed,Not Enough Evidence,Not Enough Evidence
P0628,P0628_T1,P0628_T1_4,4,supported,Supported,Supported
P0628,P0628_T1,P0628_T1_5,5,condition_contradicted,Not Supported,Not Supported
P0629,P0629_T1,P0629_T1_1,1,relation_contradicted,Not Supported,Not Supported
P0629,P0629_T1,P0629_T1_2,2,condition_replaced,Not Enough Evidence,Not Enough Evidence
P0629,P0629_T1,P0629_T1_3,3,condition_removed,Not Enough Evidence,Not Enough Evidence
P0629,P0629_T1,P0629_T1_4,4,supported,Supported,Supported
P0629,P0629_T1,P0629_T1_5,5,condition_contradicted,Not Supported,Not Supported
P0630,P0630_T1,P0630_T1_1,1,relation_contradicted,Not Supported,Not Supported
P0630,P0630_T1,P0630_T1_2,2,condition_replaced,Not Enough Evidence,Not Enough Evidence
P0630,P0630_T1,P0630_T1_3,3,condition_removed,Not Enough Evidence,Not Enough Evidence
P0630,P0630_T1,P0630_T1_4,4,supported,Supported,Supported
P0630,P0630_T1,P0630_T1_5,5,condition_contradicted,Not Supported,Not Supported
P0631,P0631_T1,P0631_T1_1,1,relation_contradicted,Not Supported,Not Supported
P0631,P0631_T1,P0631_T1_2,2,condition_replaced,Not Enough Evidence,Not Enough Evidence
P0631,P0631_T1,P0631_T1_3,3,condition_removed,Not Enough Evidence,Not Enough Evidence
P0631,P0631_T1,P0631_T1_4,4,supported,Supported,Supported
P0631,P0631_T1,P0631_T1_5,5,condition_contradicted,Not Supported,Not Supported
P0632,P0632_T1,P0632_T1_1,1,relation_contradicted,Not Supported,Not Supported
P0632,P0632_T1,P0632_T1_2,2,condition_replaced,Not Enough Evidence,Not Enough Evidence
P0632,P0632_T1,P0632_T1_3,3,condition_removed,Not Enough Evidence,Not Enough Evidence
P0632,P0632_T1,P0632_T1_4,4,supported,Supported,Supported
P0632,P0632_T1,P0632_T1_5,5,condition_contradicted,Not Supported,Not Supported
P0632,P0632_T2,P0632_T2_1,1,relation_contradicted,Not Supported,Not Supported
P0632,P0632_T2,P0632_T2_2,2,condition_replaced,Not Enough Evidence,Not Enough Evidence
P0632,P0632_T2,P0632_T2_3,3,condition_removed,Not Enough Evidence,Not Enough Evidence
P0632,P0632_T2,P0632_T2_4,4,supported,Supported,Supported
P0632,P0632_T2,P0632_T2_5,5,condition_contradicted,Not Supported,Not Supported
P0633,P0633_T1,P0633_T1_1,1,relation_contradicted,Not Supported,Not Supported
P0633,P0633_T1,P0633_T1_2,2,condition_replaced,Not Enough Evidence,Not Enough Evidence
P0633,P0633_T1,P0633_T1_3,3,condition_removed,Not Enough Evidence,Not Enough Evidence
P0633,P0633_T1,P0633_T1_4,4,supported,Supported,Not Supported
P0633,P0633_T1,P0633_T1_5,5,condition_contradicted,Not Supported,Not Supported
P0634,P0634_T1,P0634_T1_1,1,relation_contradicted,Not Supported,Not Supported
P0634,P0634_T1,P0634_T1_2,2,condition_replaced,Not Enough Evidence,Not Enough Evidence
P0634,P0634_T1,P0634_T1_3,3,condition_removed,Not Enough Evidence,Not Enough Evidence
P0634,P0634_T1,P0634_T1_4,4,supported,Supported,Not Supported
P0634,P0634_T1,P0634_T1_5,5,condition_contradicted,Not Supported,Not Supported
P0282,P0282_T5,P0282_T5_1,1,relation_contradicted,Not Supported,Not Supported
P0282,P0282_T5,P0282_T5_2,2,condition_replaced,Not Enough Evidence,Not Supported
P0282,P0282_T5,P0282_T5_3,3,condition_removed,Not Enough Evidence,Not Supported
P0282,P0282_T5,P0282_T5_4,4,supported,Supported,Not Supported
P0282,P0282_T5,P0282_T5_5,5,condition_contradicted,Not Supported,Not Supported
P0282,P0282_T6,P0282_T6_1,1,relation_contradicted,Not Supported,Not Supported
P0282,P0282_T6,P0282_T6_2,2,condition_replaced,Not Enough Evidence,Not Supported
P0282,P0282_T6,P0282_T6_3,3,condition_removed,Not Enough Evidence,Not Supported
P0282,P0282_T6,P0282_T6_4,4,supported,Supported,Not Supported
P0282,P0282_T6,P0282_T6_5,5,condition_contradicted,Not Supported,Not Supported
P0282,P0282_T7,P0282_T7_1,1,relation_contradicted,Not Supported,Not Supported
P0282,P0282_T7,P0282_T7_2,2,condition_replaced,Not Enough Evidence,Not Supported
P0282,P0282_T7,P0282_T7_3,3,condition_removed,Not Enough Evidence,Not Supported
P0282,P0282_T7,P0282_T7_4,4,supported,Supported,Not Supported
P0282,P0282_T7,P0282_T7_5,5,condition_contradicted,Not Supported,Not Supported
P0282,P0282_T8,P0282_T8_1,1,relation_contradicted,Not Supported,Not Supported
P0282,P0282_T8,P0282_T8_2,2,condition_replaced,Not Enough Evidence,Not Supported
P0282,P0282_T8,P0282_T8_3,3,condition_removed,Not Enough Evidence,Not Supported
P0282,P0282_T8,P0282_T8_4,4,supported,Supported,Not Supported
P0282,P0282_T8,P0282_T8_5,5,condition_contradicted,Not Supported,Not Supported
P0283,P0283_T1,P0283_T1_1,1,relation_contradicted,Not Supported,Not Supported
P0283,P0283_T1,P0283_T1_2,2,condition_replaced,Not Enough Evidence,Not Supported
P0283,P0283_T1,P0283_T1_3,3,condition_removed,Not Enough Evidence,Not Supported
P0283,P0283_T1,P0283_T1_4,4,supported,Supported,Not Supported
P0283,P0283_T1,P0283_T1_5,5,condition_contradicted,Not Supported,Not Supported
P0283,P0283_T2,P0283_T2_1,1,relation_contradicted,Not Supported,Not Supported
P0283,P0283_T2,P0283_T2_2,2,condition_replaced,Not Enough Evidence,Not Supported
P0283,P0283_T2,P0283_T2_3,3,condition_removed,Not Enough Evidence,Not Supported
P0283,P0283_T2,P0283_T2_4,4,supported,Supported,Not Supported
P0283,P0283_T2,P0283_T2_5,5,condition_contradicted,Not Supported,Not Supported
P0284,P0284_T1,P0284_T1_1,1,relation_contradicted,Not Supported,Not Supported
P0284,P0284_T1,P0284_T1_2,2,condition_replaced,Not Enough Evidence,Not Supported
P0284,P0284_T1,P0284_T1_3,3,condition_removed,Not Enough Evidence,Not Enough Evidence
P0284,P0284_T1,P0284_T1_4,4,supported,Supported,Not Supported
P0284,P0284_T1,P0284_T1_5,5,condition_contradicted,Not Supported,Not Supported
P0284,P0284_T2,P0284_T2_1,1,relation_contradicted,Not Supported,Not Supported
P0284,P0284_T2,P0284_T2_2,2,condition_replaced,Not Enough Evidence,Not Supported
P0284,P0284_T2,P0284_T2_3,3,condition_removed,Not Enough Evidence,Not Supported
P0284,P0284_T2,P0284_T2_4,4,supported,Supported,Not Supported
P0284,P0284_T2,P0284_T2_5,5,condition_contradicted,Not Supported,Not Supported
P0284,P0284_T3,P0284_T3_1,1,relation_contradicted,Not Supported,Not Supported
P0284,P0284_T3,P0284_T3_2,2,condition_replaced,Not Enough Evidence,Not Supported
P0284,P0284_T3,P0284_T3_3,3,condition_removed,Not Enough Evidence,Not Supported
P0284,P0284_T3,P0284_T3_4,4,supported,Supported,Not Supported
P0284,P0284_T3,P0284_T3_5,5,condition_contradicted,Not Supported,Not Supported
P0284,P0284_T4,P0284_T4_1,1,relation_contradicted,Not Supported,Not Supported
P0284,P0284_T4,P0284_T4_2,2,condition_replaced,Not Enough Evidence,Not Supported
P0284,P0284_T4,P0284_T4_3,3,condition_removed,Not Enough Evidence,Not Supported
P0284,P0284_T4,P0284_T4_4,4,supported,Supported,Not Supported
P0284,P0284_T4,P0284_T4_5,5,condition_contradicted,Not Supported,Not Supported
P0195,P0195_T6,P0195_T6_1,1,relation_contradicted,Not Supported,Not Supported
P0195,P0195_T6,P0195_T6_2,2,condition_replaced,Not Enough Evidence,Not Supported
P0195,P0195_T6,P0195_T6_3,3,condition_removed,Not Enough Evidence,Not Supported
P0195,P0195_T6,P0195_T6_4,4,supported,Supported,Not Supported
P0195,P0195_T6,P0195_T6_5,5,condition_contradicted,Not Supported,Not Supported
P0195,P0195_T7,P0195_T7_1,1,relation_contradicted,Not Supported,Not Supported
P0195,P0195_T7,P0195_T7_2,2,condition_replaced,Not Enough Evidence,Not Supported
P0195,P0195_T7,P0195_T7_3,3,condition_removed,Not Enough Evidence,Not Supported
P0195,P0195_T7,P0195_T7_4,4,supported,Supported,Not Supported
P0195,P0195_T7,P0195_T7_5,5,condition_contradicted,Not Supported,Not Supported
P0196,P0196_T1,P0196_T1_1,1,relation_contradicted,Not Supported,Not Supported
P0196,P0196_T1,P0196_T1_2,2,condition_replaced,Not Enough Evidence,Not Enough Evidence
P0196,P0196_T1,P0196_T1_3,3,condition_removed,Not Enough Evidence,Not Enough Evidence
P0196,P0196_T1,P0196_T1_4,4,supported,Supported,Supported
P0196,P0196_T1,P0196_T1_5,5,condition_contradicted,Not Supported,Not Supported
P0196,P0196_T2,P0196_T2_1,1,relation_contradicted,Not Supported,Not Supported
P0196,P0196_T2,P0196_T2_2,2,condition_replaced,Not Enough Evidence,Not Enough Evidence
P0196,P0196_T2,P0196_T2_3,3,condition_removed,Not Enough Evidence,Not Enough Evidence
P0196,P0196_T2,P0196_T2_4,4,supported,Supported,Not Supported
P0196,P0196_T2,P0196_T2_5,5,condition_contradicted,Not Supported,Not Supported
P0197,P0197_T1,P0197_T1_1,1,relation_contradicted,Not Supported,Not Supported
P0197,P0197_T1,P0197_T1_2,2,condition_replaced,Not Enough Evidence,Not Enough Evidence
P0197,P0197_T1,P0197_T1_3,3,condition_removed,Not Enough Evidence,Not Enough Evidence
P0197,P0197_T1,P0197_T1_4,4,supported,Supported,Supported
P0197,P0197_T1,P0197_T1_5,5,condition_contradicted,Not Supported,Not Supported
P0197,P0197_T2,P0197_T2_1,1,relation_contradicted,Not Supported,Not Supported
P0197,P0197_T2,P0197_T2_2,2,condition_replaced,Not Enough Evidence,Not Enough Evidence
P0197,P0197_T2,P0197_T2_3,3,condition_removed,Not Enough Evidence,Not Enough Evidence
P0197,P0197_T2,P0197_T2_4,4,supported,Supported,Supported
P0197,P0197_T2,P0197_T2_5,5,condition_contradicted,Not Supported,Not Supported
P0197,P0197_T3,P0197_T3_1,1,relation_contradicted,Not Supported,Not Supported
P0197,P0197_T3,P0197_T3_2,2,condition_replaced,Not Enough Evidence,Not Enough Evidence
P0197,P0197_T3,P0197_T3_3,3,condition_removed,Not Enough Evidence,Not Enough Evidence
P0197,P0197_T3,P0197_T3_4,4,supported,Supported,Not Supported
P0197,P0197_T3,P0197_T3_5,5,condition_contradicted,Not Supported,Not Supported
P0198,P0198_T1,P0198_T1_1,1,relation_contradicted,Not Supported,Not Supported
P0198,P0198_T1,P0198_T1_2,2,condition_replaced,Not Enough Evidence,Not Enough Evidence
P0198,P0198_T1,P0198_T1_3,3,condition_removed,Not Enough Evidence,Not Enough Evidence
P0198,P0198_T1,P0198_T1_4,4,supported,Supported,Supported
P0198,P0198_T1,P0198_T1_5,5,condition_contradicted,Not Supported,Not Supported
P0199,P0199_T1,P0199_T1_1,1,relation_contradicted,Not Supported,Not Supported
P0199,P0199_T1,P0199_T1_2,2,condition_replaced,Not Enough Evidence,Not Supported
P0199,P0199_T1,P0199_T1_3,3,condition_removed,Not Enough Evidence,Not Supported
P0199,P0199_T1,P0199_T1_4,4,supported,Supported,Not Supported
P0199,P0199_T1,P0199_T1_5,5,condition_contradicted,Not Supported,Not Supported
P0200,P0200_T1,P0200_T1_1,1,relation_contradicted,Not Supported,Not Supported
P0200,P0200_T1,P0200_T1_2,2,condition_replaced,Not Enough Evidence,Not Enough Evidence
P0200,P0200_T1,P0200_T1_3,3,condition_removed,Not Enough Evidence,Not Enough Evidence
P0200,P0200_T1,P0200_T1_4,4,supported,Supported,Not Supported
P0200,P0200_T1,P0200_T1_5,5,condition_contradicted,Not Supported,Not Supported
P0430,P0430_T1,P0430_T1_1,1,relation_contradicted,Not Supported,Not Supported
P0430,P0430_T1,P0430_T1_2,2,condition_replaced,Not Enough Evidence,Not Supported
P0430,P0430_T1,P0430_T1_3,3,condition_removed,Not Enough Evidence,Not Supported
P0430,P0430_T1,P0430_T1_4,4,supported,Supported,Not Supported
P0430,P0430_T1,P0430_T1_5,5,condition_contradicted,Not Supported,Not Supported
P0431,P0431_T1,P0431_T1_1,1,relation_contradicted,Not Supported,Not Supported
P0431,P0431_T1,P0431_T1_2,2,condition_replaced,Not Enough Evidence,Not Supported
P0431,P0431_T1,P0431_T1_3,3,condition_removed,Not Enough Evidence,Not Supported
P0431,P0431_T1,P0431_T1_4,4,supported,Supported,Not Supported
P0431,P0431_T1,P0431_T1_5,5,condition_contradicted,Not Supported,Not Supported
P0432,P0432_T1,P0432_T1_1,1,relation_contradicted,Not Supported,Not Supported
P0432,P0432_T1,P0432_T1_2,2,condition_replaced,Not Enough Evidence,Not Supported
P0432,P0432_T1,P0432_T1_3,3,condition_removed,Not Enough Evidence,Not Supported
P0432,P0432_T1,P0432_T1_4,4,supported,Supported,Not Supported
P0432,P0432_T1,P0432_T1_5,5,condition_contradicted,Not Supported,Not Supported
P0432,P0432_T2,P0432_T2_1,1,relation_contradicted,Not Supported,Not Supported
P0432,P0432_T2,P0432_T2_2,2,condition_replaced,Not Enough Evidence,Not Supported
P0432,P0432_T2,P0432_T2_3,3,condition_removed,Not Enough Evidence,Not Supported
P0432,P0432_T2,P0432_T2_4,4,supported,Supported,Not Supported
P0432,P0432_T2,P0432_T2_5,5,condition_contradicted,Not Supported,Not Supported
P0433,P0433_T1,P0433_T1_1,1,relation_contradicted,Not Supported,Not Supported
P0433,P0433_T1,P0433_T1_2,2,condition_replaced,Not Enough Evidence,Not Supported
P0433,P0433_T1,P0433_T1_3,3,condition_removed,Not Enough Evidence,Not Supported
P0433,P0433_T1,P0433_T1_4,4,supported,Supported,Not Supported
P0433,P0433_T1,P0433_T1_5,5,condition_contradicted,Not Supported,Not Supported
P0434,P0434_T1,P0434_T1_1,1,relation_contradicted,Not Supported,Not Supported
P0434,P0434_T1,P0434_T1_2,2,condition_replaced,Not Enough Evidence,Not Enough Evidence
P0434,P0434_T1,P0434_T1_3,3,condition_removed,Not Enough Evidence,Not Enough Evidence
P0434,P0434_T1,P0434_T1_4,4,supported,Supported,Supported
P0434,P0434_T1,P0434_T1_5,5,condition_contradicted,Not Supported,Not Supported
P0435,P0435_T1,P0435_T1_1,1,relation_contradicted,Not Supported,Not Supported
P0435,P0435_T1,P0435_T1_2,2,condition_replaced,Not Enough Evidence,Not Supported
P0435,P0435_T1,P0435_T1_3,3,condition_removed,Not Enough Evidence,Not Supported
P0435,P0435_T1,P0435_T1_4,4,supported,Supported,Not Supported
P0435,P0435_T1,P0435_T1_5,5,condition_contradicted,Not Supported,Not Supported
P0435,P0435_T2,P0435_T2_1,1,relation_contradicted,Not Supported,Not Supported
P0435,P0435_T2,P0435_T2_2,2,condition_replaced,Not Enough Evidence,Not Supported
P0435,P0435_T2,P0435_T2_3,3,condition_removed,Not Enough Evidence,Not Supported
P0435,P0435_T2,P0435_T2_4,4,supported,Supported,Not Supported
P0435,P0435_T2,P0435_T2_5,5,condition_contradicted,Not Supported,Not Supported
P0284,P0284_T5,P0284_T5_1,1,relation_contradicted,Not Supported,Not Supported
P0284,P0284_T5,P0284_T5_2,2,condition_replaced,Not Enough Evidence,Not Supported
P0284,P0284_T5,P0284_T5_3,3,condition_removed,Not Enough Evidence,Not Supported
P0284,P0284_T5,P0284_T5_4,4,supported,Supported,Not Supported
P0284,P0284_T5,P0284_T5_5,5,condition_contradicted,Not Supported,Not Supported
P0285,P0285_T1,P0285_T1_1,1,relation_contradicted,Not Supported,Not Supported
P0285,P0285_T1,P0285_T1_2,2,condition_replaced,Not Enough Evidence,Not Enough Evidence
P0285,P0285_T1,P0285_T1_3,3,condition_removed,Not Enough Evidence,Not Enough Evidence
P0285,P0285_T1,P0285_T1_4,4,supported,Supported,Supported
P0285,P0285_T1,P0285_T1_5,5,condition_contradicted,Not Supported,Not Supported
P0286,P0286_T1,P0286_T1_1,1,relation_contradicted,Not Supported,Not Supported
P0286,P0286_T1,P0286_T1_2,2,condition_replaced,Not Enough Evidence,Not Supported
P0286,P0286_T1,P0286_T1_3,3,condition_removed,Not Enough Evidence,Not Supported
P0286,P0286_T1,P0286_T1_4,4,supported,Supported,Not Supported
P0286,P0286_T1,P0286_T1_5,5,condition_contradicted,Not Supported,Not Supported
P0286,P0286_T2,P0286_T2_1,1,relation_contradicted,Not Supported,Not Supported
P0286,P0286_T2,P0286_T2_2,2,condition_replaced,Not Enough Evidence,Not Supported
P0286,P0286_T2,P0286_T2_3,3,condition_removed,Not Enough Evidence,Not Supported
P0286,P0286_T2,P0286_T2_4,4,supported,Supported,Not Supported
P0286,P0286_T2,P0286_T2_5,5,condition_contradicted,Not Supported,Not Supported
P0286,P0286_T3,P0286_T3_1,1,relation_contradicted,Not Supported,Not Supported
P0286,P0286_T3,P0286_T3_2,2,condition_replaced,Not Enough Evidence,Not Supported
P0286,P0286_T3,P0286_T3_3,3,condition_removed,Not Enough Evidence,Not Supported
P0286,P0286_T3,P0286_T3_4,4,supported,Supported,Not Supported
P0286,P0286_T3,P0286_T3_5,5,condition_contradicted,Not Supported,Not Supported
P0286,P0286_T4,P0286_T4_1,1,relation_contradicted,Not Supported,Not Supported
P0286,P0286_T4,P0286_T4_2,2,condition_replaced,Not Enough Evidence,Not Supported
P0286,P0286_T4,P0286_T4_3,3,condition_removed,Not Enough Evidence,Not Supported
P0286,P0286_T4,P0286_T4_4,4,supported,Supported,Not Supported
P0286,P0286_T4,P0286_T4_5,5,condition_contradicted,Not Supported,Not Supported
P0286,P0286_T5,P0286_T5_1,1,relation_contradicted,Not Supported,Not Supported
P0286,P0286_T5,P0286_T5_2,2,condition_replaced,Not Enough Evidence,Not Supported
P0286,P0286_T5,P0286_T5_3,3,condition_removed,Not Enough Evidence,Not Supported
P0286,P0286_T5,P0286_T5_4,4,supported,Supported,Not Supported
P0286,P0286_T5,P0286_T5_5,5,condition_contradicted,Not Supported,Not Supported
P0286,P0286_T6,P0286_T6_1,1,relation_contradicted,Not Supported,Not Supported
P0286,P0286_T6,P0286_T6_2,2,condition_replaced,Not Enough Evidence,Not Supported
P0286,P0286_T6,P0286_T6_3,3,condition_removed,Not Enough Evidence,Not Supported
P0286,P0286_T6,P0286_T6_4,4,supported,Supported,Not Supported
P0286,P0286_T6,P0286_T6_5,5,condition_contradicted,Not Supported,Not Supported
P0286,P0286_T7,P0286_T7_1,1,relation_contradicted,Not Supported,Not Supported
P0286,P0286_T7,P0286_T7_2,2,condition_replaced,Not Enough Evidence,Not Supported
P0286,P0286_T7,P0286_T7_3,3,condition_removed,Not Enough Evidence,Not Supported
P0286,P0286_T7,P0286_T7_4,4,supported,Supported,Not Supported
P0286,P0286_T7,P0286_T7_5,5,condition_contradicted,Not Supported,Not Supported
P0286,P0286_T8,P0286_T8_1,1,relation_contradicted,Not Supported,Not Supported
P0286,P0286_T8,P0286_T8_2,2,condition_replaced,Not Enough Evidence,Not Supported
P0286,P0286_T8,P0286_T8_3,3,condition_removed,Not Enough Evidence,Not Supported
P0286,P0286_T8,P0286_T8_4,4,supported,Supported,Not Supported
P0286,P0286_T8,P0286_T8_5,5,condition_contradicted,Not Supported,Not Supported
P0635,P0635_T1,P0635_T1_1,1,relation_contradicted,Not Supported,Not Supported
P0635,P0635_T1,P0635_T1_2,2,condition_replaced,Not Enough Evidence,Not Enough Evidence
P0635,P0635_T1,P0635_T1_3,3,condition_removed,Not Enough Evidence,Not Enough Evidence
P0635,P0635_T1,P0635_T1_4,4,supported,Supported,Supported
P0635,P0635_T1,P0635_T1_5,5,condition_contradicted,Not Supported,Not Supported
P0636,P0636_T1,P0636_T1_1,1,relation_contradicted,Not Supported,Not Supported
P0636,P0636_T1,P0636_T1_2,2,condition_replaced,Not Enough Evidence,Not Enough Evidence
P0636,P0636_T1,P0636_T1_3,3,condition_removed,Not Enough Evidence,Not Enough Evidence
P0636,P0636_T1,P0636_T1_4,4,supported,Supported,Supported
P0636,P0636_T1,P0636_T1_5,5,condition_contradicted,Not Supported,Not Supported
P0636,P0636_T2,P0636_T2_1,1,relation_contradicted,Not Supported,Not Supported
P0636,P0636_T2,P0636_T2_2,2,condition_replaced,Not Enough Evidence,Not Enough Evidence
P0636,P0636_T2,P0636_T2_3,3,condition_removed,Not Enough Evidence,Not Enough Evidence
P0636,P0636_T2,P0636_T2_4,4,supported,Supported,Supported
P0636,P0636_T2,P0636_T2_5,5,condition_contradicted,Not Supported,Not Supported
P0637,P0637_T1,P0637_T1_1,1,relation_contradicted,Not Supported,Not Supported
P0637,P0637_T1,P0637_T1_2,2,condition_replaced,Not Enough Evidence,Not Enough Evidence
P0637,P0637_T1,P0637_T1_3,3,condition_removed,Not Enough Evidence,Not Enough Evidence
P0637,P0637_T1,P0637_T1_4,4,supported,Supported,Supported
P0637,P0637_T1,P0637_T1_5,5,condition_contradicted,Not Supported,Not Supported
P0638,P0638_T1,P0638_T1_1,1,relation_contradicted,Not Supported,Not Supported
P0638,P0638_T1,P0638_T1_2,2,condition_replaced,Not Enough Evidence,Not Supported
P0638,P0638_T1,P0638_T1_3,3,condition_removed,Not Enough Evidence,Not Supported
P0638,P0638_T1,P0638_T1_4,4,supported,Supported,Not Supported
P0638,P0638_T1,P0638_T1_5,5,condition_contradicted,Not Supported,Not Supported
P0639,P0639_T1,P0639_T1_1,1,relation_contradicted,Not Supported,Not Supported
P0639,P0639_T1,P0639_T1_2,2,condition_replaced,Not Enough Evidence,Not Enough Evidence
P0639,P0639_T1,P0639_T1_3,3,condition_removed,Not Enough Evidence,Not Enough Evidence
P0639,P0639_T1,P0639_T1_4,4,supported,Supported,Supported
P0639,P0639_T1,P0639_T1_5,5,condition_contradicted,Not Supported,Not Supported
P0640,P0640_T1,P0640_T1_1,1,relation_contradicted,Not Supported,Not Supported
P0640,P0640_T1,P0640_T1_2,2,condition_replaced,Not Enough Evidence,Not Enough Evidence
P0640,P0640_T1,P0640_T1_3,3,condition_removed,Not Enough Evidence,Not Enough Evidence
P0640,P0640_T1,P0640_T1_4,4,supported,Supported,Not Supported
P0640,P0640_T1,P0640_T1_5,5,condition_contradicted,Not Supported,Not Supported
P0641,P0641_T1,P0641_T1_1,1,relation_contradicted,Not Supported,Not Supported
P0641,P0641_T1,P0641_T1_2,2,condition_replaced,Not Enough Evidence,Not Enough Evidence
P0641,P0641_T1,P0641_T1_3,3,condition_removed,Not Enough Evidence,Not Enough Evidence
P0641,P0641_T1,P0641_T1_4,4,supported,Supported,Supported
P0641,P0641_T1,P0641_T1_5,5,condition_contradicted,Not Supported,Not Supported
P0642,P0642_T1,P0642_T1_1,1,relation_contradicted,Not Supported,Not Supported
P0642,P0642_T1,P0642_T1_2,2,condition_replaced,Not Enough Evidence,Not Enough Evidence
P0642,P0642_T1,P0642_T1_3,3,condition_removed,Not Enough Evidence,Not Enough Evidence
P0642,P0642_T1,P0642_T1_4,4,supported,Supported,Supported
P0642,P0642_T1,P0642_T1_5,5,condition_contradicted,Not Supported,Not Supported
P0642,P0642_T2,P0642_T2_1,1,relation_contradicted,Not Supported,Not Supported
P0642,P0642_T2,P0642_T2_2,2,condition_replaced,Not Enough Evidence,Not Enough Evidence
P0642,P0642_T2,P0642_T2_3,3,condition_removed,Not Enough Evidence,Not Enough Evidence
P0642,P0642_T2,P0642_T2_4,4,supported,Supported,Supported
P0642,P0642_T2,P0642_T2_5,5,condition_contradicted,Not Supported,Not Supported
P0200,P0200_T2,P0200_T2_1,1,relation_contradicted,Not Supported,Not Supported
P0200,P0200_T2,P0200_T2_2,2,condition_replaced,Not Enough Evidence,Not Enough Evidence
P0200,P0200_T2,P0200_T2_3,3,condition_removed,Not Enough Evidence,Not Supported
P0200,P0200_T2,P0200_T2_4,4,supported,Supported,Not Supported
P0200,P0200_T2,P0200_T2_5,5,condition_contradicted,Not Supported,Not Supported
P0200,P0200_T3,P0200_T3_1,1,relation_contradicted,Not Supported,Not Supported
P0200,P0200_T3,P0200_T3_2,2,condition_replaced,Not Enough Evidence,Not Enough Evidence
P0200,P0200_T3,P0200_T3_3,3,condition_removed,Not Enough Evidence,Not Enough Evidence
P0200,P0200_T3,P0200_T3_4,4,supported,Supported,Not Supported
P0200,P0200_T3,P0200_T3_5,5,condition_contradicted,Not Supported,Not Supported
P0200,P0200_T4,P0200_T4_1,1,relation_contradicted,Not Supported,Not Supported
P0200,P0200_T4,P0200_T4_2,2,condition_replaced,Not Enough Evidence,Not Enough Evidence
P0200,P0200_T4,P0200_T4_3,3,condition_removed,Not Enough Evidence,Not Enough Evidence
P0200,P0200_T4,P0200_T4_4,4,supported,Supported,Not Supported
P0200,P0200_T4,P0200_T4_5,5,condition_contradicted,Not Supported,Not Supported
P0200,P0200_T5,P0200_T5_1,1,relation_contradicted,Not Supported,Not Supported
P0200,P0200_T5,P0200_T5_2,2,condition_replaced,Not Enough Evidence,Not Enough Evidence
P0200,P0200_T5,P0200_T5_3,3,condition_removed,Not Enough Evidence,Not Enough Evidence
P0200,P0200_T5,P0200_T5_4,4,supported,Supported,Not Supported
P0200,P0200_T5,P0200_T5_5,5,condition_contradicted,Not Supported,Not Supported
P0201,P0201_T1,P0201_T1_1,1,relation_contradicted,Not Supported,Not Supported
P0201,P0201_T1,P0201_T1_2,2,condition_replaced,Not Enough Evidence,Not Enough Evidence
P0201,P0201_T1,P0201_T1_3,3,condition_removed,Not Enough Evidence,Not Enough Evidence
P0201,P0201_T1,P0201_T1_4,4,supported,Supported,Not Supported
P0201,P0201_T1,P0201_T1_5,5,condition_contradicted,Not Supported,Not Supported
P0201,P0201_T2,P0201_T2_1,1,relation_contradicted,Not Supported,Not Supported
P0201,P0201_T2,P0201_T2_2,2,condition_replaced,Not Enough Evidence,Not Supported
P0201,P0201_T2,P0201_T2_3,3,condition_removed,Not Enough Evidence,Not Supported
P0201,P0201_T2,P0201_T2_4,4,supported,Supported,Not Supported
P0201,P0201_T2,P0201_T2_5,5,condition_contradicted,Not Supported,Not Supported
P0201,P0201_T3,P0201_T3_1,1,relation_contradicted,Not Supported,Not Supported
P0201,P0201_T3,P0201_T3_2,2,condition_replaced,Not Enough Evidence,Not Enough Evidence
P0201,P0201_T3,P0201_T3_3,3,condition_removed,Not Enough Evidence,Not Enough Evidence
P0201,P0201_T3,P0201_T3_4,4,supported,Supported,Supported
P0201,P0201_T3,P0201_T3_5,5,condition_contradicted,Not Supported,Not Supported
P0202,P0202_T1,P0202_T1_1,1,relation_contradicted,Not Supported,Not Supported
P0202,P0202_T1,P0202_T1_2,2,condition_replaced,Not Enough Evidence,Not Enough Evidence
P0202,P0202_T1,P0202_T1_3,3,condition_removed,Not Enough Evidence,Not Enough Evidence
P0202,P0202_T1,P0202_T1_4,4,supported,Supported,Not Supported
P0202,P0202_T1,P0202_T1_5,5,condition_contradicted,Not Supported,Not Supported
P0203,P0203_T1,P0203_T1_1,1,relation_contradicted,Not Supported,Not Supported
P0203,P0203_T1,P0203_T1_2,2,condition_replaced,Not Enough Evidence,Not Supported
P0203,P0203_T1,P0203_T1_3,3,condition_removed,Not Enough Evidence,Not Supported
P0203,P0203_T1,P0203_T1_4,4,supported,Supported,Not Supported
P0203,P0203_T1,P0203_T1_5,5,condition_contradicted,Not Supported,Not Supported
P0084,P0084_T1,P0084_T1_1,1,relation_contradicted,Not Supported,Not Supported
P0084,P0084_T1,P0084_T1_2,2,condition_replaced,Not Enough Evidence,Not Enough Evidence
P0084,P0084_T1,P0084_T1_3,3,condition_removed,Not Enough Evidence,Not Enough Evidence
P0084,P0084_T1,P0084_T1_4,4,supported,Supported,Not Supported
P0084,P0084_T1,P0084_T1_5,5,condition_contradicted,Not Supported,Not Supported
P0084,P0084_T2,P0084_T2_1,1,relation_contradicted,Not Supported,Not Supported
P0084,P0084_T2,P0084_T2_2,2,condition_replaced,Not Enough Evidence,Not Enough Evidence
P0084,P0084_T2,P0084_T2_3,3,condition_removed,Not Enough Evidence,Not Enough Evidence
P0084,P0084_T2,P0084_T2_4,4,supported,Supported,Not Supported
P0084,P0084_T2,P0084_T2_5,5,condition_contradicted,Not Supported,Not Supported
P0084,P0084_T3,P0084_T3_1,1,relation_contradicted,Not Supported,Not Supported
P0084,P0084_T3,P0084_T3_2,2,condition_replaced,Not Enough Evidence,Not Enough Evidence
P0084,P0084_T3,P0084_T3_3,3,condition_removed,Not Enough Evidence,Not Enough Evidence
P0084,P0084_T3,P0084_T3_4,4,supported,Supported,Not Supported
P0084,P0084_T3,P0084_T3_5,5,condition_contradicted,Not Supported,Not Supported
P0085,P0085_T1,P0085_T1_1,1,relation_contradicted,Not Supported,Not Supported
P0085,P0085_T1,P0085_T1_2,2,condition_replaced,Not Enough Evidence,Not Enough Evidence
P0085,P0085_T1,P0085_T1_3,3,condition_removed,Not Enough Evidence,Not Enough Evidence
P0085,P0085_T1,P0085_T1_4,4,supported,Supported,Not Enough Evidence
P0085,P0085_T1,P0085_T1_5,5,condition_contradicted,Not Supported,Not Supported
P0085,P0085_T2,P0085_T2_1,1,relation_contradicted,Not Supported,Not Supported
P0085,P0085_T2,P0085_T2_2,2,condition_replaced,Not Enough Evidence,Not Enough Evidence
P0085,P0085_T2,P0085_T2_3,3,condition_removed,Not Enough Evidence,Not Enough Evidence
P0085,P0085_T2,P0085_T2_4,4,supported,Supported,Supported
P0085,P0085_T2,P0085_T2_5,5,condition_contradicted,Not Supported,Not Supported
P0085,P0085_T3,P0085_T3_1,1,relation_contradicted,Not Supported,Not Enough Evidence
P0085,P0085_T3,P0085_T3_2,2,condition_replaced,Not Enough Evidence,Not Enough Evidence
P0085,P0085_T3,P0085_T3_3,3,condition_removed,Not Enough Evidence,Not Enough Evidence
P0085,P0085_T3,P0085_T3_4,4,supported,Supported,Supported
P0085,P0085_T3,P0085_T3_5,5,condition_contradicted,Not Supported,Not Supported
P0086,P0086_T1,P0086_T1_1,1,relation_contradicted,Not Supported,Not Supported
P0086,P0086_T1,P0086_T1_2,2,condition_replaced,Not Enough Evidence,Not Enough Evidence
P0086,P0086_T1,P0086_T1_3,3,condition_removed,Not Enough Evidence,Not Enough Evidence
P0086,P0086_T1,P0086_T1_4,4,supported,Supported,Not Supported
P0086,P0086_T1,P0086_T1_5,5,condition_contradicted,Not Supported,Not Supported
P0087,P0087_T1,P0087_T1_1,1,relation_contradicted,Not Supported,Not Supported
P0087,P0087_T1,P0087_T1_2,2,condition_replaced,Not Enough Evidence,Not Enough Evidence
P0087,P0087_T1,P0087_T1_3,3,condition_removed,Not Enough Evidence,Not Enough Evidence
P0087,P0087_T1,P0087_T1_4,4,supported,Supported,Supported
P0087,P0087_T1,P0087_T1_5,5,condition_contradicted,Not Supported,Not Supported
P0087,P0087_T2,P0087_T2_1,1,relation_contradicted,Not Supported,Not Supported
P0087,P0087_T2,P0087_T2_2,2,condition_replaced,Not Enough Evidence,Not Enough Evidence
P0087,P0087_T2,P0087_T2_3,3,condition_removed,Not Enough Evidence,Not Enough Evidence
P0087,P0087_T2,P0087_T2_4,4,supported,Supported,Not Supported
P0087,P0087_T2,P0087_T2_5,5,condition_contradicted,Not Supported,Not Supported
P0087,P0087_T3,P0087_T3_1,1,relation_contradicted,Not Supported,Not Supported
P0087,P0087_T3,P0087_T3_2,2,condition_replaced,Not Enough Evidence,Not Enough Evidence
P0087,P0087_T3,P0087_T3_3,3,condition_removed,Not Enough Evidence,Not Enough Evidence
P0087,P0087_T3,P0087_T3_4,4,supported,Supported,Not Supported
P0087,P0087_T3,P0087_T3_5,5,condition_contradicted,Not Supported,Not Supported
P0087,P0087_T4,P0087_T4_1,1,relation_contradicted,Not Supported,Not Supported
P0087,P0087_T4,P0087_T4_2,2,condition_replaced,Not Enough Evidence,Not Enough Evidence
P0087,P0087_T4,P0087_T4_3,3,condition_removed,Not Enough Evidence,Not Enough Evidence
P0087,P0087_T4,P0087_T4_5,5,condition_contradicted,Not Supported,Not Supported
P0088,P0088_T1,P0088_T1_1,1,relation_contradicted,Not Supported,Not Supported
P0088,P0088_T1,P0088_T1_2,2,condition_replaced,Not Enough Evidence,Not Enough Evidence
P0088,P0088_T1,P0088_T1_3,3,condition_removed,Not Enough Evidence,Not Enough Evidence
P0088,P0088_T1,P0088_T1_5,5,condition_contradicted,Not Supported,Not Supported
P0089,P0089_T1,P0089_T1_1,1,relation_contradicted,Not Supported,Not Supported
P0089,P0089_T1,P0089_T1_2,2,condition_replaced,Not Enough Evidence,Not Supported
P0089,P0089_T1,P0089_T1_3,3,condition_removed,Not Enough Evidence,Not Supported
P0089,P0089_T1,P0089_T1_5,5,condition_contradicted,Not Supported,Not Supported
P0089,P0089_T2,P0089_T2_1,1,relation_contradicted,Not Supported,Not Supported
P0089,P0089_T2,P0089_T2_2,2,condition_replaced,Not Enough Evidence,Not Supported
P0089,P0089_T2,P0089_T2_3,3,condition_removed,Not Enough Evidence,Not Supported
P0089,P0089_T2,P0089_T2_5,5,condition_contradicted,Not Supported,Not Supported
P0089,P0089_T3,P0089_T3_1,1,relation_contradicted,Not Supported,Not Supported
P0089,P0089_T3,P0089_T3_2,2,condition_replaced,Not Enough Evidence,Not Supported
P0089,P0089_T3,P0089_T3_3,3,condition_removed,Not Enough Evidence,Not Supported
P0089,P0089_T3,P0089_T3_5,5,condition_contradicted,Not Supported,Not Supported
P0090,P0090_T1,P0090_T1_1,1,relation_contradicted,Not Supported,Not Supported
P0090,P0090_T1,P0090_T1_2,2,condition_replaced,Not Enough Evidence,Not Supported
P0090,P0090_T1,P0090_T1_3,3,condition_removed,Not Enough Evidence,Not Supported
P0090,P0090_T1,P0090_T1_5,5,condition_contradicted,Not Supported,Not Supported
P0090,P0090_T2,P0090_T2_1,1,relation_contradicted,Not Supported,Not Supported
P0090,P0090_T2,P0090_T2_2,2,condition_replaced,Not Enough Evidence,Not Supported
P0090,P0090_T2,P0090_T2_3,3,condition_removed,Not Enough Evidence,Not Supported
P0090,P0090_T2,P0090_T2_5,5,condition_contradicted,Not Supported,Not Supported
P0090,P0090_T3,P0090_T3_1,1,relation_contradicted,Not Supported,Not Supported
P0090,P0090_T3,P0090_T3_2,2,condition_replaced,Not Enough Evidence,Not Supported
P0090,P0090_T3,P0090_T3_3,3,condition_removed,Not Enough Evidence,Not Supported
P0090,P0090_T3,P0090_T3_5,5,condition_contradicted,Not Supported,Not Supported
P0091,P0091_T1,P0091_T1_1,1,relation_contradicted,Not Supported,Not Supported
P0091,P0091_T1,P0091_T1_2,2,condition_replaced,Not Enough Evidence,Not Supported
P0091,P0091_T1,P0091_T1_3,3,condition_removed,Not Enough Evidence,Not Supported
P0091,P0091_T1,P0091_T1_4,4,supported,Supported,Not Supported
P0091,P0091_T1,P0091_T1_5,5,condition_contradicted,Not Supported,Not Supported
P0091,P0091_T2,P0091_T2_1,1,relation_contradicted,Not Supported,Not Supported
P0091,P0091_T2,P0091_T2_2,2,condition_replaced,Not Enough Evidence,Not Supported
P0091,P0091_T2,P0091_T2_3,3,condition_removed,Not Enough Evidence,Not Supported
P0091,P0091_T2,P0091_T2_4,4,supported,Supported,Not Supported
P0091,P0091_T2,P0091_T2_5,5,condition_contradicted,Not Supported,Not Supported
P0643,P0643_T1,P0643_T1_1,1,relation_contradicted,Not Supported,Not Supported
P0643,P0643_T1,P0643_T1_2,2,condition_replaced,Not Enough Evidence,Not Enough Evidence
P0643,P0643_T1,P0643_T1_3,3,condition_removed,Not Enough Evidence,Not Enough Evidence
P0643,P0643_T1,P0643_T1_4,4,supported,Supported,Not Supported
P0643,P0643_T1,P0643_T1_5,5,condition_contradicted,Not Supported,Not Supported
P0644,P0644_T1,P0644_T1_1,1,relation_contradicted,Not Supported,Not Supported
P0644,P0644_T1,P0644_T1_2,2,condition_replaced,Not Enough Evidence,Not Enough Evidence
P0644,P0644_T1,P0644_T1_3,3,condition_removed,Not Enough Evidence,Not Enough Evidence
P0644,P0644_T1,P0644_T1_4,4,supported,Supported,Not Supported
P0644,P0644_T1,P0644_T1_5,5,condition_contradicted,Not Supported,Not Supported
P0644,P0644_T2,P0644_T2_1,1,relation_contradicted,Not Supported,Not Supported
P0644,P0644_T2,P0644_T2_2,2,condition_replaced,Not Enough Evidence,Not Enough Evidence
P0644,P0644_T2,P0644_T2_3,3,condition_removed,Not Enough Evidence,Not Enough Evidence
P0644,P0644_T2,P0644_T2_4,4,supported,Supported,Not Supported
P0644,P0644_T2,P0644_T2_5,5,condition_contradicted,Not Supported,Not Supported
P0644,P0644_T3,P0644_T3_1,1,relation_contradicted,Not Supported,Not Supported
P0644,P0644_T3,P0644_T3_2,2,condition_replaced,Not Enough Evidence,Not Supported
P0644,P0644_T3,P0644_T3_3,3,condition_removed,Not Enough Evidence,Not Enough Evidence
P0644,P0644_T3,P0644_T3_4,4,supported,Supported,Not Supported
P0644,P0644_T3,P0644_T3_5,5,condition_contradicted,Not Supported,Not Supported
P0644,P0644_T4,P0644_T4_1,1,relation_contradicted,Not Supported,Not Supported
P0644,P0644_T4,P0644_T4_2,2,condition_replaced,Not Enough Evidence,Not Supported
P0644,P0644_T4,P0644_T4_3,3,condition_removed,Not Enough Evidence,Not Enough Evidence
P0644,P0644_T4,P0644_T4_4,4,supported,Supported,Not Supported
P0644,P0644_T4,P0644_T4_5,5,condition_contradicted,Not Supported,Not Supported
P0645,P0645_T1,P0645_T1_1,1,relation_contradicted,Not Supported,Not Supported
P0645,P0645_T1,P0645_T1_2,2,condition_replaced,Not Enough Evidence,Not Enough Evidence
P0645,P0645_T1,P0645_T1_3,3,condition_removed,Not Enough Evidence,Not Enough Evidence
P0645,P0645_T1,P0645_T1_4,4,supported,Supported,Not Supported
P0645,P0645_T1,P0645_T1_5,5,condition_contradicted,Not Supported,Not Supported
P0646,P0646_T1,P0646_T1_1,1,relation_contradicted,Not Supported,Not Supported
P0646,P0646_T1,P0646_T1_2,2,condition_replaced,Not Enough Evidence,Not Enough Evidence
P0646,P0646_T1,P0646_T1_3,3,condition_removed,Not Enough Evidence,Not Enough Evidence
P0646,P0646_T1,P0646_T1_4,4,supported,Supported,Supported
P0646,P0646_T1,P0646_T1_5,5,condition_contradicted,Not Supported,Not Supported
P0647,P0647_T1,P0647_T1_1,1,relation_contradicted,Not Supported,Not Supported
P0647,P0647_T1,P0647_T1_2,2,condition_replaced,Not Enough Evidence,Not Enough Evidence
P0647,P0647_T1,P0647_T1_3,3,condition_removed,Not Enough Evidence,Not Enough Evidence
P0647,P0647_T1,P0647_T1_4,4,supported,Supported,Supported
P0647,P0647_T1,P0647_T1_5,5,condition_contradicted,Not Supported,Not Supported
P0648,P0648_T1,P0648_T1_1,1,relation_contradicted,Not Supported,Not Supported
P0648,P0648_T1,P0648_T1_2,2,condition_replaced,Not Enough Evidence,Not Enough Evidence
P0648,P0648_T1,P0648_T1_3,3,condition_removed,Not Enough Evidence,Not Enough Evidence
P0648,P0648_T1,P0648_T1_4,4,supported,Supported,Supported
P0648,P0648_T1,P0648_T1_5,5,condition_contradicted,Not Supported,Not Supported
P0649,P0649_T1,P0649_T1_1,1,relation_contradicted,Not Supported,Not Supported
P0649,P0649_T1,P0649_T1_2,2,condition_replaced,Not Enough Evidence,Not Supported
P0649,P0649_T1,P0649_T1_3,3,condition_removed,Not Enough Evidence,Not Supported
P0649,P0649_T1,P0649_T1_4,4,supported,Supported,Not Supported
P0649,P0649_T1,P0649_T1_5,5,condition_contradicted,Not Supported,Not Supported
P0286,P0286_T9,P0286_T9_1,1,relation_contradicted,Not Supported,Not Supported
P0286,P0286_T9,P0286_T9_2,2,condition_replaced,Not Enough Evidence,Not Supported
P0286,P0286_T9,P0286_T9_3,3,condition_removed,Not Enough Evidence,Not Supported
P0286,P0286_T9,P0286_T9_4,4,supported,Supported,Not Supported
P0286,P0286_T9,P0286_T9_5,5,condition_contradicted,Not Supported,Not Supported
P0286,P0286_T10,P0286_T10_1,1,relation_contradicted,Not Supported,Not Supported
P0286,P0286_T10,P0286_T10_2,2,condition_replaced,Not Enough Evidence,Not Supported
P0286,P0286_T10,P0286_T10_3,3,condition_removed,Not Enough Evidence,Not Supported
P0286,P0286_T10,P0286_T10_4,4,supported,Supported,Not Supported
P0286,P0286_T10,P0286_T10_5,5,condition_contradicted,Not Supported,Not Supported
P0286,P0286_T11,P0286_T11_1,1,relation_contradicted,Not Supported,Not Supported
P0286,P0286_T11,P0286_T11_2,2,condition_replaced,Not Enough Evidence,Not Supported
P0286,P0286_T11,P0286_T11_3,3,condition_removed,Not Enough Evidence,Not Supported
P0286,P0286_T11,P0286_T11_4,4,supported,Supported,Not Supported
P0286,P0286_T11,P0286_T11_5,5,condition_contradicted,Not Supported,Not Supported
P0287,P0287_T1,P0287_T1_1,1,relation_contradicted,Not Supported,Not Supported
P0287,P0287_T1,P0287_T1_2,2,condition_replaced,Not Enough Evidence,Not Enough Evidence
P0287,P0287_T1,P0287_T1_3,3,condition_removed,Not Enough Evidence,Not Enough Evidence
P0287,P0287_T1,P0287_T1_4,4,supported,Supported,Supported
P0287,P0287_T1,P0287_T1_5,5,condition_contradicted,Not Supported,Not Supported
P0287,P0287_T2,P0287_T2_1,1,relation_contradicted,Not Supported,Not Supported
P0287,P0287_T2,P0287_T2_2,2,condition_replaced,Not Enough Evidence,Not Enough Evidence
P0287,P0287_T2,P0287_T2_3,3,condition_removed,Not Enough Evidence,Not Enough Evidence
P0287,P0287_T2,P0287_T2_4,4,supported,Supported,Supported
P0287,P0287_T2,P0287_T2_5,5,condition_contradicted,Not Supported,Not Supported
P0288,P0288_T1,P0288_T1_1,1,relation_contradicted,Not Supported,Not Supported
P0288,P0288_T1,P0288_T1_2,2,condition_replaced,Not Enough Evidence,Not Supported
P0288,P0288_T1,P0288_T1_3,3,condition_removed,Not Enough Evidence,Not Supported
P0288,P0288_T1,P0288_T1_4,4,supported,Supported,Not Supported
P0288,P0288_T1,P0288_T1_5,5,condition_contradicted,Not Supported,Not Supported
P0288,P0288_T2,P0288_T2_1,1,relation_contradicted,Not Supported,Not Supported
P0288,P0288_T2,P0288_T2_2,2,condition_replaced,Not Enough Evidence,Not Supported
P0288,P0288_T2,P0288_T2_3,3,condition_removed,Not Enough Evidence,Not Supported
P0288,P0288_T2,P0288_T2_4,4,supported,Supported,Not Supported
P0288,P0288_T2,P0288_T2_5,5,condition_contradicted,Not Supported,Not Supported
P0288,P0288_T3,P0288_T3_1,1,relation_contradicted,Not Supported,Not Supported
P0288,P0288_T3,P0288_T3_2,2,condition_replaced,Not Enough Evidence,Not Supported
P0288,P0288_T3,P0288_T3_3,3,condition_removed,Not Enough Evidence,Not Supported
P0288,P0288_T3,P0288_T3_4,4,supported,Supported,Not Supported
P0288,P0288_T3,P0288_T3_5,5,condition_contradicted,Not Supported,Not Supported
P0289,P0289_T1,P0289_T1_1,1,relation_contradicted,Not Supported,Not Supported
P0289,P0289_T1,P0289_T1_2,2,condition_replaced,Not Enough Evidence,Not Supported
P0289,P0289_T1,P0289_T1_3,3,condition_removed,Not Enough Evidence,Not Supported
P0289,P0289_T1,P0289_T1_4,4,supported,Supported,Not Supported
P0289,P0289_T1,P0289_T1_5,5,condition_contradicted,Not Supported,Not Supported
P0289,P0289_T2,P0289_T2_1,1,relation_contradicted,Not Supported,Not Supported
P0289,P0289_T2,P0289_T2_2,2,condition_replaced,Not Enough Evidence,Not Supported
P0289,P0289_T2,P0289_T2_3,3,condition_removed,Not Enough Evidence,Not Supported
P0289,P0289_T2,P0289_T2_4,4,supported,Supported,Not Supported
P0289,P0289_T2,P0289_T2_5,5,condition_contradicted,Not Supported,Not Supported
P0204,P0204_T2,P0204_T2_1,1,relation_contradicted,Not Supported,Not Supported
P0204,P0204_T2,P0204_T2_2,2,condition_replaced,Not Enough Evidence,Not Supported
P0204,P0204_T2,P0204_T2_3,3,condition_removed,Not Enough Evidence,Not Supported
P0204,P0204_T2,P0204_T2_4,4,supported,Supported,Not Supported
P0204,P0204_T2,P0204_T2_5,5,condition_contradicted,Not Supported,Not Supported
P0204,P0204_T3,P0204_T3_1,1,relation_contradicted,Not Supported,Not Supported
P0204,P0204_T3,P0204_T3_2,2,condition_replaced,Not Enough Evidence,Not Supported
P0204,P0204_T3,P0204_T3_3,3,condition_removed,Not Enough Evidence,Not Supported
P0204,P0204_T3,P0204_T3_4,4,supported,Supported,Not Supported
P0204,P0204_T3,P0204_T3_5,5,condition_contradicted,Not Supported,Not Supported
P0204,P0204_T4,P0204_T4_1,1,relation_contradicted,Not Supported,Not Supported
P0204,P0204_T4,P0204_T4_2,2,condition_replaced,Not Enough Evidence,Not Supported
P0204,P0204_T4,P0204_T4_3,3,condition_removed,Not Enough Evidence,Not Supported
P0204,P0204_T4,P0204_T4_4,4,supported,Supported,Not Supported
P0204,P0204_T4,P0204_T4_5,5,condition_contradicted,Not Supported,Not Supported
P0204,P0204_T5,P0204_T5_1,1,relation_contradicted,Not Supported,Not Supported
P0204,P0204_T5,P0204_T5_2,2,condition_replaced,Not Enough Evidence,Not Supported
P0204,P0204_T5,P0204_T5_3,3,condition_removed,Not Enough Evidence,Not Supported
P0204,P0204_T5,P0204_T5_4,4,supported,Supported,Not Supported
P0204,P0204_T5,P0204_T5_5,5,condition_contradicted,Not Supported,Not Supported
P0204,P0204_T6,P0204_T6_1,1,relation_contradicted,Not Supported,Not Supported
P0204,P0204_T6,P0204_T6_2,2,condition_replaced,Not Enough Evidence,Not Supported
P0204,P0204_T6,P0204_T6_3,3,condition_removed,Not Enough Evidence,Not Supported
P0204,P0204_T6,P0204_T6_4,4,supported,Supported,Not Supported
P0204,P0204_T6,P0204_T6_5,5,condition_contradicted,Not Supported,Not Supported
P0204,P0204_T7,P0204_T7_1,1,relation_contradicted,Not Supported,Not Supported
P0204,P0204_T7,P0204_T7_2,2,condition_replaced,Not Enough Evidence,Not Supported
P0204,P0204_T7,P0204_T7_3,3,condition_removed,Not Enough Evidence,Not Supported
P0204,P0204_T7,P0204_T7_4,4,supported,Supported,Not Supported
P0204,P0204_T7,P0204_T7_5,5,condition_contradicted,Not Supported,Not Supported
P0204,P0204_T8,P0204_T8_1,1,relation_contradicted,Not Supported,Not Supported
P0204,P0204_T8,P0204_T8_2,2,condition_replaced,Not Enough Evidence,Not Supported
P0204,P0204_T8,P0204_T8_3,3,condition_removed,Not Enough Evidence,Not Supported
P0204,P0204_T8,P0204_T8_4,4,supported,Supported,Not Supported
P0204,P0204_T8,P0204_T8_5,5,condition_contradicted,Not Supported,Not Supported
P0204,P0204_T9,P0204_T9_1,1,relation_contradicted,Not Supported,Not Supported
P0204,P0204_T9,P0204_T9_2,2,condition_replaced,Not Enough Evidence,Not Supported
P0204,P0204_T9,P0204_T9_3,3,condition_removed,Not Enough Evidence,Not Supported
P0204,P0204_T9,P0204_T9_4,4,supported,Supported,Not Supported
P0204,P0204_T9,P0204_T9_5,5,condition_contradicted,Not Supported,Not Supported
P0204,P0204_T10,P0204_T10_1,1,relation_contradicted,Not Supported,Not Supported
P0204,P0204_T10,P0204_T10_2,2,condition_replaced,Not Enough Evidence,Not Supported
P0204,P0204_T10,P0204_T10_3,3,condition_removed,Not Enough Evidence,Not Supported
P0204,P0204_T10,P0204_T10_4,4,supported,Supported,Not Supported
P0204,P0204_T10,P0204_T10_5,5,condition_contradicted,Not Supported,Not Supported
P0204,P0204_T11,P0204_T11_1,1,relation_contradicted,Not Supported,Not Supported
P0204,P0204_T11,P0204_T11_2,2,condition_replaced,Not Enough Evidence,Not Supported
P0204,P0204_T11,P0204_T11_3,3,condition_removed,Not Enough Evidence,Not Supported
P0204,P0204_T11,P0204_T11_4,4,supported,Supported,Not Supported
P0204,P0204_T11,P0204_T11_5,5,condition_contradicted,Not Supported,Not Supported
P0436,P0436_T1,P0436_T1_1,1,relation_contradicted,Not Supported,Not Supported
P0436,P0436_T1,P0436_T1_2,2,condition_replaced,Not Enough Evidence,Not Supported
P0436,P0436_T1,P0436_T1_3,3,condition_removed,Not Enough Evidence,Not Supported
P0436,P0436_T1,P0436_T1_4,4,supported,Supported,Not Supported
P0436,P0436_T1,P0436_T1_5,5,condition_contradicted,Not Supported,Not Supported
P0436,P0436_T3,P0436_T3_1,1,relation_contradicted,Not Supported,Not Supported
P0436,P0436_T3,P0436_T3_2,2,condition_replaced,Not Enough Evidence,Not Supported
P0436,P0436_T3,P0436_T3_3,3,condition_removed,Not Enough Evidence,Not Supported
P0436,P0436_T3,P0436_T3_4,4,supported,Supported,Not Supported
P0436,P0436_T3,P0436_T3_5,5,condition_contradicted,Not Supported,Not Supported
P0436,P0436_T5,P0436_T5_1,1,relation_contradicted,Not Supported,Not Supported
P0436,P0436_T5,P0436_T5_2,2,condition_replaced,Not Enough Evidence,Not Supported
P0436,P0436_T5,P0436_T5_3,3,condition_removed,Not Enough Evidence,Not Supported
P0436,P0436_T5,P0436_T5_4,4,supported,Supported,Not Supported
P0436,P0436_T5,P0436_T5_5,5,condition_contradicted,Not Supported,Not Supported
P0437,P0437_T1,P0437_T1_1,1,relation_contradicted,Not Supported,Not Supported
P0437,P0437_T1,P0437_T1_2,2,condition_replaced,Not Enough Evidence,Not Supported
P0437,P0437_T1,P0437_T1_3,3,condition_removed,Not Enough Evidence,Not Supported
P0437,P0437_T1,P0437_T1_4,4,supported,Supported,Not Supported
P0437,P0437_T1,P0437_T1_5,5,condition_contradicted,Not Supported,Not Supported
P0437,P0437_T2,P0437_T2_1,1,relation_contradicted,Not Supported,Not Supported
P0437,P0437_T2,P0437_T2_2,2,condition_replaced,Not Enough Evidence,Not Supported
P0437,P0437_T2,P0437_T2_3,3,condition_removed,Not Enough Evidence,Not Supported
P0437,P0437_T2,P0437_T2_4,4,supported,Supported,Not Supported
P0437,P0437_T2,P0437_T2_5,5,condition_contradicted,Not Supported,Not Supported
P0437,P0437_T3,P0437_T3_1,1,relation_contradicted,Not Supported,Not Supported
P0437,P0437_T3,P0437_T3_2,2,condition_replaced,Not Enough Evidence,Not Supported
P0437,P0437_T3,P0437_T3_3,3,condition_removed,Not Enough Evidence,Not Supported
P0437,P0437_T3,P0437_T3_4,4,supported,Supported,Not Supported
P0437,P0437_T3,P0437_T3_5,5,condition_contradicted,Not Supported,Not Supported
P0438,P0438_T1,P0438_T1_1,1,relation_contradicted,Not Supported,Not Supported
P0438,P0438_T1,P0438_T1_2,2,condition_replaced,Not Enough Evidence,Not Enough Evidence
P0438,P0438_T1,P0438_T1_3,3,condition_removed,Not Enough Evidence,Not Supported
P0438,P0438_T1,P0438_T1_4,4,supported,Supported,Supported
P0438,P0438_T1,P0438_T1_5,5,condition_contradicted,Not Supported,Not Supported
P0440,P0440_T1,P0440_T1_1,1,relation_contradicted,Not Supported,Not Supported
P0440,P0440_T1,P0440_T1_2,2,condition_replaced,Not Enough Evidence,Not Supported
P0440,P0440_T1,P0440_T1_3,3,condition_removed,Not Enough Evidence,Not Supported
P0440,P0440_T1,P0440_T1_4,4,supported,Supported,Not Supported
P0440,P0440_T1,P0440_T1_5,5,condition_contradicted,Not Supported,Not Supported
P0440,P0440_T2,P0440_T2_1,1,relation_contradicted,Not Supported,Not Supported
P0440,P0440_T2,P0440_T2_2,2,condition_replaced,Not Enough Evidence,Not Supported
P0440,P0440_T2,P0440_T2_3,3,condition_removed,Not Enough Evidence,Not Supported
P0440,P0440_T2,P0440_T2_4,4,supported,Supported,Not Supported
P0440,P0440_T2,P0440_T2_5,5,condition_contradicted,Not Supported,Not Supported
P0441,P0441_T1,P0441_T1_1,1,relation_contradicted,Not Supported,Not Supported
P0441,P0441_T1,P0441_T1_2,2,condition_replaced,Not Enough Evidence,Not Enough Evidence
P0441,P0441_T1,P0441_T1_3,3,condition_removed,Not Enough Evidence,Not Enough Evidence
P0441,P0441_T1,P0441_T1_4,4,supported,Supported,Not Supported
P0441,P0441_T1,P0441_T1_5,5,condition_contradicted,Not Supported,Not Supported
P0441,P0441_T2,P0441_T2_1,1,relation_contradicted,Not Supported,Not Supported
P0441,P0441_T2,P0441_T2_2,2,condition_replaced,Not Enough Evidence,Not Enough Evidence
P0441,P0441_T2,P0441_T2_3,3,condition_removed,Not Enough Evidence,Not Enough Evidence
P0441,P0441_T2,P0441_T2_4,4,supported,Supported,Not Supported
P0441,P0441_T2,P0441_T2_5,5,condition_contradicted,Not Supported,Not Supported
P0442,P0442_T1,P0442_T1_1,1,relation_contradicted,Not Supported,Not Supported
P0442,P0442_T1,P0442_T1_2,2,condition_replaced,Not Enough Evidence,Not Enough Evidence
P0442,P0442_T1,P0442_T1_3,3,condition_removed,Not Enough Evidence,Not Supported
P0442,P0442_T1,P0442_T1_4,4,supported,Supported,Supported
P0442,P0442_T1,P0442_T1_5,5,condition_contradicted,Not Supported,Not Supported
P0443,P0443_T1,P0443_T1_1,1,relation_contradicted,Not Supported,Not Supported
P0443,P0443_T1,P0443_T1_2,2,condition_replaced,Not Enough Evidence,Not Supported
P0443,P0443_T1,P0443_T1_3,3,condition_removed,Not Enough Evidence,Not Supported
P0443,P0443_T1,P0443_T1_4,4,supported,Supported,Not Supported
P0443,P0443_T1,P0443_T1_5,5,condition_contradicted,Not Supported,Not Supported
P0443,P0443_T2,P0443_T2_1,1,relation_contradicted,Not Supported,Not Supported
P0443,P0443_T2,P0443_T2_2,2,condition_replaced,Not Enough Evidence,Not Supported
P0443,P0443_T2,P0443_T2_3,3,condition_removed,Not Enough Evidence,Not Supported
P0443,P0443_T2,P0443_T2_4,4,supported,Supported,Not Supported
P0443,P0443_T2,P0443_T2_5,5,condition_contradicted,Not Supported,Not Supported
P0444,P0444_T1,P0444_T1_1,1,relation_contradicted,Not Supported,Not Supported
P0444,P0444_T1,P0444_T1_2,2,condition_replaced,Not Enough Evidence,Not Supported
P0444,P0444_T1,P0444_T1_3,3,condition_removed,Not Enough Evidence,Not Supported
P0444,P0444_T1,P0444_T1_4,4,supported,Supported,Not Supported
P0444,P0444_T1,P0444_T1_5,5,condition_contradicted,Not Supported,Not Supported
P0445,P0445_T1,P0445_T1_1,1,relation_contradicted,Not Supported,Not Supported
P0445,P0445_T1,P0445_T1_2,2,condition_replaced,Not Enough Evidence,Not Supported
P0445,P0445_T1,P0445_T1_3,3,condition_removed,Not Enough Evidence,Not Supported
P0445,P0445_T1,P0445_T1_4,4,supported,Supported,Not Supported
P0445,P0445_T1,P0445_T1_5,5,condition_contradicted,Not Supported,Not Supported
P0091,P0091_T3,P0091_T3_1,1,relation_contradicted,Not Supported,Not Supported
P0091,P0091_T3,P0091_T3_2,2,condition_replaced,Not Enough Evidence,Not Supported
P0091,P0091_T3,P0091_T3_3,3,condition_removed,Not Enough Evidence,Not Supported
P0091,P0091_T3,P0091_T3_4,4,supported,Supported,Not Supported
P0091,P0091_T3,P0091_T3_5,5,condition_contradicted,Not Supported,Not Supported
P0091,P0091_T4,P0091_T4_1,1,relation_contradicted,Not Supported,Not Supported
P0091,P0091_T4,P0091_T4_2,2,condition_replaced,Not Enough Evidence,Not Supported
P0091,P0091_T4,P0091_T4_3,3,condition_removed,Not Enough Evidence,Not Supported
P0091,P0091_T4,P0091_T4_4,4,supported,Supported,Not Supported
P0091,P0091_T4,P0091_T4_5,5,condition_contradicted,Not Supported,Not Supported
P0091,P0091_T5,P0091_T5_1,1,relation_contradicted,Not Supported,Not Supported
P0091,P0091_T5,P0091_T5_2,2,condition_replaced,Not Enough Evidence,Not Supported
P0091,P0091_T5,P0091_T5_3,3,condition_removed,Not Enough Evidence,Not Supported
P0091,P0091_T5,P0091_T5_4,4,supported,Supported,Not Supported
P0091,P0091_T5,P0091_T5_5,5,condition_contradicted,Not Supported,Not Supported
P0091,P0091_T6,P0091_T6_1,1,relation_contradicted,Not Supported,Not Supported
P0091,P0091_T6,P0091_T6_2,2,condition_replaced,Not Enough Evidence,Not Supported
P0091,P0091_T6,P0091_T6_3,3,condition_removed,Not Enough Evidence,Not Supported
P0091,P0091_T6,P0091_T6_4,4,supported,Supported,Not Supported
P0091,P0091_T6,P0091_T6_5,5,condition_contradicted,Not Supported,Not Supported
P0092,P0092_T1,P0092_T1_1,1,relation_contradicted,Not Supported,Not Supported
P0092,P0092_T1,P0092_T1_2,2,condition_replaced,Not Enough Evidence,Not Enough Evidence
P0092,P0092_T1,P0092_T1_3,3,condition_removed,Not Enough Evidence,Not Enough Evidence
P0092,P0092_T1,P0092_T1_4,4,supported,Supported,Supported
P0092,P0092_T1,P0092_T1_5,5,condition_contradicted,Not Supported,Not Supported
P0092,P0092_T2,P0092_T2_1,1,relation_contradicted,Not Supported,Not Supported
P0092,P0092_T2,P0092_T2_2,2,condition_replaced,Not Enough Evidence,Not Enough Evidence
P0092,P0092_T2,P0092_T2_3,3,condition_removed,Not Enough Evidence,Not Enough Evidence
P0092,P0092_T2,P0092_T2_4,4,supported,Supported,Supported
P0092,P0092_T2,P0092_T2_5,5,condition_contradicted,Not Supported,Not Supported
P0093,P0093_T1,P0093_T1_1,1,relation_contradicted,Not Supported,Not Supported
P0093,P0093_T1,P0093_T1_2,2,condition_replaced,Not Enough Evidence,Not Enough Evidence
P0093,P0093_T1,P0093_T1_3,3,condition_removed,Not Enough Evidence,Not Enough Evidence
P0093,P0093_T1,P0093_T1_4,4,supported,Supported,Supported
P0093,P0093_T1,P0093_T1_5,5,condition_contradicted,Not Supported,Not Supported
P0093,P0093_T2,P0093_T2_1,1,relation_contradicted,Not Supported,Not Supported
P0093,P0093_T2,P0093_T2_2,2,condition_replaced,Not Enough Evidence,Not Enough Evidence
P0093,P0093_T2,P0093_T2_3,3,condition_removed,Not Enough Evidence,Not Enough Evidence
P0093,P0093_T2,P0093_T2_4,4,supported,Supported,Supported
P0093,P0093_T2,P0093_T2_5,5,condition_contradicted,Not Supported,Not Supported
P0093,P0093_T3,P0093_T3_1,1,relation_contradicted,Not Supported,Not Supported
P0093,P0093_T3,P0093_T3_2,2,condition_replaced,Not Enough Evidence,Not Supported
P0093,P0093_T3,P0093_T3_3,3,condition_removed,Not Enough Evidence,Not Enough Evidence
P0093,P0093_T3,P0093_T3_4,4,supported,Supported,Not Supported
P0093,P0093_T3,P0093_T3_5,5,condition_contradicted,Not Supported,Not Supported
P0094,P0094_T1,P0094_T1_1,1,relation_contradicted,Not Supported,Not Supported
P0094,P0094_T1,P0094_T1_2,2,condition_replaced,Not Enough Evidence,Not Enough Evidence
P0094,P0094_T1,P0094_T1_3,3,condition_removed,Not Enough Evidence,Not Enough Evidence
P0094,P0094_T1,P0094_T1_4,4,supported,Supported,Not Supported
P0094,P0094_T1,P0094_T1_5,5,condition_contradicted,Not Supported,Not Supported
P0290,P0290_T1,P0290_T1_1,1,relation_contradicted,Not Supported,Not Supported
P0290,P0290_T1,P0290_T1_2,2,condition_replaced,Not Enough Evidence,Not Supported
P0290,P0290_T1,P0290_T1_3,3,condition_removed,Not Enough Evidence,Not Supported
P0290,P0290_T1,P0290_T1_4,4,supported,Supported,Not Supported
P0290,P0290_T1,P0290_T1_5,5,condition_contradicted,Not Supported,Not Supported
P0290,P0290_T2,P0290_T2_1,1,relation_contradicted,Not Supported,Not Supported
P0290,P0290_T2,P0290_T2_2,2,condition_replaced,Not Enough Evidence,Not Supported
P0290,P0290_T2,P0290_T2_3,3,condition_removed,Not Enough Evidence,Not Supported
P0290,P0290_T2,P0290_T2_4,4,supported,Supported,Not Supported
P0290,P0290_T2,P0290_T2_5,5,condition_contradicted,Not Supported,Not Supported
P0290,P0290_T3,P0290_T3_1,1,relation_contradicted,Not Supported,Not Supported
P0290,P0290_T3,P0290_T3_2,2,condition_replaced,Not Enough Evidence,Not Supported
P0290,P0290_T3,P0290_T3_3,3,condition_removed,Not Enough Evidence,Not Supported
P0290,P0290_T3,P0290_T3_4,4,supported,Supported,Not Supported
P0290,P0290_T3,P0290_T3_5,5,condition_contradicted,Not Supported,Not Supported
P0290,P0290_T4,P0290_T4_1,1,relation_contradicted,Not Supported,Not Supported
P0290,P0290_T4,P0290_T4_2,2,condition_replaced,Not Enough Evidence,Not Supported
P0290,P0290_T4,P0290_T4_3,3,condition_removed,Not Enough Evidence,Not Supported
P0290,P0290_T4,P0290_T4_4,4,supported,Supported,Not Supported
P0290,P0290_T4,P0290_T4_5,5,condition_contradicted,Not Supported,Not Supported
P0291,P0291_T1,P0291_T1_1,1,relation_contradicted,Not Supported,Not Supported
P0291,P0291_T1,P0291_T1_2,2,condition_replaced,Not Enough Evidence,Not Enough Evidence
P0291,P0291_T1,P0291_T1_3,3,condition_removed,Not Enough Evidence,Not Enough Evidence
P0291,P0291_T1,P0291_T1_4,4,supported,Supported,Not Supported
P0291,P0291_T1,P0291_T1_5,5,condition_contradicted,Not Supported,Not Supported
P0291,P0291_T2,P0291_T2_1,1,relation_contradicted,Not Supported,Not Supported
P0291,P0291_T2,P0291_T2_2,2,condition_replaced,Not Enough Evidence,Not Enough Evidence
P0291,P0291_T2,P0291_T2_3,3,condition_removed,Not Enough Evidence,Not Enough Evidence
P0291,P0291_T2,P0291_T2_4,4,supported,Supported,Supported
P0291,P0291_T2,P0291_T2_5,5,condition_contradicted,Not Supported,Not Supported
P0291,P0291_T3,P0291_T3_1,1,relation_contradicted,Not Supported,Not Supported
P0291,P0291_T3,P0291_T3_2,2,condition_replaced,Not Enough Evidence,Not Enough Evidence
P0291,P0291_T3,P0291_T3_3,3,condition_removed,Not Enough Evidence,Not Enough Evidence
P0291,P0291_T3,P0291_T3_4,4,supported,Supported,Not Supported
P0291,P0291_T3,P0291_T3_5,5,condition_contradicted,Not Supported,Not Supported
P0291,P0291_T4,P0291_T4_1,1,relation_contradicted,Not Supported,Not Supported
P0291,P0291_T4,P0291_T4_2,2,condition_replaced,Not Enough Evidence,Not Enough Evidence
P0291,P0291_T4,P0291_T4_3,3,condition_removed,Not Enough Evidence,Not Enough Evidence
P0291,P0291_T4,P0291_T4_4,4,supported,Supported,Not Supported
P0291,P0291_T4,P0291_T4_5,5,condition_contradicted,Not Supported,Not Supported
P0291,P0291_T5,P0291_T5_1,1,relation_contradicted,Not Supported,Not Supported
P0291,P0291_T5,P0291_T5_2,2,condition_replaced,Not Enough Evidence,Not Enough Evidence
P0291,P0291_T5,P0291_T5_3,3,condition_removed,Not Enough Evidence,Not Enough Evidence
P0291,P0291_T5,P0291_T5_4,4,supported,Supported,Not Supported
P0291,P0291_T5,P0291_T5_5,5,condition_contradicted,Not Supported,Not Supported
P0292,P0292_T1,P0292_T1_1,1,relation_contradicted,Not Supported,Not Supported
P0292,P0292_T1,P0292_T1_2,2,condition_replaced,Not Enough Evidence,Not Enough Evidence
P0292,P0292_T1,P0292_T1_3,3,condition_removed,Not Enough Evidence,Not Enough Evidence
P0292,P0292_T1,P0292_T1_4,4,supported,Supported,Not Supported
P0292,P0292_T1,P0292_T1_5,5,condition_contradicted,Not Supported,Not Supported
P0650,P0650_T1,P0650_T1_1,1,relation_contradicted,Not Supported,Not Supported
P0650,P0650_T1,P0650_T1_2,2,condition_replaced,Not Enough Evidence,Not Enough Evidence
P0650,P0650_T1,P0650_T1_3,3,condition_removed,Not Enough Evidence,Not Enough Evidence
P0650,P0650_T1,P0650_T1_4,4,supported,Supported,Supported
P0650,P0650_T1,P0650_T1_5,5,condition_contradicted,Not Supported,Not Supported
P0651,P0651_T1,P0651_T1_1,1,relation_contradicted,Not Supported,Not Supported
P0651,P0651_T1,P0651_T1_2,2,condition_replaced,Not Enough Evidence,Not Enough Evidence
P0651,P0651_T1,P0651_T1_3,3,condition_removed,Not Enough Evidence,Supported
P0651,P0651_T1,P0651_T1_4,4,supported,Supported,Supported
P0651,P0651_T1,P0651_T1_5,5,condition_contradicted,Not Supported,Not Supported
P0652,P0652_T1,P0652_T1_1,1,relation_contradicted,Not Supported,Not Supported
P0652,P0652_T1,P0652_T1_2,2,condition_replaced,Not Enough Evidence,Not Enough Evidence
P0652,P0652_T1,P0652_T1_3,3,condition_removed,Not Enough Evidence,Not Enough Evidence
P0652,P0652_T1,P0652_T1_4,4,supported,Supported,Supported
P0652,P0652_T1,P0652_T1_5,5,condition_contradicted,Not Supported,Not Supported
P0653,P0653_T1,P0653_T1_1,1,relation_contradicted,Not Supported,Not Supported
P0653,P0653_T1,P0653_T1_2,2,condition_replaced,Not Enough Evidence,Not Enough Evidence
P0653,P0653_T1,P0653_T1_3,3,condition_removed,Not Enough Evidence,Not Enough Evidence
P0653,P0653_T1,P0653_T1_4,4,supported,Supported,Supported
P0653,P0653_T1,P0653_T1_5,5,condition_contradicted,Not Supported,Not Supported
P0654,P0654_T1,P0654_T1_1,1,relation_contradicted,Not Supported,Not Supported
P0654,P0654_T1,P0654_T1_2,2,condition_replaced,Not Enough Evidence,Supported
P0654,P0654_T1,P0654_T1_3,3,condition_removed,Not Enough Evidence,Not Enough Evidence
P0654,P0654_T1,P0654_T1_4,4,supported,Supported,Not Supported
P0654,P0654_T1,P0654_T1_5,5,condition_contradicted,Not Supported,Not Supported
P0654,P0654_T2,P0654_T2_1,1,relation_contradicted,Not Supported,Not Supported
P0654,P0654_T2,P0654_T2_2,2,condition_replaced,Not Enough Evidence,Not Enough Evidence
P0654,P0654_T2,P0654_T2_3,3,condition_removed,Not Enough Evidence,Not Enough Evidence
P0654,P0654_T2,P0654_T2_4,4,supported,Supported,Not Supported
P0654,P0654_T2,P0654_T2_5,5,condition_contradicted,Not Supported,Not Supported
P0655,P0655_T1,P0655_T1_1,1,relation_contradicted,Not Supported,Not Supported
P0655,P0655_T1,P0655_T1_2,2,condition_replaced,Not Enough Evidence,Not Enough Evidence
P0655,P0655_T1,P0655_T1_3,3,condition_removed,Not Enough Evidence,Not Enough Evidence
P0655,P0655_T1,P0655_T1_4,4,supported,Supported,Supported
P0655,P0655_T1,P0655_T1_5,5,condition_contradicted,Not Supported,Not Supported
P0656,P0656_T1,P0656_T1_1,1,relation_contradicted,Not Supported,Not Supported
P0656,P0656_T1,P0656_T1_2,2,condition_replaced,Not Enough Evidence,Not Enough Evidence
P0656,P0656_T1,P0656_T1_3,3,condition_removed,Not Enough Evidence,Not Enough Evidence
P0656,P0656_T1,P0656_T1_4,4,supported,Supported,Supported
P0656,P0656_T1,P0656_T1_5,5,condition_contradicted,Not Supported,Not Supported
P0656,P0656_T2,P0656_T2_1,1,relation_contradicted,Not Supported,Not Supported
P0656,P0656_T2,P0656_T2_2,2,condition_replaced,Not Enough Evidence,Not Enough Evidence
P0656,P0656_T2,P0656_T2_3,3,condition_removed,Not Enough Evidence,Not Enough Evidence
P0656,P0656_T2,P0656_T2_4,4,supported,Supported,Supported
P0656,P0656_T2,P0656_T2_5,5,condition_contradicted,Not Supported,Not Supported
P0657,P0657_T1,P0657_T1_1,1,relation_contradicted,Not Supported,Not Supported
P0657,P0657_T1,P0657_T1_2,2,condition_replaced,Not Enough Evidence,Not Enough Evidence
P0657,P0657_T1,P0657_T1_3,3,condition_removed,Not Enough Evidence,Not Enough Evidence
P0657,P0657_T1,P0657_T1_4,4,supported,Supported,Supported
P0657,P0657_T1,P0657_T1_5,5,condition_contradicted,Not Supported,Not Supported
P0204,P0204_T12,P0204_T12_1,1,relation_contradicted,Not Supported,Not Supported
P0204,P0204_T12,P0204_T12_2,2,condition_replaced,Not Enough Evidence,Not Supported
P0204,P0204_T12,P0204_T12_3,3,condition_removed,Not Enough Evidence,Not Supported
P0204,P0204_T12,P0204_T12_4,4,supported,Supported,Not Supported
P0204,P0204_T12,P0204_T12_5,5,condition_contradicted,Not Supported,Not Supported
P0204,P0204_T13,P0204_T13_1,1,relation_contradicted,Not Supported,Not Supported
P0204,P0204_T13,P0204_T13_2,2,condition_replaced,Not Enough Evidence,Not Supported
P0204,P0204_T13,P0204_T13_3,3,condition_removed,Not Enough Evidence,Not Supported
P0204,P0204_T13,P0204_T13_4,4,supported,Supported,Not Supported
P0204,P0204_T13,P0204_T13_5,5,condition_contradicted,Not Supported,Not Supported
P0204,P0204_T14,P0204_T14_1,1,relation_contradicted,Not Supported,Not Supported
P0204,P0204_T14,P0204_T14_2,2,condition_replaced,Not Enough Evidence,Not Supported
P0204,P0204_T14,P0204_T14_3,3,condition_removed,Not Enough Evidence,Not Supported
P0204,P0204_T14,P0204_T14_4,4,supported,Supported,Not Supported
P0204,P0204_T14,P0204_T14_5,5,condition_contradicted,Not Supported,Not Supported
P0204,P0204_T15,P0204_T15_1,1,relation_contradicted,Not Supported,Not Supported
P0204,P0204_T15,P0204_T15_2,2,condition_replaced,Not Enough Evidence,Not Supported
P0204,P0204_T15,P0204_T15_3,3,condition_removed,Not Enough Evidence,Not Supported
P0204,P0204_T15,P0204_T15_4,4,supported,Supported,Not Supported
P0204,P0204_T15,P0204_T15_5,5,condition_contradicted,Not Supported,Not Supported
P0204,P0204_T16,P0204_T16_1,1,relation_contradicted,Not Supported,Not Supported
P0204,P0204_T16,P0204_T16_2,2,condition_replaced,Not Enough Evidence,Not Supported
P0204,P0204_T16,P0204_T16_3,3,condition_removed,Not Enough Evidence,Not Supported
P0204,P0204_T16,P0204_T16_4,4,supported,Supported,Not Supported
P0204,P0204_T16,P0204_T16_5,5,condition_contradicted,Not Supported,Not Supported
P0204,P0204_T17,P0204_T17_1,1,relation_contradicted,Not Supported,Not Supported
P0204,P0204_T17,P0204_T17_2,2,condition_replaced,Not Enough Evidence,Not Supported
P0204,P0204_T17,P0204_T17_3,3,condition_removed,Not Enough Evidence,Not Supported
P0204,P0204_T17,P0204_T17_4,4,supported,Supported,Not Supported
P0204,P0204_T17,P0204_T17_5,5,condition_contradicted,Not Supported,Not Supported
P0204,P0204_T18,P0204_T18_1,1,relation_contradicted,Not Supported,Not Supported
P0204,P0204_T18,P0204_T18_2,2,condition_replaced,Not Enough Evidence,Not Supported
P0204,P0204_T18,P0204_T18_3,3,condition_removed,Not Enough Evidence,Not Supported
P0204,P0204_T18,P0204_T18_4,4,supported,Supported,Not Supported
P0204,P0204_T18,P0204_T18_5,5,condition_contradicted,Not Supported,Not Supported
P0204,P0204_T19,P0204_T19_1,1,relation_contradicted,Not Supported,Not Supported
P0204,P0204_T19,P0204_T19_2,2,condition_replaced,Not Enough Evidence,Not Supported
P0204,P0204_T19,P0204_T19_3,3,condition_removed,Not Enough Evidence,Not Supported
P0204,P0204_T19,P0204_T19_4,4,supported,Supported,Not Supported
P0204,P0204_T19,P0204_T19_5,5,condition_contradicted,Not Supported,Not Supported
P0204,P0204_T20,P0204_T20_1,1,relation_contradicted,Not Supported,Not Supported
P0204,P0204_T20,P0204_T20_2,2,condition_replaced,Not Enough Evidence,Not Supported
P0204,P0204_T20,P0204_T20_3,3,condition_removed,Not Enough Evidence,Not Supported
P0204,P0204_T20,P0204_T20_4,4,supported,Supported,Not Supported
P0204,P0204_T20,P0204_T20_5,5,condition_contradicted,Not Supported,Not Supported
P0204,P0204_T21,P0204_T21_1,1,relation_contradicted,Not Supported,Not Supported
P0204,P0204_T21,P0204_T21_2,2,condition_replaced,Not Enough Evidence,Not Supported
P0204,P0204_T21,P0204_T21_3,3,condition_removed,Not Enough Evidence,Not Supported
P0204,P0204_T21,P0204_T21_4,4,supported,Supported,Not Supported
P0204,P0204_T21,P0204_T21_5,5,condition_contradicted,Not Supported,Not Supported
P0446,P0446_T1,P0446_T1_1,1,relation_contradicted,Not Supported,Not Supported
P0446,P0446_T1,P0446_T1_2,2,condition_replaced,Not Enough Evidence,Not Supported
P0446,P0446_T1,P0446_T1_3,3,condition_removed,Not Enough Evidence,Not Supported
P0446,P0446_T1,P0446_T1_4,4,supported,Supported,Not Supported
P0446,P0446_T1,P0446_T1_5,5,condition_contradicted,Not Supported,Not Supported
P0447,P0447_T1,P0447_T1_1,1,relation_contradicted,Not Supported,Not Supported
P0447,P0447_T1,P0447_T1_2,2,condition_replaced,Not Enough Evidence,Not Supported
P0447,P0447_T1,P0447_T1_3,3,condition_removed,Not Enough Evidence,Not Supported
P0447,P0447_T1,P0447_T1_4,4,supported,Supported,Not Supported
P0447,P0447_T1,P0447_T1_5,5,condition_contradicted,Not Supported,Not Supported
P0448,P0448_T1,P0448_T1_1,1,relation_contradicted,Not Supported,Not Supported
P0448,P0448_T1,P0448_T1_2,2,condition_replaced,Not Enough Evidence,Not Supported
P0448,P0448_T1,P0448_T1_3,3,condition_removed,Not Enough Evidence,Not Supported
P0448,P0448_T1,P0448_T1_4,4,supported,Supported,Not Supported
P0448,P0448_T1,P0448_T1_5,5,condition_contradicted,Not Supported,Not Supported
P0448,P0448_T2,P0448_T2_1,1,relation_contradicted,Not Supported,Not Supported
P0448,P0448_T2,P0448_T2_2,2,condition_replaced,Not Enough Evidence,Not Supported
P0448,P0448_T2,P0448_T2_3,3,condition_removed,Not Enough Evidence,Not Supported
P0448,P0448_T2,P0448_T2_4,4,supported,Supported,Not Supported
P0448,P0448_T2,P0448_T2_5,5,condition_contradicted,Not Supported,Not Supported
P0448,P0448_T4,P0448_T4_1,1,relation_contradicted,Not Supported,Not Supported
P0448,P0448_T4,P0448_T4_2,2,condition_replaced,Not Enough Evidence,Not Supported
P0448,P0448_T4,P0448_T4_3,3,condition_removed,Not Enough Evidence,Not Supported
P0448,P0448_T4,P0448_T4_4,4,supported,Supported,Not Supported
P0448,P0448_T4,P0448_T4_5,5,condition_contradicted,Not Supported,Not Supported
P0450,P0450_T1,P0450_T1_1,1,relation_contradicted,Not Supported,Not Supported
P0450,P0450_T1,P0450_T1_2,2,condition_replaced,Not Enough Evidence,Not Supported
P0450,P0450_T1,P0450_T1_3,3,condition_removed,Not Enough Evidence,Not Supported
P0450,P0450_T1,P0450_T1_4,4,supported,Supported,Not Supported
P0450,P0450_T1,P0450_T1_5,5,condition_contradicted,Not Supported,Not Supported
P0450,P0450_T2,P0450_T2_1,1,relation_contradicted,Not Supported,Not Supported
P0450,P0450_T2,P0450_T2_2,2,condition_replaced,Not Enough Evidence,Not Supported
P0450,P0450_T2,P0450_T2_3,3,condition_removed,Not Enough Evidence,Not Supported
P0450,P0450_T2,P0450_T2_4,4,supported,Supported,Not Supported
P0450,P0450_T2,P0450_T2_5,5,condition_contradicted,Not Supported,Not Supported
P0094,P0094_T2,P0094_T2_1,1,relation_contradicted,Not Supported,Not Supported
P0094,P0094_T2,P0094_T2_2,2,condition_replaced,Not Enough Evidence,Not Supported
P0094,P0094_T2,P0094_T2_3,3,condition_removed,Not Enough Evidence,Not Enough Evidence
P0094,P0094_T2,P0094_T2_4,4,supported,Supported,Not Supported
P0094,P0094_T2,P0094_T2_5,5,condition_contradicted,Not Supported,Not Supported
P0094,P0094_T3,P0094_T3_1,1,relation_contradicted,Not Supported,Not Supported
P0094,P0094_T3,P0094_T3_2,2,condition_replaced,Not Enough Evidence,Not Enough Evidence
P0094,P0094_T3,P0094_T3_3,3,condition_removed,Not Enough Evidence,Not Enough Evidence
P0094,P0094_T3,P0094_T3_4,4,supported,Supported,Not Supported
P0094,P0094_T3,P0094_T3_5,5,condition_contradicted,Not Supported,Not Supported
P0094,P0094_T4,P0094_T4_1,1,relation_contradicted,Not Supported,Not Supported
P0094,P0094_T4,P0094_T4_2,2,condition_replaced,Not Enough Evidence,Not Supported
P0094,P0094_T4,P0094_T4_3,3,condition_removed,Not Enough Evidence,Not Enough Evidence
P0094,P0094_T4,P0094_T4_4,4,supported,Supported,Not Supported
P0094,P0094_T4,P0094_T4_5,5,condition_contradicted,Not Supported,Not Supported
P0094,P0094_T5,P0094_T5_1,1,relation_contradicted,Not Supported,Not Supported
P0094,P0094_T5,P0094_T5_2,2,condition_replaced,Not Enough Evidence,Not Enough Evidence
P0094,P0094_T5,P0094_T5_3,3,condition_removed,Not Enough Evidence,Not Enough Evidence
P0094,P0094_T5,P0094_T5_4,4,supported,Supported,Not Supported
P0094,P0094_T5,P0094_T5_5,5,condition_contradicted,Not Supported,Not Supported
P0095,P0095_T1,P0095_T1_1,1,relation_contradicted,Not Supported,Not Supported
P0095,P0095_T1,P0095_T1_2,2,condition_replaced,Not Enough Evidence,Not Enough Evidence
P0095,P0095_T1,P0095_T1_3,3,condition_removed,Not Enough Evidence,Not Enough Evidence
P0095,P0095_T1,P0095_T1_4,4,supported,Supported,Not Supported
P0095,P0095_T1,P0095_T1_5,5,condition_contradicted,Not Supported,Not Supported
P0095,P0095_T2,P0095_T2_1,1,relation_contradicted,Not Supported,Not Supported
P0095,P0095_T2,P0095_T2_2,2,condition_replaced,Not Enough Evidence,Not Enough Evidence
P0095,P0095_T2,P0095_T2_3,3,condition_removed,Not Enough Evidence,Not Enough Evidence
P0095,P0095_T2,P0095_T2_4,4,supported,Supported,Not Supported
P0095,P0095_T2,P0095_T2_5,5,condition_contradicted,Not Supported,Not Supported
P0096,P0096_T1,P0096_T1_1,1,relation_contradicted,Not Supported,Not Supported
P0096,P0096_T1,P0096_T1_2,2,condition_replaced,Not Enough Evidence,Not Enough Evidence
P0096,P0096_T1,P0096_T1_3,3,condition_removed,Not Enough Evidence,Not Enough Evidence
P0096,P0096_T1,P0096_T1_4,4,supported,Supported,Supported
P0096,P0096_T1,P0096_T1_5,5,condition_contradicted,Not Supported,Not Supported
P0096,P0096_T2,P0096_T2_1,1,relation_contradicted,Not Supported,Not Supported
P0096,P0096_T2,P0096_T2_2,2,condition_replaced,Not Enough Evidence,Not Enough Evidence
P0096,P0096_T2,P0096_T2_3,3,condition_removed,Not Enough Evidence,Not Enough Evidence
P0096,P0096_T2,P0096_T2_4,4,supported,Supported,Not Supported
P0096,P0096_T2,P0096_T2_5,5,condition_contradicted,Not Supported,Not Supported
P0097,P0097_T1,P0097_T1_1,1,relation_contradicted,Not Supported,Not Supported
P0097,P0097_T1,P0097_T1_2,2,condition_replaced,Not Enough Evidence,Not Supported
P0097,P0097_T1,P0097_T1_3,3,condition_removed,Not Enough Evidence,Not Supported
P0097,P0097_T1,P0097_T1_4,4,supported,Supported,Not Supported
P0097,P0097_T1,P0097_T1_5,5,condition_contradicted,Not Supported,Not Supported
P0098,P0098_T1,P0098_T1_1,1,relation_contradicted,Not Supported,Not Supported
P0098,P0098_T1,P0098_T1_2,2,condition_replaced,Not Enough Evidence,Not Supported
P0098,P0098_T1,P0098_T1_3,3,condition_removed,Not Enough Evidence,Not Supported
P0098,P0098_T1,P0098_T1_4,4,supported,Supported,Not Supported
P0098,P0098_T1,P0098_T1_5,5,condition_contradicted,Not Supported,Not Supported
P0292,P0292_T2,P0292_T2_1,1,relation_contradicted,Not Supported,Not Supported
P0292,P0292_T2,P0292_T2_2,2,condition_replaced,Not Enough Evidence,Not Supported
P0292,P0292_T2,P0292_T2_3,3,condition_removed,Not Enough Evidence,Not Supported
P0292,P0292_T2,P0292_T2_4,4,supported,Supported,Not Supported
P0292,P0292_T2,P0292_T2_5,5,condition_contradicted,Not Supported,Not Supported
P0292,P0292_T3,P0292_T3_1,1,relation_contradicted,Not Supported,Not Supported
P0292,P0292_T3,P0292_T3_2,2,condition_replaced,Not Enough Evidence,Not Supported
P0292,P0292_T3,P0292_T3_3,3,condition_removed,Not Enough Evidence,Not Supported
P0292,P0292_T3,P0292_T3_4,4,supported,Supported,Not Supported
P0292,P0292_T3,P0292_T3_5,5,condition_contradicted,Not Supported,Not Supported
P0293,P0293_T1,P0293_T1_1,1,relation_contradicted,Not Supported,Not Supported
P0293,P0293_T1,P0293_T1_2,2,condition_replaced,Not Enough Evidence,Not Enough Evidence
P0293,P0293_T1,P0293_T1_3,3,condition_removed,Not Enough Evidence,Not Enough Evidence
P0293,P0293_T1,P0293_T1_4,4,supported,Supported,Not Supported
P0293,P0293_T1,P0293_T1_5,5,condition_contradicted,Not Supported,Not Supported
P0293,P0293_T2,P0293_T2_1,1,relation_contradicted,Not Supported,Not Supported
P0293,P0293_T2,P0293_T2_2,2,condition_replaced,Not Enough Evidence,Not Supported
P0293,P0293_T2,P0293_T2_3,3,condition_removed,Not Enough Evidence,Not Enough Evidence
P0293,P0293_T2,P0293_T2_4,4,supported,Supported,Not Supported
P0293,P0293_T2,P0293_T2_5,5,condition_contradicted,Not Supported,Not Supported
P0294,P0294_T1,P0294_T1_1,1,relation_contradicted,Not Supported,Not Supported
P0294,P0294_T1,P0294_T1_2,2,condition_replaced,Not Enough Evidence,Not Enough Evidence
P0294,P0294_T1,P0294_T1_3,3,condition_removed,Not Enough Evidence,Not Enough Evidence
P0294,P0294_T1,P0294_T1_4,4,supported,Supported,Supported
P0294,P0294_T1,P0294_T1_5,5,condition_contradicted,Not Supported,Not Supported
P0295,P0295_T1,P0295_T1_1,1,relation_contradicted,Not Supported,Not Supported
P0295,P0295_T1,P0295_T1_2,2,condition_replaced,Not Enough Evidence,Not Supported
P0295,P0295_T1,P0295_T1_3,3,condition_removed,Not Enough Evidence,Not Supported
P0295,P0295_T1,P0295_T1_4,4,supported,Supported,Not Supported
P0295,P0295_T1,P0295_T1_5,5,condition_contradicted,Not Supported,Not Supported
P0295,P0295_T2,P0295_T2_1,1,relation_contradicted,Not Supported,Not Supported
P0295,P0295_T2,P0295_T2_2,2,condition_replaced,Not Enough Evidence,Not Supported
P0295,P0295_T2,P0295_T2_3,3,condition_removed,Not Enough Evidence,Not Supported
P0295,P0295_T2,P0295_T2_4,4,supported,Supported,Not Supported
P0295,P0295_T2,P0295_T2_5,5,condition_contradicted,Not Supported,Not Supported
P0295,P0295_T3,P0295_T3_1,1,relation_contradicted,Not Supported,Not Supported
P0295,P0295_T3,P0295_T3_2,2,condition_replaced,Not Enough Evidence,Not Supported
P0295,P0295_T3,P0295_T3_3,3,condition_removed,Not Enough Evidence,Not Supported
P0295,P0295_T3,P0295_T3_4,4,supported,Supported,Not Supported
P0295,P0295_T3,P0295_T3_5,5,condition_contradicted,Not Supported,Not Supported
P0295,P0295_T4,P0295_T4_1,1,relation_contradicted,Not Supported,Not Supported
P0295,P0295_T4,P0295_T4_2,2,condition_replaced,Not Enough Evidence,Not Supported
P0295,P0295_T4,P0295_T4_3,3,condition_removed,Not Enough Evidence,Not Supported
P0295,P0295_T4,P0295_T4_4,4,supported,Supported,Not Supported
P0295,P0295_T4,P0295_T4_5,5,condition_contradicted,Not Supported,Not Supported
P0295,P0295_T5,P0295_T5_1,1,relation_contradicted,Not Supported,Not Supported
P0295,P0295_T5,P0295_T5_2,2,condition_replaced,Not Enough Evidence,Not Supported
P0295,P0295_T5,P0295_T5_3,3,condition_removed,Not Enough Evidence,Not Supported
P0295,P0295_T5,P0295_T5_4,4,supported,Supported,Not Supported
P0295,P0295_T5,P0295_T5_5,5,condition_contradicted,Not Supported,Not Supported
P0658,P0658_T1,P0658_T1_1,1,relation_contradicted,Not Supported,Supported
P0658,P0658_T1,P0658_T1_2,2,condition_replaced,Not Enough Evidence,Not Enough Evidence
P0658,P0658_T1,P0658_T1_3,3,condition_removed,Not Enough Evidence,Not Enough Evidence
P0658,P0658_T1,P0658_T1_4,4,supported,Supported,Not Supported
P0658,P0658_T1,P0658_T1_5,5,condition_contradicted,Not Supported,Not Supported
P0659,P0659_T1,P0659_T1_1,1,relation_contradicted,Not Supported,Not Supported
P0659,P0659_T1,P0659_T1_2,2,condition_replaced,Not Enough Evidence,Not Enough Evidence
P0659,P0659_T1,P0659_T1_3,3,condition_removed,Not Enough Evidence,Not Enough Evidence
P0659,P0659_T1,P0659_T1_4,4,supported,Supported,Supported
P0659,P0659_T1,P0659_T1_5,5,condition_contradicted,Not Supported,Not Supported
P0660,P0660_T1,P0660_T1_1,1,relation_contradicted,Not Supported,Not Supported
P0660,P0660_T1,P0660_T1_2,2,condition_replaced,Not Enough Evidence,Not Supported
P0660,P0660_T1,P0660_T1_3,3,condition_removed,Not Enough Evidence,Not Supported
P0660,P0660_T1,P0660_T1_4,4,supported,Supported,Not Supported
P0660,P0660_T1,P0660_T1_5,5,condition_contradicted,Not Supported,Not Supported
P0661,P0661_T1,P0661_T1_1,1,relation_contradicted,Not Supported,Supported
P0661,P0661_T1,P0661_T1_2,2,condition_replaced,Not Enough Evidence,Not Enough Evidence
P0661,P0661_T1,P0661_T1_3,3,condition_removed,Not Enough Evidence,Not Enough Evidence
P0661,P0661_T1,P0661_T1_4,4,supported,Supported,Supported
P0661,P0661_T1,P0661_T1_5,5,condition_contradicted,Not Supported,Not Supported
P0662,P0662_T1,P0662_T1_1,1,relation_contradicted,Not Supported,Supported
P0662,P0662_T1,P0662_T1_2,2,condition_replaced,Not Enough Evidence,Not Enough Evidence
P0662,P0662_T1,P0662_T1_3,3,condition_removed,Not Enough Evidence,Not Enough Evidence
P0662,P0662_T1,P0662_T1_4,4,supported,Supported,Supported
P0662,P0662_T1,P0662_T1_5,5,condition_contradicted,Not Supported,Not Supported
P0663,P0663_T1,P0663_T1_1,1,relation_contradicted,Not Supported,Not Supported
P0663,P0663_T1,P0663_T1_2,2,condition_replaced,Not Enough Evidence,Not Supported
P0663,P0663_T1,P0663_T1_3,3,condition_removed,Not Enough Evidence,Not Supported
P0663,P0663_T1,P0663_T1_4,4,supported,Supported,Not Supported
P0663,P0663_T1,P0663_T1_5,5,condition_contradicted,Not Supported,Not Supported
P0663,P0663_T2,P0663_T2_1,1,relation_contradicted,Not Supported,Not Supported
P0663,P0663_T2,P0663_T2_2,2,condition_replaced,Not Enough Evidence,Not Supported
P0663,P0663_T2,P0663_T2_3,3,condition_removed,Not Enough Evidence,Not Supported
P0663,P0663_T2,P0663_T2_4,4,supported,Supported,Not Supported
P0663,P0663_T2,P0663_T2_5,5,condition_contradicted,Not Supported,Not Supported
P0664,P0664_T1,P0664_T1_1,1,relation_contradicted,Not Supported,Not Supported
P0664,P0664_T1,P0664_T1_2,2,condition_replaced,Not Enough Evidence,Not Enough Evidence
P0664,P0664_T1,P0664_T1_3,3,condition_removed,Not Enough Evidence,Not Enough Evidence
P0664,P0664_T1,P0664_T1_4,4,supported,Supported,Not Supported
P0664,P0664_T1,P0664_T1_5,5,condition_contradicted,Not Supported,Not Supported
P0665,P0665_T1,P0665_T1_1,1,relation_contradicted,Not Supported,Not Supported
P0665,P0665_T1,P0665_T1_2,2,condition_replaced,Not Enough Evidence,Not Enough Evidence
P0665,P0665_T1,P0665_T1_3,3,condition_removed,Not Enough Evidence,Not Enough Evidence
P0665,P0665_T1,P0665_T1_4,4,supported,Supported,Supported
P0665,P0665_T1,P0665_T1_5,5,condition_contradicted,Not Supported,Not Supported
P0666,P0666_T1,P0666_T1_1,1,relation_contradicted,Not Supported,Not Supported
P0666,P0666_T1,P0666_T1_2,2,condition_replaced,Not Enough Evidence,Not Supported
P0666,P0666_T1,P0666_T1_3,3,condition_removed,Not Enough Evidence,Not Supported
P0666,P0666_T1,P0666_T1_4,4,supported,Supported,Not Supported
P0666,P0666_T1,P0666_T1_5,5,condition_contradicted,Not Supported,Not Supported
P0205,P0205_T1,P0205_T1_1,1,relation_contradicted,Not Supported,Not Supported
P0205,P0205_T1,P0205_T1_2,2,condition_replaced,Not Enough Evidence,Not Supported
P0205,P0205_T1,P0205_T1_3,3,condition_removed,Not Enough Evidence,Not Supported
P0205,P0205_T1,P0205_T1_4,4,supported,Supported,Not Supported
P0205,P0205_T1,P0205_T1_5,5,condition_contradicted,Not Supported,Not Supported
P0205,P0205_T2,P0205_T2_1,1,relation_contradicted,Not Supported,Not Supported
P0205,P0205_T2,P0205_T2_2,2,condition_replaced,Not Enough Evidence,Not Supported
P0205,P0205_T2,P0205_T2_3,3,condition_removed,Not Enough Evidence,Not Supported
P0205,P0205_T2,P0205_T2_4,4,supported,Supported,Not Supported
P0205,P0205_T2,P0205_T2_5,5,condition_contradicted,Not Supported,Not Supported
P0205,P0205_T3,P0205_T3_1,1,relation_contradicted,Not Supported,Not Supported
P0205,P0205_T3,P0205_T3_2,2,condition_replaced,Not Enough Evidence,Not Supported
P0205,P0205_T3,P0205_T3_3,3,condition_removed,Not Enough Evidence,Not Supported
P0205,P0205_T3,P0205_T3_4,4,supported,Supported,Not Supported
P0205,P0205_T3,P0205_T3_5,5,condition_contradicted,Not Supported,Not Supported
P0206,P0206_T1,P0206_T1_1,1,relation_contradicted,Not Supported,Not Supported
P0206,P0206_T1,P0206_T1_2,2,condition_replaced,Not Enough Evidence,Not Enough Evidence
P0206,P0206_T1,P0206_T1_3,3,condition_removed,Not Enough Evidence,Not Enough Evidence
P0206,P0206_T1,P0206_T1_4,4,supported,Supported,Not Supported
P0206,P0206_T1,P0206_T1_5,5,condition_contradicted,Not Supported,Not Supported
P0206,P0206_T2,P0206_T2_1,1,relation_contradicted,Not Supported,Not Supported
P0206,P0206_T2,P0206_T2_2,2,condition_replaced,Not Enough Evidence,Not Enough Evidence
P0206,P0206_T2,P0206_T2_3,3,condition_removed,Not Enough Evidence,Not Enough Evidence
P0206,P0206_T2,P0206_T2_4,4,supported,Supported,Not Supported
P0206,P0206_T2,P0206_T2_5,5,condition_contradicted,Not Supported,Not Supported
P0206,P0206_T3,P0206_T3_1,1,relation_contradicted,Not Supported,Not Supported
P0206,P0206_T3,P0206_T3_2,2,condition_replaced,Not Enough Evidence,Not Enough Evidence
P0206,P0206_T3,P0206_T3_3,3,condition_removed,Not Enough Evidence,Not Enough Evidence
P0206,P0206_T3,P0206_T3_4,4,supported,Supported,Not Supported
P0206,P0206_T3,P0206_T3_5,5,condition_contradicted,Not Supported,Not Supported
P0206,P0206_T4,P0206_T4_1,1,relation_contradicted,Not Supported,Not Supported
P0206,P0206_T4,P0206_T4_2,2,condition_replaced,Not Enough Evidence,Not Enough Evidence
P0206,P0206_T4,P0206_T4_3,3,condition_removed,Not Enough Evidence,Not Enough Evidence
P0206,P0206_T4,P0206_T4_4,4,supported,Supported,Not Supported
P0206,P0206_T4,P0206_T4_5,5,condition_contradicted,Not Supported,Not Supported
P0206,P0206_T5,P0206_T5_1,1,relation_contradicted,Not Supported,Not Supported
P0206,P0206_T5,P0206_T5_2,2,condition_replaced,Not Enough Evidence,Not Enough Evidence
P0206,P0206_T5,P0206_T5_3,3,condition_removed,Not Enough Evidence,Not Enough Evidence
P0206,P0206_T5,P0206_T5_4,4,supported,Supported,Not Supported
P0206,P0206_T5,P0206_T5_5,5,condition_contradicted,Not Supported,Not Supported
P0207,P0207_T1,P0207_T1_1,1,relation_contradicted,Not Supported,Not Supported
P0207,P0207_T1,P0207_T1_2,2,condition_replaced,Not Enough Evidence,Not Enough Evidence
P0207,P0207_T1,P0207_T1_3,3,condition_removed,Not Enough Evidence,Not Enough Evidence
P0207,P0207_T1,P0207_T1_4,4,supported,Supported,Supported
P0207,P0207_T1,P0207_T1_5,5,condition_contradicted,Not Supported,Not Supported
P0207,P0207_T2,P0207_T2_1,1,relation_contradicted,Not Supported,Not Supported
P0207,P0207_T2,P0207_T2_2,2,condition_replaced,Not Enough Evidence,Not Enough Evidence
P0207,P0207_T2,P0207_T2_3,3,condition_removed,Not Enough Evidence,Not Enough Evidence
P0207,P0207_T2,P0207_T2_4,4,supported,Supported,Supported
P0207,P0207_T2,P0207_T2_5,5,condition_contradicted,Not Supported,Not Supported
P0451,P0451_T2,P0451_T2_1,1,relation_contradicted,Not Supported,Not Supported
P0451,P0451_T2,P0451_T2_2,2,condition_replaced,Not Enough Evidence,Not Supported
P0451,P0451_T2,P0451_T2_3,3,condition_removed,Not Enough Evidence,Not Supported
P0451,P0451_T2,P0451_T2_4,4,supported,Supported,Not Supported
P0451,P0451_T2,P0451_T2_5,5,condition_contradicted,Not Supported,Not Supported
P0452,P0452_T1,P0452_T1_1,1,relation_contradicted,Not Supported,Not Supported
P0452,P0452_T1,P0452_T1_2,2,condition_replaced,Not Enough Evidence,Not Supported
P0452,P0452_T1,P0452_T1_3,3,condition_removed,Not Enough Evidence,Not Supported
P0452,P0452_T1,P0452_T1_4,4,supported,Supported,Not Supported
P0452,P0452_T1,P0452_T1_5,5,condition_contradicted,Not Supported,Not Supported
P0452,P0452_T2,P0452_T2_1,1,relation_contradicted,Not Supported,Not Supported
P0452,P0452_T2,P0452_T2_2,2,condition_replaced,Not Enough Evidence,Not Supported
P0452,P0452_T2,P0452_T2_3,3,condition_removed,Not Enough Evidence,Not Supported
P0452,P0452_T2,P0452_T2_4,4,supported,Supported,Not Supported
P0452,P0452_T2,P0452_T2_5,5,condition_contradicted,Not Supported,Not Supported
P0453,P0453_T2,P0453_T2_1,1,relation_contradicted,Not Supported,Not Supported
P0453,P0453_T2,P0453_T2_2,2,condition_replaced,Not Enough Evidence,Not Supported
P0453,P0453_T2,P0453_T2_3,3,condition_removed,Not Enough Evidence,Not Supported
P0453,P0453_T2,P0453_T2_4,4,supported,Supported,Not Supported
P0453,P0453_T2,P0453_T2_5,5,condition_contradicted,Not Supported,Not Supported
P0454,P0454_T1,P0454_T1_1,1,relation_contradicted,Not Supported,Not Supported
P0454,P0454_T1,P0454_T1_2,2,condition_replaced,Not Enough Evidence,Not Supported
P0454,P0454_T1,P0454_T1_3,3,condition_removed,Not Enough Evidence,Not Supported
P0454,P0454_T1,P0454_T1_4,4,supported,Supported,Not Supported
P0454,P0454_T1,P0454_T1_5,5,condition_contradicted,Not Supported,Not Supported
P0454,P0454_T2,P0454_T2_1,1,relation_contradicted,Not Supported,Not Supported
P0454,P0454_T2,P0454_T2_2,2,condition_replaced,Not Enough Evidence,Not Supported
P0454,P0454_T2,P0454_T2_3,3,condition_removed,Not Enough Evidence,Not Supported
P0454,P0454_T2,P0454_T2_4,4,supported,Supported,Not Supported
P0454,P0454_T2,P0454_T2_5,5,condition_contradicted,Not Supported,Not Supported
P0455,P0455_T1,P0455_T1_1,1,relation_contradicted,Not Supported,Not Supported
P0455,P0455_T1,P0455_T1_2,2,condition_replaced,Not Enough Evidence,Not Enough Evidence
P0455,P0455_T1,P0455_T1_3,3,condition_removed,Not Enough Evidence,Not Enough Evidence
P0455,P0455_T1,P0455_T1_4,4,supported,Supported,Not Supported
P0455,P0455_T1,P0455_T1_5,5,condition_contradicted,Not Supported,Not Supported
P0296,P0296_T1,P0296_T1_1,1,relation_contradicted,Not Supported,Not Supported
P0296,P0296_T1,P0296_T1_2,2,condition_replaced,Not Enough Evidence,Not Enough Evidence
P0296,P0296_T1,P0296_T1_3,3,condition_removed,Not Enough Evidence,Not Supported
P0296,P0296_T1,P0296_T1_4,4,supported,Supported,Not Supported
P0296,P0296_T1,P0296_T1_5,5,condition_contradicted,Not Supported,Not Supported
P0297,P0297_T1,P0297_T1_1,1,relation_contradicted,Not Supported,Not Supported
P0297,P0297_T1,P0297_T1_2,2,condition_replaced,Not Enough Evidence,Not Supported
P0297,P0297_T1,P0297_T1_3,3,condition_removed,Not Enough Evidence,Not Supported
P0297,P0297_T1,P0297_T1_4,4,supported,Supported,Not Supported
P0297,P0297_T1,P0297_T1_5,5,condition_contradicted,Not Supported,Not Supported
P0298,P0298_T1,P0298_T1_1,1,relation_contradicted,Not Supported,Not Supported
P0298,P0298_T1,P0298_T1_2,2,condition_replaced,Not Enough Evidence,Not Enough Evidence
P0298,P0298_T1,P0298_T1_3,3,condition_removed,Not Enough Evidence,Not Enough Evidence
P0298,P0298_T1,P0298_T1_4,4,supported,Supported,Not Supported
P0298,P0298_T1,P0298_T1_5,5,condition_contradicted,Not Supported,Not Supported
P0299,P0299_T1,P0299_T1_1,1,relation_contradicted,Not Supported,Not Supported
P0299,P0299_T1,P0299_T1_2,2,condition_replaced,Not Enough Evidence,Not Supported
P0299,P0299_T1,P0299_T1_3,3,condition_removed,Not Enough Evidence,Not Supported
P0299,P0299_T1,P0299_T1_4,4,supported,Supported,Not Supported
P0299,P0299_T1,P0299_T1_5,5,condition_contradicted,Not Supported,Not Supported
P0299,P0299_T2,P0299_T2_1,1,relation_contradicted,Not Supported,Not Supported
P0299,P0299_T2,P0299_T2_2,2,condition_replaced,Not Enough Evidence,Not Supported
P0299,P0299_T2,P0299_T2_3,3,condition_removed,Not Enough Evidence,Not Supported
P0299,P0299_T2,P0299_T2_4,4,supported,Supported,Not Supported
P0299,P0299_T2,P0299_T2_5,5,condition_contradicted,Not Supported,Not Supported
P0299,P0299_T3,P0299_T3_1,1,relation_contradicted,Not Supported,Not Supported
P0299,P0299_T3,P0299_T3_2,2,condition_replaced,Not Enough Evidence,Not Supported
P0299,P0299_T3,P0299_T3_3,3,condition_removed,Not Enough Evidence,Not Supported
P0299,P0299_T3,P0299_T3_4,4,supported,Supported,Not Supported
P0299,P0299_T3,P0299_T3_5,5,condition_contradicted,Not Supported,Not Supported
P0299,P0299_T4,P0299_T4_1,1,relation_contradicted,Not Supported,Not Supported
P0299,P0299_T4,P0299_T4_2,2,condition_replaced,Not Enough Evidence,Not Supported
P0299,P0299_T4,P0299_T4_3,3,condition_removed,Not Enough Evidence,Not Supported
P0299,P0299_T4,P0299_T4_4,4,supported,Supported,Not Supported
P0299,P0299_T4,P0299_T4_5,5,condition_contradicted,Not Supported,Not Supported
P0299,P0299_T5,P0299_T5_1,1,relation_contradicted,Not Supported,Not Supported
P0299,P0299_T5,P0299_T5_2,2,condition_replaced,Not Enough Evidence,Not Supported
P0299,P0299_T5,P0299_T5_3,3,condition_removed,Not Enough Evidence,Not Supported
P0299,P0299_T5,P0299_T5_4,4,supported,Supported,Not Supported
P0299,P0299_T5,P0299_T5_5,5,condition_contradicted,Not Supported,Not Supported
P0299,P0299_T6,P0299_T6_1,1,relation_contradicted,Not Supported,Not Supported
P0299,P0299_T6,P0299_T6_2,2,condition_replaced,Not Enough Evidence,Not Supported
P0299,P0299_T6,P0299_T6_3,3,condition_removed,Not Enough Evidence,Not Supported
P0299,P0299_T6,P0299_T6_4,4,supported,Supported,Not Supported
P0299,P0299_T6,P0299_T6_5,5,condition_contradicted,Not Supported,Not Supported
P0299,P0299_T7,P0299_T7_1,1,relation_contradicted,Not Supported,Not Supported
P0299,P0299_T7,P0299_T7_2,2,condition_replaced,Not Enough Evidence,Not Supported
P0299,P0299_T7,P0299_T7_3,3,condition_removed,Not Enough Evidence,Not Supported
P0299,P0299_T7,P0299_T7_4,4,supported,Supported,Not Supported
P0299,P0299_T7,P0299_T7_5,5,condition_contradicted,Not Supported,Not Supported
P0667,P0667_T1,P0667_T1_1,1,relation_contradicted,Not Supported,Not Supported
P0667,P0667_T1,P0667_T1_2,2,condition_replaced,Not Enough Evidence,Not Enough Evidence
P0667,P0667_T1,P0667_T1_3,3,condition_removed,Not Enough Evidence,Not Enough Evidence
P0667,P0667_T1,P0667_T1_4,4,supported,Supported,Supported
P0667,P0667_T1,P0667_T1_5,5,condition_contradicted,Not Supported,Not Supported
P0668,P0668_T1,P0668_T1_1,1,relation_contradicted,Not Supported,Not Supported
P0668,P0668_T1,P0668_T1_2,2,condition_replaced,Not Enough Evidence,Not Enough Evidence
P0668,P0668_T1,P0668_T1_3,3,condition_removed,Not Enough Evidence,Not Enough Evidence
P0668,P0668_T1,P0668_T1_4,4,supported,Supported,Supported
P0668,P0668_T1,P0668_T1_5,5,condition_contradicted,Not Supported,Not Supported
P0668,P0668_T2,P0668_T2_1,1,relation_contradicted,Not Supported,Not Supported
P0668,P0668_T2,P0668_T2_2,2,condition_replaced,Not Enough Evidence,Not Enough Evidence
P0668,P0668_T2,P0668_T2_3,3,condition_removed,Not Enough Evidence,Not Enough Evidence
P0668,P0668_T2,P0668_T2_4,4,supported,Supported,Supported
P0668,P0668_T2,P0668_T2_5,5,condition_contradicted,Not Supported,Not Supported
P0669,P0669_T1,P0669_T1_1,1,relation_contradicted,Not Supported,Not Supported
P0669,P0669_T1,P0669_T1_2,2,condition_replaced,Not Enough Evidence,Not Enough Evidence
P0669,P0669_T1,P0669_T1_3,3,condition_removed,Not Enough Evidence,Not Enough Evidence
P0669,P0669_T1,P0669_T1_4,4,supported,Supported,Supported
P0669,P0669_T1,P0669_T1_5,5,condition_contradicted,Not Supported,Not Supported
P0670,P0670_T1,P0670_T1_1,1,relation_contradicted,Not Supported,Not Supported
P0670,P0670_T1,P0670_T1_2,2,condition_replaced,Not Enough Evidence,Not Enough Evidence
P0670,P0670_T1,P0670_T1_3,3,condition_removed,Not Enough Evidence,Not Enough Evidence
P0670,P0670_T1,P0670_T1_4,4,supported,Supported,Supported
P0670,P0670_T1,P0670_T1_5,5,condition_contradicted,Not Supported,Not Supported
P0671,P0671_T1,P0671_T1_1,1,relation_contradicted,Not Supported,Not Supported
P0671,P0671_T1,P0671_T1_2,2,condition_replaced,Not Enough Evidence,Not Supported
P0671,P0671_T1,P0671_T1_3,3,condition_removed,Not Enough Evidence,Not Supported
P0671,P0671_T1,P0671_T1_4,4,supported,Supported,Not Supported
P0671,P0671_T1,P0671_T1_5,5,condition_contradicted,Not Supported,Not Supported
P0671,P0671_T2,P0671_T2_1,1,relation_contradicted,Not Supported,Not Supported
P0671,P0671_T2,P0671_T2_2,2,condition_replaced,Not Enough Evidence,Not Supported
P0671,P0671_T2,P0671_T2_3,3,condition_removed,Not Enough Evidence,Not Supported
P0671,P0671_T2,P0671_T2_4,4,supported,Supported,Not Supported
P0671,P0671_T2,P0671_T2_5,5,condition_contradicted,Not Supported,Not Supported
P0672,P0672_T1,P0672_T1_1,1,relation_contradicted,Not Supported,Not Supported
P0672,P0672_T1,P0672_T1_2,2,condition_replaced,Not Enough Evidence,Not Enough Evidence
P0672,P0672_T1,P0672_T1_3,3,condition_removed,Not Enough Evidence,Not Enough Evidence
P0672,P0672_T1,P0672_T1_4,4,supported,Supported,Supported
P0672,P0672_T1,P0672_T1_5,5,condition_contradicted,Not Supported,Not Supported
P0673,P0673_T1,P0673_T1_1,1,relation_contradicted,Not Supported,Not Supported
P0673,P0673_T1,P0673_T1_2,2,condition_replaced,Not Enough Evidence,Not Enough Evidence
P0673,P0673_T1,P0673_T1_3,3,condition_removed,Not Enough Evidence,Not Enough Evidence
P0673,P0673_T1,P0673_T1_4,4,supported,Supported,Supported
P0673,P0673_T1,P0673_T1_5,5,condition_contradicted,Not Supported,Not Supported
P0674,P0674_T1,P0674_T1_1,1,relation_contradicted,Not Supported,Not Supported
P0674,P0674_T1,P0674_T1_2,2,condition_replaced,Not Enough Evidence,Not Supported
P0674,P0674_T1,P0674_T1_3,3,condition_removed,Not Enough Evidence,Not Supported
P0674,P0674_T1,P0674_T1_4,4,supported,Supported,Not Supported
P0674,P0674_T1,P0674_T1_5,5,condition_contradicted,Not Supported,Not Supported
P0098,P0098_T2,P0098_T2_1,1,relation_contradicted,Not Supported,Not Supported
P0098,P0098_T2,P0098_T2_2,2,condition_replaced,Not Enough Evidence,Not Supported
P0098,P0098_T2,P0098_T2_3,3,condition_removed,Not Enough Evidence,Not Supported
P0098,P0098_T2,P0098_T2_4,4,supported,Supported,Not Supported
P0098,P0098_T2,P0098_T2_5,5,condition_contradicted,Not Supported,Not Supported
P0098,P0098_T3,P0098_T3_1,1,relation_contradicted,Not Supported,Not Supported
P0098,P0098_T3,P0098_T3_2,2,condition_replaced,Not Enough Evidence,Not Supported
P0098,P0098_T3,P0098_T3_3,3,condition_removed,Not Enough Evidence,Not Supported
P0098,P0098_T3,P0098_T3_4,4,supported,Supported,Not Supported
P0098,P0098_T3,P0098_T3_5,5,condition_contradicted,Not Supported,Not Supported
P0098,P0098_T4,P0098_T4_1,1,relation_contradicted,Not Supported,Not Supported
P0098,P0098_T4,P0098_T4_2,2,condition_replaced,Not Enough Evidence,Not Supported
P0098,P0098_T4,P0098_T4_3,3,condition_removed,Not Enough Evidence,Not Supported
P0098,P0098_T4,P0098_T4_4,4,supported,Supported,Not Supported
P0098,P0098_T4,P0098_T4_5,5,condition_contradicted,Not Supported,Not Supported
P0098,P0098_T5,P0098_T5_1,1,relation_contradicted,Not Supported,Not Supported
P0098,P0098_T5,P0098_T5_2,2,condition_replaced,Not Enough Evidence,Not Supported
P0098,P0098_T5,P0098_T5_3,3,condition_removed,Not Enough Evidence,Not Supported
P0098,P0098_T5,P0098_T5_4,4,supported,Supported,Not Supported
P0098,P0098_T5,P0098_T5_5,5,condition_contradicted,Not Supported,Not Supported
P0098,P0098_T6,P0098_T6_1,1,relation_contradicted,Not Supported,Not Supported
P0098,P0098_T6,P0098_T6_2,2,condition_replaced,Not Enough Evidence,Not Supported
P0098,P0098_T6,P0098_T6_3,3,condition_removed,Not Enough Evidence,Not Supported
P0098,P0098_T6,P0098_T6_4,4,supported,Supported,Not Supported
P0098,P0098_T6,P0098_T6_5,5,condition_contradicted,Not Supported,Not Supported
P0098,P0098_T7,P0098_T7_1,1,relation_contradicted,Not Supported,Not Supported
P0098,P0098_T7,P0098_T7_2,2,condition_replaced,Not Enough Evidence,Not Supported
P0098,P0098_T7,P0098_T7_3,3,condition_removed,Not Enough Evidence,Not Supported
P0098,P0098_T7,P0098_T7_4,4,supported,Supported,Not Supported
P0098,P0098_T7,P0098_T7_5,5,condition_contradicted,Not Supported,Not Supported
P0098,P0098_T8,P0098_T8_1,1,relation_contradicted,Not Supported,Not Supported
P0098,P0098_T8,P0098_T8_2,2,condition_replaced,Not Enough Evidence,Not Supported
P0098,P0098_T8,P0098_T8_3,3,condition_removed,Not Enough Evidence,Not Supported
P0098,P0098_T8,P0098_T8_4,4,supported,Supported,Not Supported
P0098,P0098_T8,P0098_T8_5,5,condition_contradicted,Not Supported,Not Supported
P0098,P0098_T9,P0098_T9_1,1,relation_contradicted,Not Supported,Not Supported
P0098,P0098_T9,P0098_T9_2,2,condition_replaced,Not Enough Evidence,Not Supported
P0098,P0098_T9,P0098_T9_3,3,condition_removed,Not Enough Evidence,Not Supported
P0098,P0098_T9,P0098_T9_4,4,supported,Supported,Not Supported
P0098,P0098_T9,P0098_T9_5,5,condition_contradicted,Not Supported,Not Supported
P0098,P0098_T10,P0098_T10_1,1,relation_contradicted,Not Supported,Not Supported
P0098,P0098_T10,P0098_T10_2,2,condition_replaced,Not Enough Evidence,Not Supported
P0098,P0098_T10,P0098_T10_3,3,condition_removed,Not Enough Evidence,Not Supported
P0098,P0098_T10,P0098_T10_4,4,supported,Supported,Not Supported
P0098,P0098_T10,P0098_T10_5,5,condition_contradicted,Not Supported,Not Supported
P0098,P0098_T11,P0098_T11_1,1,relation_contradicted,Not Supported,Not Supported
P0098,P0098_T11,P0098_T11_2,2,condition_replaced,Not Enough Evidence,Not Supported
P0098,P0098_T11,P0098_T11_3,3,condition_removed,Not Enough Evidence,Not Supported
P0098,P0098_T11,P0098_T11_4,4,supported,Supported,Not Supported
P0098,P0098_T11,P0098_T11_5,5,condition_contradicted,Not Supported,Not Supported
P0207,P0207_T3,P0207_T3_1,1,relation_contradicted,Not Supported,Not Supported
P0207,P0207_T3,P0207_T3_2,2,condition_replaced,Not Enough Evidence,Not Enough Evidence
P0207,P0207_T3,P0207_T3_3,3,condition_removed,Not Enough Evidence,Not Enough Evidence
P0207,P0207_T3,P0207_T3_4,4,supported,Supported,Supported
P0207,P0207_T3,P0207_T3_5,5,condition_contradicted,Not Supported,Not Supported
P0207,P0207_T4,P0207_T4_1,1,relation_contradicted,Not Supported,Not Supported
P0207,P0207_T4,P0207_T4_2,2,condition_replaced,Not Enough Evidence,Not Enough Evidence
P0207,P0207_T4,P0207_T4_3,3,condition_removed,Not Enough Evidence,Not Enough Evidence
P0207,P0207_T4,P0207_T4_4,4,supported,Supported,Supported
P0207,P0207_T4,P0207_T4_5,5,condition_contradicted,Not Supported,Not Supported
P0208,P0208_T1,P0208_T1_1,1,relation_contradicted,Not Supported,Not Supported
P0208,P0208_T1,P0208_T1_2,2,condition_replaced,Not Enough Evidence,Not Enough Evidence
P0208,P0208_T1,P0208_T1_3,3,condition_removed,Not Enough Evidence,Not Enough Evidence
P0208,P0208_T1,P0208_T1_4,4,supported,Supported,Supported
P0208,P0208_T1,P0208_T1_5,5,condition_contradicted,Not Supported,Not Supported
P0209,P0209_T1,P0209_T1_1,1,relation_contradicted,Not Supported,Not Supported
P0209,P0209_T1,P0209_T1_2,2,condition_replaced,Not Enough Evidence,Not Supported
P0209,P0209_T1,P0209_T1_3,3,condition_removed,Not Enough Evidence,Not Enough Evidence
P0209,P0209_T1,P0209_T1_4,4,supported,Supported,Not Supported
P0209,P0209_T1,P0209_T1_5,5,condition_contradicted,Not Supported,Not Supported
P0209,P0209_T2,P0209_T2_1,1,relation_contradicted,Not Supported,Not Supported
P0209,P0209_T2,P0209_T2_2,2,condition_replaced,Not Enough Evidence,Not Enough Evidence
P0209,P0209_T2,P0209_T2_3,3,condition_removed,Not Enough Evidence,Not Enough Evidence
P0209,P0209_T2,P0209_T2_4,4,supported,Supported,Not Supported
P0209,P0209_T2,P0209_T2_5,5,condition_contradicted,Not Supported,Not Supported
P0209,P0209_T3,P0209_T3_1,1,relation_contradicted,Not Supported,Not Supported
P0209,P0209_T3,P0209_T3_2,2,condition_replaced,Not Enough Evidence,Not Enough Evidence
P0209,P0209_T3,P0209_T3_3,3,condition_removed,Not Enough Evidence,Not Enough Evidence
P0209,P0209_T3,P0209_T3_4,4,supported,Supported,Supported
P0209,P0209_T3,P0209_T3_5,5,condition_contradicted,Not Supported,Not Supported
P0210,P0210_T1,P0210_T1_1,1,relation_contradicted,Not Supported,Not Supported
P0210,P0210_T1,P0210_T1_2,2,condition_replaced,Not Enough Evidence,Not Supported
P0210,P0210_T1,P0210_T1_3,3,condition_removed,Not Enough Evidence,Not Enough Evidence
P0210,P0210_T1,P0210_T1_4,4,supported,Supported,Not Supported
P0210,P0210_T1,P0210_T1_5,5,condition_contradicted,Not Supported,Not Supported
P0211,P0211_T1,P0211_T1_1,1,relation_contradicted,Not Supported,Not Supported
P0211,P0211_T1,P0211_T1_2,2,condition_replaced,Not Enough Evidence,Not Supported
P0211,P0211_T1,P0211_T1_3,3,condition_removed,Not Enough Evidence,Not Enough Evidence
P0211,P0211_T1,P0211_T1_4,4,supported,Supported,Supported
P0211,P0211_T1,P0211_T1_5,5,condition_contradicted,Not Supported,Not Supported
P0212,P0212_T1,P0212_T1_1,1,relation_contradicted,Not Supported,Not Supported
P0212,P0212_T1,P0212_T1_2,2,condition_replaced,Not Enough Evidence,Not Enough Evidence
P0212,P0212_T1,P0212_T1_3,3,condition_removed,Not Enough Evidence,Not Enough Evidence
P0212,P0212_T1,P0212_T1_4,4,supported,Supported,Not Supported
P0212,P0212_T1,P0212_T1_5,5,condition_contradicted,Not Supported,Not Supported
P0213,P0213_T1,P0213_T1_1,1,relation_contradicted,Not Supported,Not Supported
P0213,P0213_T1,P0213_T1_2,2,condition_replaced,Not Enough Evidence,Not Supported
P0213,P0213_T1,P0213_T1_3,3,condition_removed,Not Enough Evidence,Not Supported
P0213,P0213_T1,P0213_T1_4,4,supported,Supported,Not Supported
P0213,P0213_T1,P0213_T1_5,5,condition_contradicted,Not Supported,Not Supported
P0456,P0456_T1,P0456_T1_1,1,relation_contradicted,Not Supported,Not Supported
P0456,P0456_T1,P0456_T1_2,2,condition_replaced,Not Enough Evidence,Not Supported
P0456,P0456_T1,P0456_T1_3,3,condition_removed,Not Enough Evidence,Not Enough Evidence
P0456,P0456_T1,P0456_T1_4,4,supported,Supported,Not Supported
P0456,P0456_T1,P0456_T1_5,5,condition_contradicted,Not Supported,Not Supported
P0457,P0457_T1,P0457_T1_1,1,relation_contradicted,Not Supported,Not Supported
P0457,P0457_T1,P0457_T1_2,2,condition_replaced,Not Enough Evidence,Not Supported
P0457,P0457_T1,P0457_T1_3,3,condition_removed,Not Enough Evidence,Not Supported
P0457,P0457_T1,P0457_T1_4,4,supported,Supported,Not Supported
P0457,P0457_T1,P0457_T1_5,5,condition_contradicted,Not Supported,Not Supported
P0457,P0457_T3,P0457_T3_1,1,relation_contradicted,Not Supported,Not Supported
P0457,P0457_T3,P0457_T3_2,2,condition_replaced,Not Enough Evidence,Not Supported
P0457,P0457_T3,P0457_T3_3,3,condition_removed,Not Enough Evidence,Not Supported
P0457,P0457_T3,P0457_T3_4,4,supported,Supported,Not Supported
P0457,P0457_T3,P0457_T3_5,5,condition_contradicted,Not Supported,Not Supported
P0457,P0457_T4,P0457_T4_1,1,relation_contradicted,Not Supported,Not Supported
P0457,P0457_T4,P0457_T4_2,2,condition_replaced,Not Enough Evidence,Not Supported
P0457,P0457_T4,P0457_T4_3,3,condition_removed,Not Enough Evidence,Not Supported
P0457,P0457_T4,P0457_T4_4,4,supported,Supported,Not Supported
P0457,P0457_T4,P0457_T4_5,5,condition_contradicted,Not Supported,Not Supported
P0457,P0457_T5,P0457_T5_1,1,relation_contradicted,Not Supported,Not Supported
P0457,P0457_T5,P0457_T5_2,2,condition_replaced,Not Enough Evidence,Not Supported
P0457,P0457_T5,P0457_T5_3,3,condition_removed,Not Enough Evidence,Not Supported
P0457,P0457_T5,P0457_T5_4,4,supported,Supported,Not Supported
P0457,P0457_T5,P0457_T5_5,5,condition_contradicted,Not Supported,Not Supported
P0457,P0457_T6,P0457_T6_1,1,relation_contradicted,Not Supported,Not Supported
P0457,P0457_T6,P0457_T6_2,2,condition_replaced,Not Enough Evidence,Not Supported
P0457,P0457_T6,P0457_T6_3,3,condition_removed,Not Enough Evidence,Not Supported
P0457,P0457_T6,P0457_T6_4,4,supported,Supported,Not Supported
P0457,P0457_T6,P0457_T6_5,5,condition_contradicted,Not Supported,Not Supported
P0458,P0458_T1,P0458_T1_1,1,relation_contradicted,Not Supported,Not Supported
P0458,P0458_T1,P0458_T1_2,2,condition_replaced,Not Enough Evidence,Not Supported
P0458,P0458_T1,P0458_T1_3,3,condition_removed,Not Enough Evidence,Not Supported
P0458,P0458_T1,P0458_T1_4,4,supported,Supported,Not Supported
P0458,P0458_T1,P0458_T1_5,5,condition_contradicted,Not Supported,Not Supported
P0458,P0458_T2,P0458_T2_1,1,relation_contradicted,Not Supported,Not Supported
P0458,P0458_T2,P0458_T2_2,2,condition_replaced,Not Enough Evidence,Not Supported
P0458,P0458_T2,P0458_T2_3,3,condition_removed,Not Enough Evidence,Not Supported
P0458,P0458_T2,P0458_T2_4,4,supported,Supported,Not Supported
P0458,P0458_T2,P0458_T2_5,5,condition_contradicted,Not Supported,Not Supported
P0459,P0459_T1,P0459_T1_1,1,relation_contradicted,Not Supported,Not Supported
P0459,P0459_T1,P0459_T1_2,2,condition_replaced,Not Enough Evidence,Not Supported
P0459,P0459_T1,P0459_T1_3,3,condition_removed,Not Enough Evidence,Not Supported
P0459,P0459_T1,P0459_T1_4,4,supported,Supported,Not Supported
P0459,P0459_T1,P0459_T1_5,5,condition_contradicted,Not Supported,Not Supported
P0099,P0099_T1,P0099_T1_1,1,relation_contradicted,Not Supported,Not Supported
P0099,P0099_T1,P0099_T1_2,2,condition_replaced,Not Enough Evidence,Not Enough Evidence
P0099,P0099_T1,P0099_T1_3,3,condition_removed,Not Enough Evidence,Not Enough Evidence
P0099,P0099_T1,P0099_T1_4,4,supported,Supported,Not Supported
P0099,P0099_T1,P0099_T1_5,5,condition_contradicted,Not Supported,Not Supported
P0099,P0099_T2,P0099_T2_1,1,relation_contradicted,Not Supported,Not Supported
P0099,P0099_T2,P0099_T2_2,2,condition_replaced,Not Enough Evidence,Not Enough Evidence
P0099,P0099_T2,P0099_T2_3,3,condition_removed,Not Enough Evidence,Not Enough Evidence
P0099,P0099_T2,P0099_T2_4,4,supported,Supported,Not Supported
P0099,P0099_T2,P0099_T2_5,5,condition_contradicted,Not Supported,Not Supported
P0099,P0099_T3,P0099_T3_1,1,relation_contradicted,Not Supported,Not Supported
P0099,P0099_T3,P0099_T3_2,2,condition_replaced,Not Enough Evidence,Not Enough Evidence
P0099,P0099_T3,P0099_T3_3,3,condition_removed,Not Enough Evidence,Not Enough Evidence
P0099,P0099_T3,P0099_T3_4,4,supported,Supported,Not Supported
P0099,P0099_T3,P0099_T3_5,5,condition_contradicted,Not Supported,Not Supported
P0100,P0100_T1,P0100_T1_1,1,relation_contradicted,Not Supported,Not Supported
P0100,P0100_T1,P0100_T1_2,2,condition_replaced,Not Enough Evidence,Not Enough Evidence
P0100,P0100_T1,P0100_T1_3,3,condition_removed,Not Enough Evidence,Not Enough Evidence
P0100,P0100_T1,P0100_T1_4,4,supported,Supported,Not Supported
P0100,P0100_T1,P0100_T1_5,5,condition_contradicted,Not Supported,Not Supported
P0101,P0101_T1,P0101_T1_1,1,relation_contradicted,Not Supported,Not Supported
P0101,P0101_T1,P0101_T1_2,2,condition_replaced,Not Enough Evidence,Not Supported
P0101,P0101_T1,P0101_T1_3,3,condition_removed,Not Enough Evidence,Not Supported
P0101,P0101_T1,P0101_T1_4,4,supported,Supported,Not Supported
P0101,P0101_T1,P0101_T1_5,5,condition_contradicted,Not Supported,Not Supported
P0101,P0101_T2,P0101_T2_1,1,relation_contradicted,Not Supported,Not Supported
P0101,P0101_T2,P0101_T2_2,2,condition_replaced,Not Enough Evidence,Not Supported
P0101,P0101_T2,P0101_T2_3,3,condition_removed,Not Enough Evidence,Not Supported
P0101,P0101_T2,P0101_T2_4,4,supported,Supported,Not Supported
P0101,P0101_T2,P0101_T2_5,5,condition_contradicted,Not Supported,Not Supported
P0101,P0101_T3,P0101_T3_1,1,relation_contradicted,Not Supported,Not Supported
P0101,P0101_T3,P0101_T3_2,2,condition_replaced,Not Enough Evidence,Not Supported
P0101,P0101_T3,P0101_T3_3,3,condition_removed,Not Enough Evidence,Not Supported
P0101,P0101_T3,P0101_T3_4,4,supported,Supported,Not Supported
P0101,P0101_T3,P0101_T3_5,5,condition_contradicted,Not Supported,Not Supported
P0102,P0102_T1,P0102_T1_1,1,relation_contradicted,Not Supported,Not Supported
P0102,P0102_T1,P0102_T1_2,2,condition_replaced,Not Enough Evidence,Not Enough Evidence
P0102,P0102_T1,P0102_T1_3,3,condition_removed,Not Enough Evidence,Not Enough Evidence
P0102,P0102_T1,P0102_T1_4,4,supported,Supported,Supported
P0102,P0102_T1,P0102_T1_5,5,condition_contradicted,Not Supported,Not Supported
P0102,P0102_T2,P0102_T2_1,1,relation_contradicted,Not Supported,Not Supported
P0102,P0102_T2,P0102_T2_2,2,condition_replaced,Not Enough Evidence,Not Enough Evidence
P0102,P0102_T2,P0102_T2_3,3,condition_removed,Not Enough Evidence,Not Enough Evidence
P0102,P0102_T2,P0102_T2_4,4,supported,Supported,Not Supported
P0102,P0102_T2,P0102_T2_5,5,condition_contradicted,Not Supported,Not Supported
P0299,P0299_T8,P0299_T8_1,1,relation_contradicted,Not Supported,Not Supported
P0299,P0299_T8,P0299_T8_2,2,condition_replaced,Not Enough Evidence,Not Supported
P0299,P0299_T8,P0299_T8_3,3,condition_removed,Not Enough Evidence,Not Supported
P0299,P0299_T8,P0299_T8_4,4,supported,Supported,Not Supported
P0299,P0299_T8,P0299_T8_5,5,condition_contradicted,Not Supported,Not Supported
P0299,P0299_T9,P0299_T9_1,1,relation_contradicted,Not Supported,Not Supported
P0299,P0299_T9,P0299_T9_2,2,condition_replaced,Not Enough Evidence,Not Supported
P0299,P0299_T9,P0299_T9_3,3,condition_removed,Not Enough Evidence,Not Supported
P0299,P0299_T9,P0299_T9_4,4,supported,Supported,Not Supported
P0299,P0299_T9,P0299_T9_5,5,condition_contradicted,Not Supported,Not Supported
P0300,P0300_T1,P0300_T1_1,1,relation_contradicted,Not Supported,Not Supported
P0300,P0300_T1,P0300_T1_2,2,condition_replaced,Not Enough Evidence,Not Enough Evidence
P0300,P0300_T1,P0300_T1_3,3,condition_removed,Not Enough Evidence,Not Enough Evidence
P0300,P0300_T1,P0300_T1_4,4,supported,Supported,Supported
P0300,P0300_T1,P0300_T1_5,5,condition_contradicted,Not Supported,Not Supported
P0300,P0300_T2,P0300_T2_1,1,relation_contradicted,Not Supported,Not Supported
P0300,P0300_T2,P0300_T2_2,2,condition_replaced,Not Enough Evidence,Not Enough Evidence
P0300,P0300_T2,P0300_T2_3,3,condition_removed,Not Enough Evidence,Not Enough Evidence
P0300,P0300_T2,P0300_T2_4,4,supported,Supported,Supported
P0300,P0300_T2,P0300_T2_5,5,condition_contradicted,Not Supported,Not Supported
P0300,P0300_T3,P0300_T3_1,1,relation_contradicted,Not Supported,Not Supported
P0300,P0300_T3,P0300_T3_2,2,condition_replaced,Not Enough Evidence,Not Enough Evidence
P0300,P0300_T3,P0300_T3_3,3,condition_removed,Not Enough Evidence,Not Enough Evidence
P0300,P0300_T3,P0300_T3_4,4,supported,Supported,Supported
P0300,P0300_T3,P0300_T3_5,5,condition_contradicted,Not Supported,Not Supported
P0300,P0300_T4,P0300_T4_1,1,relation_contradicted,Not Supported,Not Supported
P0300,P0300_T4,P0300_T4_2,2,condition_replaced,Not Enough Evidence,Not Enough Evidence
P0300,P0300_T4,P0300_T4_3,3,condition_removed,Not Enough Evidence,Not Enough Evidence
P0300,P0300_T4,P0300_T4_4,4,supported,Supported,Supported
P0300,P0300_T4,P0300_T4_5,5,condition_contradicted,Not Supported,Not Supported
P0301,P0301_T1,P0301_T1_1,1,relation_contradicted,Not Supported,Not Supported
P0301,P0301_T1,P0301_T1_2,2,condition_replaced,Not Enough Evidence,Not Supported
P0301,P0301_T1,P0301_T1_3,3,condition_removed,Not Enough Evidence,Not Supported
P0301,P0301_T1,P0301_T1_4,4,supported,Supported,Not Supported
P0301,P0301_T1,P0301_T1_5,5,condition_contradicted,Not Supported,Not Supported
P0301,P0301_T2,P0301_T2_1,1,relation_contradicted,Not Supported,Not Supported
P0301,P0301_T2,P0301_T2_2,2,condition_replaced,Not Enough Evidence,Not Supported
P0301,P0301_T2,P0301_T2_3,3,condition_removed,Not Enough Evidence,Not Supported
P0301,P0301_T2,P0301_T2_4,4,supported,Supported,Not Supported
P0301,P0301_T2,P0301_T2_5,5,condition_contradicted,Not Supported,Not Supported
P0302,P0302_T1,P0302_T1_1,1,relation_contradicted,Not Supported,Not Supported
P0302,P0302_T1,P0302_T1_2,2,condition_replaced,Not Enough Evidence,Not Supported
P0302,P0302_T1,P0302_T1_3,3,condition_removed,Not Enough Evidence,Not Supported
P0302,P0302_T1,P0302_T1_4,4,supported,Supported,Not Supported
P0302,P0302_T1,P0302_T1_5,5,condition_contradicted,Not Supported,Not Supported
P0302,P0302_T2,P0302_T2_1,1,relation_contradicted,Not Supported,Not Supported
P0302,P0302_T2,P0302_T2_2,2,condition_replaced,Not Enough Evidence,Not Supported
P0302,P0302_T2,P0302_T2_3,3,condition_removed,Not Enough Evidence,Not Supported
P0302,P0302_T2,P0302_T2_4,4,supported,Supported,Not Supported
P0302,P0302_T2,P0302_T2_5,5,condition_contradicted,Not Supported,Not Supported
P0675,P0675_T1,P0675_T1_1,1,relation_contradicted,Not Supported,Not Supported
P0675,P0675_T1,P0675_T1_2,2,condition_replaced,Not Enough Evidence,Not Supported
P0675,P0675_T1,P0675_T1_3,3,condition_removed,Not Enough Evidence,Not Enough Evidence
P0675,P0675_T1,P0675_T1_4,4,supported,Supported,Not Supported
P0675,P0675_T1,P0675_T1_5,5,condition_contradicted,Not Supported,Not Supported
P0676,P0676_T1,P0676_T1_1,1,relation_contradicted,Not Supported,Not Supported
P0676,P0676_T1,P0676_T1_2,2,condition_replaced,Not Enough Evidence,Not Enough Evidence
P0676,P0676_T1,P0676_T1_3,3,condition_removed,Not Enough Evidence,Not Enough Evidence
P0676,P0676_T1,P0676_T1_4,4,supported,Supported,Supported
P0676,P0676_T1,P0676_T1_5,5,condition_contradicted,Not Supported,Not Supported
P0677,P0677_T1,P0677_T1_1,1,relation_contradicted,Not Supported,Not Supported
P0677,P0677_T1,P0677_T1_2,2,condition_replaced,Not Enough Evidence,Not Supported
P0677,P0677_T1,P0677_T1_3,3,condition_removed,Not Enough Evidence,Not Supported
P0677,P0677_T1,P0677_T1_4,4,supported,Supported,Not Supported
P0677,P0677_T1,P0677_T1_5,5,condition_contradicted,Not Supported,Not Supported
P0678,P0678_T1,P0678_T1_1,1,relation_contradicted,Not Supported,Not Supported
P0678,P0678_T1,P0678_T1_2,2,condition_replaced,Not Enough Evidence,Supported
P0678,P0678_T1,P0678_T1_3,3,condition_removed,Not Enough Evidence,Not Enough Evidence
P0678,P0678_T1,P0678_T1_4,4,supported,Supported,Supported
P0678,P0678_T1,P0678_T1_5,5,condition_contradicted,Not Supported,Not Supported
P0679,P0679_T1,P0679_T1_1,1,relation_contradicted,Not Supported,Not Supported
P0679,P0679_T1,P0679_T1_2,2,condition_replaced,Not Enough Evidence,Not Enough Evidence
P0679,P0679_T1,P0679_T1_3,3,condition_removed,Not Enough Evidence,Not Enough Evidence
P0679,P0679_T1,P0679_T1_4,4,supported,Supported,Supported
P0679,P0679_T1,P0679_T1_5,5,condition_contradicted,Not Supported,Not Supported
P0679,P0679_T2,P0679_T2_1,1,relation_contradicted,Not Supported,Not Supported
P0679,P0679_T2,P0679_T2_2,2,condition_replaced,Not Enough Evidence,Not Enough Evidence
P0679,P0679_T2,P0679_T2_3,3,condition_removed,Not Enough Evidence,Not Enough Evidence
P0679,P0679_T2,P0679_T2_4,4,supported,Supported,Supported
P0679,P0679_T2,P0679_T2_5,5,condition_contradicted,Not Supported,Not Supported
P0680,P0680_T1,P0680_T1_1,1,relation_contradicted,Not Supported,Not Supported
P0680,P0680_T1,P0680_T1_2,2,condition_replaced,Not Enough Evidence,Not Enough Evidence
P0680,P0680_T1,P0680_T1_3,3,condition_removed,Not Enough Evidence,Not Enough Evidence
P0680,P0680_T1,P0680_T1_4,4,supported,Supported,Supported
P0680,P0680_T1,P0680_T1_5,5,condition_contradicted,Not Supported,Not Supported
P0681,P0681_T1,P0681_T1_1,1,relation_contradicted,Not Supported,Not Supported
P0681,P0681_T1,P0681_T1_2,2,condition_replaced,Not Enough Evidence,Not Supported
P0681,P0681_T1,P0681_T1_3,3,condition_removed,Not Enough Evidence,Not Supported
P0681,P0681_T1,P0681_T1_4,4,supported,Supported,Not Supported
P0681,P0681_T1,P0681_T1_5,5,condition_contradicted,Not Supported,Not Supported
P0682,P0682_T1,P0682_T1_1,1,relation_contradicted,Not Supported,Not Supported
P0682,P0682_T1,P0682_T1_2,2,condition_replaced,Not Enough Evidence,Not Enough Evidence
P0682,P0682_T1,P0682_T1_3,3,condition_removed,Not Enough Evidence,Not Enough Evidence
P0682,P0682_T1,P0682_T1_4,4,supported,Supported,Supported
P0682,P0682_T1,P0682_T1_5,5,condition_contradicted,Not Supported,Not Supported
P0682,P0682_T2,P0682_T2_1,1,relation_contradicted,Not Supported,Not Supported
P0682,P0682_T2,P0682_T2_2,2,condition_replaced,Not Enough Evidence,Not Enough Evidence
P0682,P0682_T2,P0682_T2_3,3,condition_removed,Not Enough Evidence,Not Enough Evidence
P0682,P0682_T2,P0682_T2_4,4,supported,Supported,Supported
P0682,P0682_T2,P0682_T2_5,5,condition_contradicted,Not Supported,Not Supported
P0213,P0213_T2,P0213_T2_1,1,relation_contradicted,Not Supported,Not Supported
P0213,P0213_T2,P0213_T2_2,2,condition_replaced,Not Enough Evidence,Not Supported
P0213,P0213_T2,P0213_T2_3,3,condition_removed,Not Enough Evidence,Not Supported
P0213,P0213_T2,P0213_T2_4,4,supported,Supported,Not Supported
P0213,P0213_T2,P0213_T2_5,5,condition_contradicted,Not Supported,Not Supported
P0213,P0213_T3,P0213_T3_1,1,relation_contradicted,Not Supported,Not Supported
P0213,P0213_T3,P0213_T3_2,2,condition_replaced,Not Enough Evidence,Not Supported
P0213,P0213_T3,P0213_T3_3,3,condition_removed,Not Enough Evidence,Not Supported
P0213,P0213_T3,P0213_T3_4,4,supported,Supported,Not Supported
P0213,P0213_T3,P0213_T3_5,5,condition_contradicted,Not Supported,Not Supported
P0213,P0213_T4,P0213_T4_1,1,relation_contradicted,Not Supported,Not Supported
P0213,P0213_T4,P0213_T4_2,2,condition_replaced,Not Enough Evidence,Not Supported
P0213,P0213_T4,P0213_T4_3,3,condition_removed,Not Enough Evidence,Not Supported
P0213,P0213_T4,P0213_T4_4,4,supported,Supported,Not Supported
P0213,P0213_T4,P0213_T4_5,5,condition_contradicted,Not Supported,Not Supported
P0213,P0213_T5,P0213_T5_1,1,relation_contradicted,Not Supported,Not Supported
P0213,P0213_T5,P0213_T5_2,2,condition_replaced,Not Enough Evidence,Not Supported
P0213,P0213_T5,P0213_T5_3,3,condition_removed,Not Enough Evidence,Not Supported
P0213,P0213_T5,P0213_T5_4,4,supported,Supported,Not Supported
P0213,P0213_T5,P0213_T5_5,5,condition_contradicted,Not Supported,Not Supported
P0213,P0213_T6,P0213_T6_1,1,relation_contradicted,Not Supported,Not Supported
P0213,P0213_T6,P0213_T6_2,2,condition_replaced,Not Enough Evidence,Not Supported
P0213,P0213_T6,P0213_T6_3,3,condition_removed,Not Enough Evidence,Not Supported
P0213,P0213_T6,P0213_T6_4,4,supported,Supported,Not Supported
P0213,P0213_T6,P0213_T6_5,5,condition_contradicted,Not Supported,Not Supported
P0214,P0214_T1,P0214_T1_1,1,relation_contradicted,Not Supported,Not Supported
P0214,P0214_T1,P0214_T1_2,2,condition_replaced,Not Enough Evidence,Not Supported
P0214,P0214_T1,P0214_T1_3,3,condition_removed,Not Enough Evidence,Not Supported
P0214,P0214_T1,P0214_T1_4,4,supported,Supported,Not Supported
P0214,P0214_T1,P0214_T1_5,5,condition_contradicted,Not Supported,Not Supported
P0215,P0215_T1,P0215_T1_1,1,relation_contradicted,Not Supported,Not Supported
P0215,P0215_T1,P0215_T1_2,2,condition_replaced,Not Enough Evidence,Not Supported
P0215,P0215_T1,P0215_T1_3,3,condition_removed,Not Enough Evidence,Not Supported
P0215,P0215_T1,P0215_T1_4,4,supported,Supported,Not Supported
P0215,P0215_T1,P0215_T1_5,5,condition_contradicted,Not Supported,Not Supported
P0215,P0215_T2,P0215_T2_1,1,relation_contradicted,Not Supported,Not Supported
P0215,P0215_T2,P0215_T2_2,2,condition_replaced,Not Enough Evidence,Not Supported
P0215,P0215_T2,P0215_T2_3,3,condition_removed,Not Enough Evidence,Not Supported
P0215,P0215_T2,P0215_T2_4,4,supported,Supported,Not Supported
P0215,P0215_T2,P0215_T2_5,5,condition_contradicted,Not Supported,Not Supported
P0215,P0215_T3,P0215_T3_1,1,relation_contradicted,Not Supported,Not Supported
P0215,P0215_T3,P0215_T3_2,2,condition_replaced,Not Enough Evidence,Not Supported
P0215,P0215_T3,P0215_T3_3,3,condition_removed,Not Enough Evidence,Not Supported
P0215,P0215_T3,P0215_T3_4,4,supported,Supported,Not Supported
P0215,P0215_T3,P0215_T3_5,5,condition_contradicted,Not Supported,Not Supported
P0215,P0215_T4,P0215_T4_1,1,relation_contradicted,Not Supported,Not Supported
P0215,P0215_T4,P0215_T4_2,2,condition_replaced,Not Enough Evidence,Not Supported
P0215,P0215_T4,P0215_T4_3,3,condition_removed,Not Enough Evidence,Not Supported
P0215,P0215_T4,P0215_T4_4,4,supported,Supported,Not Supported
P0215,P0215_T4,P0215_T4_5,5,condition_contradicted,Not Supported,Not Supported
P0460,P0460_T1,P0460_T1_1,1,relation_contradicted,Not Supported,Not Supported
P0460,P0460_T1,P0460_T1_2,2,condition_replaced,Not Enough Evidence,Not Supported
P0460,P0460_T1,P0460_T1_3,3,condition_removed,Not Enough Evidence,Not Supported
P0460,P0460_T1,P0460_T1_4,4,supported,Supported,Not Supported
P0460,P0460_T1,P0460_T1_5,5,condition_contradicted,Not Supported,Not Supported
P0461,P0461_T1,P0461_T1_1,1,relation_contradicted,Not Supported,Not Supported
P0461,P0461_T1,P0461_T1_2,2,condition_replaced,Not Enough Evidence,Not Enough Evidence
P0461,P0461_T1,P0461_T1_3,3,condition_removed,Not Enough Evidence,Not Enough Evidence
P0461,P0461_T1,P0461_T1_4,4,supported,Supported,Supported
P0461,P0461_T1,P0461_T1_5,5,condition_contradicted,Not Supported,Not Supported
P0462,P0462_T1,P0462_T1_1,1,relation_contradicted,Not Supported,Not Supported
P0462,P0462_T1,P0462_T1_2,2,condition_replaced,Not Enough Evidence,Not Supported
P0462,P0462_T1,P0462_T1_3,3,condition_removed,Not Enough Evidence,Not Supported
P0462,P0462_T1,P0462_T1_4,4,supported,Supported,Not Supported
P0462,P0462_T1,P0462_T1_5,5,condition_contradicted,Not Supported,Not Supported
P0463,P0463_T1,P0463_T1_1,1,relation_contradicted,Not Supported,Not Supported
P0463,P0463_T1,P0463_T1_2,2,condition_replaced,Not Enough Evidence,Not Enough Evidence
P0463,P0463_T1,P0463_T1_3,3,condition_removed,Not Enough Evidence,Not Enough Evidence
P0463,P0463_T1,P0463_T1_4,4,supported,Supported,Not Supported
P0463,P0463_T1,P0463_T1_5,5,condition_contradicted,Not Supported,Not Supported
P0463,P0463_T2,P0463_T2_1,1,relation_contradicted,Not Supported,Not Supported
P0463,P0463_T2,P0463_T2_2,2,condition_replaced,Not Enough Evidence,Not Enough Evidence
P0463,P0463_T2,P0463_T2_3,3,condition_removed,Not Enough Evidence,Not Enough Evidence
P0463,P0463_T2,P0463_T2_4,4,supported,Supported,Not Supported
P0463,P0463_T2,P0463_T2_5,5,condition_contradicted,Not Supported,Not Supported
P0464,P0464_T1,P0464_T1_1,1,relation_contradicted,Not Supported,Not Supported
P0464,P0464_T1,P0464_T1_2,2,condition_replaced,Not Enough Evidence,Not Enough Evidence
P0464,P0464_T1,P0464_T1_3,3,condition_removed,Not Enough Evidence,Not Enough Evidence
P0464,P0464_T1,P0464_T1_4,4,supported,Supported,Supported
P0464,P0464_T1,P0464_T1_5,5,condition_contradicted,Not Supported,Not Supported
P0464,P0464_T2,P0464_T2_1,1,relation_contradicted,Not Supported,Not Supported
P0464,P0464_T2,P0464_T2_2,2,condition_replaced,Not Enough Evidence,Not Enough Evidence
P0464,P0464_T2,P0464_T2_3,3,condition_removed,Not Enough Evidence,Not Enough Evidence
P0464,P0464_T2,P0464_T2_4,4,supported,Supported,Supported
P0464,P0464_T2,P0464_T2_5,5,condition_contradicted,Not Supported,Not Supported
P0104,P0104_T1,P0104_T1_1,1,relation_contradicted,Not Supported,Not Supported
P0104,P0104_T1,P0104_T1_2,2,condition_replaced,Not Enough Evidence,Not Supported
P0104,P0104_T1,P0104_T1_3,3,condition_removed,Not Enough Evidence,Not Supported
P0104,P0104_T1,P0104_T1_4,4,supported,Supported,Not Supported
P0104,P0104_T1,P0104_T1_5,5,condition_contradicted,Not Supported,Not Supported
P0104,P0104_T2,P0104_T2_1,1,relation_contradicted,Not Supported,Not Supported
P0104,P0104_T2,P0104_T2_2,2,condition_replaced,Not Enough Evidence,Not Supported
P0104,P0104_T2,P0104_T2_3,3,condition_removed,Not Enough Evidence,Not Supported
P0104,P0104_T2,P0104_T2_4,4,supported,Supported,Not Supported
P0104,P0104_T2,P0104_T2_5,5,condition_contradicted,Not Supported,Not Supported
P0104,P0104_T3,P0104_T3_1,1,relation_contradicted,Not Supported,Not Supported
P0104,P0104_T3,P0104_T3_2,2,condition_replaced,Not Enough Evidence,Not Supported
P0104,P0104_T3,P0104_T3_3,3,condition_removed,Not Enough Evidence,Not Supported
P0104,P0104_T3,P0104_T3_4,4,supported,Supported,Not Supported
P0104,P0104_T3,P0104_T3_5,5,condition_contradicted,Not Supported,Not Supported
P0104,P0104_T4,P0104_T4_1,1,relation_contradicted,Not Supported,Not Supported
P0104,P0104_T4,P0104_T4_2,2,condition_replaced,Not Enough Evidence,Not Supported
P0104,P0104_T4,P0104_T4_3,3,condition_removed,Not Enough Evidence,Not Supported
P0104,P0104_T4,P0104_T4_4,4,supported,Supported,Not Supported
P0104,P0104_T4,P0104_T4_5,5,condition_contradicted,Not Supported,Not Supported
P0105,P0105_T1,P0105_T1_1,1,relation_contradicted,Not Supported,Not Supported
P0105,P0105_T1,P0105_T1_2,2,condition_replaced,Not Enough Evidence,Not Enough Evidence
P0105,P0105_T1,P0105_T1_3,3,condition_removed,Not Enough Evidence,Not Enough Evidence
P0105,P0105_T1,P0105_T1_4,4,supported,Supported,Supported
P0105,P0105_T1,P0105_T1_5,5,condition_contradicted,Not Supported,Not Supported
P0105,P0105_T2,P0105_T2_1,1,relation_contradicted,Not Supported,Not Supported
P0105,P0105_T2,P0105_T2_2,2,condition_replaced,Not Enough Evidence,Not Enough Evidence
P0105,P0105_T2,P0105_T2_3,3,condition_removed,Not Enough Evidence,Not Enough Evidence
P0105,P0105_T2,P0105_T2_4,4,supported,Supported,Supported
P0105,P0105_T2,P0105_T2_5,5,condition_contradicted,Not Supported,Not Supported
P0106,P0106_T1,P0106_T1_1,1,relation_contradicted,Not Supported,Not Supported
P0106,P0106_T1,P0106_T1_2,2,condition_replaced,Not Enough Evidence,Not Enough Evidence
P0106,P0106_T1,P0106_T1_3,3,condition_removed,Not Enough Evidence,Not Enough Evidence
P0106,P0106_T1,P0106_T1_4,4,supported,Supported,Supported
P0106,P0106_T1,P0106_T1_5,5,condition_contradicted,Not Supported,Not Supported
P0106,P0106_T2,P0106_T2_1,1,relation_contradicted,Not Supported,Not Supported
P0106,P0106_T2,P0106_T2_2,2,condition_replaced,Not Enough Evidence,Not Enough Evidence
P0106,P0106_T2,P0106_T2_3,3,condition_removed,Not Enough Evidence,Not Enough Evidence
P0106,P0106_T2,P0106_T2_4,4,supported,Supported,Not Supported
P0106,P0106_T2,P0106_T2_5,5,condition_contradicted,Not Supported,Not Supported
P0107,P0107_T1,P0107_T1_1,1,relation_contradicted,Not Supported,Not Supported
P0107,P0107_T1,P0107_T1_2,2,condition_replaced,Not Enough Evidence,Not Supported
P0107,P0107_T1,P0107_T1_3,3,condition_removed,Not Enough Evidence,Not Supported
P0107,P0107_T1,P0107_T1_4,4,supported,Supported,Not Supported
P0107,P0107_T1,P0107_T1_5,5,condition_contradicted,Not Supported,Not Supported
P0107,P0107_T2,P0107_T2_1,1,relation_contradicted,Not Supported,Not Supported
P0107,P0107_T2,P0107_T2_2,2,condition_replaced,Not Enough Evidence,Not Supported
P0107,P0107_T2,P0107_T2_3,3,condition_removed,Not Enough Evidence,Not Supported
P0107,P0107_T2,P0107_T2_4,4,supported,Supported,Not Supported
P0107,P0107_T2,P0107_T2_5,5,condition_contradicted,Not Supported,Not Supported
P0682,P0682_T3,P0682_T3_1,1,relation_contradicted,Not Supported,Not Supported
P0682,P0682_T3,P0682_T3_2,2,condition_replaced,Not Enough Evidence,Not Enough Evidence
P0682,P0682_T3,P0682_T3_3,3,condition_removed,Not Enough Evidence,Not Enough Evidence
P0682,P0682_T3,P0682_T3_4,4,supported,Supported,Supported
P0682,P0682_T3,P0682_T3_5,5,condition_contradicted,Not Supported,Not Supported
P0682,P0682_T4,P0682_T4_1,1,relation_contradicted,Not Supported,Not Supported
P0682,P0682_T4,P0682_T4_2,2,condition_replaced,Not Enough Evidence,Not Enough Evidence
P0682,P0682_T4,P0682_T4_3,3,condition_removed,Not Enough Evidence,Not Enough Evidence
P0682,P0682_T4,P0682_T4_4,4,supported,Supported,Supported
P0682,P0682_T4,P0682_T4_5,5,condition_contradicted,Not Supported,Not Supported
P0683,P0683_T1,P0683_T1_1,1,relation_contradicted,Not Supported,Not Supported
P0683,P0683_T1,P0683_T1_2,2,condition_replaced,Not Enough Evidence,Not Supported
P0683,P0683_T1,P0683_T1_3,3,condition_removed,Not Enough Evidence,Not Supported
P0683,P0683_T1,P0683_T1_4,4,supported,Supported,Not Supported
P0683,P0683_T1,P0683_T1_5,5,condition_contradicted,Not Supported,Not Supported
P0683,P0683_T2,P0683_T2_1,1,relation_contradicted,Not Supported,Not Supported
P0683,P0683_T2,P0683_T2_2,2,condition_replaced,Not Enough Evidence,Not Supported
P0683,P0683_T2,P0683_T2_3,3,condition_removed,Not Enough Evidence,Not Supported
P0683,P0683_T2,P0683_T2_4,4,supported,Supported,Not Supported
P0683,P0683_T2,P0683_T2_5,5,condition_contradicted,Not Supported,Not Supported
P0684,P0684_T1,P0684_T1_1,1,relation_contradicted,Not Supported,Not Supported
P0684,P0684_T1,P0684_T1_2,2,condition_replaced,Not Enough Evidence,Not Enough Evidence
P0684,P0684_T1,P0684_T1_3,3,condition_removed,Not Enough Evidence,Not Enough Evidence
P0684,P0684_T1,P0684_T1_4,4,supported,Supported,Supported
P0684,P0684_T1,P0684_T1_5,5,condition_contradicted,Not Supported,Not Supported
P0685,P0685_T1,P0685_T1_1,1,relation_contradicted,Not Supported,Not Supported
P0685,P0685_T1,P0685_T1_2,2,condition_replaced,Not Enough Evidence,Not Enough Evidence
P0685,P0685_T1,P0685_T1_3,3,condition_removed,Not Enough Evidence,Not Enough Evidence
P0685,P0685_T1,P0685_T1_4,4,supported,Supported,Not Supported
P0685,P0685_T1,P0685_T1_5,5,condition_contradicted,Not Supported,Not Supported
P0685,P0685_T2,P0685_T2_1,1,relation_contradicted,Not Supported,Not Supported
P0685,P0685_T2,P0685_T2_2,2,condition_replaced,Not Enough Evidence,Not Enough Evidence
P0685,P0685_T2,P0685_T2_3,3,condition_removed,Not Enough Evidence,Not Enough Evidence
P0685,P0685_T2,P0685_T2_4,4,supported,Supported,Supported
P0685,P0685_T2,P0685_T2_5,5,condition_contradicted,Not Supported,Not Supported
P0686,P0686_T1,P0686_T1_1,1,relation_contradicted,Not Supported,Not Supported
P0686,P0686_T1,P0686_T1_2,2,condition_replaced,Not Enough Evidence,Not Enough Evidence
P0686,P0686_T1,P0686_T1_3,3,condition_removed,Not Enough Evidence,Not Enough Evidence
P0686,P0686_T1,P0686_T1_4,4,supported,Supported,Supported
P0686,P0686_T1,P0686_T1_5,5,condition_contradicted,Not Supported,Not Supported
P0687,P0687_T1,P0687_T1_1,1,relation_contradicted,Not Supported,Not Supported
P0687,P0687_T1,P0687_T1_2,2,condition_replaced,Not Enough Evidence,Not Supported
P0687,P0687_T1,P0687_T1_3,3,condition_removed,Not Enough Evidence,Not Supported
P0687,P0687_T1,P0687_T1_4,4,supported,Supported,Not Supported
P0687,P0687_T1,P0687_T1_5,5,condition_contradicted,Not Supported,Not Supported
P0687,P0687_T2,P0687_T2_1,1,relation_contradicted,Not Supported,Not Supported
P0687,P0687_T2,P0687_T2_2,2,condition_replaced,Not Enough Evidence,Not Supported
P0687,P0687_T2,P0687_T2_3,3,condition_removed,Not Enough Evidence,Not Supported
P0687,P0687_T2,P0687_T2_4,4,supported,Supported,Not Supported
P0687,P0687_T2,P0687_T2_5,5,condition_contradicted,Not Supported,Not Supported
P0215,P0215_T5,P0215_T5_1,1,relation_contradicted,Not Supported,Not Supported
P0215,P0215_T5,P0215_T5_2,2,condition_replaced,Not Enough Evidence,Not Supported
P0215,P0215_T5,P0215_T5_3,3,condition_removed,Not Enough Evidence,Not Supported
P0215,P0215_T5,P0215_T5_4,4,supported,Supported,Not Supported
P0215,P0215_T5,P0215_T5_5,5,condition_contradicted,Not Supported,Not Supported
P0215,P0215_T6,P0215_T6_1,1,relation_contradicted,Not Supported,Not Supported
P0215,P0215_T6,P0215_T6_2,2,condition_replaced,Not Enough Evidence,Not Supported
P0215,P0215_T6,P0215_T6_3,3,condition_removed,Not Enough Evidence,Not Supported
P0215,P0215_T6,P0215_T6_4,4,supported,Supported,Not Supported
P0215,P0215_T6,P0215_T6_5,5,condition_contradicted,Not Supported,Not Supported
P0215,P0215_T7,P0215_T7_1,1,relation_contradicted,Not Supported,Not Supported
P0215,P0215_T7,P0215_T7_2,2,condition_replaced,Not Enough Evidence,Not Supported
P0215,P0215_T7,P0215_T7_3,3,condition_removed,Not Enough Evidence,Not Supported
P0215,P0215_T7,P0215_T7_4,4,supported,Supported,Not Supported
P0215,P0215_T7,P0215_T7_5,5,condition_contradicted,Not Supported,Not Supported
P0215,P0215_T8,P0215_T8_1,1,relation_contradicted,Not Supported,Not Supported
P0215,P0215_T8,P0215_T8_2,2,condition_replaced,Not Enough Evidence,Not Supported
P0215,P0215_T8,P0215_T8_3,3,condition_removed,Not Enough Evidence,Not Supported
P0215,P0215_T8,P0215_T8_4,4,supported,Supported,Not Supported
P0215,P0215_T8,P0215_T8_5,5,condition_contradicted,Not Supported,Not Supported
P0216,P0216_T1,P0216_T1_1,1,relation_contradicted,Not Supported,Not Supported
P0216,P0216_T1,P0216_T1_2,2,condition_replaced,Not Enough Evidence,Not Supported
P0216,P0216_T1,P0216_T1_3,3,condition_removed,Not Enough Evidence,Not Supported
P0216,P0216_T1,P0216_T1_4,4,supported,Supported,Not Supported
P0216,P0216_T1,P0216_T1_5,5,condition_contradicted,Not Supported,Not Supported
P0216,P0216_T2,P0216_T2_1,1,relation_contradicted,Not Supported,Not Supported
P0216,P0216_T2,P0216_T2_2,2,condition_replaced,Not Enough Evidence,Not Supported
P0216,P0216_T2,P0216_T2_3,3,condition_removed,Not Enough Evidence,Not Supported
P0216,P0216_T2,P0216_T2_4,4,supported,Supported,Not Supported
P0216,P0216_T2,P0216_T2_5,5,condition_contradicted,Not Supported,Not Supported
P0216,P0216_T3,P0216_T3_1,1,relation_contradicted,Not Supported,Not Supported
P0216,P0216_T3,P0216_T3_2,2,condition_replaced,Not Enough Evidence,Not Supported
P0216,P0216_T3,P0216_T3_3,3,condition_removed,Not Enough Evidence,Not Supported
P0216,P0216_T3,P0216_T3_4,4,supported,Supported,Not Supported
P0216,P0216_T3,P0216_T3_5,5,condition_contradicted,Not Supported,Not Supported
P0217,P0217_T1,P0217_T1_1,1,relation_contradicted,Not Supported,Not Supported
P0217,P0217_T1,P0217_T1_2,2,condition_replaced,Not Enough Evidence,Not Enough Evidence
P0217,P0217_T1,P0217_T1_3,3,condition_removed,Not Enough Evidence,Not Enough Evidence
P0217,P0217_T1,P0217_T1_4,4,supported,Supported,Supported
P0217,P0217_T1,P0217_T1_5,5,condition_contradicted,Not Supported,Not Supported
P0217,P0217_T2,P0217_T2_1,1,relation_contradicted,Not Supported,Not Supported
P0217,P0217_T2,P0217_T2_2,2,condition_replaced,Not Enough Evidence,Not Enough Evidence
P0217,P0217_T2,P0217_T2_3,3,condition_removed,Not Enough Evidence,Not Enough Evidence
P0217,P0217_T2,P0217_T2_4,4,supported,Supported,Supported
P0217,P0217_T2,P0217_T2_5,5,condition_contradicted,Not Supported,Not Supported
P0218,P0218_T1,P0218_T1_1,1,relation_contradicted,Not Supported,Not Supported
P0218,P0218_T1,P0218_T1_2,2,condition_replaced,Not Enough Evidence,Not Enough Evidence
P0218,P0218_T1,P0218_T1_3,3,condition_removed,Not Enough Evidence,Not Enough Evidence
P0218,P0218_T1,P0218_T1_4,4,supported,Supported,Supported
P0218,P0218_T1,P0218_T1_5,5,condition_contradicted,Not Supported,Not Supported
P0464,P0464_T3,P0464_T3_1,1,relation_contradicted,Not Supported,Supported
P0464,P0464_T3,P0464_T3_2,2,condition_replaced,Not Enough Evidence,Not Supported
P0464,P0464_T3,P0464_T3_3,3,condition_removed,Not Enough Evidence,Not Enough Evidence
P0464,P0464_T3,P0464_T3_4,4,supported,Supported,Supported
P0464,P0464_T3,P0464_T3_5,5,condition_contradicted,Not Supported,Not Supported
P0465,P0465_T1,P0465_T1_1,1,relation_contradicted,Not Supported,Not Supported
P0465,P0465_T1,P0465_T1_2,2,condition_replaced,Not Enough Evidence,Not Supported
P0465,P0465_T1,P0465_T1_3,3,condition_removed,Not Enough Evidence,Not Supported
P0465,P0465_T1,P0465_T1_4,4,supported,Supported,Not Supported
P0465,P0465_T1,P0465_T1_5,5,condition_contradicted,Not Supported,Not Supported
P0466,P0466_T1,P0466_T1_1,1,relation_contradicted,Not Supported,Not Supported
P0466,P0466_T1,P0466_T1_2,2,condition_replaced,Not Enough Evidence,Not Enough Evidence
P0466,P0466_T1,P0466_T1_3,3,condition_removed,Not Enough Evidence,Not Enough Evidence
P0466,P0466_T1,P0466_T1_4,4,supported,Supported,Not Supported
P0466,P0466_T1,P0466_T1_5,5,condition_contradicted,Not Supported,Not Supported
P0466,P0466_T2,P0466_T2_1,1,relation_contradicted,Not Supported,Not Supported
P0466,P0466_T2,P0466_T2_2,2,condition_replaced,Not Enough Evidence,Not Enough Evidence
P0466,P0466_T2,P0466_T2_3,3,condition_removed,Not Enough Evidence,Not Enough Evidence
P0466,P0466_T2,P0466_T2_4,4,supported,Supported,Supported
P0466,P0466_T2,P0466_T2_5,5,condition_contradicted,Not Supported,Not Supported
P0467,P0467_T1,P0467_T1_1,1,relation_contradicted,Not Supported,Not Supported
P0467,P0467_T1,P0467_T1_2,2,condition_replaced,Not Enough Evidence,Not Enough Evidence
P0467,P0467_T1,P0467_T1_3,3,condition_removed,Not Enough Evidence,Not Enough Evidence
P0467,P0467_T1,P0467_T1_4,4,supported,Supported,Supported
P0467,P0467_T1,P0467_T1_5,5,condition_contradicted,Not Supported,Not Supported
P0467,P0467_T2,P0467_T2_1,1,relation_contradicted,Not Supported,Not Supported
P0467,P0467_T2,P0467_T2_2,2,condition_replaced,Not Enough Evidence,Not Enough Evidence
P0467,P0467_T2,P0467_T2_3,3,condition_removed,Not Enough Evidence,Not Enough Evidence
P0467,P0467_T2,P0467_T2_4,4,supported,Supported,Not Supported
P0467,P0467_T2,P0467_T2_5,5,condition_contradicted,Not Supported,Not Supported
P0468,P0468_T3,P0468_T3_1,1,relation_contradicted,Not Supported,Not Supported
P0468,P0468_T3,P0468_T3_2,2,condition_replaced,Not Enough Evidence,Not Supported
P0468,P0468_T3,P0468_T3_3,3,condition_removed,Not Enough Evidence,Not Supported
P0468,P0468_T3,P0468_T3_4,4,supported,Supported,Not Supported
P0468,P0468_T3,P0468_T3_5,5,condition_contradicted,Not Supported,Not Supported
P0108,P0108_T1,P0108_T1_1,1,relation_contradicted,Not Supported,Not Supported
P0108,P0108_T1,P0108_T1_2,2,condition_replaced,Not Enough Evidence,Not Enough Evidence
P0108,P0108_T1,P0108_T1_3,3,condition_removed,Not Enough Evidence,Not Enough Evidence
P0108,P0108_T1,P0108_T1_4,4,supported,Supported,Supported
P0108,P0108_T1,P0108_T1_5,5,condition_contradicted,Not Supported,Not Supported
P0108,P0108_T2,P0108_T2_1,1,relation_contradicted,Not Supported,Not Supported
P0108,P0108_T2,P0108_T2_2,2,condition_replaced,Not Enough Evidence,Not Enough Evidence
P0108,P0108_T2,P0108_T2_3,3,condition_removed,Not Enough Evidence,Not Enough Evidence
P0108,P0108_T2,P0108_T2_4,4,supported,Supported,Not Supported
P0108,P0108_T2,P0108_T2_5,5,condition_contradicted,Not Supported,Not Supported
P0108,P0108_T3,P0108_T3_1,1,relation_contradicted,Not Supported,Not Supported
P0108,P0108_T3,P0108_T3_2,2,condition_replaced,Not Enough Evidence,Not Enough Evidence
P0108,P0108_T3,P0108_T3_3,3,condition_removed,Not Enough Evidence,Not Enough Evidence
P0108,P0108_T3,P0108_T3_4,4,supported,Supported,Supported
P0108,P0108_T3,P0108_T3_5,5,condition_contradicted,Not Supported,Not Supported
P0109,P0109_T1,P0109_T1_1,1,relation_contradicted,Not Supported,Not Supported
P0109,P0109_T1,P0109_T1_2,2,condition_replaced,Not Enough Evidence,Not Supported
P0109,P0109_T1,P0109_T1_3,3,condition_removed,Not Enough Evidence,Not Supported
P0109,P0109_T1,P0109_T1_4,4,supported,Supported,Not Supported
P0109,P0109_T1,P0109_T1_5,5,condition_contradicted,Not Supported,Not Supported
P0109,P0109_T2,P0109_T2_1,1,relation_contradicted,Not Supported,Not Supported
P0109,P0109_T2,P0109_T2_2,2,condition_replaced,Not Enough Evidence,Not Supported
P0109,P0109_T2,P0109_T2_3,3,condition_removed,Not Enough Evidence,Not Supported
P0109,P0109_T2,P0109_T2_4,4,supported,Supported,Not Supported
P0109,P0109_T2,P0109_T2_5,5,condition_contradicted,Not Supported,Not Supported
P0109,P0109_T3,P0109_T3_1,1,relation_contradicted,Not Supported,Not Supported
P0109,P0109_T3,P0109_T3_2,2,condition_replaced,Not Enough Evidence,Not Supported
P0109,P0109_T3,P0109_T3_3,3,condition_removed,Not Enough Evidence,Not Supported
P0109,P0109_T3,P0109_T3_4,4,supported,Supported,Not Supported
P0109,P0109_T3,P0109_T3_5,5,condition_contradicted,Not Supported,Not Supported
P0109,P0109_T4,P0109_T4_1,1,relation_contradicted,Not Supported,Not Supported
P0109,P0109_T4,P0109_T4_2,2,condition_replaced,Not Enough Evidence,Not Supported
P0109,P0109_T4,P0109_T4_3,3,condition_removed,Not Enough Evidence,Not Supported
P0109,P0109_T4,P0109_T4_4,4,supported,Supported,Not Supported
P0109,P0109_T4,P0109_T4_5,5,condition_contradicted,Not Supported,Not Supported
P0109,P0109_T5,P0109_T5_1,1,relation_contradicted,Not Supported,Not Supported
P0109,P0109_T5,P0109_T5_2,2,condition_replaced,Not Enough Evidence,Not Supported
P0109,P0109_T5,P0109_T5_3,3,condition_removed,Not Enough Evidence,Not Supported
P0109,P0109_T5,P0109_T5_4,4,supported,Supported,Not Supported
P0109,P0109_T5,P0109_T5_5,5,condition_contradicted,Not Supported,Not Supported
P0109,P0109_T6,P0109_T6_1,1,relation_contradicted,Not Supported,Not Supported
P0109,P0109_T6,P0109_T6_2,2,condition_replaced,Not Enough Evidence,Not Supported
P0109,P0109_T6,P0109_T6_3,3,condition_removed,Not Enough Evidence,Not Supported
P0109,P0109_T6,P0109_T6_4,4,supported,Supported,Not Supported
P0109,P0109_T6,P0109_T6_5,5,condition_contradicted,Not Supported,Not Supported
P0110,P0110_T1,P0110_T1_1,1,relation_contradicted,Not Supported,Not Supported
P0110,P0110_T1,P0110_T1_2,2,condition_replaced,Not Enough Evidence,Not Enough Evidence
P0110,P0110_T1,P0110_T1_3,3,condition_removed,Not Enough Evidence,Not Enough Evidence
P0110,P0110_T1,P0110_T1_4,4,supported,Supported,Not Supported
P0110,P0110_T1,P0110_T1_5,5,condition_contradicted,Not Supported,Not Supported
P0304,P0304_T3,P0304_T3_1,1,relation_contradicted,Not Supported,Not Supported
P0304,P0304_T3,P0304_T3_2,2,condition_replaced,Not Enough Evidence,Not Supported
P0304,P0304_T3,P0304_T3_3,3,condition_removed,Not Enough Evidence,Not Supported
P0304,P0304_T3,P0304_T3_4,4,supported,Supported,Not Supported
P0304,P0304_T3,P0304_T3_5,5,condition_contradicted,Not Supported,Not Supported
P0304,P0304_T4,P0304_T4_1,1,relation_contradicted,Not Supported,Not Supported
P0304,P0304_T4,P0304_T4_2,2,condition_replaced,Not Enough Evidence,Not Supported
P0304,P0304_T4,P0304_T4_3,3,condition_removed,Not Enough Evidence,Not Supported
P0304,P0304_T4,P0304_T4_4,4,supported,Supported,Not Supported
P0304,P0304_T4,P0304_T4_5,5,condition_contradicted,Not Supported,Not Supported
P0304,P0304_T5,P0304_T5_1,1,relation_contradicted,Not Supported,Not Supported
P0304,P0304_T5,P0304_T5_2,2,condition_replaced,Not Enough Evidence,Not Supported
P0304,P0304_T5,P0304_T5_3,3,condition_removed,Not Enough Evidence,Not Supported
P0304,P0304_T5,P0304_T5_4,4,supported,Supported,Not Supported
P0304,P0304_T5,P0304_T5_5,5,condition_contradicted,Not Supported,Not Supported
P0304,P0304_T6,P0304_T6_1,1,relation_contradicted,Not Supported,Not Supported
P0304,P0304_T6,P0304_T6_2,2,condition_replaced,Not Enough Evidence,Not Supported
P0304,P0304_T6,P0304_T6_3,3,condition_removed,Not Enough Evidence,Not Supported
P0304,P0304_T6,P0304_T6_4,4,supported,Supported,Not Supported
P0304,P0304_T6,P0304_T6_5,5,condition_contradicted,Not Supported,Not Supported
P0304,P0304_T7,P0304_T7_1,1,relation_contradicted,Not Supported,Not Supported
P0304,P0304_T7,P0304_T7_2,2,condition_replaced,Not Enough Evidence,Not Supported
P0304,P0304_T7,P0304_T7_3,3,condition_removed,Not Enough Evidence,Not Supported
P0304,P0304_T7,P0304_T7_4,4,supported,Supported,Not Supported
P0304,P0304_T7,P0304_T7_5,5,condition_contradicted,Not Supported,Not Supported
P0304,P0304_T8,P0304_T8_1,1,relation_contradicted,Not Supported,Not Supported
P0304,P0304_T8,P0304_T8_2,2,condition_replaced,Not Enough Evidence,Not Supported
P0304,P0304_T8,P0304_T8_3,3,condition_removed,Not Enough Evidence,Not Supported
P0304,P0304_T8,P0304_T8_4,4,supported,Supported,Not Supported
P0304,P0304_T8,P0304_T8_5,5,condition_contradicted,Not Supported,Not Supported
P0304,P0304_T9,P0304_T9_1,1,relation_contradicted,Not Supported,Not Supported
P0304,P0304_T9,P0304_T9_2,2,condition_replaced,Not Enough Evidence,Not Supported
P0304,P0304_T9,P0304_T9_3,3,condition_removed,Not Enough Evidence,Not Supported
P0304,P0304_T9,P0304_T9_4,4,supported,Supported,Not Supported
P0304,P0304_T9,P0304_T9_5,5,condition_contradicted,Not Supported,Not Supported
P0304,P0304_T10,P0304_T10_1,1,relation_contradicted,Not Supported,Not Supported
P0304,P0304_T10,P0304_T10_2,2,condition_replaced,Not Enough Evidence,Not Supported
P0304,P0304_T10,P0304_T10_3,3,condition_removed,Not Enough Evidence,Not Supported
P0304,P0304_T10,P0304_T10_4,4,supported,Supported,Not Supported
P0304,P0304_T10,P0304_T10_5,5,condition_contradicted,Not Supported,Not Supported
P0304,P0304_T11,P0304_T11_1,1,relation_contradicted,Not Supported,Not Supported
P0304,P0304_T11,P0304_T11_2,2,condition_replaced,Not Enough Evidence,Not Supported
P0304,P0304_T11,P0304_T11_3,3,condition_removed,Not Enough Evidence,Not Supported
P0304,P0304_T11,P0304_T11_4,4,supported,Supported,Not Supported
P0304,P0304_T11,P0304_T11_5,5,condition_contradicted,Not Supported,Not Supported
P0305,P0305_T1,P0305_T1_1,1,relation_contradicted,Not Supported,Not Supported
P0305,P0305_T1,P0305_T1_2,2,condition_replaced,Not Enough Evidence,Not Supported
P0305,P0305_T1,P0305_T1_3,3,condition_removed,Not Enough Evidence,Not Supported
P0305,P0305_T1,P0305_T1_4,4,supported,Supported,Not Supported
P0305,P0305_T1,P0305_T1_5,5,condition_contradicted,Not Supported,Not Supported
P0302,P0302_T3,P0302_T3_1,1,relation_contradicted,Not Supported,Not Supported
P0302,P0302_T3,P0302_T3_2,2,condition_replaced,Not Enough Evidence,Not Supported
P0302,P0302_T3,P0302_T3_3,3,condition_removed,Not Enough Evidence,Not Supported
P0302,P0302_T3,P0302_T3_4,4,supported,Supported,Not Supported
P0302,P0302_T3,P0302_T3_5,5,condition_contradicted,Not Supported,Not Supported
P0302,P0302_T4,P0302_T4_1,1,relation_contradicted,Not Supported,Not Supported
P0302,P0302_T4,P0302_T4_2,2,condition_replaced,Not Enough Evidence,Not Supported
P0302,P0302_T4,P0302_T4_3,3,condition_removed,Not Enough Evidence,Not Supported
P0302,P0302_T4,P0302_T4_4,4,supported,Supported,Not Supported
P0302,P0302_T4,P0302_T4_5,5,condition_contradicted,Not Supported,Not Supported
P0302,P0302_T5,P0302_T5_1,1,relation_contradicted,Not Supported,Not Supported
P0302,P0302_T5,P0302_T5_2,2,condition_replaced,Not Enough Evidence,Not Supported
P0302,P0302_T5,P0302_T5_3,3,condition_removed,Not Enough Evidence,Not Supported
P0302,P0302_T5,P0302_T5_4,4,supported,Supported,Not Supported
P0302,P0302_T5,P0302_T5_5,5,condition_contradicted,Not Supported,Not Supported
P0302,P0302_T6,P0302_T6_1,1,relation_contradicted,Not Supported,Not Supported
P0302,P0302_T6,P0302_T6_2,2,condition_replaced,Not Enough Evidence,Not Supported
P0302,P0302_T6,P0302_T6_3,3,condition_removed,Not Enough Evidence,Not Supported
P0302,P0302_T6,P0302_T6_4,4,supported,Supported,Not Supported
P0302,P0302_T6,P0302_T6_5,5,condition_contradicted,Not Supported,Not Supported
P0302,P0302_T7,P0302_T7_1,1,relation_contradicted,Not Supported,Not Supported
P0302,P0302_T7,P0302_T7_2,2,condition_replaced,Not Enough Evidence,Not Supported
P0302,P0302_T7,P0302_T7_3,3,condition_removed,Not Enough Evidence,Not Supported
P0302,P0302_T7,P0302_T7_4,4,supported,Supported,Not Supported
P0302,P0302_T7,P0302_T7_5,5,condition_contradicted,Not Supported,Not Supported
P0302,P0302_T8,P0302_T8_1,1,relation_contradicted,Not Supported,Not Supported
P0302,P0302_T8,P0302_T8_2,2,condition_replaced,Not Enough Evidence,Not Supported
P0302,P0302_T8,P0302_T8_3,3,condition_removed,Not Enough Evidence,Not Supported
P0302,P0302_T8,P0302_T8_4,4,supported,Supported,Not Supported
P0302,P0302_T8,P0302_T8_5,5,condition_contradicted,Not Supported,Not Supported
P0302,P0302_T9,P0302_T9_1,1,relation_contradicted,Not Supported,Not Supported
P0302,P0302_T9,P0302_T9_2,2,condition_replaced,Not Enough Evidence,Not Supported
P0302,P0302_T9,P0302_T9_3,3,condition_removed,Not Enough Evidence,Not Supported
P0302,P0302_T9,P0302_T9_4,4,supported,Supported,Not Supported
P0302,P0302_T9,P0302_T9_5,5,condition_contradicted,Not Supported,Not Supported
P0303,P0303_T1,P0303_T1_1,1,relation_contradicted,Not Supported,Not Supported
P0303,P0303_T1,P0303_T1_2,2,condition_replaced,Not Enough Evidence,Not Enough Evidence
P0303,P0303_T1,P0303_T1_3,3,condition_removed,Not Enough Evidence,Not Enough Evidence
P0303,P0303_T1,P0303_T1_4,4,supported,Supported,Not Supported
P0303,P0303_T1,P0303_T1_5,5,condition_contradicted,Not Supported,Not Supported
P0304,P0304_T1,P0304_T1_1,1,relation_contradicted,Not Supported,Not Supported
P0304,P0304_T1,P0304_T1_2,2,condition_replaced,Not Enough Evidence,Not Supported
P0304,P0304_T1,P0304_T1_3,3,condition_removed,Not Enough Evidence,Not Supported
P0304,P0304_T1,P0304_T1_4,4,supported,Supported,Not Supported
P0304,P0304_T1,P0304_T1_5,5,condition_contradicted,Not Supported,Not Supported
P0687,P0687_T3,P0687_T3_1,1,relation_contradicted,Not Supported,Not Supported
P0687,P0687_T3,P0687_T3_2,2,condition_replaced,Not Enough Evidence,Not Supported
P0687,P0687_T3,P0687_T3_3,3,condition_removed,Not Enough Evidence,Not Supported
P0687,P0687_T3,P0687_T3_4,4,supported,Supported,Not Supported
P0687,P0687_T3,P0687_T3_5,5,condition_contradicted,Not Supported,Not Supported
P0687,P0687_T4,P0687_T4_1,1,relation_contradicted,Not Supported,Not Supported
P0687,P0687_T4,P0687_T4_2,2,condition_replaced,Not Enough Evidence,Not Supported
P0687,P0687_T4,P0687_T4_3,3,condition_removed,Not Enough Evidence,Not Supported
P0687,P0687_T4,P0687_T4_4,4,supported,Supported,Not Supported
P0687,P0687_T4,P0687_T4_5,5,condition_contradicted,Not Supported,Not Supported
P0688,P0688_T1,P0688_T1_1,1,relation_contradicted,Not Supported,Not Supported
P0688,P0688_T1,P0688_T1_2,2,condition_replaced,Not Enough Evidence,Not Enough Evidence
P0688,P0688_T1,P0688_T1_3,3,condition_removed,Not Enough Evidence,Not Enough Evidence
P0688,P0688_T1,P0688_T1_4,4,supported,Supported,Not Supported
P0688,P0688_T1,P0688_T1_5,5,condition_contradicted,Not Supported,Not Supported
P0689,P0689_T1,P0689_T1_1,1,relation_contradicted,Not Supported,Not Supported
P0689,P0689_T1,P0689_T1_2,2,condition_replaced,Not Enough Evidence,Not Enough Evidence
P0689,P0689_T1,P0689_T1_3,3,condition_removed,Not Enough Evidence,Not Enough Evidence
P0689,P0689_T1,P0689_T1_4,4,supported,Supported,Supported
P0689,P0689_T1,P0689_T1_5,5,condition_contradicted,Not Supported,Not Supported
P0690,P0690_T1,P0690_T1_1,1,relation_contradicted,Not Supported,Not Supported
P0690,P0690_T1,P0690_T1_2,2,condition_replaced,Not Enough Evidence,Not Supported
P0690,P0690_T1,P0690_T1_3,3,condition_removed,Not Enough Evidence,Not Supported
P0690,P0690_T1,P0690_T1_4,4,supported,Supported,Not Supported
P0690,P0690_T1,P0690_T1_5,5,condition_contradicted,Not Supported,Not Supported
P0691,P0691_T1,P0691_T1_1,1,relation_contradicted,Not Supported,Not Supported
P0691,P0691_T1,P0691_T1_2,2,condition_replaced,Not Enough Evidence,Not Supported
P0691,P0691_T1,P0691_T1_3,3,condition_removed,Not Enough Evidence,Not Supported
P0691,P0691_T1,P0691_T1_4,4,supported,Supported,Not Supported
P0691,P0691_T1,P0691_T1_5,5,condition_contradicted,Not Supported,Not Supported
P0692,P0692_T1,P0692_T1_1,1,relation_contradicted,Not Supported,Not Supported
P0692,P0692_T1,P0692_T1_2,2,condition_replaced,Not Enough Evidence,Not Supported
P0692,P0692_T1,P0692_T1_3,3,condition_removed,Not Enough Evidence,Not Supported
P0692,P0692_T1,P0692_T1_4,4,supported,Supported,Not Supported
P0692,P0692_T1,P0692_T1_5,5,condition_contradicted,Not Supported,Not Supported
P0693,P0693_T1,P0693_T1_1,1,relation_contradicted,Not Supported,Not Supported
P0693,P0693_T1,P0693_T1_2,2,condition_replaced,Not Enough Evidence,Not Supported
P0693,P0693_T1,P0693_T1_3,3,condition_removed,Not Enough Evidence,Not Supported
P0693,P0693_T1,P0693_T1_4,4,supported,Supported,Not Supported
P0693,P0693_T1,P0693_T1_5,5,condition_contradicted,Not Supported,Not Supported
P0694,P0694_T1,P0694_T1_1,1,relation_contradicted,Not Supported,Not Supported
P0694,P0694_T1,P0694_T1_2,2,condition_replaced,Not Enough Evidence,Not Enough Evidence
P0694,P0694_T1,P0694_T1_3,3,condition_removed,Not Enough Evidence,Not Enough Evidence
P0694,P0694_T1,P0694_T1_4,4,supported,Supported,Supported
P0694,P0694_T1,P0694_T1_5,5,condition_contradicted,Not Supported,Not Supported
P0695,P0695_T1,P0695_T1_1,1,relation_contradicted,Not Supported,Not Supported
P0695,P0695_T1,P0695_T1_2,2,condition_replaced,Not Enough Evidence,Not Enough Evidence
P0695,P0695_T1,P0695_T1_3,3,condition_removed,Not Enough Evidence,Not Enough Evidence
P0695,P0695_T1,P0695_T1_4,4,supported,Supported,Supported
P0695,P0695_T1,P0695_T1_5,5,condition_contradicted,Not Supported,Not Supported
P0219,P0219_T1,P0219_T1_1,1,relation_contradicted,Not Supported,Not Supported
P0219,P0219_T1,P0219_T1_2,2,condition_replaced,Not Enough Evidence,Not Supported
P0219,P0219_T1,P0219_T1_3,3,condition_removed,Not Enough Evidence,Not Supported
P0219,P0219_T1,P0219_T1_4,4,supported,Supported,Not Supported
P0219,P0219_T1,P0219_T1_5,5,condition_contradicted,Not Supported,Not Supported
P0219,P0219_T2,P0219_T2_1,1,relation_contradicted,Not Supported,Not Supported
P0219,P0219_T2,P0219_T2_2,2,condition_replaced,Not Enough Evidence,Not Supported
P0219,P0219_T2,P0219_T2_3,3,condition_removed,Not Enough Evidence,Not Enough Evidence
P0219,P0219_T2,P0219_T2_4,4,supported,Supported,Not Supported
P0219,P0219_T2,P0219_T2_5,5,condition_contradicted,Not Supported,Not Supported
P0219,P0219_T3,P0219_T3_1,1,relation_contradicted,Not Supported,Not Supported
P0219,P0219_T3,P0219_T3_2,2,condition_replaced,Not Enough Evidence,Not Supported
P0219,P0219_T3,P0219_T3_3,3,condition_removed,Not Enough Evidence,Not Supported
P0219,P0219_T3,P0219_T3_4,4,supported,Supported,Not Supported
P0219,P0219_T3,P0219_T3_5,5,condition_contradicted,Not Supported,Not Supported
P0220,P0220_T1,P0220_T1_1,1,relation_contradicted,Not Supported,Supported
P0220,P0220_T1,P0220_T1_2,2,condition_replaced,Not Enough Evidence,Supported
P0220,P0220_T1,P0220_T1_3,3,condition_removed,Not Enough Evidence,Supported
P0220,P0220_T1,P0220_T1_4,4,supported,Supported,Supported
P0220,P0220_T1,P0220_T1_5,5,condition_contradicted,Not Supported,Supported
P0220,P0220_T2,P0220_T2_1,1,relation_contradicted,Not Supported,Supported
P0220,P0220_T2,P0220_T2_2,2,condition_replaced,Not Enough Evidence,Supported
P0220,P0220_T2,P0220_T2_3,3,condition_removed,Not Enough Evidence,Supported
P0220,P0220_T2,P0220_T2_4,4,supported,Supported,Supported
P0220,P0220_T2,P0220_T2_5,5,condition_contradicted,Not Supported,Supported
P0220,P0220_T3,P0220_T3_1,1,relation_contradicted,Not Supported,Supported
P0220,P0220_T3,P0220_T3_2,2,condition_replaced,Not Enough Evidence,Supported
P0220,P0220_T3,P0220_T3_3,3,condition_removed,Not Enough Evidence,Supported
P0220,P0220_T3,P0220_T3_4,4,supported,Supported,Supported
P0220,P0220_T3,P0220_T3_5,5,condition_contradicted,Not Supported,Supported
P0220,P0220_T4,P0220_T4_1,1,relation_contradicted,Not Supported,Supported
P0220,P0220_T4,P0220_T4_2,2,condition_replaced,Not Enough Evidence,Supported
P0220,P0220_T4,P0220_T4_3,3,condition_removed,Not Enough Evidence,Supported
P0220,P0220_T4,P0220_T4_4,4,supported,Supported,Supported
P0220,P0220_T4,P0220_T4_5,5,condition_contradicted,Not Supported,Supported
P0221,P0221_T1,P0221_T1_1,1,relation_contradicted,Not Supported,Not Supported
P0221,P0221_T1,P0221_T1_2,2,condition_replaced,Not Enough Evidence,Not Supported
P0221,P0221_T1,P0221_T1_3,3,condition_removed,Not Enough Evidence,Not Supported
P0221,P0221_T1,P0221_T1_4,4,supported,Supported,Not Supported
P0221,P0221_T1,P0221_T1_5,5,condition_contradicted,Not Supported,Not Supported
P0221,P0221_T2,P0221_T2_1,1,relation_contradicted,Not Supported,Not Supported
P0221,P0221_T2,P0221_T2_2,2,condition_replaced,Not Enough Evidence,Not Supported
P0221,P0221_T2,P0221_T2_3,3,condition_removed,Not Enough Evidence,Not Supported
P0221,P0221_T2,P0221_T2_4,4,supported,Supported,Not Supported
P0221,P0221_T2,P0221_T2_5,5,condition_contradicted,Not Supported,Not Supported
P0221,P0221_T3,P0221_T3_1,1,relation_contradicted,Not Supported,Not Supported
P0221,P0221_T3,P0221_T3_2,2,condition_replaced,Not Enough Evidence,Not Supported
P0221,P0221_T3,P0221_T3_3,3,condition_removed,Not Enough Evidence,Not Supported
P0221,P0221_T3,P0221_T3_4,4,supported,Supported,Not Supported
P0221,P0221_T3,P0221_T3_5,5,condition_contradicted,Not Supported,Not Supported
P0468,P0468_T4,P0468_T4_1,1,relation_contradicted,Not Supported,Not Supported
P0468,P0468_T4,P0468_T4_2,2,condition_replaced,Not Enough Evidence,Not Supported
P0468,P0468_T4,P0468_T4_3,3,condition_removed,Not Enough Evidence,Not Supported
P0468,P0468_T4,P0468_T4_4,4,supported,Supported,Not Supported
P0468,P0468_T4,P0468_T4_5,5,condition_contradicted,Not Supported,Not Supported
P0468,P0468_T5,P0468_T5_1,1,relation_contradicted,Not Supported,Not Supported
P0468,P0468_T5,P0468_T5_2,2,condition_replaced,Not Enough Evidence,Not Supported
P0468,P0468_T5,P0468_T5_3,3,condition_removed,Not Enough Evidence,Not Supported
P0468,P0468_T5,P0468_T5_4,4,supported,Supported,Not Supported
P0468,P0468_T5,P0468_T5_5,5,condition_contradicted,Not Supported,Not Supported
P0469,P0469_T1,P0469_T1_1,1,relation_contradicted,Not Supported,Not Supported
P0469,P0469_T1,P0469_T1_2,2,condition_replaced,Not Enough Evidence,Not Supported
P0469,P0469_T1,P0469_T1_3,3,condition_removed,Not Enough Evidence,Not Supported
P0469,P0469_T1,P0469_T1_4,4,supported,Supported,Not Supported
P0469,P0469_T1,P0469_T1_5,5,condition_contradicted,Not Supported,Not Supported
P0470,P0470_T1,P0470_T1_1,1,relation_contradicted,Not Supported,Not Supported
P0470,P0470_T1,P0470_T1_2,2,condition_replaced,Not Enough Evidence,Not Supported
P0470,P0470_T1,P0470_T1_3,3,condition_removed,Not Enough Evidence,Not Supported
P0470,P0470_T1,P0470_T1_4,4,supported,Supported,Not Supported
P0470,P0470_T1,P0470_T1_5,5,condition_contradicted,Not Supported,Not Supported
P0470,P0470_T2,P0470_T2_1,1,relation_contradicted,Not Supported,Not Supported
P0470,P0470_T2,P0470_T2_2,2,condition_replaced,Not Enough Evidence,Not Supported
P0470,P0470_T2,P0470_T2_3,3,condition_removed,Not Enough Evidence,Not Supported
P0470,P0470_T2,P0470_T2_4,4,supported,Supported,Not Supported
P0470,P0470_T2,P0470_T2_5,5,condition_contradicted,Not Supported,Not Supported
P0470,P0470_T3,P0470_T3_1,1,relation_contradicted,Not Supported,Not Supported
P0470,P0470_T3,P0470_T3_2,2,condition_replaced,Not Enough Evidence,Not Supported
P0470,P0470_T3,P0470_T3_3,3,condition_removed,Not Enough Evidence,Not Supported
P0470,P0470_T3,P0470_T3_4,4,supported,Supported,Not Supported
P0470,P0470_T3,P0470_T3_5,5,condition_contradicted,Not Supported,Not Supported
P0471,P0471_T1,P0471_T1_1,1,relation_contradicted,Not Supported,Not Supported
P0471,P0471_T1,P0471_T1_2,2,condition_replaced,Not Enough Evidence,Not Supported
P0471,P0471_T1,P0471_T1_3,3,condition_removed,Not Enough Evidence,Not Supported
P0471,P0471_T1,P0471_T1_4,4,supported,Supported,Not Supported
P0471,P0471_T1,P0471_T1_5,5,condition_contradicted,Not Supported,Not Supported
P0472,P0472_T1,P0472_T1_1,1,relation_contradicted,Not Supported,Not Supported
P0472,P0472_T1,P0472_T1_2,2,condition_replaced,Not Enough Evidence,Not Supported
P0472,P0472_T1,P0472_T1_3,3,condition_removed,Not Enough Evidence,Not Supported
P0472,P0472_T1,P0472_T1_4,4,supported,Supported,Not Supported
P0472,P0472_T1,P0472_T1_5,5,condition_contradicted,Not Supported,Not Supported
P0111,P0111_T1,P0111_T1_1,1,relation_contradicted,Not Supported,Not Supported
P0111,P0111_T1,P0111_T1_2,2,condition_replaced,Not Enough Evidence,Not Supported
P0111,P0111_T1,P0111_T1_3,3,condition_removed,Not Enough Evidence,Not Supported
P0111,P0111_T1,P0111_T1_4,4,supported,Supported,Not Supported
P0111,P0111_T1,P0111_T1_5,5,condition_contradicted,Not Supported,Not Supported
P0111,P0111_T2,P0111_T2_1,1,relation_contradicted,Not Supported,Not Supported
P0111,P0111_T2,P0111_T2_2,2,condition_replaced,Not Enough Evidence,Not Supported
P0111,P0111_T2,P0111_T2_3,3,condition_removed,Not Enough Evidence,Not Supported
P0111,P0111_T2,P0111_T2_4,4,supported,Supported,Not Supported
P0111,P0111_T2,P0111_T2_5,5,condition_contradicted,Not Supported,Not Supported
P0111,P0111_T3,P0111_T3_1,1,relation_contradicted,Not Supported,Not Supported
P0111,P0111_T3,P0111_T3_2,2,condition_replaced,Not Enough Evidence,Not Supported
P0111,P0111_T3,P0111_T3_3,3,condition_removed,Not Enough Evidence,Not Supported
P0111,P0111_T3,P0111_T3_4,4,supported,Supported,Not Supported
P0111,P0111_T3,P0111_T3_5,5,condition_contradicted,Not Supported,Not Supported
P0112,P0112_T1,P0112_T1_1,1,relation_contradicted,Not Supported,Not Supported
P0112,P0112_T1,P0112_T1_2,2,condition_replaced,Not Enough Evidence,Not Supported
P0112,P0112_T1,P0112_T1_3,3,condition_removed,Not Enough Evidence,Not Supported
P0112,P0112_T1,P0112_T1_4,4,supported,Supported,Not Supported
P0112,P0112_T1,P0112_T1_5,5,condition_contradicted,Not Supported,Not Supported
P0112,P0112_T2,P0112_T2_1,1,relation_contradicted,Not Supported,Not Supported
P0112,P0112_T2,P0112_T2_2,2,condition_replaced,Not Enough Evidence,Not Supported
P0112,P0112_T2,P0112_T2_3,3,condition_removed,Not Enough Evidence,Not Supported
P0112,P0112_T2,P0112_T2_4,4,supported,Supported,Not Supported
P0112,P0112_T2,P0112_T2_5,5,condition_contradicted,Not Supported,Not Supported
P0112,P0112_T3,P0112_T3_1,1,relation_contradicted,Not Supported,Not Supported
P0112,P0112_T3,P0112_T3_2,2,condition_replaced,Not Enough Evidence,Not Supported
P0112,P0112_T3,P0112_T3_3,3,condition_removed,Not Enough Evidence,Not Supported
P0112,P0112_T3,P0112_T3_4,4,supported,Supported,Not Supported
P0112,P0112_T3,P0112_T3_5,5,condition_contradicted,Not Supported,Not Supported
P0113,P0113_T1,P0113_T1_1,1,relation_contradicted,Not Supported,Not Supported
P0113,P0113_T1,P0113_T1_2,2,condition_replaced,Not Enough Evidence,Not Enough Evidence
P0113,P0113_T1,P0113_T1_3,3,condition_removed,Not Enough Evidence,Not Enough Evidence
P0113,P0113_T1,P0113_T1_4,4,supported,Supported,Supported
P0113,P0113_T1,P0113_T1_5,5,condition_contradicted,Not Supported,Not Supported
P0113,P0113_T2,P0113_T2_1,1,relation_contradicted,Not Supported,Not Supported
P0113,P0113_T2,P0113_T2_2,2,condition_replaced,Not Enough Evidence,Not Supported
P0113,P0113_T2,P0113_T2_3,3,condition_removed,Not Enough Evidence,Not Enough Evidence
P0113,P0113_T2,P0113_T2_4,4,supported,Supported,Not Supported
P0113,P0113_T2,P0113_T2_5,5,condition_contradicted,Not Supported,Not Supported
P0113,P0113_T3,P0113_T3_1,1,relation_contradicted,Not Supported,Not Supported
P0113,P0113_T3,P0113_T3_2,2,condition_replaced,Not Enough Evidence,Not Enough Evidence
P0113,P0113_T3,P0113_T3_3,3,condition_removed,Not Enough Evidence,Not Enough Evidence
P0113,P0113_T3,P0113_T3_4,4,supported,Supported,Supported
P0113,P0113_T3,P0113_T3_5,5,condition_contradicted,Not Supported,Not Supported
P0114,P0114_T1,P0114_T1_1,1,relation_contradicted,Not Supported,Not Supported
P0114,P0114_T1,P0114_T1_2,2,condition_replaced,Not Enough Evidence,Not Supported
P0114,P0114_T1,P0114_T1_3,3,condition_removed,Not Enough Evidence,Not Supported
P0114,P0114_T1,P0114_T1_4,4,supported,Supported,Not Supported
P0114,P0114_T1,P0114_T1_5,5,condition_contradicted,Not Supported,Not Supported
P0306,P0306_T1,P0306_T1_1,1,relation_contradicted,Not Supported,Not Supported
P0306,P0306_T1,P0306_T1_2,2,condition_replaced,Not Enough Evidence,Not Enough Evidence
P0306,P0306_T1,P0306_T1_3,3,condition_removed,Not Enough Evidence,Not Enough Evidence
P0306,P0306_T1,P0306_T1_4,4,supported,Supported,Not Supported
P0306,P0306_T1,P0306_T1_5,5,condition_contradicted,Not Supported,Not Supported
P0307,P0307_T1,P0307_T1_1,1,relation_contradicted,Not Supported,Not Supported
P0307,P0307_T1,P0307_T1_2,2,condition_replaced,Not Enough Evidence,Not Enough Evidence
P0307,P0307_T1,P0307_T1_3,3,condition_removed,Not Enough Evidence,Not Enough Evidence
P0307,P0307_T1,P0307_T1_4,4,supported,Supported,Supported
P0307,P0307_T1,P0307_T1_5,5,condition_contradicted,Not Supported,Not Supported
P0308,P0308_T1,P0308_T1_1,1,relation_contradicted,Not Supported,Not Supported
P0308,P0308_T1,P0308_T1_2,2,condition_replaced,Not Enough Evidence,Not Enough Evidence
P0308,P0308_T1,P0308_T1_3,3,condition_removed,Not Enough Evidence,Not Supported
P0308,P0308_T1,P0308_T1_4,4,supported,Supported,Not Supported
P0308,P0308_T1,P0308_T1_5,5,condition_contradicted,Not Supported,Not Supported
P0309,P0309_T1,P0309_T1_1,1,relation_contradicted,Not Supported,Not Supported
P0309,P0309_T1,P0309_T1_2,2,condition_replaced,Not Enough Evidence,Not Enough Evidence
P0309,P0309_T1,P0309_T1_3,3,condition_removed,Not Enough Evidence,Not Enough Evidence
P0309,P0309_T1,P0309_T1_4,4,supported,Supported,Supported
P0309,P0309_T1,P0309_T1_5,5,condition_contradicted,Not Supported,Not Supported
P0310,P0310_T1,P0310_T1_1,1,relation_contradicted,Not Supported,Not Supported
P0310,P0310_T1,P0310_T1_2,2,condition_replaced,Not Enough Evidence,Not Enough Evidence
P0310,P0310_T1,P0310_T1_3,3,condition_removed,Not Enough Evidence,Not Enough Evidence
P0310,P0310_T1,P0310_T1_4,4,supported,Supported,Not Supported
P0310,P0310_T1,P0310_T1_5,5,condition_contradicted,Not Supported,Not Supported
P0311,P0311_T1,P0311_T1_1,1,relation_contradicted,Not Supported,Not Supported
P0311,P0311_T1,P0311_T1_2,2,condition_replaced,Not Enough Evidence,Not Supported
P0311,P0311_T1,P0311_T1_3,3,condition_removed,Not Enough Evidence,Not Supported
P0311,P0311_T1,P0311_T1_4,4,supported,Supported,Not Supported
P0311,P0311_T1,P0311_T1_5,5,condition_contradicted,Not Supported,Not Supported
P0311,P0311_T2,P0311_T2_1,1,relation_contradicted,Not Supported,Not Supported
P0311,P0311_T2,P0311_T2_2,2,condition_replaced,Not Enough Evidence,Not Supported
P0311,P0311_T2,P0311_T2_3,3,condition_removed,Not Enough Evidence,Not Supported
P0311,P0311_T2,P0311_T2_4,4,supported,Supported,Not Supported
P0311,P0311_T2,P0311_T2_5,5,condition_contradicted,Not Supported,Not Supported
P0311,P0311_T3,P0311_T3_1,1,relation_contradicted,Not Supported,Not Supported
P0311,P0311_T3,P0311_T3_2,2,condition_replaced,Not Enough Evidence,Not Supported
P0311,P0311_T3,P0311_T3_3,3,condition_removed,Not Enough Evidence,Not Supported
P0311,P0311_T3,P0311_T3_4,4,supported,Supported,Not Supported
P0311,P0311_T3,P0311_T3_5,5,condition_contradicted,Not Supported,Not Supported
P0311,P0311_T4,P0311_T4_1,1,relation_contradicted,Not Supported,Not Supported
P0311,P0311_T4,P0311_T4_2,2,condition_replaced,Not Enough Evidence,Not Supported
P0311,P0311_T4,P0311_T4_3,3,condition_removed,Not Enough Evidence,Not Supported
P0311,P0311_T4,P0311_T4_4,4,supported,Supported,Not Supported
P0311,P0311_T4,P0311_T4_5,5,condition_contradicted,Not Supported,Not Supported
P0312,P0312_T1,P0312_T1_1,1,relation_contradicted,Not Supported,Not Supported
P0312,P0312_T1,P0312_T1_2,2,condition_replaced,Not Enough Evidence,Not Supported
P0312,P0312_T1,P0312_T1_3,3,condition_removed,Not Enough Evidence,Not Supported
P0312,P0312_T1,P0312_T1_4,4,supported,Supported,Not Supported
P0312,P0312_T1,P0312_T1_5,5,condition_contradicted,Not Supported,Not Supported
P0221,P0221_T4,P0221_T4_1,1,relation_contradicted,Not Supported,Not Supported
P0221,P0221_T4,P0221_T4_2,2,condition_replaced,Not Enough Evidence,Not Supported
P0221,P0221_T4,P0221_T4_3,3,condition_removed,Not Enough Evidence,Not Supported
P0221,P0221_T4,P0221_T4_4,4,supported,Supported,Not Supported
P0221,P0221_T4,P0221_T4_5,5,condition_contradicted,Not Supported,Not Supported
P0221,P0221_T5,P0221_T5_1,1,relation_contradicted,Not Supported,Not Supported
P0221,P0221_T5,P0221_T5_2,2,condition_replaced,Not Enough Evidence,Not Supported
P0221,P0221_T5,P0221_T5_3,3,condition_removed,Not Enough Evidence,Not Supported
P0221,P0221_T5,P0221_T5_4,4,supported,Supported,Not Supported
P0221,P0221_T5,P0221_T5_5,5,condition_contradicted,Not Supported,Not Supported
P0222,P0222_T1,P0222_T1_1,1,relation_contradicted,Not Supported,Not Supported
P0222,P0222_T1,P0222_T1_2,2,condition_replaced,Not Enough Evidence,Not Supported
P0222,P0222_T1,P0222_T1_3,3,condition_removed,Not Enough Evidence,Not Enough Evidence
P0222,P0222_T1,P0222_T1_4,4,supported,Supported,Not Supported
P0222,P0222_T1,P0222_T1_5,5,condition_contradicted,Not Supported,Not Supported
P0222,P0222_T2,P0222_T2_1,1,relation_contradicted,Not Supported,Not Supported
P0222,P0222_T2,P0222_T2_2,2,condition_replaced,Not Enough Evidence,Not Enough Evidence
P0222,P0222_T2,P0222_T2_3,3,condition_removed,Not Enough Evidence,Not Supported
P0222,P0222_T2,P0222_T2_4,4,supported,Supported,Not Supported
P0222,P0222_T2,P0222_T2_5,5,condition_contradicted,Not Supported,Not Supported
P0222,P0222_T3,P0222_T3_1,1,relation_contradicted,Not Supported,Not Supported
P0222,P0222_T3,P0222_T3_2,2,condition_replaced,Not Enough Evidence,Not Supported
P0222,P0222_T3,P0222_T3_3,3,condition_removed,Not Enough Evidence,Not Enough Evidence
P0222,P0222_T3,P0222_T3_4,4,supported,Supported,Not Supported
P0222,P0222_T3,P0222_T3_5,5,condition_contradicted,Not Supported,Not Supported
P0223,P0223_T1,P0223_T1_1,1,relation_contradicted,Not Supported,Not Supported
P0223,P0223_T1,P0223_T1_2,2,condition_replaced,Not Enough Evidence,Not Supported
P0223,P0223_T1,P0223_T1_3,3,condition_removed,Not Enough Evidence,Not Supported
P0223,P0223_T1,P0223_T1_4,4,supported,Supported,Not Supported
P0223,P0223_T1,P0223_T1_5,5,condition_contradicted,Not Supported,Not Supported
P0223,P0223_T2,P0223_T2_1,1,relation_contradicted,Not Supported,Not Supported
P0223,P0223_T2,P0223_T2_2,2,condition_replaced,Not Enough Evidence,Not Supported
P0223,P0223_T2,P0223_T2_3,3,condition_removed,Not Enough Evidence,Not Supported
P0223,P0223_T2,P0223_T2_4,4,supported,Supported,Not Supported
P0223,P0223_T2,P0223_T2_5,5,condition_contradicted,Not Supported,Not Supported
P0223,P0223_T3,P0223_T3_1,1,relation_contradicted,Not Supported,Not Supported
P0223,P0223_T3,P0223_T3_2,2,condition_replaced,Not Enough Evidence,Not Supported
P0223,P0223_T3,P0223_T3_3,3,condition_removed,Not Enough Evidence,Not Supported
P0223,P0223_T3,P0223_T3_4,4,supported,Supported,Not Supported
P0223,P0223_T3,P0223_T3_5,5,condition_contradicted,Not Supported,Not Supported
P0223,P0223_T4,P0223_T4_1,1,relation_contradicted,Not Supported,Not Supported
P0223,P0223_T4,P0223_T4_2,2,condition_replaced,Not Enough Evidence,Not Supported
P0223,P0223_T4,P0223_T4_3,3,condition_removed,Not Enough Evidence,Not Supported
P0223,P0223_T4,P0223_T4_4,4,supported,Supported,Not Supported
P0223,P0223_T4,P0223_T4_5,5,condition_contradicted,Not Supported,Not Supported
P0223,P0223_T5,P0223_T5_1,1,relation_contradicted,Not Supported,Not Supported
P0223,P0223_T5,P0223_T5_2,2,condition_replaced,Not Enough Evidence,Not Supported
P0223,P0223_T5,P0223_T5_3,3,condition_removed,Not Enough Evidence,Not Supported
P0223,P0223_T5,P0223_T5_4,4,supported,Supported,Not Supported
P0223,P0223_T5,P0223_T5_5,5,condition_contradicted,Not Supported,Not Supported
P0472,P0472_T2,P0472_T2_1,1,relation_contradicted,Not Supported,Not Supported
P0472,P0472_T2,P0472_T2_2,2,condition_replaced,Not Enough Evidence,Not Supported
P0472,P0472_T2,P0472_T2_3,3,condition_removed,Not Enough Evidence,Not Supported
P0472,P0472_T2,P0472_T2_4,4,supported,Supported,Not Supported
P0472,P0472_T2,P0472_T2_5,5,condition_contradicted,Not Supported,Not Supported
P0472,P0472_T3,P0472_T3_1,1,relation_contradicted,Not Supported,Not Supported
P0472,P0472_T3,P0472_T3_2,2,condition_replaced,Not Enough Evidence,Not Supported
P0472,P0472_T3,P0472_T3_3,3,condition_removed,Not Enough Evidence,Not Supported
P0472,P0472_T3,P0472_T3_4,4,supported,Supported,Not Supported
P0472,P0472_T3,P0472_T3_5,5,condition_contradicted,Not Supported,Not Supported
P0472,P0472_T4,P0472_T4_1,1,relation_contradicted,Not Supported,Not Supported
P0472,P0472_T4,P0472_T4_2,2,condition_replaced,Not Enough Evidence,Not Supported
P0472,P0472_T4,P0472_T4_3,3,condition_removed,Not Enough Evidence,Not Supported
P0472,P0472_T4,P0472_T4_4,4,supported,Supported,Not Supported
P0472,P0472_T4,P0472_T4_5,5,condition_contradicted,Not Supported,Not Supported
P0472,P0472_T5,P0472_T5_1,1,relation_contradicted,Not Supported,Not Supported
P0472,P0472_T5,P0472_T5_2,2,condition_replaced,Not Enough Evidence,Not Supported
P0472,P0472_T5,P0472_T5_3,3,condition_removed,Not Enough Evidence,Not Supported
P0472,P0472_T5,P0472_T5_4,4,supported,Supported,Not Supported
P0472,P0472_T5,P0472_T5_5,5,condition_contradicted,Not Supported,Not Supported
P0472,P0472_T6,P0472_T6_1,1,relation_contradicted,Not Supported,Not Supported
P0472,P0472_T6,P0472_T6_2,2,condition_replaced,Not Enough Evidence,Not Supported
P0472,P0472_T6,P0472_T6_3,3,condition_removed,Not Enough Evidence,Not Supported
P0472,P0472_T6,P0472_T6_4,4,supported,Supported,Not Supported
P0472,P0472_T6,P0472_T6_5,5,condition_contradicted,Not Supported,Not Supported
P0473,P0473_T1,P0473_T1_1,1,relation_contradicted,Not Supported,Not Supported
P0473,P0473_T1,P0473_T1_2,2,condition_replaced,Not Enough Evidence,Not Enough Evidence
P0473,P0473_T1,P0473_T1_3,3,condition_removed,Not Enough Evidence,Not Enough Evidence
P0473,P0473_T1,P0473_T1_4,4,supported,Supported,Not Supported
P0473,P0473_T1,P0473_T1_5,5,condition_contradicted,Not Supported,Not Supported
P0474,P0474_T1,P0474_T1_1,1,relation_contradicted,Not Supported,Not Supported
P0474,P0474_T1,P0474_T1_2,2,condition_replaced,Not Enough Evidence,Not Supported
P0474,P0474_T1,P0474_T1_3,3,condition_removed,Not Enough Evidence,Not Supported
P0474,P0474_T1,P0474_T1_4,4,supported,Supported,Not Supported
P0474,P0474_T1,P0474_T1_5,5,condition_contradicted,Not Supported,Not Supported
P0475,P0475_T1,P0475_T1_1,1,relation_contradicted,Not Supported,Not Supported
P0475,P0475_T1,P0475_T1_2,2,condition_replaced,Not Enough Evidence,Not Supported
P0475,P0475_T1,P0475_T1_3,3,condition_removed,Not Enough Evidence,Not Supported
P0475,P0475_T1,P0475_T1_4,4,supported,Supported,Not Supported
P0475,P0475_T1,P0475_T1_5,5,condition_contradicted,Not Supported,Not Supported
P0476,P0476_T2,P0476_T2_1,1,relation_contradicted,Not Supported,Not Supported
P0476,P0476_T2,P0476_T2_2,2,condition_replaced,Not Enough Evidence,Not Supported
P0476,P0476_T2,P0476_T2_3,3,condition_removed,Not Enough Evidence,Not Supported
P0476,P0476_T2,P0476_T2_4,4,supported,Supported,Not Supported
P0476,P0476_T2,P0476_T2_5,5,condition_contradicted,Not Supported,Not Supported
P0312,P0312_T2,P0312_T2_1,1,relation_contradicted,Not Supported,Not Supported
P0312,P0312_T2,P0312_T2_2,2,condition_replaced,Not Enough Evidence,Not Supported
P0312,P0312_T2,P0312_T2_3,3,condition_removed,Not Enough Evidence,Not Supported
P0312,P0312_T2,P0312_T2_4,4,supported,Supported,Not Supported
P0312,P0312_T2,P0312_T2_5,5,condition_contradicted,Not Supported,Not Supported
P0313,P0313_T1,P0313_T1_1,1,relation_contradicted,Not Supported,Not Supported
P0313,P0313_T1,P0313_T1_2,2,condition_replaced,Not Enough Evidence,Not Enough Evidence
P0313,P0313_T1,P0313_T1_3,3,condition_removed,Not Enough Evidence,Not Enough Evidence
P0313,P0313_T1,P0313_T1_4,4,supported,Supported,Supported
P0313,P0313_T1,P0313_T1_5,5,condition_contradicted,Not Supported,Not Supported
P0313,P0313_T2,P0313_T2_1,1,relation_contradicted,Not Supported,Not Supported
P0313,P0313_T2,P0313_T2_2,2,condition_replaced,Not Enough Evidence,Not Enough Evidence
P0313,P0313_T2,P0313_T2_3,3,condition_removed,Not Enough Evidence,Not Enough Evidence
P0313,P0313_T2,P0313_T2_4,4,supported,Supported,Supported
P0313,P0313_T2,P0313_T2_5,5,condition_contradicted,Not Supported,Not Supported
P0314,P0314_T1,P0314_T1_1,1,relation_contradicted,Not Supported,Not Supported
P0314,P0314_T1,P0314_T1_2,2,condition_replaced,Not Enough Evidence,Not Supported
P0314,P0314_T1,P0314_T1_3,3,condition_removed,Not Enough Evidence,Not Supported
P0314,P0314_T1,P0314_T1_4,4,supported,Supported,Not Supported
P0314,P0314_T1,P0314_T1_5,5,condition_contradicted,Not Supported,Not Supported
P0314,P0314_T2,P0314_T2_1,1,relation_contradicted,Not Supported,Not Supported
P0314,P0314_T2,P0314_T2_2,2,condition_replaced,Not Enough Evidence,Not Supported
P0314,P0314_T2,P0314_T2_3,3,condition_removed,Not Enough Evidence,Not Supported
P0314,P0314_T2,P0314_T2_4,4,supported,Supported,Not Supported
P0314,P0314_T2,P0314_T2_5,5,condition_contradicted,Not Supported,Not Supported
P0315,P0315_T1,P0315_T1_1,1,relation_contradicted,Not Supported,Not Supported
P0315,P0315_T1,P0315_T1_2,2,condition_replaced,Not Enough Evidence,Not Supported
P0315,P0315_T1,P0315_T1_3,3,condition_removed,Not Enough Evidence,Not Supported
P0315,P0315_T1,P0315_T1_4,4,supported,Supported,Not Supported
P0315,P0315_T1,P0315_T1_5,5,condition_contradicted,Not Supported,Not Supported
P0316,P0316_T1,P0316_T1_1,1,relation_contradicted,Not Supported,Not Supported
P0316,P0316_T1,P0316_T1_2,2,condition_replaced,Not Enough Evidence,Not Enough Evidence
P0316,P0316_T1,P0316_T1_3,3,condition_removed,Not Enough Evidence,Not Enough Evidence
P0316,P0316_T1,P0316_T1_4,4,supported,Supported,Supported
P0316,P0316_T1,P0316_T1_5,5,condition_contradicted,Not Supported,Not Supported
P0316,P0316_T2,P0316_T2_1,1,relation_contradicted,Not Supported,Not Supported
P0316,P0316_T2,P0316_T2_2,2,condition_replaced,Not Enough Evidence,Not Enough Evidence
P0316,P0316_T2,P0316_T2_3,3,condition_removed,Not Enough Evidence,Not Enough Evidence
P0316,P0316_T2,P0316_T2_4,4,supported,Supported,Supported
P0316,P0316_T2,P0316_T2_5,5,condition_contradicted,Not Supported,Not Supported
P0317,P0317_T1,P0317_T1_1,1,relation_contradicted,Not Supported,Not Supported
P0317,P0317_T1,P0317_T1_2,2,condition_replaced,Not Enough Evidence,Not Supported
P0317,P0317_T1,P0317_T1_3,3,condition_removed,Not Enough Evidence,Not Supported
P0317,P0317_T1,P0317_T1_4,4,supported,Supported,Not Supported
P0317,P0317_T1,P0317_T1_5,5,condition_contradicted,Not Supported,Not Supported
P0318,P0318_T1,P0318_T1_1,1,relation_contradicted,Not Supported,Not Supported
P0318,P0318_T1,P0318_T1_2,2,condition_replaced,Not Enough Evidence,Not Supported
P0318,P0318_T1,P0318_T1_3,3,condition_removed,Not Enough Evidence,Not Supported
P0318,P0318_T1,P0318_T1_4,4,supported,Supported,Not Supported
P0318,P0318_T1,P0318_T1_5,5,condition_contradicted,Not Supported,Not Supported
P0114,P0114_T2,P0114_T2_1,1,relation_contradicted,Not Supported,Not Supported
P0114,P0114_T2,P0114_T2_2,2,condition_replaced,Not Enough Evidence,Not Supported
P0114,P0114_T2,P0114_T2_3,3,condition_removed,Not Enough Evidence,Not Supported
P0114,P0114_T2,P0114_T2_4,4,supported,Supported,Not Supported
P0114,P0114_T2,P0114_T2_5,5,condition_contradicted,Not Supported,Not Supported
P0114,P0114_T3,P0114_T3_1,1,relation_contradicted,Not Supported,Not Supported
P0114,P0114_T3,P0114_T3_2,2,condition_replaced,Not Enough Evidence,Not Supported
P0114,P0114_T3,P0114_T3_3,3,condition_removed,Not Enough Evidence,Not Supported
P0114,P0114_T3,P0114_T3_4,4,supported,Supported,Not Supported
P0114,P0114_T3,P0114_T3_5,5,condition_contradicted,Not Supported,Not Supported
P0114,P0114_T4,P0114_T4_1,1,relation_contradicted,Not Supported,Not Supported
P0114,P0114_T4,P0114_T4_2,2,condition_replaced,Not Enough Evidence,Not Supported
P0114,P0114_T4,P0114_T4_3,3,condition_removed,Not Enough Evidence,Not Supported
P0114,P0114_T4,P0114_T4_4,4,supported,Supported,Not Supported
P0114,P0114_T4,P0114_T4_5,5,condition_contradicted,Not Supported,Not Supported
P0114,P0114_T5,P0114_T5_1,1,relation_contradicted,Not Supported,Not Supported
P0114,P0114_T5,P0114_T5_2,2,condition_replaced,Not Enough Evidence,Not Supported
P0114,P0114_T5,P0114_T5_3,3,condition_removed,Not Enough Evidence,Not Supported
P0114,P0114_T5,P0114_T5_4,4,supported,Supported,Not Supported
P0114,P0114_T5,P0114_T5_5,5,condition_contradicted,Not Supported,Not Supported
P0114,P0114_T6,P0114_T6_1,1,relation_contradicted,Not Supported,Not Supported
P0114,P0114_T6,P0114_T6_2,2,condition_replaced,Not Enough Evidence,Not Supported
P0114,P0114_T6,P0114_T6_3,3,condition_removed,Not Enough Evidence,Not Supported
P0114,P0114_T6,P0114_T6_4,4,supported,Supported,Not Supported
P0114,P0114_T6,P0114_T6_5,5,condition_contradicted,Not Supported,Not Supported
P0115,P0115_T1,P0115_T1_1,1,relation_contradicted,Not Supported,Not Supported
P0115,P0115_T1,P0115_T1_2,2,condition_replaced,Not Enough Evidence,Not Enough Evidence
P0115,P0115_T1,P0115_T1_3,3,condition_removed,Not Enough Evidence,Not Enough Evidence
P0115,P0115_T1,P0115_T1_4,4,supported,Supported,Not Supported
P0115,P0115_T1,P0115_T1_5,5,condition_contradicted,Not Supported,Not Supported
P0116,P0116_T1,P0116_T1_1,1,relation_contradicted,Not Supported,Not Supported
P0116,P0116_T1,P0116_T1_2,2,condition_replaced,Not Enough Evidence,Not Supported
P0116,P0116_T1,P0116_T1_3,3,condition_removed,Not Enough Evidence,Not Enough Evidence
P0116,P0116_T1,P0116_T1_4,4,supported,Supported,Supported
P0116,P0116_T1,P0116_T1_5,5,condition_contradicted,Not Supported,Not Supported
P0116,P0116_T2,P0116_T2_1,1,relation_contradicted,Not Supported,Not Supported
P0116,P0116_T2,P0116_T2_2,2,condition_replaced,Not Enough Evidence,Not Enough Evidence
P0116,P0116_T2,P0116_T2_3,3,condition_removed,Not Enough Evidence,Not Enough Evidence
P0116,P0116_T2,P0116_T2_4,4,supported,Supported,Not Supported
P0116,P0116_T2,P0116_T2_5,5,condition_contradicted,Not Supported,Not Supported
P0116,P0116_T3,P0116_T3_1,1,relation_contradicted,Not Supported,Not Supported
P0116,P0116_T3,P0116_T3_2,2,condition_replaced,Not Enough Evidence,Not Supported
P0116,P0116_T3,P0116_T3_3,3,condition_removed,Not Enough Evidence,Not Supported
P0116,P0116_T3,P0116_T3_4,4,supported,Supported,Not Supported
P0116,P0116_T3,P0116_T3_5,5,condition_contradicted,Not Supported,Not Supported
P0117,P0117_T1,P0117_T1_1,1,relation_contradicted,Not Supported,Not Supported
P0117,P0117_T1,P0117_T1_2,2,condition_replaced,Not Enough Evidence,Not Enough Evidence
P0117,P0117_T1,P0117_T1_3,3,condition_removed,Not Enough Evidence,Not Supported
P0117,P0117_T1,P0117_T1_4,4,supported,Supported,Not Supported
P0117,P0117_T1,P0117_T1_5,5,condition_contradicted,Not Supported,Not Supported
P0001,P0001_T1,P0001_T1_1,1,relation_contradicted,Not Supported,Not Supported
P0001,P0001_T1,P0001_T1_2,2,condition_replaced,Not Enough Evidence,Not Enough Evidence
P0001,P0001_T1,P0001_T1_3,3,condition_removed,Not Enough Evidence,Not Enough Evidence
P0001,P0001_T1,P0001_T1_4,4,supported,Supported,Not Supported
P0001,P0001_T1,P0001_T1_5,5,condition_contradicted,Not Supported,Not Supported
P0001,P0001_T2,P0001_T2_1,1,relation_contradicted,Not Supported,Not Supported
P0001,P0001_T2,P0001_T2_2,2,condition_replaced,Not Enough Evidence,Not Enough Evidence
P0001,P0001_T2,P0001_T2_3,3,condition_removed,Not Enough Evidence,Not Enough Evidence
P0001,P0001_T2,P0001_T2_4,4,supported,Supported,Supported
P0001,P0001_T2,P0001_T2_5,5,condition_contradicted,Not Supported,Not Supported
P0002,P0002_T1,P0002_T1_1,1,relation_contradicted,Not Supported,Not Supported
P0002,P0002_T1,P0002_T1_2,2,condition_replaced,Not Enough Evidence,Not Enough Evidence
P0002,P0002_T1,P0002_T1_3,3,condition_removed,Not Enough Evidence,Not Enough Evidence
P0002,P0002_T1,P0002_T1_4,4,supported,Supported,Supported
P0002,P0002_T1,P0002_T1_5,5,condition_contradicted,Not Supported,Not Supported
P0002,P0002_T2,P0002_T2_1,1,relation_contradicted,Not Supported,Not Supported
P0002,P0002_T2,P0002_T2_2,2,condition_replaced,Not Enough Evidence,Not Enough Evidence
P0002,P0002_T2,P0002_T2_3,3,condition_removed,Not Enough Evidence,Not Enough Evidence
P0002,P0002_T2,P0002_T2_4,4,supported,Supported,Not Enough Evidence
P0002,P0002_T2,P0002_T2_5,5,condition_contradicted,Not Supported,Not Supported
P0003,P0003_T1,P0003_T1_1,1,relation_contradicted,Not Supported,Not Supported
P0003,P0003_T1,P0003_T1_2,2,condition_replaced,Not Enough Evidence,Not Supported
P0003,P0003_T1,P0003_T1_3,3,condition_removed,Not Enough Evidence,Not Supported
P0003,P0003_T1,P0003_T1_4,4,supported,Supported,Not Supported
P0003,P0003_T1,P0003_T1_5,5,condition_contradicted,Not Supported,Not Supported
P0003,P0003_T2,P0003_T2_1,1,relation_contradicted,Not Supported,Not Supported
P0003,P0003_T2,P0003_T2_2,2,condition_replaced,Not Enough Evidence,Not Supported
P0003,P0003_T2,P0003_T2_3,3,condition_removed,Not Enough Evidence,Not Supported
P0003,P0003_T2,P0003_T2_4,4,supported,Supported,Not Supported
P0003,P0003_T2,P0003_T2_5,5,condition_contradicted,Not Supported,Not Supported
P0004,P0004_T1,P0004_T1_1,1,relation_contradicted,Not Supported,Not Supported
P0004,P0004_T1,P0004_T1_2,2,condition_replaced,Not Enough Evidence,Not Supported
P0004,P0004_T1,P0004_T1_3,3,condition_removed,Not Enough Evidence,Not Supported
P0004,P0004_T1,P0004_T1_4,4,supported,Supported,Not Supported
P0004,P0004_T1,P0004_T1_5,5,condition_contradicted,Not Supported,Not Supported
P0004,P0004_T2,P0004_T2_1,1,relation_contradicted,Not Supported,Not Supported
P0004,P0004_T2,P0004_T2_2,2,condition_replaced,Not Enough Evidence,Not Supported
P0004,P0004_T2,P0004_T2_3,3,condition_removed,Not Enough Evidence,Not Supported
P0004,P0004_T2,P0004_T2_4,4,supported,Supported,Not Supported
P0004,P0004_T2,P0004_T2_5,5,condition_contradicted,Not Supported,Not Supported
P0005,P0005_T1,P0005_T1_1,1,relation_contradicted,Not Supported,Not Supported
P0005,P0005_T1,P0005_T1_2,2,condition_replaced,Not Enough Evidence,Not Enough Evidence
P0005,P0005_T1,P0005_T1_3,3,condition_removed,Not Enough Evidence,Not Enough Evidence
P0005,P0005_T1,P0005_T1_4,4,supported,Supported,Supported
P0005,P0005_T1,P0005_T1_5,5,condition_contradicted,Not Supported,Not Supported
P0006,P0006_T1,P0006_T1_1,1,relation_contradicted,Not Supported,Not Supported
P0006,P0006_T1,P0006_T1_2,2,condition_replaced,Not Enough Evidence,Not Enough Evidence
P0006,P0006_T1,P0006_T1_3,3,condition_removed,Not Enough Evidence,Not Enough Evidence
P0006,P0006_T1,P0006_T1_4,4,supported,Supported,Supported
P0006,P0006_T1,P0006_T1_5,5,condition_contradicted,Not Supported,Not Supported
P0223,P0223_T6,P0223_T6_1,1,relation_contradicted,Not Supported,Not Supported
P0223,P0223_T6,P0223_T6_2,2,condition_replaced,Not Enough Evidence,Not Supported
P0223,P0223_T6,P0223_T6_3,3,condition_removed,Not Enough Evidence,Not Supported
P0223,P0223_T6,P0223_T6_4,4,supported,Supported,Not Supported
P0223,P0223_T6,P0223_T6_5,5,condition_contradicted,Not Supported,Not Supported
P0223,P0223_T7,P0223_T7_1,1,relation_contradicted,Not Supported,Not Supported
P0223,P0223_T7,P0223_T7_2,2,condition_replaced,Not Enough Evidence,Not Supported
P0223,P0223_T7,P0223_T7_3,3,condition_removed,Not Enough Evidence,Not Supported
P0223,P0223_T7,P0223_T7_4,4,supported,Supported,Not Supported
P0223,P0223_T7,P0223_T7_5,5,condition_contradicted,Not Supported,Not Supported
P0223,P0223_T8,P0223_T8_1,1,relation_contradicted,Not Supported,Not Supported
P0223,P0223_T8,P0223_T8_2,2,condition_replaced,Not Enough Evidence,Not Supported
P0223,P0223_T8,P0223_T8_3,3,condition_removed,Not Enough Evidence,Not Supported
P0223,P0223_T8,P0223_T8_4,4,supported,Supported,Not Supported
P0223,P0223_T8,P0223_T8_5,5,condition_contradicted,Not Supported,Not Supported
P0223,P0223_T9,P0223_T9_1,1,relation_contradicted,Not Supported,Not Supported
P0223,P0223_T9,P0223_T9_2,2,condition_replaced,Not Enough Evidence,Not Supported
P0223,P0223_T9,P0223_T9_3,3,condition_removed,Not Enough Evidence,Not Supported
P0223,P0223_T9,P0223_T9_4,4,supported,Supported,Not Supported
P0223,P0223_T9,P0223_T9_5,5,condition_contradicted,Not Supported,Not Supported
P0223,P0223_T10,P0223_T10_1,1,relation_contradicted,Not Supported,Not Supported
P0223,P0223_T10,P0223_T10_2,2,condition_replaced,Not Enough Evidence,Not Supported
P0223,P0223_T10,P0223_T10_3,3,condition_removed,Not Enough Evidence,Not Supported
P0223,P0223_T10,P0223_T10_4,4,supported,Supported,Not Supported
P0223,P0223_T10,P0223_T10_5,5,condition_contradicted,Not Supported,Not Supported
P0223,P0223_T11,P0223_T11_1,1,relation_contradicted,Not Supported,Not Supported
P0223,P0223_T11,P0223_T11_2,2,condition_replaced,Not Enough Evidence,Not Supported
P0223,P0223_T11,P0223_T11_3,3,condition_removed,Not Enough Evidence,Not Supported
P0223,P0223_T11,P0223_T11_4,4,supported,Supported,Not Supported
P0223,P0223_T11,P0223_T11_5,5,condition_contradicted,Not Supported,Not Supported
P0223,P0223_T12,P0223_T12_1,1,relation_contradicted,Not Supported,Not Supported
P0223,P0223_T12,P0223_T12_2,2,condition_replaced,Not Enough Evidence,Not Supported
P0223,P0223_T12,P0223_T12_3,3,condition_removed,Not Enough Evidence,Not Supported
P0223,P0223_T12,P0223_T12_4,4,supported,Supported,Not Supported
P0223,P0223_T12,P0223_T12_5,5,condition_contradicted,Not Supported,Not Supported
P0223,P0223_T13,P0223_T13_1,1,relation_contradicted,Not Supported,Not Supported
P0223,P0223_T13,P0223_T13_2,2,condition_replaced,Not Enough Evidence,Not Supported
P0223,P0223_T13,P0223_T13_3,3,condition_removed,Not Enough Evidence,Not Supported
P0223,P0223_T13,P0223_T13_4,4,supported,Supported,Not Supported
P0223,P0223_T13,P0223_T13_5,5,condition_contradicted,Not Supported,Not Supported
P0224,P0224_T1,P0224_T1_1,1,relation_contradicted,Not Supported,Not Supported
P0224,P0224_T1,P0224_T1_2,2,condition_replaced,Not Enough Evidence,Not Enough Evidence
P0224,P0224_T1,P0224_T1_3,3,condition_removed,Not Enough Evidence,Not Enough Evidence
P0224,P0224_T1,P0224_T1_4,4,supported,Supported,Supported
P0224,P0224_T1,P0224_T1_5,5,condition_contradicted,Not Supported,Not Supported
P0224,P0224_T2,P0224_T2_1,1,relation_contradicted,Not Supported,Not Supported
P0224,P0224_T2,P0224_T2_2,2,condition_replaced,Not Enough Evidence,Not Enough Evidence
P0224,P0224_T2,P0224_T2_3,3,condition_removed,Not Enough Evidence,Not Enough Evidence
P0224,P0224_T2,P0224_T2_4,4,supported,Supported,Supported
P0224,P0224_T2,P0224_T2_5,5,condition_contradicted,Not Supported,Not Supported
P0117,P0117_T2,P0117_T2_1,1,relation_contradicted,Not Supported,Not Supported
P0117,P0117_T2,P0117_T2_2,2,condition_replaced,Not Enough Evidence,Not Enough Evidence
P0117,P0117_T2,P0117_T2_3,3,condition_removed,Not Enough Evidence,Not Enough Evidence
P0117,P0117_T2,P0117_T2_4,4,supported,Supported,Not Supported
P0117,P0117_T2,P0117_T2_5,5,condition_contradicted,Not Supported,Not Supported
P0118,P0118_T1,P0118_T1_1,1,relation_contradicted,Not Supported,Not Supported
P0118,P0118_T1,P0118_T1_2,2,condition_replaced,Not Enough Evidence,Not Supported
P0118,P0118_T1,P0118_T1_3,3,condition_removed,Not Enough Evidence,Not Supported
P0118,P0118_T1,P0118_T1_4,4,supported,Supported,Not Supported
P0118,P0118_T1,P0118_T1_5,5,condition_contradicted,Not Supported,Not Supported
P0118,P0118_T2,P0118_T2_1,1,relation_contradicted,Not Supported,Not Supported
P0118,P0118_T2,P0118_T2_2,2,condition_replaced,Not Enough Evidence,Not Supported
P0118,P0118_T2,P0118_T2_3,3,condition_removed,Not Enough Evidence,Not Supported
P0118,P0118_T2,P0118_T2_4,4,supported,Supported,Not Supported
P0118,P0118_T2,P0118_T2_5,5,condition_contradicted,Not Supported,Not Supported
P0119,P0119_T1,P0119_T1_1,1,relation_contradicted,Not Supported,Not Supported
P0119,P0119_T1,P0119_T1_2,2,condition_replaced,Not Enough Evidence,Not Supported
P0119,P0119_T1,P0119_T1_3,3,condition_removed,Not Enough Evidence,Not Supported
P0119,P0119_T1,P0119_T1_4,4,supported,Supported,Not Supported
P0119,P0119_T1,P0119_T1_5,5,condition_contradicted,Not Supported,Not Supported
P0119,P0119_T2,P0119_T2_1,1,relation_contradicted,Not Supported,Not Supported
P0119,P0119_T2,P0119_T2_2,2,condition_replaced,Not Enough Evidence,Not Supported
P0119,P0119_T2,P0119_T2_3,3,condition_removed,Not Enough Evidence,Not Supported
P0119,P0119_T2,P0119_T2_4,4,supported,Supported,Not Supported
P0119,P0119_T2,P0119_T2_5,5,condition_contradicted,Not Supported,Not Supported
P0119,P0119_T3,P0119_T3_1,1,relation_contradicted,Not Supported,Not Supported
P0119,P0119_T3,P0119_T3_2,2,condition_replaced,Not Enough Evidence,Not Supported
P0119,P0119_T3,P0119_T3_3,3,condition_removed,Not Enough Evidence,Not Supported
P0119,P0119_T3,P0119_T3_4,4,supported,Supported,Not Supported
P0119,P0119_T3,P0119_T3_5,5,condition_contradicted,Not Supported,Not Supported
P0119,P0119_T4,P0119_T4_1,1,relation_contradicted,Not Supported,Not Supported
P0119,P0119_T4,P0119_T4_2,2,condition_replaced,Not Enough Evidence,Not Supported
P0119,P0119_T4,P0119_T4_3,3,condition_removed,Not Enough Evidence,Not Supported
P0119,P0119_T4,P0119_T4_4,4,supported,Supported,Not Supported
P0119,P0119_T4,P0119_T4_5,5,condition_contradicted,Not Supported,Not Supported
P0119,P0119_T5,P0119_T5_1,1,relation_contradicted,Not Supported,Not Supported
P0119,P0119_T5,P0119_T5_2,2,condition_replaced,Not Enough Evidence,Not Supported
P0119,P0119_T5,P0119_T5_3,3,condition_removed,Not Enough Evidence,Not Supported
P0119,P0119_T5,P0119_T5_4,4,supported,Supported,Not Supported
P0119,P0119_T5,P0119_T5_5,5,condition_contradicted,Not Supported,Not Supported
P0120,P0120_T1,P0120_T1_1,1,relation_contradicted,Not Supported,Not Supported
P0120,P0120_T1,P0120_T1_2,2,condition_replaced,Not Enough Evidence,Not Enough Evidence
P0120,P0120_T1,P0120_T1_3,3,condition_removed,Not Enough Evidence,Not Enough Evidence
P0120,P0120_T1,P0120_T1_4,4,supported,Supported,Supported
P0120,P0120_T1,P0120_T1_5,5,condition_contradicted,Not Supported,Not Supported
P0121,P0121_T1,P0121_T1_1,1,relation_contradicted,Not Supported,Not Supported
P0121,P0121_T1,P0121_T1_2,2,condition_replaced,Not Enough Evidence,Not Supported
P0121,P0121_T1,P0121_T1_3,3,condition_removed,Not Enough Evidence,Not Supported
P0121,P0121_T1,P0121_T1_4,4,supported,Supported,Not Supported
P0121,P0121_T1,P0121_T1_5,5,condition_contradicted,Not Supported,Not Supported
P0320,P0320_T1,P0320_T1_1,1,relation_contradicted,Not Supported,Not Supported
P0320,P0320_T1,P0320_T1_2,2,condition_replaced,Not Enough Evidence,Not Supported
P0320,P0320_T1,P0320_T1_3,3,condition_removed,Not Enough Evidence,Not Supported
P0320,P0320_T1,P0320_T1_4,4,supported,Supported,Not Supported
P0320,P0320_T1,P0320_T1_5,5,condition_contradicted,Not Supported,Not Supported
P0321,P0321_T1,P0321_T1_1,1,relation_contradicted,Not Supported,Not Supported
P0321,P0321_T1,P0321_T1_2,2,condition_replaced,Not Enough Evidence,Not Supported
P0321,P0321_T1,P0321_T1_3,3,condition_removed,Not Enough Evidence,Not Supported
P0321,P0321_T1,P0321_T1_4,4,supported,Supported,Not Supported
P0321,P0321_T1,P0321_T1_5,5,condition_contradicted,Not Supported,Not Supported
P0321,P0321_T2,P0321_T2_1,1,relation_contradicted,Not Supported,Not Supported
P0321,P0321_T2,P0321_T2_2,2,condition_replaced,Not Enough Evidence,Not Supported
P0321,P0321_T2,P0321_T2_3,3,condition_removed,Not Enough Evidence,Not Supported
P0321,P0321_T2,P0321_T2_4,4,supported,Supported,Not Supported
P0321,P0321_T2,P0321_T2_5,5,condition_contradicted,Not Supported,Not Supported
P0321,P0321_T3,P0321_T3_1,1,relation_contradicted,Not Supported,Not Supported
P0321,P0321_T3,P0321_T3_2,2,condition_replaced,Not Enough Evidence,Not Supported
P0321,P0321_T3,P0321_T3_3,3,condition_removed,Not Enough Evidence,Not Supported
P0321,P0321_T3,P0321_T3_4,4,supported,Supported,Not Supported
P0321,P0321_T3,P0321_T3_5,5,condition_contradicted,Not Supported,Not Supported
P0321,P0321_T4,P0321_T4_1,1,relation_contradicted,Not Supported,Not Supported
P0321,P0321_T4,P0321_T4_2,2,condition_replaced,Not Enough Evidence,Not Supported
P0321,P0321_T4,P0321_T4_3,3,condition_removed,Not Enough Evidence,Not Supported
P0321,P0321_T4,P0321_T4_4,4,supported,Supported,Not Supported
P0321,P0321_T4,P0321_T4_5,5,condition_contradicted,Not Supported,Not Supported
P0322,P0322_T1,P0322_T1_1,1,relation_contradicted,Not Supported,Not Supported
P0322,P0322_T1,P0322_T1_2,2,condition_replaced,Not Enough Evidence,Not Supported
P0322,P0322_T1,P0322_T1_3,3,condition_removed,Not Enough Evidence,Not Supported
P0322,P0322_T1,P0322_T1_4,4,supported,Supported,Not Supported
P0322,P0322_T1,P0322_T1_5,5,condition_contradicted,Not Supported,Not Supported
P0323,P0323_T1,P0323_T1_1,1,relation_contradicted,Not Supported,Not Supported
P0323,P0323_T1,P0323_T1_2,2,condition_replaced,Not Enough Evidence,Not Supported
P0323,P0323_T1,P0323_T1_3,3,condition_removed,Not Enough Evidence,Not Supported
P0323,P0323_T1,P0323_T1_4,4,supported,Supported,Not Supported
P0323,P0323_T1,P0323_T1_5,5,condition_contradicted,Not Supported,Not Supported
P0477,P0477_T1,P0477_T1_1,1,relation_contradicted,Not Supported,Not Supported
P0477,P0477_T1,P0477_T1_2,2,condition_replaced,Not Enough Evidence,Not Enough Evidence
P0477,P0477_T1,P0477_T1_3,3,condition_removed,Not Enough Evidence,Not Supported
P0477,P0477_T1,P0477_T1_4,4,supported,Supported,Not Supported
P0477,P0477_T1,P0477_T1_5,5,condition_contradicted,Not Supported,Not Supported
P0477,P0477_T2,P0477_T2_1,1,relation_contradicted,Not Supported,Not Supported
P0477,P0477_T2,P0477_T2_2,2,condition_replaced,Not Enough Evidence,Not Enough Evidence
P0477,P0477_T2,P0477_T2_3,3,condition_removed,Not Enough Evidence,Not Enough Evidence
P0477,P0477_T2,P0477_T2_4,4,supported,Supported,Not Supported
P0477,P0477_T2,P0477_T2_5,5,condition_contradicted,Not Supported,Not Supported
P0478,P0478_T1,P0478_T1_1,1,relation_contradicted,Not Supported,Not Supported
P0478,P0478_T1,P0478_T1_2,2,condition_replaced,Not Enough Evidence,Not Supported
P0478,P0478_T1,P0478_T1_3,3,condition_removed,Not Enough Evidence,Not Supported
P0478,P0478_T1,P0478_T1_4,4,supported,Supported,Not Supported
P0478,P0478_T1,P0478_T1_5,5,condition_contradicted,Not Supported,Not Supported
P0478,P0478_T2,P0478_T2_1,1,relation_contradicted,Not Supported,Not Supported
P0478,P0478_T2,P0478_T2_2,2,condition_replaced,Not Enough Evidence,Not Supported
P0478,P0478_T2,P0478_T2_3,3,condition_removed,Not Enough Evidence,Not Supported
P0478,P0478_T2,P0478_T2_4,4,supported,Supported,Not Supported
P0478,P0478_T2,P0478_T2_5,5,condition_contradicted,Not Supported,Not Supported
P0478,P0478_T3,P0478_T3_1,1,relation_contradicted,Not Supported,Not Supported
P0478,P0478_T3,P0478_T3_2,2,condition_replaced,Not Enough Evidence,Not Supported
P0478,P0478_T3,P0478_T3_3,3,condition_removed,Not Enough Evidence,Not Supported
P0478,P0478_T3,P0478_T3_4,4,supported,Supported,Not Supported
P0478,P0478_T3,P0478_T3_5,5,condition_contradicted,Not Supported,Not Supported
P0479,P0479_T1,P0479_T1_1,1,relation_contradicted,Not Supported,Not Supported
P0479,P0479_T1,P0479_T1_2,2,condition_replaced,Not Enough Evidence,Not Supported
P0479,P0479_T1,P0479_T1_3,3,condition_removed,Not Enough Evidence,Not Supported
P0479,P0479_T1,P0479_T1_4,4,supported,Supported,Not Supported
P0479,P0479_T1,P0479_T1_5,5,condition_contradicted,Not Supported,Not Supported
P0479,P0479_T2,P0479_T2_1,1,relation_contradicted,Not Supported,Not Supported
P0479,P0479_T2,P0479_T2_2,2,condition_replaced,Not Enough Evidence,Not Supported
P0479,P0479_T2,P0479_T2_3,3,condition_removed,Not Enough Evidence,Not Supported
P0479,P0479_T2,P0479_T2_4,4,supported,Supported,Not Supported
P0479,P0479_T2,P0479_T2_5,5,condition_contradicted,Not Supported,Not Supported
P0479,P0479_T3,P0479_T3_1,1,relation_contradicted,Not Supported,Not Supported
P0479,P0479_T3,P0479_T3_2,2,condition_replaced,Not Enough Evidence,Not Supported
P0479,P0479_T3,P0479_T3_3,3,condition_removed,Not Enough Evidence,Not Supported
P0479,P0479_T3,P0479_T3_4,4,supported,Supported,Not Supported
P0479,P0479_T3,P0479_T3_5,5,condition_contradicted,Not Supported,Not Supported
P0480,P0480_T1,P0480_T1_1,1,relation_contradicted,Not Supported,Not Supported
P0480,P0480_T1,P0480_T1_2,2,condition_replaced,Not Enough Evidence,Not Supported
P0480,P0480_T1,P0480_T1_3,3,condition_removed,Not Enough Evidence,Not Supported
P0480,P0480_T1,P0480_T1_4,4,supported,Supported,Not Supported
P0480,P0480_T1,P0480_T1_5,5,condition_contradicted,Not Supported,Not Supported
P0480,P0480_T2,P0480_T2_1,1,relation_contradicted,Not Supported,Not Supported
P0480,P0480_T2,P0480_T2_2,2,condition_replaced,Not Enough Evidence,Not Supported
P0480,P0480_T2,P0480_T2_3,3,condition_removed,Not Enough Evidence,Not Supported
P0480,P0480_T2,P0480_T2_4,4,supported,Supported,Not Supported
P0480,P0480_T2,P0480_T2_5,5,condition_contradicted,Not Supported,Not Supported
P0224,P0224_T3,P0224_T3_1,1,relation_contradicted,Not Supported,Not Supported
P0224,P0224_T3,P0224_T3_2,2,condition_replaced,Not Enough Evidence,Not Enough Evidence
P0224,P0224_T3,P0224_T3_3,3,condition_removed,Not Enough Evidence,Not Enough Evidence
P0224,P0224_T3,P0224_T3_4,4,supported,Supported,Supported
P0224,P0224_T3,P0224_T3_5,5,condition_contradicted,Not Supported,Not Supported
P0224,P0224_T4,P0224_T4_1,1,relation_contradicted,Not Supported,Not Supported
P0224,P0224_T4,P0224_T4_2,2,condition_replaced,Not Enough Evidence,Not Enough Evidence
P0224,P0224_T4,P0224_T4_3,3,condition_removed,Not Enough Evidence,Not Enough Evidence
P0224,P0224_T4,P0224_T4_4,4,supported,Supported,Supported
P0224,P0224_T4,P0224_T4_5,5,condition_contradicted,Not Supported,Not Supported
P0224,P0224_T5,P0224_T5_1,1,relation_contradicted,Not Supported,Not Supported
P0224,P0224_T5,P0224_T5_2,2,condition_replaced,Not Enough Evidence,Not Enough Evidence
P0224,P0224_T5,P0224_T5_3,3,condition_removed,Not Enough Evidence,Not Enough Evidence
P0224,P0224_T5,P0224_T5_4,4,supported,Supported,Supported
P0224,P0224_T5,P0224_T5_5,5,condition_contradicted,Not Supported,Not Supported
P0224,P0224_T6,P0224_T6_1,1,relation_contradicted,Not Supported,Not Supported
P0224,P0224_T6,P0224_T6_2,2,condition_replaced,Not Enough Evidence,Not Enough Evidence
P0224,P0224_T6,P0224_T6_3,3,condition_removed,Not Enough Evidence,Not Enough Evidence
P0224,P0224_T6,P0224_T6_4,4,supported,Supported,Supported
P0224,P0224_T6,P0224_T6_5,5,condition_contradicted,Not Supported,Not Supported
P0225,P0225_T1,P0225_T1_1,1,relation_contradicted,Not Supported,Not Supported
P0225,P0225_T1,P0225_T1_2,2,condition_replaced,Not Enough Evidence,Not Supported
P0225,P0225_T1,P0225_T1_3,3,condition_removed,Not Enough Evidence,Not Supported
P0225,P0225_T1,P0225_T1_4,4,supported,Supported,Not Supported
P0225,P0225_T1,P0225_T1_5,5,condition_contradicted,Not Supported,Not Supported
P0225,P0225_T2,P0225_T2_1,1,relation_contradicted,Not Supported,Not Supported
P0225,P0225_T2,P0225_T2_2,2,condition_replaced,Not Enough Evidence,Not Supported
P0225,P0225_T2,P0225_T2_3,3,condition_removed,Not Enough Evidence,Not Supported
P0225,P0225_T2,P0225_T2_4,4,supported,Supported,Not Supported
P0225,P0225_T2,P0225_T2_5,5,condition_contradicted,Not Supported,Not Supported
P0225,P0225_T3,P0225_T3_1,1,relation_contradicted,Not Supported,Not Supported
P0225,P0225_T3,P0225_T3_2,2,condition_replaced,Not Enough Evidence,Not Supported
P0225,P0225_T3,P0225_T3_3,3,condition_removed,Not Enough Evidence,Not Supported
P0225,P0225_T3,P0225_T3_4,4,supported,Supported,Not Supported
P0225,P0225_T3,P0225_T3_5,5,condition_contradicted,Not Supported,Not Supported
P0225,P0225_T4,P0225_T4_1,1,relation_contradicted,Not Supported,Not Supported
P0225,P0225_T4,P0225_T4_2,2,condition_replaced,Not Enough Evidence,Not Supported
P0225,P0225_T4,P0225_T4_3,3,condition_removed,Not Enough Evidence,Not Supported
P0225,P0225_T4,P0225_T4_4,4,supported,Supported,Not Supported
P0225,P0225_T4,P0225_T4_5,5,condition_contradicted,Not Supported,Not Supported
P0226,P0226_T1,P0226_T1_1,1,relation_contradicted,Not Supported,Not Supported
P0226,P0226_T1,P0226_T1_2,2,condition_replaced,Not Enough Evidence,Not Enough Evidence
P0226,P0226_T1,P0226_T1_3,3,condition_removed,Not Enough Evidence,Not Enough Evidence
P0226,P0226_T1,P0226_T1_4,4,supported,Supported,Supported
P0226,P0226_T1,P0226_T1_5,5,condition_contradicted,Not Supported,Not Supported
P0226,P0226_T2,P0226_T2_1,1,relation_contradicted,Not Supported,Not Supported
P0226,P0226_T2,P0226_T2_2,2,condition_replaced,Not Enough Evidence,Not Enough Evidence
P0226,P0226_T2,P0226_T2_3,3,condition_removed,Not Enough Evidence,Not Enough Evidence
P0226,P0226_T2,P0226_T2_4,4,supported,Supported,Supported
P0226,P0226_T2,P0226_T2_5,5,condition_contradicted,Not Supported,Not Supported
P0480,P0480_T3,P0480_T3_1,1,relation_contradicted,Not Supported,Not Supported
P0480,P0480_T3,P0480_T3_2,2,condition_replaced,Not Enough Evidence,Not Supported
P0480,P0480_T3,P0480_T3_3,3,condition_removed,Not Enough Evidence,Not Supported
P0480,P0480_T3,P0480_T3_4,4,supported,Supported,Not Supported
P0480,P0480_T3,P0480_T3_5,5,condition_contradicted,Not Supported,Not Supported
P0480,P0480_T4,P0480_T4_1,1,relation_contradicted,Not Supported,Not Supported
P0480,P0480_T4,P0480_T4_2,2,condition_replaced,Not Enough Evidence,Not Supported
P0480,P0480_T4,P0480_T4_3,3,condition_removed,Not Enough Evidence,Not Supported
P0480,P0480_T4,P0480_T4_4,4,supported,Supported,Not Supported
P0480,P0480_T4,P0480_T4_5,5,condition_contradicted,Not Supported,Not Supported
P0481,P0481_T1,P0481_T1_1,1,relation_contradicted,Not Supported,Not Supported
P0481,P0481_T1,P0481_T1_2,2,condition_replaced,Not Enough Evidence,Not Supported
P0481,P0481_T1,P0481_T1_3,3,condition_removed,Not Enough Evidence,Not Supported
P0481,P0481_T1,P0481_T1_4,4,supported,Supported,Not Supported
P0481,P0481_T1,P0481_T1_5,5,condition_contradicted,Not Supported,Not Supported
P0481,P0481_T2,P0481_T2_1,1,relation_contradicted,Not Supported,Not Supported
P0481,P0481_T2,P0481_T2_2,2,condition_replaced,Not Enough Evidence,Not Supported
P0481,P0481_T2,P0481_T2_3,3,condition_removed,Not Enough Evidence,Not Supported
P0481,P0481_T2,P0481_T2_4,4,supported,Supported,Not Supported
P0481,P0481_T2,P0481_T2_5,5,condition_contradicted,Not Supported,Not Supported
P0481,P0481_T3,P0481_T3_1,1,relation_contradicted,Not Supported,Not Supported
P0481,P0481_T3,P0481_T3_2,2,condition_replaced,Not Enough Evidence,Not Supported
P0481,P0481_T3,P0481_T3_3,3,condition_removed,Not Enough Evidence,Not Supported
P0481,P0481_T3,P0481_T3_4,4,supported,Supported,Not Supported
P0481,P0481_T3,P0481_T3_5,5,condition_contradicted,Not Supported,Not Supported
P0482,P0482_T1,P0482_T1_1,1,relation_contradicted,Not Supported,Not Supported
P0482,P0482_T1,P0482_T1_2,2,condition_replaced,Not Enough Evidence,Not Enough Evidence
P0482,P0482_T1,P0482_T1_3,3,condition_removed,Not Enough Evidence,Not Enough Evidence
P0482,P0482_T1,P0482_T1_4,4,supported,Supported,Not Supported
P0482,P0482_T1,P0482_T1_5,5,condition_contradicted,Not Supported,Not Supported
P0482,P0482_T2,P0482_T2_1,1,relation_contradicted,Not Supported,Not Supported
P0482,P0482_T2,P0482_T2_2,2,condition_replaced,Not Enough Evidence,Not Enough Evidence
P0482,P0482_T2,P0482_T2_3,3,condition_removed,Not Enough Evidence,Not Enough Evidence
P0482,P0482_T2,P0482_T2_4,4,supported,Supported,Not Supported
P0482,P0482_T2,P0482_T2_5,5,condition_contradicted,Not Supported,Not Supported
P0483,P0483_T1,P0483_T1_1,1,relation_contradicted,Not Supported,Not Supported
P0483,P0483_T1,P0483_T1_2,2,condition_replaced,Not Enough Evidence,Not Supported
P0483,P0483_T1,P0483_T1_3,3,condition_removed,Not Enough Evidence,Not Supported
P0483,P0483_T1,P0483_T1_4,4,supported,Supported,Not Supported
P0483,P0483_T1,P0483_T1_5,5,condition_contradicted,Not Supported,Not Supported
P0483,P0483_T2,P0483_T2_1,1,relation_contradicted,Not Supported,Not Supported
P0483,P0483_T2,P0483_T2_2,2,condition_replaced,Not Enough Evidence,Not Supported
P0483,P0483_T2,P0483_T2_3,3,condition_removed,Not Enough Evidence,Not Supported
P0483,P0483_T2,P0483_T2_4,4,supported,Supported,Not Supported
P0483,P0483_T2,P0483_T2_5,5,condition_contradicted,Not Supported,Not Supported
P0483,P0483_T3,P0483_T3_1,1,relation_contradicted,Not Supported,Not Supported
P0483,P0483_T3,P0483_T3_2,2,condition_replaced,Not Enough Evidence,Not Supported
P0483,P0483_T3,P0483_T3_3,3,condition_removed,Not Enough Evidence,Not Supported
P0483,P0483_T3,P0483_T3_4,4,supported,Supported,Not Supported
P0483,P0483_T3,P0483_T3_5,5,condition_contradicted,Not Supported,Not Supported
P0326,P0326_T2,P0326_T2_1,1,relation_contradicted,Not Supported,Not Supported
P0326,P0326_T2,P0326_T2_2,2,condition_replaced,Not Enough Evidence,Not Supported
P0326,P0326_T2,P0326_T2_3,3,condition_removed,Not Enough Evidence,Not Supported
P0326,P0326_T2,P0326_T2_4,4,supported,Supported,Not Supported
P0326,P0326_T2,P0326_T2_5,5,condition_contradicted,Not Supported,Not Supported
P0327,P0327_T1,P0327_T1_1,1,relation_contradicted,Not Supported,Supported
P0327,P0327_T1,P0327_T1_2,2,condition_replaced,Not Enough Evidence,Not Enough Evidence
P0327,P0327_T1,P0327_T1_3,3,condition_removed,Not Enough Evidence,Not Enough Evidence
P0327,P0327_T1,P0327_T1_4,4,supported,Supported,Not Supported
P0327,P0327_T1,P0327_T1_5,5,condition_contradicted,Not Supported,Not Supported
P0327,P0327_T2,P0327_T2_1,1,relation_contradicted,Not Supported,Not Supported
P0327,P0327_T2,P0327_T2_2,2,condition_replaced,Not Enough Evidence,Not Enough Evidence
P0327,P0327_T2,P0327_T2_3,3,condition_removed,Not Enough Evidence,Not Enough Evidence
P0327,P0327_T2,P0327_T2_4,4,supported,Supported,Supported
P0327,P0327_T2,P0327_T2_5,5,condition_contradicted,Not Supported,Not Supported
P0328,P0328_T1,P0328_T1_1,1,relation_contradicted,Not Supported,Not Supported
P0328,P0328_T1,P0328_T1_2,2,condition_replaced,Not Enough Evidence,Not Supported
P0328,P0328_T1,P0328_T1_3,3,condition_removed,Not Enough Evidence,Not Supported
P0328,P0328_T1,P0328_T1_4,4,supported,Supported,Not Supported
P0328,P0328_T1,P0328_T1_5,5,condition_contradicted,Not Supported,Not Supported
P0328,P0328_T2,P0328_T2_1,1,relation_contradicted,Not Supported,Not Supported
P0328,P0328_T2,P0328_T2_2,2,condition_replaced,Not Enough Evidence,Not Supported
P0328,P0328_T2,P0328_T2_3,3,condition_removed,Not Enough Evidence,Not Supported
P0328,P0328_T2,P0328_T2_4,4,supported,Supported,Not Supported
P0328,P0328_T2,P0328_T2_5,5,condition_contradicted,Not Supported,Not Supported
P0328,P0328_T3,P0328_T3_1,1,relation_contradicted,Not Supported,Not Supported
P0328,P0328_T3,P0328_T3_2,2,condition_replaced,Not Enough Evidence,Not Supported
P0328,P0328_T3,P0328_T3_3,3,condition_removed,Not Enough Evidence,Not Supported
P0328,P0328_T3,P0328_T3_4,4,supported,Supported,Not Supported
P0328,P0328_T3,P0328_T3_5,5,condition_contradicted,Not Supported,Not Supported
P0329,P0329_T1,P0329_T1_1,1,relation_contradicted,Not Supported,Not Supported
P0329,P0329_T1,P0329_T1_2,2,condition_replaced,Not Enough Evidence,Not Enough Evidence
P0329,P0329_T1,P0329_T1_3,3,condition_removed,Not Enough Evidence,Not Enough Evidence
P0329,P0329_T1,P0329_T1_4,4,supported,Supported,Not Supported
P0329,P0329_T1,P0329_T1_5,5,condition_contradicted,Not Supported,Not Supported
P0330,P0330_T1,P0330_T1_1,1,relation_contradicted,Not Supported,Not Supported
P0330,P0330_T1,P0330_T1_2,2,condition_replaced,Not Enough Evidence,Not Supported
P0330,P0330_T1,P0330_T1_3,3,condition_removed,Not Enough Evidence,Not Supported
P0330,P0330_T1,P0330_T1_4,4,supported,Supported,Not Supported
P0330,P0330_T1,P0330_T1_5,5,condition_contradicted,Not Supported,Not Supported
P0330,P0330_T2,P0330_T2_1,1,relation_contradicted,Not Supported,Not Supported
P0330,P0330_T2,P0330_T2_2,2,condition_replaced,Not Enough Evidence,Not Supported
P0330,P0330_T2,P0330_T2_3,3,condition_removed,Not Enough Evidence,Not Supported
P0330,P0330_T2,P0330_T2_4,4,supported,Supported,Not Supported
P0330,P0330_T2,P0330_T2_5,5,condition_contradicted,Not Supported,Not Supported
P0121,P0121_T2,P0121_T2_1,1,relation_contradicted,Not Supported,Not Supported
P0121,P0121_T2,P0121_T2_2,2,condition_replaced,Not Enough Evidence,Not Supported
P0121,P0121_T2,P0121_T2_3,3,condition_removed,Not Enough Evidence,Not Supported
P0121,P0121_T2,P0121_T2_4,4,supported,Supported,Not Supported
P0121,P0121_T2,P0121_T2_5,5,condition_contradicted,Not Supported,Not Supported
P0121,P0121_T3,P0121_T3_1,1,relation_contradicted,Not Supported,Not Supported
P0121,P0121_T3,P0121_T3_2,2,condition_replaced,Not Enough Evidence,Not Supported
P0121,P0121_T3,P0121_T3_3,3,condition_removed,Not Enough Evidence,Not Supported
P0121,P0121_T3,P0121_T3_4,4,supported,Supported,Not Supported
P0121,P0121_T3,P0121_T3_5,5,condition_contradicted,Not Supported,Not Supported
P0122,P0122_T1,P0122_T1_1,1,relation_contradicted,Not Supported,Not Supported
P0122,P0122_T1,P0122_T1_2,2,condition_replaced,Not Enough Evidence,Not Supported
P0122,P0122_T1,P0122_T1_3,3,condition_removed,Not Enough Evidence,Not Supported
P0122,P0122_T1,P0122_T1_4,4,supported,Supported,Not Supported
P0122,P0122_T1,P0122_T1_5,5,condition_contradicted,Not Supported,Not Supported
P0123,P0123_T1,P0123_T1_1,1,relation_contradicted,Not Supported,Not Supported
P0123,P0123_T1,P0123_T1_2,2,condition_replaced,Not Enough Evidence,Not Enough Evidence
P0123,P0123_T1,P0123_T1_3,3,condition_removed,Not Enough Evidence,Not Enough Evidence
P0123,P0123_T1,P0123_T1_4,4,supported,Supported,Supported
P0123,P0123_T1,P0123_T1_5,5,condition_contradicted,Not Supported,Not Supported
P0123,P0123_T2,P0123_T2_1,1,relation_contradicted,Not Supported,Not Supported
P0123,P0123_T2,P0123_T2_2,2,condition_replaced,Not Enough Evidence,Not Enough Evidence
P0123,P0123_T2,P0123_T2_3,3,condition_removed,Not Enough Evidence,Not Enough Evidence
P0123,P0123_T2,P0123_T2_4,4,supported,Supported,Not Supported
P0123,P0123_T2,P0123_T2_5,5,condition_contradicted,Not Supported,Not Supported
P0123,P0123_T3,P0123_T3_1,1,relation_contradicted,Not Supported,Not Supported
P0123,P0123_T3,P0123_T3_2,2,condition_replaced,Not Enough Evidence,Not Enough Evidence
P0123,P0123_T3,P0123_T3_3,3,condition_removed,Not Enough Evidence,Not Enough Evidence
P0123,P0123_T3,P0123_T3_4,4,supported,Supported,Not Supported
P0123,P0123_T3,P0123_T3_5,5,condition_contradicted,Not Supported,Not Supported
P0124,P0124_T1,P0124_T1_1,1,relation_contradicted,Not Supported,Not Supported
P0124,P0124_T1,P0124_T1_2,2,condition_replaced,Not Enough Evidence,Not Supported
P0124,P0124_T1,P0124_T1_3,3,condition_removed,Not Enough Evidence,Not Supported
P0124,P0124_T1,P0124_T1_4,4,supported,Supported,Not Supported
P0124,P0124_T1,P0124_T1_5,5,condition_contradicted,Not Supported,Not Supported
P0124,P0124_T2,P0124_T2_1,1,relation_contradicted,Not Supported,Not Supported
P0124,P0124_T2,P0124_T2_2,2,condition_replaced,Not Enough Evidence,Not Supported
P0124,P0124_T2,P0124_T2_3,3,condition_removed,Not Enough Evidence,Not Supported
P0124,P0124_T2,P0124_T2_4,4,supported,Supported,Not Supported
P0124,P0124_T2,P0124_T2_5,5,condition_contradicted,Not Supported,Not Supported
P0125,P0125_T1,P0125_T1_1,1,relation_contradicted,Not Supported,Not Supported
P0125,P0125_T1,P0125_T1_2,2,condition_replaced,Not Enough Evidence,Not Enough Evidence
P0125,P0125_T1,P0125_T1_3,3,condition_removed,Not Enough Evidence,Not Enough Evidence
P0125,P0125_T1,P0125_T1_4,4,supported,Supported,Not Supported
P0125,P0125_T1,P0125_T1_5,5,condition_contradicted,Not Supported,Not Supported
P0126,P0126_T1,P0126_T1_1,1,relation_contradicted,Not Supported,Not Supported
P0126,P0126_T1,P0126_T1_2,2,condition_replaced,Not Enough Evidence,Not Enough Evidence
P0126,P0126_T1,P0126_T1_3,3,condition_removed,Not Enough Evidence,Not Enough Evidence
P0126,P0126_T1,P0126_T1_4,4,supported,Supported,Not Supported
P0126,P0126_T1,P0126_T1_5,5,condition_contradicted,Not Supported,Not Supported
P0006,P0006_T2,P0006_T2_1,1,relation_contradicted,Not Supported,Not Supported
P0006,P0006_T2,P0006_T2_2,2,condition_replaced,Not Enough Evidence,Not Enough Evidence
P0006,P0006_T2,P0006_T2_3,3,condition_removed,Not Enough Evidence,Not Enough Evidence
P0006,P0006_T2,P0006_T2_4,4,supported,Supported,Not Supported
P0006,P0006_T2,P0006_T2_5,5,condition_contradicted,Not Supported,Not Supported
P0007,P0007_T1,P0007_T1_1,1,relation_contradicted,Not Supported,Not Supported
P0007,P0007_T1,P0007_T1_2,2,condition_replaced,Not Enough Evidence,Not Supported
P0007,P0007_T1,P0007_T1_3,3,condition_removed,Not Enough Evidence,Not Supported
P0007,P0007_T1,P0007_T1_4,4,supported,Supported,Not Supported
P0007,P0007_T1,P0007_T1_5,5,condition_contradicted,Not Supported,Not Supported
P0007,P0007_T2,P0007_T2_1,1,relation_contradicted,Not Supported,Not Supported
P0007,P0007_T2,P0007_T2_2,2,condition_replaced,Not Enough Evidence,Not Supported
P0007,P0007_T2,P0007_T2_3,3,condition_removed,Not Enough Evidence,Not Supported
P0007,P0007_T2,P0007_T2_4,4,supported,Supported,Not Supported
P0007,P0007_T2,P0007_T2_5,5,condition_contradicted,Not Supported,Not Supported
P0008,P0008_T1,P0008_T1_1,1,relation_contradicted,Not Supported,Not Supported
P0008,P0008_T1,P0008_T1_2,2,condition_replaced,Not Enough Evidence,Not Supported
P0008,P0008_T1,P0008_T1_3,3,condition_removed,Not Enough Evidence,Not Supported
P0008,P0008_T1,P0008_T1_4,4,supported,Supported,Not Supported
P0008,P0008_T1,P0008_T1_5,5,condition_contradicted,Not Supported,Not Supported
P0009,P0009_T1,P0009_T1_1,1,relation_contradicted,Not Supported,Not Supported
P0009,P0009_T1,P0009_T1_2,2,condition_replaced,Not Enough Evidence,Not Supported
P0009,P0009_T1,P0009_T1_3,3,condition_removed,Not Enough Evidence,Not Supported
P0009,P0009_T1,P0009_T1_4,4,supported,Supported,Not Supported
P0009,P0009_T1,P0009_T1_5,5,condition_contradicted,Not Supported,Not Supported
P0009,P0009_T2,P0009_T2_1,1,relation_contradicted,Not Supported,Not Supported
P0009,P0009_T2,P0009_T2_2,2,condition_replaced,Not Enough Evidence,Not Supported
P0009,P0009_T2,P0009_T2_3,3,condition_removed,Not Enough Evidence,Not Supported
P0009,P0009_T2,P0009_T2_4,4,supported,Supported,Not Supported
P0009,P0009_T2,P0009_T2_5,5,condition_contradicted,Not Supported,Not Supported
P0009,P0009_T3,P0009_T3_1,1,relation_contradicted,Not Supported,Not Supported
P0009,P0009_T3,P0009_T3_2,2,condition_replaced,Not Enough Evidence,Not Supported
P0009,P0009_T3,P0009_T3_3,3,condition_removed,Not Enough Evidence,Not Supported
P0009,P0009_T3,P0009_T3_4,4,supported,Supported,Not Supported
P0009,P0009_T3,P0009_T3_5,5,condition_contradicted,Not Supported,Not Supported
P0009,P0009_T4,P0009_T4_1,1,relation_contradicted,Not Supported,Not Supported
P0009,P0009_T4,P0009_T4_2,2,condition_replaced,Not Enough Evidence,Not Supported
P0009,P0009_T4,P0009_T4_3,3,condition_removed,Not Enough Evidence,Not Supported
P0009,P0009_T4,P0009_T4_4,4,supported,Supported,Not Supported
P0009,P0009_T4,P0009_T4_5,5,condition_contradicted,Not Supported,Not Supported
P0009,P0009_T5,P0009_T5_1,1,relation_contradicted,Not Supported,Not Supported
P0009,P0009_T5,P0009_T5_2,2,condition_replaced,Not Enough Evidence,Not Supported
P0009,P0009_T5,P0009_T5_3,3,condition_removed,Not Enough Evidence,Not Supported
P0009,P0009_T5,P0009_T5_4,4,supported,Supported,Not Supported
P0009,P0009_T5,P0009_T5_5,5,condition_contradicted,Not Supported,Not Supported
P0009,P0009_T6,P0009_T6_1,1,relation_contradicted,Not Supported,Not Supported
P0009,P0009_T6,P0009_T6_2,2,condition_replaced,Not Enough Evidence,Not Supported
P0009,P0009_T6,P0009_T6_3,3,condition_removed,Not Enough Evidence,Not Supported
P0009,P0009_T6,P0009_T6_4,4,supported,Supported,Not Supported
P0009,P0009_T6,P0009_T6_5,5,condition_contradicted,Not Supported,Not Supported
P0226,P0226_T3,P0226_T3_1,1,relation_contradicted,Not Supported,Not Supported
P0226,P0226_T3,P0226_T3_2,2,condition_replaced,Not Enough Evidence,Not Enough Evidence
P0226,P0226_T3,P0226_T3_3,3,condition_removed,Not Enough Evidence,Not Enough Evidence
P0226,P0226_T3,P0226_T3_4,4,supported,Supported,Supported
P0226,P0226_T3,P0226_T3_5,5,condition_contradicted,Not Supported,Not Supported
P0226,P0226_T4,P0226_T4_1,1,relation_contradicted,Not Supported,Not Supported
P0226,P0226_T4,P0226_T4_2,2,condition_replaced,Not Enough Evidence,Not Enough Evidence
P0226,P0226_T4,P0226_T4_3,3,condition_removed,Not Enough Evidence,Not Enough Evidence
P0226,P0226_T4,P0226_T4_4,4,supported,Supported,Not Supported
P0226,P0226_T4,P0226_T4_5,5,condition_contradicted,Not Supported,Not Supported
P0226,P0226_T5,P0226_T5_1,1,relation_contradicted,Not Supported,Not Supported
P0226,P0226_T5,P0226_T5_2,2,condition_replaced,Not Enough Evidence,Not Enough Evidence
P0226,P0226_T5,P0226_T5_3,3,condition_removed,Not Enough Evidence,Not Enough Evidence
P0226,P0226_T5,P0226_T5_4,4,supported,Supported,Not Supported
P0226,P0226_T5,P0226_T5_5,5,condition_contradicted,Not Supported,Not Supported
P0227,P0227_T1,P0227_T1_1,1,relation_contradicted,Not Supported,Not Supported
P0227,P0227_T1,P0227_T1_2,2,condition_replaced,Not Enough Evidence,Not Supported
P0227,P0227_T1,P0227_T1_3,3,condition_removed,Not Enough Evidence,Not Supported
P0227,P0227_T1,P0227_T1_4,4,supported,Supported,Not Supported
P0227,P0227_T1,P0227_T1_5,5,condition_contradicted,Not Supported,Not Supported
P0227,P0227_T2,P0227_T2_1,1,relation_contradicted,Not Supported,Not Supported
P0227,P0227_T2,P0227_T2_2,2,condition_replaced,Not Enough Evidence,Not Supported
P0227,P0227_T2,P0227_T2_3,3,condition_removed,Not Enough Evidence,Not Supported
P0227,P0227_T2,P0227_T2_4,4,supported,Supported,Not Supported
P0227,P0227_T2,P0227_T2_5,5,condition_contradicted,Not Supported,Not Supported
P0228,P0228_T1,P0228_T1_1,1,relation_contradicted,Not Supported,Not Supported
P0228,P0228_T1,P0228_T1_2,2,condition_replaced,Not Enough Evidence,Not Enough Evidence
P0228,P0228_T1,P0228_T1_3,3,condition_removed,Not Enough Evidence,Not Enough Evidence
P0228,P0228_T1,P0228_T1_4,4,supported,Supported,Supported
P0228,P0228_T1,P0228_T1_5,5,condition_contradicted,Not Supported,Not Supported
P0228,P0228_T2,P0228_T2_1,1,relation_contradicted,Not Supported,Not Supported
P0228,P0228_T2,P0228_T2_2,2,condition_replaced,Not Enough Evidence,Not Enough Evidence
P0228,P0228_T2,P0228_T2_3,3,condition_removed,Not Enough Evidence,Not Enough Evidence
P0228,P0228_T2,P0228_T2_4,4,supported,Supported,Supported
P0228,P0228_T2,P0228_T2_5,5,condition_contradicted,Not Supported,Not Supported
P0229,P0229_T1,P0229_T1_1,1,relation_contradicted,Not Supported,Not Supported
P0229,P0229_T1,P0229_T1_2,2,condition_replaced,Not Enough Evidence,Not Enough Evidence
P0229,P0229_T1,P0229_T1_3,3,condition_removed,Not Enough Evidence,Not Enough Evidence
P0229,P0229_T1,P0229_T1_4,4,supported,Supported,Not Supported
P0229,P0229_T1,P0229_T1_5,5,condition_contradicted,Not Supported,Not Supported
P0229,P0229_T2,P0229_T2_1,1,relation_contradicted,Not Supported,Not Supported
P0229,P0229_T2,P0229_T2_2,2,condition_replaced,Not Enough Evidence,Not Enough Evidence
P0229,P0229_T2,P0229_T2_3,3,condition_removed,Not Enough Evidence,Not Enough Evidence
P0229,P0229_T2,P0229_T2_4,4,supported,Supported,Not Supported
P0229,P0229_T2,P0229_T2_5,5,condition_contradicted,Not Supported,Not Supported
P0229,P0229_T3,P0229_T3_1,1,relation_contradicted,Not Supported,Not Supported
P0229,P0229_T3,P0229_T3_2,2,condition_replaced,Not Enough Evidence,Not Enough Evidence
P0229,P0229_T3,P0229_T3_3,3,condition_removed,Not Enough Evidence,Not Enough Evidence
P0229,P0229_T3,P0229_T3_4,4,supported,Supported,Not Supported
P0229,P0229_T3,P0229_T3_5,5,condition_contradicted,Not Supported,Not Supported
P0127,P0127_T1,P0127_T1_1,1,relation_contradicted,Not Supported,Not Supported
P0127,P0127_T1,P0127_T1_2,2,condition_replaced,Not Enough Evidence,Not Enough Evidence
P0127,P0127_T1,P0127_T1_3,3,condition_removed,Not Enough Evidence,Not Enough Evidence
P0127,P0127_T1,P0127_T1_5,5,condition_contradicted,Not Supported,Not Supported
P0127,P0127_T2,P0127_T2_1,1,relation_contradicted,Not Supported,Not Supported
P0127,P0127_T2,P0127_T2_2,2,condition_replaced,Not Enough Evidence,Not Enough Evidence
P0127,P0127_T2,P0127_T2_3,3,condition_removed,Not Enough Evidence,Not Enough Evidence
P0127,P0127_T2,P0127_T2_5,5,condition_contradicted,Not Supported,Not Supported
P0128,P0128_T1,P0128_T1_1,1,relation_contradicted,Not Supported,Not Supported
P0128,P0128_T1,P0128_T1_2,2,condition_replaced,Not Enough Evidence,Not Enough Evidence
P0128,P0128_T1,P0128_T1_3,3,condition_removed,Not Enough Evidence,Not Enough Evidence
P0128,P0128_T1,P0128_T1_5,5,condition_contradicted,Not Supported,Not Supported
P0128,P0128_T2,P0128_T2_1,1,relation_contradicted,Not Supported,Not Supported
P0128,P0128_T2,P0128_T2_2,2,condition_replaced,Not Enough Evidence,Not Enough Evidence
P0128,P0128_T2,P0128_T2_3,3,condition_removed,Not Enough Evidence,Not Enough Evidence
P0128,P0128_T2,P0128_T2_5,5,condition_contradicted,Not Supported,Not Supported
P0128,P0128_T3,P0128_T3_1,1,relation_contradicted,Not Supported,Not Supported
P0128,P0128_T3,P0128_T3_2,2,condition_replaced,Not Enough Evidence,Not Enough Evidence
P0128,P0128_T3,P0128_T3_3,3,condition_removed,Not Enough Evidence,Not Enough Evidence
P0128,P0128_T3,P0128_T3_5,5,condition_contradicted,Not Supported,Not Supported
P0129,P0129_T1,P0129_T1_1,1,relation_contradicted,Not Supported,Not Supported
P0129,P0129_T1,P0129_T1_2,2,condition_replaced,Not Enough Evidence,Not Supported
P0129,P0129_T1,P0129_T1_3,3,condition_removed,Not Enough Evidence,Not Supported
P0129,P0129_T1,P0129_T1_5,5,condition_contradicted,Not Supported,Not Supported
P0129,P0129_T2,P0129_T2_1,1,relation_contradicted,Not Supported,Not Supported
P0129,P0129_T2,P0129_T2_2,2,condition_replaced,Not Enough Evidence,Not Supported
P0129,P0129_T2,P0129_T2_3,3,condition_removed,Not Enough Evidence,Not Supported
P0129,P0129_T2,P0129_T2_5,5,condition_contradicted,Not Supported,Not Supported
P0130,P0130_T1,P0130_T1_1,1,relation_contradicted,Not Supported,Not Supported
P0130,P0130_T1,P0130_T1_2,2,condition_replaced,Not Enough Evidence,Not Enough Evidence
P0130,P0130_T1,P0130_T1_3,3,condition_removed,Not Enough Evidence,Not Enough Evidence
P0130,P0130_T1,P0130_T1_5,5,condition_contradicted,Not Supported,Not Supported
P0130,P0130_T2,P0130_T2_1,1,relation_contradicted,Not Supported,Supported
P0130,P0130_T2,P0130_T2_2,2,condition_replaced,Not Enough Evidence,Not Enough Evidence
P0130,P0130_T2,P0130_T2_3,3,condition_removed,Not Enough Evidence,Not Enough Evidence
P0130,P0130_T2,P0130_T2_5,5,condition_contradicted,Not Supported,Not Supported
P0131,P0131_T1,P0131_T1_1,1,relation_contradicted,Not Supported,Not Supported
P0131,P0131_T1,P0131_T1_2,2,condition_replaced,Not Enough Evidence,Not Enough Evidence
P0131,P0131_T1,P0131_T1_3,3,condition_removed,Not Enough Evidence,Not Enough Evidence
P0131,P0131_T1,P0131_T1_5,5,condition_contradicted,Not Supported,Not Supported
P0331,P0331_T1,P0331_T1_1,1,relation_contradicted,Not Supported,Not Supported
P0331,P0331_T1,P0331_T1_2,2,condition_replaced,Not Enough Evidence,Not Supported
P0331,P0331_T1,P0331_T1_3,3,condition_removed,Not Enough Evidence,Not Supported
P0331,P0331_T1,P0331_T1_4,4,supported,Supported,Not Supported
P0331,P0331_T1,P0331_T1_5,5,condition_contradicted,Not Supported,Not Supported
P0331,P0331_T2,P0331_T2_1,1,relation_contradicted,Not Supported,Not Supported
P0331,P0331_T2,P0331_T2_2,2,condition_replaced,Not Enough Evidence,Not Supported
P0331,P0331_T2,P0331_T2_3,3,condition_removed,Not Enough Evidence,Not Supported
P0331,P0331_T2,P0331_T2_4,4,supported,Supported,Not Supported
P0331,P0331_T2,P0331_T2_5,5,condition_contradicted,Not Supported,Not Supported
P0331,P0331_T3,P0331_T3_1,1,relation_contradicted,Not Supported,Not Supported
P0331,P0331_T3,P0331_T3_2,2,condition_replaced,Not Enough Evidence,Not Supported
P0331,P0331_T3,P0331_T3_3,3,condition_removed,Not Enough Evidence,Not Supported
P0331,P0331_T3,P0331_T3_4,4,supported,Supported,Not Supported
P0331,P0331_T3,P0331_T3_5,5,condition_contradicted,Not Supported,Not Supported
P0331,P0331_T4,P0331_T4_1,1,relation_contradicted,Not Supported,Not Supported
P0331,P0331_T4,P0331_T4_2,2,condition_replaced,Not Enough Evidence,Not Supported
P0331,P0331_T4,P0331_T4_3,3,condition_removed,Not Enough Evidence,Not Supported
P0331,P0331_T4,P0331_T4_4,4,supported,Supported,Not Supported
P0331,P0331_T4,P0331_T4_5,5,condition_contradicted,Not Supported,Not Supported
P0332,P0332_T1,P0332_T1_1,1,relation_contradicted,Not Supported,Not Supported
P0332,P0332_T1,P0332_T1_2,2,condition_replaced,Not Enough Evidence,Not Supported
P0332,P0332_T1,P0332_T1_3,3,condition_removed,Not Enough Evidence,Not Supported
P0332,P0332_T1,P0332_T1_4,4,supported,Supported,Not Supported
P0332,P0332_T1,P0332_T1_5,5,condition_contradicted,Not Supported,Not Supported
P0333,P0333_T1,P0333_T1_1,1,relation_contradicted,Not Supported,Not Supported
P0333,P0333_T1,P0333_T1_2,2,condition_replaced,Not Enough Evidence,Not Supported
P0333,P0333_T1,P0333_T1_3,3,condition_removed,Not Enough Evidence,Not Supported
P0333,P0333_T1,P0333_T1_4,4,supported,Supported,Not Supported
P0333,P0333_T1,P0333_T1_5,5,condition_contradicted,Not Supported,Not Supported
P0334,P0334_T1,P0334_T1_1,1,relation_contradicted,Not Supported,Not Supported
P0334,P0334_T1,P0334_T1_2,2,condition_replaced,Not Enough Evidence,Not Supported
P0334,P0334_T1,P0334_T1_3,3,condition_removed,Not Enough Evidence,Not Supported
P0334,P0334_T1,P0334_T1_4,4,supported,Supported,Not Supported
P0334,P0334_T1,P0334_T1_5,5,condition_contradicted,Not Supported,Not Supported
P0335,P0335_T1,P0335_T1_1,1,relation_contradicted,Not Supported,Not Supported
P0335,P0335_T1,P0335_T1_2,2,condition_replaced,Not Enough Evidence,Not Enough Evidence
P0335,P0335_T1,P0335_T1_3,3,condition_removed,Not Enough Evidence,Not Enough Evidence
P0335,P0335_T1,P0335_T1_4,4,supported,Supported,Supported
P0335,P0335_T1,P0335_T1_5,5,condition_contradicted,Not Supported,Not Supported
P0336,P0336_T1,P0336_T1_1,1,relation_contradicted,Not Supported,Not Supported
P0336,P0336_T1,P0336_T1_2,2,condition_replaced,Not Enough Evidence,Not Supported
P0336,P0336_T1,P0336_T1_3,3,condition_removed,Not Enough Evidence,Not Supported
P0336,P0336_T1,P0336_T1_4,4,supported,Supported,Not Supported
P0336,P0336_T1,P0336_T1_5,5,condition_contradicted,Not Supported,Not Supported
P0336,P0336_T2,P0336_T2_1,1,relation_contradicted,Not Supported,Not Supported
P0336,P0336_T2,P0336_T2_2,2,condition_replaced,Not Enough Evidence,Not Supported
P0336,P0336_T2,P0336_T2_3,3,condition_removed,Not Enough Evidence,Not Supported
P0336,P0336_T2,P0336_T2_4,4,supported,Supported,Not Supported
P0336,P0336_T2,P0336_T2_5,5,condition_contradicted,Not Supported,Not Supported
P0484,P0484_T1,P0484_T1_1,1,relation_contradicted,Not Supported,Not Supported
P0484,P0484_T1,P0484_T1_2,2,condition_replaced,Not Enough Evidence,Not Supported
P0484,P0484_T1,P0484_T1_3,3,condition_removed,Not Enough Evidence,Not Supported
P0484,P0484_T1,P0484_T1_4,4,supported,Supported,Not Supported
P0484,P0484_T1,P0484_T1_5,5,condition_contradicted,Not Supported,Not Supported
P0484,P0484_T2,P0484_T2_1,1,relation_contradicted,Not Supported,Not Supported
P0484,P0484_T2,P0484_T2_2,2,condition_replaced,Not Enough Evidence,Not Supported
P0484,P0484_T2,P0484_T2_3,3,condition_removed,Not Enough Evidence,Not Supported
P0484,P0484_T2,P0484_T2_4,4,supported,Supported,Not Supported
P0484,P0484_T2,P0484_T2_5,5,condition_contradicted,Not Supported,Not Supported
P0484,P0484_T3,P0484_T3_1,1,relation_contradicted,Not Supported,Not Supported
P0484,P0484_T3,P0484_T3_2,2,condition_replaced,Not Enough Evidence,Not Supported
P0484,P0484_T3,P0484_T3_3,3,condition_removed,Not Enough Evidence,Not Supported
P0484,P0484_T3,P0484_T3_4,4,supported,Supported,Not Supported
P0484,P0484_T3,P0484_T3_5,5,condition_contradicted,Not Supported,Not Supported
P0485,P0485_T1,P0485_T1_1,1,relation_contradicted,Not Supported,Not Supported
P0485,P0485_T1,P0485_T1_2,2,condition_replaced,Not Enough Evidence,Not Supported
P0485,P0485_T1,P0485_T1_3,3,condition_removed,Not Enough Evidence,Not Supported
P0485,P0485_T1,P0485_T1_4,4,supported,Supported,Not Supported
P0485,P0485_T1,P0485_T1_5,5,condition_contradicted,Not Supported,Not Supported
P0485,P0485_T2,P0485_T2_1,1,relation_contradicted,Not Supported,Not Supported
P0485,P0485_T2,P0485_T2_2,2,condition_replaced,Not Enough Evidence,Not Supported
P0485,P0485_T2,P0485_T2_3,3,condition_removed,Not Enough Evidence,Not Supported
P0485,P0485_T2,P0485_T2_4,4,supported,Supported,Not Supported
P0485,P0485_T2,P0485_T2_5,5,condition_contradicted,Not Supported,Not Supported
P0486,P0486_T1,P0486_T1_1,1,relation_contradicted,Not Supported,Not Supported
P0486,P0486_T1,P0486_T1_2,2,condition_replaced,Not Enough Evidence,Not Supported
P0486,P0486_T1,P0486_T1_3,3,condition_removed,Not Enough Evidence,Not Supported
P0486,P0486_T1,P0486_T1_4,4,supported,Supported,Not Supported
P0486,P0486_T1,P0486_T1_5,5,condition_contradicted,Not Supported,Not Supported
P0487,P0487_T1,P0487_T1_1,1,relation_contradicted,Not Supported,Not Supported
P0487,P0487_T1,P0487_T1_2,2,condition_replaced,Not Enough Evidence,Not Supported
P0487,P0487_T1,P0487_T1_3,3,condition_removed,Not Enough Evidence,Not Supported
P0487,P0487_T1,P0487_T1_4,4,supported,Supported,Not Supported
P0487,P0487_T1,P0487_T1_5,5,condition_contradicted,Not Supported,Not Supported
P0488,P0488_T1,P0488_T1_1,1,relation_contradicted,Not Supported,Not Supported
P0488,P0488_T1,P0488_T1_2,2,condition_replaced,Not Enough Evidence,Not Enough Evidence
P0488,P0488_T1,P0488_T1_3,3,condition_removed,Not Enough Evidence,Not Supported
P0488,P0488_T1,P0488_T1_4,4,supported,Supported,Not Supported
P0488,P0488_T1,P0488_T1_5,5,condition_contradicted,Not Supported,Not Supported
P0489,P0489_T1,P0489_T1_1,1,relation_contradicted,Not Supported,Not Supported
P0489,P0489_T1,P0489_T1_2,2,condition_replaced,Not Enough Evidence,Not Supported
P0489,P0489_T1,P0489_T1_3,3,condition_removed,Not Enough Evidence,Not Supported
P0489,P0489_T1,P0489_T1_4,4,supported,Supported,Not Supported
P0489,P0489_T1,P0489_T1_5,5,condition_contradicted,Not Supported,Not Supported
P0009,P0009_T7,P0009_T7_1,1,relation_contradicted,Not Supported,Not Supported
P0009,P0009_T7,P0009_T7_2,2,condition_replaced,Not Enough Evidence,Not Supported
P0009,P0009_T7,P0009_T7_3,3,condition_removed,Not Enough Evidence,Not Supported
P0009,P0009_T7,P0009_T7_5,5,condition_contradicted,Not Supported,Not Supported
P0009,P0009_T8,P0009_T8_1,1,relation_contradicted,Not Supported,Not Supported
P0009,P0009_T8,P0009_T8_2,2,condition_replaced,Not Enough Evidence,Not Supported
P0009,P0009_T8,P0009_T8_3,3,condition_removed,Not Enough Evidence,Not Supported
P0009,P0009_T8,P0009_T8_4,4,supported,Supported,Not Supported
P0009,P0009_T8,P0009_T8_5,5,condition_contradicted,Not Supported,Not Supported
P0009,P0009_T9,P0009_T9_1,1,relation_contradicted,Not Supported,Not Supported
P0009,P0009_T9,P0009_T9_2,2,condition_replaced,Not Enough Evidence,Not Supported
P0009,P0009_T9,P0009_T9_3,3,condition_removed,Not Enough Evidence,Not Supported
P0009,P0009_T9,P0009_T9_4,4,supported,Supported,Not Supported
P0009,P0009_T9,P0009_T9_5,5,condition_contradicted,Not Supported,Not Supported
P0009,P0009_T10,P0009_T10_1,1,relation_contradicted,Not Supported,Not Supported
P0009,P0009_T10,P0009_T10_2,2,condition_replaced,Not Enough Evidence,Not Supported
P0009,P0009_T10,P0009_T10_3,3,condition_removed,Not Enough Evidence,Not Supported
P0009,P0009_T10,P0009_T10_4,4,supported,Supported,Not Supported
P0009,P0009_T10,P0009_T10_5,5,condition_contradicted,Not Supported,Not Supported
P0010,P0010_T1,P0010_T1_1,1,relation_contradicted,Not Supported,Not Supported
P0010,P0010_T1,P0010_T1_2,2,condition_replaced,Not Enough Evidence,Not Supported
P0010,P0010_T1,P0010_T1_3,3,condition_removed,Not Enough Evidence,Not Supported
P0010,P0010_T1,P0010_T1_4,4,supported,Supported,Not Supported
P0010,P0010_T1,P0010_T1_5,5,condition_contradicted,Not Supported,Not Supported
P0010,P0010_T2,P0010_T2_1,1,relation_contradicted,Not Supported,Not Supported
P0010,P0010_T2,P0010_T2_2,2,condition_replaced,Not Enough Evidence,Not Supported
P0010,P0010_T2,P0010_T2_3,3,condition_removed,Not Enough Evidence,Not Supported
P0010,P0010_T2,P0010_T2_4,4,supported,Supported,Not Supported
P0010,P0010_T2,P0010_T2_5,5,condition_contradicted,Not Supported,Not Supported
P0010,P0010_T3,P0010_T3_1,1,relation_contradicted,Not Supported,Not Supported
P0010,P0010_T3,P0010_T3_2,2,condition_replaced,Not Enough Evidence,Not Supported
P0010,P0010_T3,P0010_T3_3,3,condition_removed,Not Enough Evidence,Not Supported
P0010,P0010_T3,P0010_T3_4,4,supported,Supported,Not Supported
P0010,P0010_T3,P0010_T3_5,5,condition_contradicted,Not Supported,Not Supported
P0010,P0010_T4,P0010_T4_1,1,relation_contradicted,Not Supported,Not Supported
P0010,P0010_T4,P0010_T4_2,2,condition_replaced,Not Enough Evidence,Not Supported
P0010,P0010_T4,P0010_T4_3,3,condition_removed,Not Enough Evidence,Not Supported
P0010,P0010_T4,P0010_T4_4,4,supported,Supported,Not Supported
P0010,P0010_T4,P0010_T4_5,5,condition_contradicted,Not Supported,Not Supported
P0010,P0010_T5,P0010_T5_1,1,relation_contradicted,Not Supported,Not Supported
P0010,P0010_T5,P0010_T5_2,2,condition_replaced,Not Enough Evidence,Not Supported
P0010,P0010_T5,P0010_T5_3,3,condition_removed,Not Enough Evidence,Not Supported
P0010,P0010_T5,P0010_T5_4,4,supported,Supported,Not Supported
P0010,P0010_T5,P0010_T5_5,5,condition_contradicted,Not Supported,Not Supported
P0010,P0010_T6,P0010_T6_1,1,relation_contradicted,Not Supported,Not Supported
P0010,P0010_T6,P0010_T6_2,2,condition_replaced,Not Enough Evidence,Not Supported
P0010,P0010_T6,P0010_T6_3,3,condition_removed,Not Enough Evidence,Not Supported
P0010,P0010_T6,P0010_T6_4,4,supported,Supported,Not Supported
P0010,P0010_T6,P0010_T6_5,5,condition_contradicted,Not Supported,Not Supported
P0229,P0229_T4,P0229_T4_1,1,relation_contradicted,Not Supported,Not Supported
P0229,P0229_T4,P0229_T4_2,2,condition_replaced,Not Enough Evidence,Not Supported
P0229,P0229_T4,P0229_T4_3,3,condition_removed,Not Enough Evidence,Not Enough Evidence
P0229,P0229_T4,P0229_T4_5,5,condition_contradicted,Not Supported,Not Supported
P0229,P0229_T5,P0229_T5_1,1,relation_contradicted,Not Supported,Not Supported
P0229,P0229_T5,P0229_T5_2,2,condition_replaced,Not Enough Evidence,Not Enough Evidence
P0229,P0229_T5,P0229_T5_3,3,condition_removed,Not Enough Evidence,Not Enough Evidence
P0229,P0229_T5,P0229_T5_4,4,supported,Supported,Supported
P0229,P0229_T5,P0229_T5_5,5,condition_contradicted,Not Supported,Not Supported
P0230,P0230_T1,P0230_T1_1,1,relation_contradicted,Not Supported,Not Supported
P0230,P0230_T1,P0230_T1_2,2,condition_replaced,Not Enough Evidence,Not Supported
P0230,P0230_T1,P0230_T1_3,3,condition_removed,Not Enough Evidence,Not Supported
P0230,P0230_T1,P0230_T1_4,4,supported,Supported,Not Supported
P0230,P0230_T1,P0230_T1_5,5,condition_contradicted,Not Supported,Not Supported
P0230,P0230_T2,P0230_T2_1,1,relation_contradicted,Not Supported,Not Supported
P0230,P0230_T2,P0230_T2_2,2,condition_replaced,Not Enough Evidence,Not Supported
P0230,P0230_T2,P0230_T2_3,3,condition_removed,Not Enough Evidence,Not Supported
P0230,P0230_T2,P0230_T2_4,4,supported,Supported,Not Supported
P0230,P0230_T2,P0230_T2_5,5,condition_contradicted,Not Supported,Not Supported
P0230,P0230_T3,P0230_T3_1,1,relation_contradicted,Not Supported,Not Supported
P0230,P0230_T3,P0230_T3_2,2,condition_replaced,Not Enough Evidence,Not Supported
P0230,P0230_T3,P0230_T3_3,3,condition_removed,Not Enough Evidence,Not Supported
P0230,P0230_T3,P0230_T3_4,4,supported,Supported,Not Supported
P0230,P0230_T3,P0230_T3_5,5,condition_contradicted,Not Supported,Not Supported
P0230,P0230_T4,P0230_T4_1,1,relation_contradicted,Not Supported,Not Supported
P0230,P0230_T4,P0230_T4_2,2,condition_replaced,Not Enough Evidence,Not Supported
P0230,P0230_T4,P0230_T4_3,3,condition_removed,Not Enough Evidence,Not Supported
P0230,P0230_T4,P0230_T4_4,4,supported,Supported,Not Supported
P0230,P0230_T4,P0230_T4_5,5,condition_contradicted,Not Supported,Not Supported
P0231,P0231_T1,P0231_T1_1,1,relation_contradicted,Not Supported,Not Supported
P0231,P0231_T1,P0231_T1_2,2,condition_replaced,Not Enough Evidence,Not Supported
P0231,P0231_T1,P0231_T1_3,3,condition_removed,Not Enough Evidence,Not Supported
P0231,P0231_T1,P0231_T1_4,4,supported,Supported,Not Supported
P0231,P0231_T1,P0231_T1_5,5,condition_contradicted,Not Supported,Not Supported
P0231,P0231_T2,P0231_T2_1,1,relation_contradicted,Not Supported,Not Supported
P0231,P0231_T2,P0231_T2_2,2,condition_replaced,Not Enough Evidence,Not Supported
P0231,P0231_T2,P0231_T2_3,3,condition_removed,Not Enough Evidence,Not Supported
P0231,P0231_T2,P0231_T2_4,4,supported,Supported,Not Supported
P0231,P0231_T2,P0231_T2_5,5,condition_contradicted,Not Supported,Not Supported
P0231,P0231_T3,P0231_T3_1,1,relation_contradicted,Not Supported,Not Supported
P0231,P0231_T3,P0231_T3_2,2,condition_replaced,Not Enough Evidence,Not Supported
P0231,P0231_T3,P0231_T3_3,3,condition_removed,Not Enough Evidence,Not Supported
P0231,P0231_T3,P0231_T3_4,4,supported,Supported,Not Supported
P0231,P0231_T3,P0231_T3_5,5,condition_contradicted,Not Supported,Not Supported
P0231,P0231_T4,P0231_T4_1,1,relation_contradicted,Not Supported,Not Supported
P0231,P0231_T4,P0231_T4_2,2,condition_replaced,Not Enough Evidence,Not Supported
P0231,P0231_T4,P0231_T4_3,3,condition_removed,Not Enough Evidence,Not Supported
P0231,P0231_T4,P0231_T4_4,4,supported,Supported,Not Supported
P0231,P0231_T4,P0231_T4_5,5,condition_contradicted,Not Supported,Not Supported
P0336,P0336_T4,P0336_T4_1,1,relation_contradicted,Not Supported,Not Supported
P0336,P0336_T4,P0336_T4_2,2,condition_replaced,Not Enough Evidence,Not Supported
P0336,P0336_T4,P0336_T4_3,3,condition_removed,Not Enough Evidence,Not Supported
P0336,P0336_T4,P0336_T4_4,4,supported,Supported,Not Supported
P0336,P0336_T4,P0336_T4_5,5,condition_contradicted,Not Supported,Not Supported
P0337,P0337_T1,P0337_T1_1,1,relation_contradicted,Not Supported,Not Supported
P0337,P0337_T1,P0337_T1_2,2,condition_replaced,Not Enough Evidence,Not Enough Evidence
P0337,P0337_T1,P0337_T1_3,3,condition_removed,Not Enough Evidence,Not Enough Evidence
P0337,P0337_T1,P0337_T1_4,4,supported,Supported,Supported
P0337,P0337_T1,P0337_T1_5,5,condition_contradicted,Not Supported,Not Supported
P0337,P0337_T2,P0337_T2_1,1,relation_contradicted,Not Supported,Not Supported
P0337,P0337_T2,P0337_T2_2,2,condition_replaced,Not Enough Evidence,Not Enough Evidence
P0337,P0337_T2,P0337_T2_3,3,condition_removed,Not Enough Evidence,Not Enough Evidence
P0337,P0337_T2,P0337_T2_4,4,supported,Supported,Supported
P0337,P0337_T2,P0337_T2_5,5,condition_contradicted,Not Supported,Not Supported
P0338,P0338_T2,P0338_T2_1,1,relation_contradicted,Not Supported,Not Supported
P0338,P0338_T2,P0338_T2_2,2,condition_replaced,Not Enough Evidence,Not Supported
P0338,P0338_T2,P0338_T2_3,3,condition_removed,Not Enough Evidence,Not Supported
P0338,P0338_T2,P0338_T2_4,4,supported,Supported,Not Supported
P0338,P0338_T2,P0338_T2_5,5,condition_contradicted,Not Supported,Not Supported
P0339,P0339_T1,P0339_T1_1,1,relation_contradicted,Not Supported,Not Supported
P0339,P0339_T1,P0339_T1_2,2,condition_replaced,Not Enough Evidence,Not Supported
P0339,P0339_T1,P0339_T1_3,3,condition_removed,Not Enough Evidence,Not Supported
P0339,P0339_T1,P0339_T1_4,4,supported,Supported,Not Supported
P0339,P0339_T1,P0339_T1_5,5,condition_contradicted,Not Supported,Not Supported
P0339,P0339_T2,P0339_T2_1,1,relation_contradicted,Not Supported,Not Supported
P0339,P0339_T2,P0339_T2_2,2,condition_replaced,Not Enough Evidence,Not Supported
P0339,P0339_T2,P0339_T2_3,3,condition_removed,Not Enough Evidence,Not Supported
P0339,P0339_T2,P0339_T2_4,4,supported,Supported,Not Supported
P0339,P0339_T2,P0339_T2_5,5,condition_contradicted,Not Supported,Not Supported
P0339,P0339_T3,P0339_T3_1,1,relation_contradicted,Not Supported,Not Supported
P0339,P0339_T3,P0339_T3_2,2,condition_replaced,Not Enough Evidence,Not Supported
P0339,P0339_T3,P0339_T3_3,3,condition_removed,Not Enough Evidence,Not Supported
P0339,P0339_T3,P0339_T3_4,4,supported,Supported,Not Supported
P0339,P0339_T3,P0339_T3_5,5,condition_contradicted,Not Supported,Not Supported
P0339,P0339_T4,P0339_T4_1,1,relation_contradicted,Not Supported,Not Supported
P0339,P0339_T4,P0339_T4_2,2,condition_replaced,Not Enough Evidence,Not Supported
P0339,P0339_T4,P0339_T4_3,3,condition_removed,Not Enough Evidence,Not Supported
P0339,P0339_T4,P0339_T4_4,4,supported,Supported,Not Supported
P0339,P0339_T4,P0339_T4_5,5,condition_contradicted,Not Supported,Not Supported
P0132,P0132_T1,P0132_T1_1,1,relation_contradicted,Not Supported,Not Supported
P0132,P0132_T1,P0132_T1_2,2,condition_replaced,Not Enough Evidence,Not Enough Evidence
P0132,P0132_T1,P0132_T1_3,3,condition_removed,Not Enough Evidence,Not Enough Evidence
P0132,P0132_T1,P0132_T1_4,4,supported,Supported,Not Supported
P0132,P0132_T1,P0132_T1_5,5,condition_contradicted,Not Supported,Not Supported
P0133,P0133_T1,P0133_T1_1,1,relation_contradicted,Not Supported,Not Supported
P0133,P0133_T1,P0133_T1_2,2,condition_replaced,Not Enough Evidence,Not Enough Evidence
P0133,P0133_T1,P0133_T1_3,3,condition_removed,Not Enough Evidence,Not Enough Evidence
P0133,P0133_T1,P0133_T1_4,4,supported,Supported,Supported
P0133,P0133_T1,P0133_T1_5,5,condition_contradicted,Not Supported,Not Supported
P0133,P0133_T2,P0133_T2_1,1,relation_contradicted,Not Supported,Not Supported
P0133,P0133_T2,P0133_T2_2,2,condition_replaced,Not Enough Evidence,Not Enough Evidence
P0133,P0133_T2,P0133_T2_3,3,condition_removed,Not Enough Evidence,Not Enough Evidence
P0133,P0133_T2,P0133_T2_4,4,supported,Supported,Supported
P0133,P0133_T2,P0133_T2_5,5,condition_contradicted,Not Supported,Not Supported
P0133,P0133_T3,P0133_T3_1,1,relation_contradicted,Not Supported,Not Supported
P0133,P0133_T3,P0133_T3_2,2,condition_replaced,Not Enough Evidence,Not Enough Evidence
P0133,P0133_T3,P0133_T3_3,3,condition_removed,Not Enough Evidence,Not Enough Evidence
P0133,P0133_T3,P0133_T3_4,4,supported,Supported,Supported
P0133,P0133_T3,P0133_T3_5,5,condition_contradicted,Not Supported,Not Supported
P0133,P0133_T4,P0133_T4_1,1,relation_contradicted,Not Supported,Not Supported
P0133,P0133_T4,P0133_T4_2,2,condition_replaced,Not Enough Evidence,Not Supported
P0133,P0133_T4,P0133_T4_3,3,condition_removed,Not Enough Evidence,Not Enough Evidence
P0133,P0133_T4,P0133_T4_4,4,supported,Supported,Supported
P0133,P0133_T4,P0133_T4_5,5,condition_contradicted,Not Supported,Not Supported
P0133,P0133_T5,P0133_T5_1,1,relation_contradicted,Not Supported,Not Supported
P0133,P0133_T5,P0133_T5_2,2,condition_replaced,Not Enough Evidence,Not Supported
P0133,P0133_T5,P0133_T5_3,3,condition_removed,Not Enough Evidence,Not Enough Evidence
P0133,P0133_T5,P0133_T5_4,4,supported,Supported,Supported
P0133,P0133_T5,P0133_T5_5,5,condition_contradicted,Not Supported,Not Supported
P0133,P0133_T6,P0133_T6_1,1,relation_contradicted,Not Supported,Not Supported
P0133,P0133_T6,P0133_T6_2,2,condition_replaced,Not Enough Evidence,Not Enough Evidence
P0133,P0133_T6,P0133_T6_3,3,condition_removed,Not Enough Evidence,Not Enough Evidence
P0133,P0133_T6,P0133_T6_4,4,supported,Supported,Supported
P0133,P0133_T6,P0133_T6_5,5,condition_contradicted,Not Supported,Not Supported
P0133,P0133_T7,P0133_T7_1,1,relation_contradicted,Not Supported,Not Supported
P0133,P0133_T7,P0133_T7_2,2,condition_replaced,Not Enough Evidence,Not Enough Evidence
P0133,P0133_T7,P0133_T7_3,3,condition_removed,Not Enough Evidence,Not Enough Evidence
P0133,P0133_T7,P0133_T7_4,4,supported,Supported,Supported
P0133,P0133_T7,P0133_T7_5,5,condition_contradicted,Not Supported,Not Supported
P0134,P0134_T1,P0134_T1_1,1,relation_contradicted,Not Supported,Not Supported
P0134,P0134_T1,P0134_T1_2,2,condition_replaced,Not Enough Evidence,Not Supported
P0134,P0134_T1,P0134_T1_3,3,condition_removed,Not Enough Evidence,Not Supported
P0134,P0134_T1,P0134_T1_4,4,supported,Supported,Not Supported
P0134,P0134_T1,P0134_T1_5,5,condition_contradicted,Not Supported,Not Supported
P0134,P0134_T2,P0134_T2_1,1,relation_contradicted,Not Supported,Not Supported
P0134,P0134_T2,P0134_T2_2,2,condition_replaced,Not Enough Evidence,Not Supported
P0134,P0134_T2,P0134_T2_3,3,condition_removed,Not Enough Evidence,Not Supported
P0134,P0134_T2,P0134_T2_4,4,supported,Supported,Not Supported
P0134,P0134_T2,P0134_T2_5,5,condition_contradicted,Not Supported,Not Supported
P0010,P0010_T7,P0010_T7_1,1,relation_contradicted,Not Supported,Not Supported
P0010,P0010_T7,P0010_T7_2,2,condition_replaced,Not Enough Evidence,Not Supported
P0010,P0010_T7,P0010_T7_3,3,condition_removed,Not Enough Evidence,Not Supported
P0010,P0010_T7,P0010_T7_4,4,supported,Supported,Not Supported
P0010,P0010_T7,P0010_T7_5,5,condition_contradicted,Not Supported,Not Supported
P0010,P0010_T8,P0010_T8_1,1,relation_contradicted,Not Supported,Not Supported
P0010,P0010_T8,P0010_T8_2,2,condition_replaced,Not Enough Evidence,Not Supported
P0010,P0010_T8,P0010_T8_3,3,condition_removed,Not Enough Evidence,Not Supported
P0010,P0010_T8,P0010_T8_4,4,supported,Supported,Not Supported
P0010,P0010_T8,P0010_T8_5,5,condition_contradicted,Not Supported,Not Supported
P0010,P0010_T9,P0010_T9_1,1,relation_contradicted,Not Supported,Not Supported
P0010,P0010_T9,P0010_T9_2,2,condition_replaced,Not Enough Evidence,Not Supported
P0010,P0010_T9,P0010_T9_3,3,condition_removed,Not Enough Evidence,Not Supported
P0010,P0010_T9,P0010_T9_4,4,supported,Supported,Not Supported
P0010,P0010_T9,P0010_T9_5,5,condition_contradicted,Not Supported,Not Supported
P0011,P0011_T1,P0011_T1_1,1,relation_contradicted,Not Supported,Not Supported
P0011,P0011_T1,P0011_T1_2,2,condition_replaced,Not Enough Evidence,Not Enough Evidence
P0011,P0011_T1,P0011_T1_3,3,condition_removed,Not Enough Evidence,Not Enough Evidence
P0011,P0011_T1,P0011_T1_4,4,supported,Supported,Not Supported
P0011,P0011_T1,P0011_T1_5,5,condition_contradicted,Not Supported,Not Supported
P0011,P0011_T2,P0011_T2_1,1,relation_contradicted,Not Supported,Not Supported
P0011,P0011_T2,P0011_T2_2,2,condition_replaced,Not Enough Evidence,Not Supported
P0011,P0011_T2,P0011_T2_3,3,condition_removed,Not Enough Evidence,Not Enough Evidence
P0011,P0011_T2,P0011_T2_4,4,supported,Supported,Not Supported
P0011,P0011_T2,P0011_T2_5,5,condition_contradicted,Not Supported,Not Supported
P0012,P0012_T1,P0012_T1_1,1,relation_contradicted,Not Supported,Not Supported
P0012,P0012_T1,P0012_T1_2,2,condition_replaced,Not Enough Evidence,Not Supported
P0012,P0012_T1,P0012_T1_3,3,condition_removed,Not Enough Evidence,Not Supported
P0012,P0012_T1,P0012_T1_4,4,supported,Supported,Not Supported
P0012,P0012_T1,P0012_T1_5,5,condition_contradicted,Not Supported,Not Supported
P0012,P0012_T2,P0012_T2_1,1,relation_contradicted,Not Supported,Not Supported
P0012,P0012_T2,P0012_T2_2,2,condition_replaced,Not Enough Evidence,Not Supported
P0012,P0012_T2,P0012_T2_3,3,condition_removed,Not Enough Evidence,Not Supported
P0012,P0012_T2,P0012_T2_4,4,supported,Supported,Not Supported
P0012,P0012_T2,P0012_T2_5,5,condition_contradicted,Not Supported,Not Supported
P0013,P0013_T1,P0013_T1_1,1,relation_contradicted,Not Supported,Not Supported
P0013,P0013_T1,P0013_T1_2,2,condition_replaced,Not Enough Evidence,Not Enough Evidence
P0013,P0013_T1,P0013_T1_3,3,condition_removed,Not Enough Evidence,Not Enough Evidence
P0013,P0013_T1,P0013_T1_4,4,supported,Supported,Not Supported
P0013,P0013_T1,P0013_T1_5,5,condition_contradicted,Not Supported,Not Supported
P0013,P0013_T2,P0013_T2_1,1,relation_contradicted,Not Supported,Not Supported
P0013,P0013_T2,P0013_T2_2,2,condition_replaced,Not Enough Evidence,Not Enough Evidence
P0013,P0013_T2,P0013_T2_3,3,condition_removed,Not Enough Evidence,Not Enough Evidence
P0013,P0013_T2,P0013_T2_4,4,supported,Supported,Supported
P0013,P0013_T2,P0013_T2_5,5,condition_contradicted,Not Supported,Not Supported
P0014,P0014_T1,P0014_T1_1,1,relation_contradicted,Not Supported,Not Supported
P0014,P0014_T1,P0014_T1_2,2,condition_replaced,Not Enough Evidence,Not Enough Evidence
P0014,P0014_T1,P0014_T1_3,3,condition_removed,Not Enough Evidence,Not Enough Evidence
P0014,P0014_T1,P0014_T1_4,4,supported,Supported,Supported
P0014,P0014_T1,P0014_T1_5,5,condition_contradicted,Not Supported,Not Supported
P0231,P0231_T5,P0231_T5_1,1,relation_contradicted,Not Supported,Not Supported
P0231,P0231_T5,P0231_T5_2,2,condition_replaced,Not Enough Evidence,Not Supported
P0231,P0231_T5,P0231_T5_3,3,condition_removed,Not Enough Evidence,Not Supported
P0231,P0231_T5,P0231_T5_4,4,supported,Supported,Not Supported
P0231,P0231_T5,P0231_T5_5,5,condition_contradicted,Not Supported,Not Supported
P0231,P0231_T6,P0231_T6_1,1,relation_contradicted,Not Supported,Not Supported
P0231,P0231_T6,P0231_T6_2,2,condition_replaced,Not Enough Evidence,Not Supported
P0231,P0231_T6,P0231_T6_3,3,condition_removed,Not Enough Evidence,Not Supported
P0231,P0231_T6,P0231_T6_4,4,supported,Supported,Not Supported
P0231,P0231_T6,P0231_T6_5,5,condition_contradicted,Not Supported,Not Supported
P0231,P0231_T7,P0231_T7_1,1,relation_contradicted,Not Supported,Not Supported
P0231,P0231_T7,P0231_T7_2,2,condition_replaced,Not Enough Evidence,Not Supported
P0231,P0231_T7,P0231_T7_3,3,condition_removed,Not Enough Evidence,Not Supported
P0231,P0231_T7,P0231_T7_4,4,supported,Supported,Not Supported
P0231,P0231_T7,P0231_T7_5,5,condition_contradicted,Not Supported,Not Supported
P0231,P0231_T8,P0231_T8_1,1,relation_contradicted,Not Supported,Not Supported
P0231,P0231_T8,P0231_T8_2,2,condition_replaced,Not Enough Evidence,Not Supported
P0231,P0231_T8,P0231_T8_3,3,condition_removed,Not Enough Evidence,Not Supported
P0231,P0231_T8,P0231_T8_4,4,supported,Supported,Not Supported
P0231,P0231_T8,P0231_T8_5,5,condition_contradicted,Not Supported,Not Supported
P0231,P0231_T9,P0231_T9_1,1,relation_contradicted,Not Supported,Not Supported
P0231,P0231_T9,P0231_T9_2,2,condition_replaced,Not Enough Evidence,Not Supported
P0231,P0231_T9,P0231_T9_3,3,condition_removed,Not Enough Evidence,Not Supported
P0231,P0231_T9,P0231_T9_4,4,supported,Supported,Not Supported
P0231,P0231_T9,P0231_T9_5,5,condition_contradicted,Not Supported,Not Supported
P0232,P0232_T1,P0232_T1_1,1,relation_contradicted,Not Supported,Not Supported
P0232,P0232_T1,P0232_T1_2,2,condition_replaced,Not Enough Evidence,Not Enough Evidence
P0232,P0232_T1,P0232_T1_3,3,condition_removed,Not Enough Evidence,Not Enough Evidence
P0232,P0232_T1,P0232_T1_4,4,supported,Supported,Supported
P0232,P0232_T1,P0232_T1_5,5,condition_contradicted,Not Supported,Not Supported
P0233,P0233_T1,P0233_T1_1,1,relation_contradicted,Not Supported,Not Supported
P0233,P0233_T1,P0233_T1_2,2,condition_replaced,Not Enough Evidence,Not Supported
P0233,P0233_T1,P0233_T1_3,3,condition_removed,Not Enough Evidence,Not Enough Evidence
P0233,P0233_T1,P0233_T1_4,4,supported,Supported,Not Supported
P0233,P0233_T1,P0233_T1_5,5,condition_contradicted,Not Supported,Not Supported
P0234,P0234_T1,P0234_T1_1,1,relation_contradicted,Not Supported,Not Supported
P0234,P0234_T1,P0234_T1_2,2,condition_replaced,Not Enough Evidence,Not Enough Evidence
P0234,P0234_T1,P0234_T1_3,3,condition_removed,Not Enough Evidence,Not Enough Evidence
P0234,P0234_T1,P0234_T1_4,4,supported,Supported,Supported
P0234,P0234_T1,P0234_T1_5,5,condition_contradicted,Not Supported,Not Supported
P0234,P0234_T2,P0234_T2_1,1,relation_contradicted,Not Supported,Not Supported
P0234,P0234_T2,P0234_T2_2,2,condition_replaced,Not Enough Evidence,Not Enough Evidence
P0234,P0234_T2,P0234_T2_3,3,condition_removed,Not Enough Evidence,Not Enough Evidence
P0234,P0234_T2,P0234_T2_4,4,supported,Supported,Not Supported
P0234,P0234_T2,P0234_T2_5,5,condition_contradicted,Not Supported,Not Supported
P0235,P0235_T1,P0235_T1_1,1,relation_contradicted,Not Supported,Not Supported
P0235,P0235_T1,P0235_T1_2,2,condition_replaced,Not Enough Evidence,Not Supported
P0235,P0235_T1,P0235_T1_3,3,condition_removed,Not Enough Evidence,Not Supported
P0235,P0235_T1,P0235_T1_4,4,supported,Supported,Not Supported
P0235,P0235_T1,P0235_T1_5,5,condition_contradicted,Not Supported,Not Supported
P0340,P0340_T1,P0340_T1_1,1,relation_contradicted,Not Supported,Not Supported
P0340,P0340_T1,P0340_T1_2,2,condition_replaced,Not Enough Evidence,Not Supported
P0340,P0340_T1,P0340_T1_3,3,condition_removed,Not Enough Evidence,Not Supported
P0340,P0340_T1,P0340_T1_4,4,supported,Supported,Not Supported
P0340,P0340_T1,P0340_T1_5,5,condition_contradicted,Not Supported,Not Supported
P0340,P0340_T2,P0340_T2_1,1,relation_contradicted,Not Supported,Not Supported
P0340,P0340_T2,P0340_T2_2,2,condition_replaced,Not Enough Evidence,Not Supported
P0340,P0340_T2,P0340_T2_3,3,condition_removed,Not Enough Evidence,Not Supported
P0340,P0340_T2,P0340_T2_4,4,supported,Supported,Not Supported
P0340,P0340_T2,P0340_T2_5,5,condition_contradicted,Not Supported,Not Supported
P0341,P0341_T1,P0341_T1_1,1,relation_contradicted,Not Supported,Not Supported
P0341,P0341_T1,P0341_T1_2,2,condition_replaced,Not Enough Evidence,Not Enough Evidence
P0341,P0341_T1,P0341_T1_3,3,condition_removed,Not Enough Evidence,Not Enough Evidence
P0341,P0341_T1,P0341_T1_4,4,supported,Supported,Supported
P0341,P0341_T1,P0341_T1_5,5,condition_contradicted,Not Supported,Not Supported
P0342,P0342_T1,P0342_T1_1,1,relation_contradicted,Not Supported,Not Supported
P0342,P0342_T1,P0342_T1_2,2,condition_replaced,Not Enough Evidence,Not Supported
P0342,P0342_T1,P0342_T1_3,3,condition_removed,Not Enough Evidence,Not Supported
P0342,P0342_T1,P0342_T1_4,4,supported,Supported,Not Supported
P0342,P0342_T1,P0342_T1_5,5,condition_contradicted,Not Supported,Not Supported
P0344,P0344_T1,P0344_T1_1,1,relation_contradicted,Not Supported,Not Supported
P0344,P0344_T1,P0344_T1_2,2,condition_replaced,Not Enough Evidence,Not Enough Evidence
P0344,P0344_T1,P0344_T1_3,3,condition_removed,Not Enough Evidence,Not Enough Evidence
P0344,P0344_T1,P0344_T1_4,4,supported,Supported,Supported
P0344,P0344_T1,P0344_T1_5,5,condition_contradicted,Not Supported,Not Supported
P0344,P0344_T2,P0344_T2_1,1,relation_contradicted,Not Supported,Not Supported
P0344,P0344_T2,P0344_T2_2,2,condition_replaced,Not Enough Evidence,Not Enough Evidence
P0344,P0344_T2,P0344_T2_3,3,condition_removed,Not Enough Evidence,Not Enough Evidence
P0344,P0344_T2,P0344_T2_4,4,supported,Supported,Supported
P0344,P0344_T2,P0344_T2_5,5,condition_contradicted,Not Supported,Not Supported
P0345,P0345_T1,P0345_T1_1,1,relation_contradicted,Not Supported,Not Supported
P0345,P0345_T1,P0345_T1_2,2,condition_replaced,Not Enough Evidence,Not Supported
P0345,P0345_T1,P0345_T1_3,3,condition_removed,Not Enough Evidence,Not Supported
P0345,P0345_T1,P0345_T1_4,4,supported,Supported,Not Supported
P0345,P0345_T1,P0345_T1_5,5,condition_contradicted,Not Supported,Not Supported
P0346,P0346_T1,P0346_T1_1,1,relation_contradicted,Not Supported,Not Supported
P0346,P0346_T1,P0346_T1_2,2,condition_replaced,Not Enough Evidence,Not Supported
P0346,P0346_T1,P0346_T1_3,3,condition_removed,Not Enough Evidence,Not Supported
P0346,P0346_T1,P0346_T1_4,4,supported,Supported,Not Supported
P0346,P0346_T1,P0346_T1_5,5,condition_contradicted,Not Supported,Not Supported
P0135,P0135_T1,P0135_T1_1,1,relation_contradicted,Not Supported,Not Supported
P0135,P0135_T1,P0135_T1_2,2,condition_replaced,Not Enough Evidence,Not Enough Evidence
P0135,P0135_T1,P0135_T1_3,3,condition_removed,Not Enough Evidence,Not Enough Evidence
P0135,P0135_T1,P0135_T1_4,4,supported,Supported,Supported
P0135,P0135_T1,P0135_T1_5,5,condition_contradicted,Not Supported,Not Supported
P0136,P0136_T1,P0136_T1_1,1,relation_contradicted,Not Supported,Not Supported
P0136,P0136_T1,P0136_T1_2,2,condition_replaced,Not Enough Evidence,Not Enough Evidence
P0136,P0136_T1,P0136_T1_3,3,condition_removed,Not Enough Evidence,Not Enough Evidence
P0136,P0136_T1,P0136_T1_4,4,supported,Supported,Supported
P0136,P0136_T1,P0136_T1_5,5,condition_contradicted,Not Supported,Not Supported
P0137,P0137_T1,P0137_T1_1,1,relation_contradicted,Not Supported,Not Supported
P0137,P0137_T1,P0137_T1_2,2,condition_replaced,Not Enough Evidence,Not Supported
P0137,P0137_T1,P0137_T1_3,3,condition_removed,Not Enough Evidence,Not Supported
P0137,P0137_T1,P0137_T1_4,4,supported,Supported,Not Supported
P0137,P0137_T1,P0137_T1_5,5,condition_contradicted,Not Supported,Not Supported
P0137,P0137_T2,P0137_T2_1,1,relation_contradicted,Not Supported,Not Supported
P0137,P0137_T2,P0137_T2_2,2,condition_replaced,Not Enough Evidence,Not Supported
P0137,P0137_T2,P0137_T2_3,3,condition_removed,Not Enough Evidence,Not Supported
P0137,P0137_T2,P0137_T2_4,4,supported,Supported,Not Supported
P0137,P0137_T2,P0137_T2_5,5,condition_contradicted,Not Supported,Not Supported
P0137,P0137_T3,P0137_T3_1,1,relation_contradicted,Not Supported,Not Supported
P0137,P0137_T3,P0137_T3_2,2,condition_replaced,Not Enough Evidence,Not Supported
P0137,P0137_T3,P0137_T3_3,3,condition_removed,Not Enough Evidence,Not Supported
P0137,P0137_T3,P0137_T3_4,4,supported,Supported,Not Supported
P0137,P0137_T3,P0137_T3_5,5,condition_contradicted,Not Supported,Not Supported
P0137,P0137_T4,P0137_T4_1,1,relation_contradicted,Not Supported,Not Supported
P0137,P0137_T4,P0137_T4_2,2,condition_replaced,Not Enough Evidence,Not Supported
P0137,P0137_T4,P0137_T4_3,3,condition_removed,Not Enough Evidence,Not Supported
P0137,P0137_T4,P0137_T4_4,4,supported,Supported,Not Supported
P0137,P0137_T4,P0137_T4_5,5,condition_contradicted,Not Supported,Not Supported
P0138,P0138_T1,P0138_T1_1,1,relation_contradicted,Not Supported,Not Supported
P0138,P0138_T1,P0138_T1_2,2,condition_replaced,Not Enough Evidence,Not Supported
P0138,P0138_T1,P0138_T1_3,3,condition_removed,Not Enough Evidence,Not Enough Evidence
P0138,P0138_T1,P0138_T1_4,4,supported,Supported,Supported
P0138,P0138_T1,P0138_T1_5,5,condition_contradicted,Not Supported,Not Supported
P0138,P0138_T2,P0138_T2_1,1,relation_contradicted,Not Supported,Not Supported
P0138,P0138_T2,P0138_T2_2,2,condition_replaced,Not Enough Evidence,Not Enough Evidence
P0138,P0138_T2,P0138_T2_3,3,condition_removed,Not Enough Evidence,Not Supported
P0138,P0138_T2,P0138_T2_4,4,supported,Supported,Not Supported
P0138,P0138_T2,P0138_T2_5,5,condition_contradicted,Not Supported,Not Supported
P0138,P0138_T3,P0138_T3_1,1,relation_contradicted,Not Supported,Not Supported
P0138,P0138_T3,P0138_T3_2,2,condition_replaced,Not Enough Evidence,Not Enough Evidence
P0138,P0138_T3,P0138_T3_3,3,condition_removed,Not Enough Evidence,Not Enough Evidence
P0138,P0138_T3,P0138_T3_4,4,supported,Supported,Not Supported
P0138,P0138_T3,P0138_T3_5,5,condition_contradicted,Not Supported,Not Supported
P0139,P0139_T1,P0139_T1_1,1,relation_contradicted,Not Supported,Not Supported
P0139,P0139_T1,P0139_T1_2,2,condition_replaced,Not Enough Evidence,Not Enough Evidence
P0139,P0139_T1,P0139_T1_3,3,condition_removed,Not Enough Evidence,Not Enough Evidence
P0139,P0139_T1,P0139_T1_4,4,supported,Supported,Supported
P0139,P0139_T1,P0139_T1_5,5,condition_contradicted,Not Supported,Not Supported
P0489,P0489_T2,P0489_T2_1,1,relation_contradicted,Not Supported,Not Supported
P0489,P0489_T2,P0489_T2_2,2,condition_replaced,Not Enough Evidence,Not Supported
P0489,P0489_T2,P0489_T2_3,3,condition_removed,Not Enough Evidence,Not Supported
P0489,P0489_T2,P0489_T2_4,4,supported,Supported,Not Supported
P0489,P0489_T2,P0489_T2_5,5,condition_contradicted,Not Supported,Not Supported
P0490,P0490_T1,P0490_T1_1,1,relation_contradicted,Not Supported,Not Supported
P0490,P0490_T1,P0490_T1_2,2,condition_replaced,Not Enough Evidence,Not Supported
P0490,P0490_T1,P0490_T1_3,3,condition_removed,Not Enough Evidence,Not Supported
P0490,P0490_T1,P0490_T1_4,4,supported,Supported,Not Supported
P0490,P0490_T1,P0490_T1_5,5,condition_contradicted,Not Supported,Not Supported
P0491,P0491_T1,P0491_T1_1,1,relation_contradicted,Not Supported,Not Supported
P0491,P0491_T1,P0491_T1_2,2,condition_replaced,Not Enough Evidence,Not Supported
P0491,P0491_T1,P0491_T1_3,3,condition_removed,Not Enough Evidence,Not Supported
P0491,P0491_T1,P0491_T1_4,4,supported,Supported,Not Supported
P0491,P0491_T1,P0491_T1_5,5,condition_contradicted,Not Supported,Not Supported
P0491,P0491_T2,P0491_T2_1,1,relation_contradicted,Not Supported,Not Supported
P0491,P0491_T2,P0491_T2_2,2,condition_replaced,Not Enough Evidence,Not Supported
P0491,P0491_T2,P0491_T2_3,3,condition_removed,Not Enough Evidence,Not Supported
P0491,P0491_T2,P0491_T2_4,4,supported,Supported,Not Supported
P0491,P0491_T2,P0491_T2_5,5,condition_contradicted,Not Supported,Not Supported
P0491,P0491_T3,P0491_T3_1,1,relation_contradicted,Not Supported,Not Supported
P0491,P0491_T3,P0491_T3_2,2,condition_replaced,Not Enough Evidence,Not Supported
P0491,P0491_T3,P0491_T3_3,3,condition_removed,Not Enough Evidence,Not Supported
P0491,P0491_T3,P0491_T3_4,4,supported,Supported,Not Supported
P0491,P0491_T3,P0491_T3_5,5,condition_contradicted,Not Supported,Not Supported
P0492,P0492_T1,P0492_T1_1,1,relation_contradicted,Not Supported,Not Supported
P0492,P0492_T1,P0492_T1_2,2,condition_replaced,Not Enough Evidence,Not Supported
P0492,P0492_T1,P0492_T1_3,3,condition_removed,Not Enough Evidence,Not Supported
P0492,P0492_T1,P0492_T1_4,4,supported,Supported,Not Supported
P0492,P0492_T1,P0492_T1_5,5,condition_contradicted,Not Supported,Not Supported
P0492,P0492_T2,P0492_T2_1,1,relation_contradicted,Not Supported,Not Supported
P0492,P0492_T2,P0492_T2_2,2,condition_replaced,Not Enough Evidence,Not Supported
P0492,P0492_T2,P0492_T2_3,3,condition_removed,Not Enough Evidence,Not Supported
P0492,P0492_T2,P0492_T2_4,4,supported,Supported,Not Supported
P0492,P0492_T2,P0492_T2_5,5,condition_contradicted,Not Supported,Not Supported
P0493,P0493_T1,P0493_T1_1,1,relation_contradicted,Not Supported,Not Supported
P0493,P0493_T1,P0493_T1_2,2,condition_replaced,Not Enough Evidence,Not Supported
P0493,P0493_T1,P0493_T1_3,3,condition_removed,Not Enough Evidence,Not Supported
P0493,P0493_T1,P0493_T1_4,4,supported,Supported,Not Supported
P0493,P0493_T1,P0493_T1_5,5,condition_contradicted,Not Supported,Not Supported
P0493,P0493_T2,P0493_T2_1,1,relation_contradicted,Not Supported,Not Supported
P0493,P0493_T2,P0493_T2_2,2,condition_replaced,Not Enough Evidence,Not Supported
P0493,P0493_T2,P0493_T2_3,3,condition_removed,Not Enough Evidence,Not Supported
P0493,P0493_T2,P0493_T2_4,4,supported,Supported,Not Supported
P0493,P0493_T2,P0493_T2_5,5,condition_contradicted,Not Supported,Not Supported
P0494,P0494_T1,P0494_T1_1,1,relation_contradicted,Not Supported,Not Supported
P0494,P0494_T1,P0494_T1_2,2,condition_replaced,Not Enough Evidence,Not Enough Evidence
P0494,P0494_T1,P0494_T1_3,3,condition_removed,Not Enough Evidence,Not Enough Evidence
P0494,P0494_T1,P0494_T1_4,4,supported,Supported,Supported
P0494,P0494_T1,P0494_T1_5,5,condition_contradicted,Not Supported,Not Supported
P0495,P0495_T1,P0495_T1_1,1,relation_contradicted,Not Supported,Not Supported
P0495,P0495_T1,P0495_T1_2,2,condition_replaced,Not Enough Evidence,Not Supported
P0495,P0495_T1,P0495_T1_3,3,condition_removed,Not Enough Evidence,Not Supported
P0495,P0495_T1,P0495_T1_4,4,supported,Supported,Not Supported
P0495,P0495_T1,P0495_T1_5,5,condition_contradicted,Not Supported,Not Supported
P0496,P0496_T1,P0496_T1_1,1,relation_contradicted,Not Supported,Not Supported
P0496,P0496_T1,P0496_T1_2,2,condition_replaced,Not Enough Evidence,Not Supported
P0496,P0496_T1,P0496_T1_3,3,condition_removed,Not Enough Evidence,Not Supported
P0496,P0496_T1,P0496_T1_4,4,supported,Supported,Not Supported
P0496,P0496_T1,P0496_T1_5,5,condition_contradicted,Not Supported,Not Supported
P0497,P0497_T1,P0497_T1_1,1,relation_contradicted,Not Supported,Not Supported
P0497,P0497_T1,P0497_T1_2,2,condition_replaced,Not Enough Evidence,Not Supported
P0497,P0497_T1,P0497_T1_3,3,condition_removed,Not Enough Evidence,Not Supported
P0497,P0497_T1,P0497_T1_4,4,supported,Supported,Not Supported
P0497,P0497_T1,P0497_T1_5,5,condition_contradicted,Not Supported,Not Supported
P0498,P0498_T1,P0498_T1_1,1,relation_contradicted,Not Supported,Not Supported
P0498,P0498_T1,P0498_T1_2,2,condition_replaced,Not Enough Evidence,Not Supported
P0498,P0498_T1,P0498_T1_3,3,condition_removed,Not Enough Evidence,Not Supported
P0498,P0498_T1,P0498_T1_4,4,supported,Supported,Not Supported
P0498,P0498_T1,P0498_T1_5,5,condition_contradicted,Not Supported,Not Supported
P0498,P0498_T2,P0498_T2_1,1,relation_contradicted,Not Supported,Not Supported
P0498,P0498_T2,P0498_T2_2,2,condition_replaced,Not Enough Evidence,Not Supported
P0498,P0498_T2,P0498_T2_3,3,condition_removed,Not Enough Evidence,Not Supported
P0498,P0498_T2,P0498_T2_4,4,supported,Supported,Not Supported
P0498,P0498_T2,P0498_T2_5,5,condition_contradicted,Not Supported,Not Supported
P0499,P0499_T1,P0499_T1_1,1,relation_contradicted,Not Supported,Not Supported
P0499,P0499_T1,P0499_T1_2,2,condition_replaced,Not Enough Evidence,Not Supported
P0499,P0499_T1,P0499_T1_3,3,condition_removed,Not Enough Evidence,Not Supported
P0499,P0499_T1,P0499_T1_4,4,supported,Supported,Not Supported
P0499,P0499_T1,P0499_T1_5,5,condition_contradicted,Not Supported,Not Supported
P0499,P0499_T2,P0499_T2_1,1,relation_contradicted,Not Supported,Not Supported
P0499,P0499_T2,P0499_T2_2,2,condition_replaced,Not Enough Evidence,Not Supported
P0499,P0499_T2,P0499_T2_3,3,condition_removed,Not Enough Evidence,Not Supported
P0499,P0499_T2,P0499_T2_4,4,supported,Supported,Not Supported
P0499,P0499_T2,P0499_T2_5,5,condition_contradicted,Not Supported,Not Supported
P0500,P0500_T1,P0500_T1_1,1,relation_contradicted,Not Supported,Not Supported
P0500,P0500_T1,P0500_T1_2,2,condition_replaced,Not Enough Evidence,Not Supported
P0500,P0500_T1,P0500_T1_3,3,condition_removed,Not Enough Evidence,Not Supported
P0500,P0500_T1,P0500_T1_4,4,supported,Supported,Not Supported
P0500,P0500_T1,P0500_T1_5,5,condition_contradicted,Not Supported,Not Supported
P0501,P0501_T1,P0501_T1_1,1,relation_contradicted,Not Supported,Not Supported
P0501,P0501_T1,P0501_T1_2,2,condition_replaced,Not Enough Evidence,Not Supported
P0501,P0501_T1,P0501_T1_3,3,condition_removed,Not Enough Evidence,Not Enough Evidence
P0501,P0501_T1,P0501_T1_4,4,supported,Supported,Supported
P0501,P0501_T1,P0501_T1_5,5,condition_contradicted,Not Supported,Not Supported
P0347,P0347_T2,P0347_T2_1,1,relation_contradicted,Not Supported,Not Supported
P0347,P0347_T2,P0347_T2_2,2,condition_replaced,Not Enough Evidence,Not Supported
P0347,P0347_T2,P0347_T2_3,3,condition_removed,Not Enough Evidence,Not Supported
P0347,P0347_T2,P0347_T2_4,4,supported,Supported,Not Supported
P0347,P0347_T2,P0347_T2_5,5,condition_contradicted,Not Supported,Not Supported
P0347,P0347_T3,P0347_T3_1,1,relation_contradicted,Not Supported,Not Supported
P0347,P0347_T3,P0347_T3_2,2,condition_replaced,Not Enough Evidence,Not Supported
P0347,P0347_T3,P0347_T3_3,3,condition_removed,Not Enough Evidence,Not Supported
P0347,P0347_T3,P0347_T3_4,4,supported,Supported,Not Supported
P0347,P0347_T3,P0347_T3_5,5,condition_contradicted,Not Supported,Not Supported
P0347,P0347_T4,P0347_T4_1,1,relation_contradicted,Not Supported,Not Supported
P0347,P0347_T4,P0347_T4_2,2,condition_replaced,Not Enough Evidence,Not Supported
P0347,P0347_T4,P0347_T4_3,3,condition_removed,Not Enough Evidence,Not Supported
P0347,P0347_T4,P0347_T4_4,4,supported,Supported,Not Supported
P0347,P0347_T4,P0347_T4_5,5,condition_contradicted,Not Supported,Not Supported
P0348,P0348_T1,P0348_T1_1,1,relation_contradicted,Not Supported,Not Supported
P0348,P0348_T1,P0348_T1_2,2,condition_replaced,Not Enough Evidence,Not Supported
P0348,P0348_T1,P0348_T1_3,3,condition_removed,Not Enough Evidence,Not Supported
P0348,P0348_T1,P0348_T1_4,4,supported,Supported,Not Supported
P0348,P0348_T1,P0348_T1_5,5,condition_contradicted,Not Supported,Not Supported
P0349,P0349_T1,P0349_T1_1,1,relation_contradicted,Not Supported,Not Supported
P0349,P0349_T1,P0349_T1_2,2,condition_replaced,Not Enough Evidence,Not Enough Evidence
P0349,P0349_T1,P0349_T1_3,3,condition_removed,Not Enough Evidence,Not Enough Evidence
P0349,P0349_T1,P0349_T1_4,4,supported,Supported,Not Supported
P0349,P0349_T1,P0349_T1_5,5,condition_contradicted,Not Supported,Not Supported
P0350,P0350_T1,P0350_T1_1,1,relation_contradicted,Not Supported,Not Supported
P0350,P0350_T1,P0350_T1_2,2,condition_replaced,Not Enough Evidence,Not Supported
P0350,P0350_T1,P0350_T1_3,3,condition_removed,Not Enough Evidence,Not Supported
P0350,P0350_T1,P0350_T1_4,4,supported,Supported,Not Supported
P0350,P0350_T1,P0350_T1_5,5,condition_contradicted,Not Supported,Not Supported
P0351,P0351_T1,P0351_T1_1,1,relation_contradicted,Not Supported,Not Supported
P0351,P0351_T1,P0351_T1_2,2,condition_replaced,Not Enough Evidence,Not Supported
P0351,P0351_T1,P0351_T1_3,3,condition_removed,Not Enough Evidence,Not Supported
P0351,P0351_T1,P0351_T1_4,4,supported,Supported,Not Supported
P0351,P0351_T1,P0351_T1_5,5,condition_contradicted,Not Supported,Not Supported
P0351,P0351_T2,P0351_T2_1,1,relation_contradicted,Not Supported,Not Supported
P0351,P0351_T2,P0351_T2_2,2,condition_replaced,Not Enough Evidence,Not Supported
P0351,P0351_T2,P0351_T2_3,3,condition_removed,Not Enough Evidence,Not Supported
P0351,P0351_T2,P0351_T2_4,4,supported,Supported,Not Supported
P0351,P0351_T2,P0351_T2_5,5,condition_contradicted,Not Supported,Not Supported
P0352,P0352_T1,P0352_T1_1,1,relation_contradicted,Not Supported,Not Supported
P0352,P0352_T1,P0352_T1_2,2,condition_replaced,Not Enough Evidence,Not Supported
P0352,P0352_T1,P0352_T1_3,3,condition_removed,Not Enough Evidence,Not Supported
P0352,P0352_T1,P0352_T1_4,4,supported,Supported,Not Supported
P0352,P0352_T1,P0352_T1_5,5,condition_contradicted,Not Supported,Not Supported
P0014,P0014_T2,P0014_T2_1,1,relation_contradicted,Not Supported,Not Supported
P0014,P0014_T2,P0014_T2_2,2,condition_replaced,Not Enough Evidence,Not Enough Evidence
P0014,P0014_T2,P0014_T2_3,3,condition_removed,Not Enough Evidence,Not Enough Evidence
P0014,P0014_T2,P0014_T2_4,4,supported,Supported,Not Supported
P0014,P0014_T2,P0014_T2_5,5,condition_contradicted,Not Supported,Not Supported
P0014,P0014_T3,P0014_T3_1,1,relation_contradicted,Not Supported,Not Supported
P0014,P0014_T3,P0014_T3_2,2,condition_replaced,Not Enough Evidence,Not Enough Evidence
P0014,P0014_T3,P0014_T3_3,3,condition_removed,Not Enough Evidence,Not Enough Evidence
P0014,P0014_T3,P0014_T3_4,4,supported,Supported,Not Supported
P0014,P0014_T3,P0014_T3_5,5,condition_contradicted,Not Supported,Not Supported
P0015,P0015_T1,P0015_T1_1,1,relation_contradicted,Not Supported,Not Supported
P0015,P0015_T1,P0015_T1_2,2,condition_replaced,Not Enough Evidence,Not Enough Evidence
P0015,P0015_T1,P0015_T1_3,3,condition_removed,Not Enough Evidence,Not Enough Evidence
P0015,P0015_T1,P0015_T1_4,4,supported,Supported,Not Supported
P0015,P0015_T1,P0015_T1_5,5,condition_contradicted,Not Supported,Not Supported
P0015,P0015_T2,P0015_T2_1,1,relation_contradicted,Not Supported,Not Supported
P0015,P0015_T2,P0015_T2_2,2,condition_replaced,Not Enough Evidence,Not Enough Evidence
P0015,P0015_T2,P0015_T2_3,3,condition_removed,Not Enough Evidence,Not Enough Evidence
P0015,P0015_T2,P0015_T2_4,4,supported,Supported,Supported
P0015,P0015_T2,P0015_T2_5,5,condition_contradicted,Not Supported,Not Supported
P0015,P0015_T3,P0015_T3_1,1,relation_contradicted,Not Supported,Not Supported
P0015,P0015_T3,P0015_T3_2,2,condition_replaced,Not Enough Evidence,Not Enough Evidence
P0015,P0015_T3,P0015_T3_3,3,condition_removed,Not Enough Evidence,Not Enough Evidence
P0015,P0015_T3,P0015_T3_4,4,supported,Supported,Supported
P0015,P0015_T3,P0015_T3_5,5,condition_contradicted,Not Supported,Not Supported
P0015,P0015_T4,P0015_T4_1,1,relation_contradicted,Not Supported,Not Supported
P0015,P0015_T4,P0015_T4_2,2,condition_replaced,Not Enough Evidence,Not Enough Evidence
P0015,P0015_T4,P0015_T4_3,3,condition_removed,Not Enough Evidence,Not Enough Evidence
P0015,P0015_T4,P0015_T4_4,4,supported,Supported,Not Supported
P0015,P0015_T4,P0015_T4_5,5,condition_contradicted,Not Supported,Not Supported
P0016,P0016_T1,P0016_T1_1,1,relation_contradicted,Not Supported,Not Supported
P0016,P0016_T1,P0016_T1_2,2,condition_replaced,Not Enough Evidence,Not Enough Evidence
P0016,P0016_T1,P0016_T1_3,3,condition_removed,Not Enough Evidence,Not Enough Evidence
P0016,P0016_T1,P0016_T1_4,4,supported,Supported,Supported
P0016,P0016_T1,P0016_T1_5,5,condition_contradicted,Not Supported,Not Supported
P0016,P0016_T2,P0016_T2_1,1,relation_contradicted,Not Supported,Not Supported
P0016,P0016_T2,P0016_T2_2,2,condition_replaced,Not Enough Evidence,Not Enough Evidence
P0016,P0016_T2,P0016_T2_3,3,condition_removed,Not Enough Evidence,Not Enough Evidence
P0016,P0016_T2,P0016_T2_4,4,supported,Supported,Not Supported
P0016,P0016_T2,P0016_T2_5,5,condition_contradicted,Not Supported,Not Supported
P0017,P0017_T1,P0017_T1_1,1,relation_contradicted,Not Supported,Not Supported
P0017,P0017_T1,P0017_T1_2,2,condition_replaced,Not Enough Evidence,Not Enough Evidence
P0017,P0017_T1,P0017_T1_3,3,condition_removed,Not Enough Evidence,Not Enough Evidence
P0017,P0017_T1,P0017_T1_4,4,supported,Supported,Not Supported
P0017,P0017_T1,P0017_T1_5,5,condition_contradicted,Not Supported,Not Supported
P0018,P0018_T1,P0018_T1_1,1,relation_contradicted,Not Supported,Not Supported
P0018,P0018_T1,P0018_T1_2,2,condition_replaced,Not Enough Evidence,Not Enough Evidence
P0018,P0018_T1,P0018_T1_3,3,condition_removed,Not Enough Evidence,Not Enough Evidence
P0018,P0018_T1,P0018_T1_4,4,supported,Supported,Supported
P0018,P0018_T1,P0018_T1_5,5,condition_contradicted,Not Supported,Not Supported
P0235,P0235_T2,P0235_T2_1,1,relation_contradicted,Not Supported,Not Supported
P0235,P0235_T2,P0235_T2_2,2,condition_replaced,Not Enough Evidence,Not Supported
P0235,P0235_T2,P0235_T2_3,3,condition_removed,Not Enough Evidence,Not Supported
P0235,P0235_T2,P0235_T2_4,4,supported,Supported,Not Supported
P0235,P0235_T2,P0235_T2_5,5,condition_contradicted,Not Supported,Not Supported
P0235,P0235_T3,P0235_T3_1,1,relation_contradicted,Not Supported,Not Supported
P0235,P0235_T3,P0235_T3_2,2,condition_replaced,Not Enough Evidence,Not Supported
P0235,P0235_T3,P0235_T3_3,3,condition_removed,Not Enough Evidence,Not Supported
P0235,P0235_T3,P0235_T3_4,4,supported,Supported,Not Supported
P0235,P0235_T3,P0235_T3_5,5,condition_contradicted,Not Supported,Not Supported
P0236,P0236_T1,P0236_T1_1,1,relation_contradicted,Not Supported,Not Supported
P0236,P0236_T1,P0236_T1_2,2,condition_replaced,Not Enough Evidence,Not Enough Evidence
P0236,P0236_T1,P0236_T1_3,3,condition_removed,Not Enough Evidence,Not Enough Evidence
P0236,P0236_T1,P0236_T1_4,4,supported,Supported,Not Supported
P0236,P0236_T1,P0236_T1_5,5,condition_contradicted,Not Supported,Not Supported
P0237,P0237_T1,P0237_T1_1,1,relation_contradicted,Not Supported,Not Supported
P0237,P0237_T1,P0237_T1_2,2,condition_replaced,Not Enough Evidence,Not Enough Evidence
P0237,P0237_T1,P0237_T1_3,3,condition_removed,Not Enough Evidence,Not Enough Evidence
P0237,P0237_T1,P0237_T1_4,4,supported,Supported,Supported
P0237,P0237_T1,P0237_T1_5,5,condition_contradicted,Not Supported,Not Supported
P0238,P0238_T1,P0238_T1_1,1,relation_contradicted,Not Supported,Not Supported
P0238,P0238_T1,P0238_T1_2,2,condition_replaced,Not Enough Evidence,Not Supported
P0238,P0238_T1,P0238_T1_3,3,condition_removed,Not Enough Evidence,Not Supported
P0238,P0238_T1,P0238_T1_4,4,supported,Supported,Not Supported
P0238,P0238_T1,P0238_T1_5,5,condition_contradicted,Not Supported,Not Supported
P0238,P0238_T2,P0238_T2_1,1,relation_contradicted,Not Supported,Not Supported
P0238,P0238_T2,P0238_T2_2,2,condition_replaced,Not Enough Evidence,Not Supported
P0238,P0238_T2,P0238_T2_3,3,condition_removed,Not Enough Evidence,Not Supported
P0238,P0238_T2,P0238_T2_4,4,supported,Supported,Not Supported
P0238,P0238_T2,P0238_T2_5,5,condition_contradicted,Not Supported,Not Supported
P0239,P0239_T1,P0239_T1_1,1,relation_contradicted,Not Supported,Not Supported
P0239,P0239_T1,P0239_T1_2,2,condition_replaced,Not Enough Evidence,Not Supported
P0239,P0239_T1,P0239_T1_3,3,condition_removed,Not Enough Evidence,Not Supported
P0239,P0239_T1,P0239_T1_4,4,supported,Supported,Not Supported
P0239,P0239_T1,P0239_T1_5,5,condition_contradicted,Not Supported,Not Supported
P0239,P0239_T2,P0239_T2_1,1,relation_contradicted,Not Supported,Not Supported
P0239,P0239_T2,P0239_T2_2,2,condition_replaced,Not Enough Evidence,Not Supported
P0239,P0239_T2,P0239_T2_3,3,condition_removed,Not Enough Evidence,Not Supported
P0239,P0239_T2,P0239_T2_4,4,supported,Supported,Not Supported
P0239,P0239_T2,P0239_T2_5,5,condition_contradicted,Not Supported,Not Supported
P0239,P0239_T3,P0239_T3_1,1,relation_contradicted,Not Supported,Not Supported
P0239,P0239_T3,P0239_T3_2,2,condition_replaced,Not Enough Evidence,Not Supported
P0239,P0239_T3,P0239_T3_3,3,condition_removed,Not Enough Evidence,Not Supported
P0239,P0239_T3,P0239_T3_4,4,supported,Supported,Not Supported
P0239,P0239_T3,P0239_T3_5,5,condition_contradicted,Not Supported,Not Supported
P0239,P0239_T4,P0239_T4_1,1,relation_contradicted,Not Supported,Not Supported
P0239,P0239_T4,P0239_T4_2,2,condition_replaced,Not Enough Evidence,Not Supported
P0239,P0239_T4,P0239_T4_3,3,condition_removed,Not Enough Evidence,Not Supported
P0239,P0239_T4,P0239_T4_4,4,supported,Supported,Not Supported
P0239,P0239_T4,P0239_T4_5,5,condition_contradicted,Not Supported,Not Supported
P0139,P0139_T2,P0139_T2_1,1,relation_contradicted,Not Supported,Not Supported
P0139,P0139_T2,P0139_T2_2,2,condition_replaced,Not Enough Evidence,Not Enough Evidence
P0139,P0139_T2,P0139_T2_3,3,condition_removed,Not Enough Evidence,Not Enough Evidence
P0139,P0139_T2,P0139_T2_4,4,supported,Supported,Supported
P0139,P0139_T2,P0139_T2_5,5,condition_contradicted,Not Supported,Not Supported
P0139,P0139_T3,P0139_T3_1,1,relation_contradicted,Not Supported,Not Supported
P0139,P0139_T3,P0139_T3_2,2,condition_replaced,Not Enough Evidence,Not Enough Evidence
P0139,P0139_T3,P0139_T3_3,3,condition_removed,Not Enough Evidence,Not Enough Evidence
P0139,P0139_T3,P0139_T3_4,4,supported,Supported,Supported
P0139,P0139_T3,P0139_T3_5,5,condition_contradicted,Not Supported,Not Supported
P0139,P0139_T4,P0139_T4_1,1,relation_contradicted,Not Supported,Not Supported
P0139,P0139_T4,P0139_T4_2,2,condition_replaced,Not Enough Evidence,Not Enough Evidence
P0139,P0139_T4,P0139_T4_3,3,condition_removed,Not Enough Evidence,Not Enough Evidence
P0139,P0139_T4,P0139_T4_4,4,supported,Supported,Supported
P0139,P0139_T4,P0139_T4_5,5,condition_contradicted,Not Supported,Not Supported
P0140,P0140_T1,P0140_T1_1,1,relation_contradicted,Not Supported,Not Supported
P0140,P0140_T1,P0140_T1_2,2,condition_replaced,Not Enough Evidence,Not Supported
P0140,P0140_T1,P0140_T1_3,3,condition_removed,Not Enough Evidence,Not Supported
P0140,P0140_T1,P0140_T1_4,4,supported,Supported,Not Supported
P0140,P0140_T1,P0140_T1_5,5,condition_contradicted,Not Supported,Not Supported
P0140,P0140_T2,P0140_T2_1,1,relation_contradicted,Not Supported,Not Supported
P0140,P0140_T2,P0140_T2_2,2,condition_replaced,Not Enough Evidence,Not Supported
P0140,P0140_T2,P0140_T2_3,3,condition_removed,Not Enough Evidence,Not Supported
P0140,P0140_T2,P0140_T2_4,4,supported,Supported,Not Supported
P0140,P0140_T2,P0140_T2_5,5,condition_contradicted,Not Supported,Not Supported
P0140,P0140_T3,P0140_T3_1,1,relation_contradicted,Not Supported,Not Supported
P0140,P0140_T3,P0140_T3_2,2,condition_replaced,Not Enough Evidence,Not Supported
P0140,P0140_T3,P0140_T3_3,3,condition_removed,Not Enough Evidence,Not Supported
P0140,P0140_T3,P0140_T3_4,4,supported,Supported,Not Supported
P0140,P0140_T3,P0140_T3_5,5,condition_contradicted,Not Supported,Not Supported
P0140,P0140_T4,P0140_T4_1,1,relation_contradicted,Not Supported,Not Supported
P0140,P0140_T4,P0140_T4_2,2,condition_replaced,Not Enough Evidence,Not Supported
P0140,P0140_T4,P0140_T4_3,3,condition_removed,Not Enough Evidence,Not Supported
P0140,P0140_T4,P0140_T4_4,4,supported,Supported,Not Supported
P0140,P0140_T4,P0140_T4_5,5,condition_contradicted,Not Supported,Not Supported
P0140,P0140_T5,P0140_T5_1,1,relation_contradicted,Not Supported,Not Supported
P0140,P0140_T5,P0140_T5_2,2,condition_replaced,Not Enough Evidence,Not Supported
P0140,P0140_T5,P0140_T5_3,3,condition_removed,Not Enough Evidence,Not Supported
P0140,P0140_T5,P0140_T5_4,4,supported,Supported,Not Supported
P0140,P0140_T5,P0140_T5_5,5,condition_contradicted,Not Supported,Not Supported
P0140,P0140_T6,P0140_T6_1,1,relation_contradicted,Not Supported,Not Supported
P0140,P0140_T6,P0140_T6_2,2,condition_replaced,Not Enough Evidence,Not Supported
P0140,P0140_T6,P0140_T6_3,3,condition_removed,Not Enough Evidence,Not Supported
P0140,P0140_T6,P0140_T6_4,4,supported,Supported,Not Supported
P0140,P0140_T6,P0140_T6_5,5,condition_contradicted,Not Supported,Not Supported
P0140,P0140_T7,P0140_T7_1,1,relation_contradicted,Not Supported,Not Supported
P0140,P0140_T7,P0140_T7_2,2,condition_replaced,Not Enough Evidence,Not Supported
P0140,P0140_T7,P0140_T7_3,3,condition_removed,Not Enough Evidence,Not Supported
P0140,P0140_T7,P0140_T7_4,4,supported,Supported,Not Supported
P0140,P0140_T7,P0140_T7_5,5,condition_contradicted,Not Supported,Not Supported
P0502,P0502_T1,P0502_T1_1,1,relation_contradicted,Not Supported,Not Supported
P0502,P0502_T1,P0502_T1_2,2,condition_replaced,Not Enough Evidence,Not Supported
P0502,P0502_T1,P0502_T1_3,3,condition_removed,Not Enough Evidence,Not Supported
P0502,P0502_T1,P0502_T1_4,4,supported,Supported,Not Supported
P0502,P0502_T1,P0502_T1_5,5,condition_contradicted,Not Supported,Not Supported
P0503,P0503_T2,P0503_T2_1,1,relation_contradicted,Not Supported,Not Supported
P0503,P0503_T2,P0503_T2_2,2,condition_replaced,Not Enough Evidence,Not Enough Evidence
P0503,P0503_T2,P0503_T2_3,3,condition_removed,Not Enough Evidence,Not Enough Evidence
P0503,P0503_T2,P0503_T2_4,4,supported,Supported,Not Supported
P0503,P0503_T2,P0503_T2_5,5,condition_contradicted,Not Supported,Not Supported
P0503,P0503_T3,P0503_T3_1,1,relation_contradicted,Not Supported,Not Supported
P0503,P0503_T3,P0503_T3_2,2,condition_replaced,Not Enough Evidence,Not Enough Evidence
P0503,P0503_T3,P0503_T3_3,3,condition_removed,Not Enough Evidence,Not Enough Evidence
P0503,P0503_T3,P0503_T3_4,4,supported,Supported,Not Supported
P0503,P0503_T3,P0503_T3_5,5,condition_contradicted,Not Supported,Not Supported
P0504,P0504_T3,P0504_T3_1,1,relation_contradicted,Not Supported,Not Supported
P0504,P0504_T3,P0504_T3_2,2,condition_replaced,Not Enough Evidence,Not Supported
P0504,P0504_T3,P0504_T3_3,3,condition_removed,Not Enough Evidence,Not Supported
P0504,P0504_T3,P0504_T3_4,4,supported,Supported,Not Supported
P0504,P0504_T3,P0504_T3_5,5,condition_contradicted,Not Supported,Not Supported
P0504,P0504_T4,P0504_T4_1,1,relation_contradicted,Not Supported,Not Supported
P0504,P0504_T4,P0504_T4_2,2,condition_replaced,Not Enough Evidence,Not Supported
P0504,P0504_T4,P0504_T4_3,3,condition_removed,Not Enough Evidence,Not Supported
P0504,P0504_T4,P0504_T4_4,4,supported,Supported,Not Supported
P0504,P0504_T4,P0504_T4_5,5,condition_contradicted,Not Supported,Not Supported
P0505,P0505_T1,P0505_T1_1,1,relation_contradicted,Not Supported,Not Supported
P0505,P0505_T1,P0505_T1_2,2,condition_replaced,Not Enough Evidence,Not Supported
P0505,P0505_T1,P0505_T1_3,3,condition_removed,Not Enough Evidence,Not Supported
P0505,P0505_T1,P0505_T1_4,4,supported,Supported,Not Supported
P0505,P0505_T1,P0505_T1_5,5,condition_contradicted,Not Supported,Not Supported
P0506,P0506_T1,P0506_T1_1,1,relation_contradicted,Not Supported,Not Supported
P0506,P0506_T1,P0506_T1_2,2,condition_replaced,Not Enough Evidence,Not Supported
P0506,P0506_T1,P0506_T1_3,3,condition_removed,Not Enough Evidence,Not Supported
P0506,P0506_T1,P0506_T1_4,4,supported,Supported,Not Supported
P0506,P0506_T1,P0506_T1_5,5,condition_contradicted,Not Supported,Not Supported
P0240,P0240_T1,P0240_T1_1,1,relation_contradicted,Not Supported,Not Supported
P0240,P0240_T1,P0240_T1_2,2,condition_replaced,Not Enough Evidence,Not Supported
P0240,P0240_T1,P0240_T1_3,3,condition_removed,Not Enough Evidence,Not Supported
P0240,P0240_T1,P0240_T1_5,5,condition_contradicted,Not Supported,Not Supported
P0240,P0240_T2,P0240_T2_1,1,relation_contradicted,Not Supported,Not Supported
P0240,P0240_T2,P0240_T2_2,2,condition_replaced,Not Enough Evidence,Not Supported
P0240,P0240_T2,P0240_T2_3,3,condition_removed,Not Enough Evidence,Not Supported
P0240,P0240_T2,P0240_T2_5,5,condition_contradicted,Not Supported,Not Supported
P0240,P0240_T3,P0240_T3_1,1,relation_contradicted,Not Supported,Not Supported
P0240,P0240_T3,P0240_T3_2,2,condition_replaced,Not Enough Evidence,Not Supported
P0240,P0240_T3,P0240_T3_3,3,condition_removed,Not Enough Evidence,Not Enough Evidence
P0240,P0240_T3,P0240_T3_5,5,condition_contradicted,Not Supported,Not Supported
P0241,P0241_T1,P0241_T1_1,1,relation_contradicted,Not Supported,Not Supported
P0241,P0241_T1,P0241_T1_2,2,condition_replaced,Not Enough Evidence,Not Enough Evidence
P0241,P0241_T1,P0241_T1_3,3,condition_removed,Not Enough Evidence,Not Enough Evidence
P0241,P0241_T1,P0241_T1_4,4,supported,Supported,Not Supported
P0241,P0241_T1,P0241_T1_5,5,condition_contradicted,Not Supported,Not Supported
P0241,P0241_T2,P0241_T2_1,1,relation_contradicted,Not Supported,Not Supported
P0241,P0241_T2,P0241_T2_2,2,condition_replaced,Not Enough Evidence,Not Enough Evidence
P0241,P0241_T2,P0241_T2_3,3,condition_removed,Not Enough Evidence,Not Enough Evidence
P0241,P0241_T2,P0241_T2_4,4,supported,Supported,Supported
P0241,P0241_T2,P0241_T2_5,5,condition_contradicted,Not Supported,Not Supported
P0241,P0241_T3,P0241_T3_1,1,relation_contradicted,Not Supported,Not Supported
P0241,P0241_T3,P0241_T3_2,2,condition_replaced,Not Enough Evidence,Not Enough Evidence
P0241,P0241_T3,P0241_T3_3,3,condition_removed,Not Enough Evidence,Not Enough Evidence
P0241,P0241_T3,P0241_T3_4,4,supported,Supported,Not Supported
P0241,P0241_T3,P0241_T3_5,5,condition_contradicted,Not Supported,Not Supported
P0242,P0242_T1,P0242_T1_1,1,relation_contradicted,Not Supported,Not Supported
P0242,P0242_T1,P0242_T1_2,2,condition_replaced,Not Enough Evidence,Not Enough Evidence
P0242,P0242_T1,P0242_T1_3,3,condition_removed,Not Enough Evidence,Not Enough Evidence
P0242,P0242_T1,P0242_T1_4,4,supported,Supported,Supported
P0242,P0242_T1,P0242_T1_5,5,condition_contradicted,Not Supported,Not Supported
P0242,P0242_T2,P0242_T2_1,1,relation_contradicted,Not Supported,Not Supported
P0242,P0242_T2,P0242_T2_2,2,condition_replaced,Not Enough Evidence,Not Enough Evidence
P0242,P0242_T2,P0242_T2_3,3,condition_removed,Not Enough Evidence,Not Enough Evidence
P0242,P0242_T2,P0242_T2_4,4,supported,Supported,Supported
P0242,P0242_T2,P0242_T2_5,5,condition_contradicted,Not Supported,Not Supported
P0243,P0243_T1,P0243_T1_1,1,relation_contradicted,Not Supported,Not Supported
P0243,P0243_T1,P0243_T1_2,2,condition_replaced,Not Enough Evidence,Not Supported
P0243,P0243_T1,P0243_T1_3,3,condition_removed,Not Enough Evidence,Not Supported
P0243,P0243_T1,P0243_T1_4,4,supported,Supported,Not Supported
P0243,P0243_T1,P0243_T1_5,5,condition_contradicted,Not Supported,Not Supported
P0243,P0243_T2,P0243_T2_1,1,relation_contradicted,Not Supported,Not Supported
P0243,P0243_T2,P0243_T2_2,2,condition_replaced,Not Enough Evidence,Not Supported
P0243,P0243_T2,P0243_T2_3,3,condition_removed,Not Enough Evidence,Not Supported
P0243,P0243_T2,P0243_T2_4,4,supported,Supported,Not Supported
P0243,P0243_T2,P0243_T2_5,5,condition_contradicted,Not Supported,Not Supported
P0018,P0018_T2,P0018_T2_1,1,relation_contradicted,Not Supported,Not Supported
P0018,P0018_T2,P0018_T2_2,2,condition_replaced,Not Enough Evidence,Not Enough Evidence
P0018,P0018_T2,P0018_T2_3,3,condition_removed,Not Enough Evidence,Not Enough Evidence
P0018,P0018_T2,P0018_T2_5,5,condition_contradicted,Not Supported,Not Supported
P0019,P0019_T1,P0019_T1_1,1,relation_contradicted,Not Supported,Not Supported
P0019,P0019_T1,P0019_T1_2,2,condition_replaced,Not Enough Evidence,Not Supported
P0019,P0019_T1,P0019_T1_3,3,condition_removed,Not Enough Evidence,Not Supported
P0019,P0019_T1,P0019_T1_5,5,condition_contradicted,Not Supported,Not Supported
P0019,P0019_T2,P0019_T2_1,1,relation_contradicted,Not Supported,Not Supported
P0019,P0019_T2,P0019_T2_2,2,condition_replaced,Not Enough Evidence,Not Supported
P0019,P0019_T2,P0019_T2_3,3,condition_removed,Not Enough Evidence,Not Supported
P0019,P0019_T2,P0019_T2_5,5,condition_contradicted,Not Supported,Not Supported
P0019,P0019_T3,P0019_T3_1,1,relation_contradicted,Not Supported,Not Supported
P0019,P0019_T3,P0019_T3_2,2,condition_replaced,Not Enough Evidence,Not Supported
P0019,P0019_T3,P0019_T3_3,3,condition_removed,Not Enough Evidence,Not Supported
P0019,P0019_T3,P0019_T3_5,5,condition_contradicted,Not Supported,Not Supported
P0020,P0020_T1,P0020_T1_1,1,relation_contradicted,Not Supported,Not Supported
P0020,P0020_T1,P0020_T1_2,2,condition_replaced,Not Enough Evidence,Not Supported
P0020,P0020_T1,P0020_T1_3,3,condition_removed,Not Enough Evidence,Not Supported
P0020,P0020_T1,P0020_T1_5,5,condition_contradicted,Not Supported,Not Supported
P0020,P0020_T2,P0020_T2_1,1,relation_contradicted,Not Supported,Not Supported
P0020,P0020_T2,P0020_T2_2,2,condition_replaced,Not Enough Evidence,Not Enough Evidence
P0020,P0020_T2,P0020_T2_3,3,condition_removed,Not Enough Evidence,Not Enough Evidence
P0020,P0020_T2,P0020_T2_5,5,condition_contradicted,Not Supported,Not Supported
P0021,P0021_T1,P0021_T1_1,1,relation_contradicted,Not Supported,Not Supported
P0021,P0021_T1,P0021_T1_2,2,condition_replaced,Not Enough Evidence,Not Enough Evidence
P0021,P0021_T1,P0021_T1_3,3,condition_removed,Not Enough Evidence,Not Supported
P0021,P0021_T1,P0021_T1_5,5,condition_contradicted,Not Supported,Not Supported
P0022,P0022_T1,P0022_T1_1,1,relation_contradicted,Not Supported,Not Supported
P0022,P0022_T1,P0022_T1_2,2,condition_replaced,Not Enough Evidence,Not Enough Evidence
P0022,P0022_T1,P0022_T1_3,3,condition_removed,Not Enough Evidence,Not Enough Evidence
P0022,P0022_T1,P0022_T1_5,5,condition_contradicted,Not Supported,Not Supported
P0023,P0023_T1,P0023_T1_1,1,relation_contradicted,Not Supported,Not Supported
P0023,P0023_T1,P0023_T1_2,2,condition_replaced,Not Enough Evidence,Not Enough Evidence
P0023,P0023_T1,P0023_T1_3,3,condition_removed,Not Enough Evidence,Not Enough Evidence
P0023,P0023_T1,P0023_T1_5,5,condition_contradicted,Not Supported,Not Supported
P0023,P0023_T2,P0023_T2_1,1,relation_contradicted,Not Supported,Supported
P0023,P0023_T2,P0023_T2_2,2,condition_replaced,Not Enough Evidence,Not Enough Evidence
P0023,P0023_T2,P0023_T2_3,3,condition_removed,Not Enough Evidence,Not Supported
P0023,P0023_T2,P0023_T2_5,5,condition_contradicted,Not Supported,Not Supported
P0141,P0141_T1,P0141_T1_1,1,relation_contradicted,Not Supported,Not Supported
P0141,P0141_T1,P0141_T1_2,2,condition_replaced,Not Enough Evidence,Not Enough Evidence
P0141,P0141_T1,P0141_T1_3,3,condition_removed,Not Enough Evidence,Not Enough Evidence
P0141,P0141_T1,P0141_T1_4,4,supported,Supported,Not Supported
P0141,P0141_T1,P0141_T1_5,5,condition_contradicted,Not Supported,Not Supported
P0141,P0141_T2,P0141_T2_1,1,relation_contradicted,Not Supported,Not Supported
P0141,P0141_T2,P0141_T2_2,2,condition_replaced,Not Enough Evidence,Not Supported
P0141,P0141_T2,P0141_T2_3,3,condition_removed,Not Enough Evidence,Not Enough Evidence
P0141,P0141_T2,P0141_T2_4,4,supported,Supported,Not Supported
P0141,P0141_T2,P0141_T2_5,5,condition_contradicted,Not Supported,Not Supported
P0141,P0141_T3,P0141_T3_1,1,relation_contradicted,Not Supported,Not Supported
P0141,P0141_T3,P0141_T3_2,2,condition_replaced,Not Enough Evidence,Not Enough Evidence
P0141,P0141_T3,P0141_T3_3,3,condition_removed,Not Enough Evidence,Not Enough Evidence
P0141,P0141_T3,P0141_T3_4,4,supported,Supported,Not Supported
P0141,P0141_T3,P0141_T3_5,5,condition_contradicted,Not Supported,Not Supported
P0141,P0141_T4,P0141_T4_1,1,relation_contradicted,Not Supported,Not Supported
P0141,P0141_T4,P0141_T4_2,2,condition_replaced,Not Enough Evidence,Not Enough Evidence
P0141,P0141_T4,P0141_T4_3,3,condition_removed,Not Enough Evidence,Not Enough Evidence
P0141,P0141_T4,P0141_T4_4,4,supported,Supported,Not Supported
P0141,P0141_T4,P0141_T4_5,5,condition_contradicted,Not Supported,Not Supported
P0141,P0141_T5,P0141_T5_1,1,relation_contradicted,Not Supported,Not Supported
P0141,P0141_T5,P0141_T5_2,2,condition_replaced,Not Enough Evidence,Not Enough Evidence
P0141,P0141_T5,P0141_T5_3,3,condition_removed,Not Enough Evidence,Not Enough Evidence
P0141,P0141_T5,P0141_T5_4,4,supported,Supported,Not Supported
P0141,P0141_T5,P0141_T5_5,5,condition_contradicted,Not Supported,Not Supported
P0142,P0142_T1,P0142_T1_1,1,relation_contradicted,Not Supported,Not Supported
P0142,P0142_T1,P0142_T1_2,2,condition_replaced,Not Enough Evidence,Not Enough Evidence
P0142,P0142_T1,P0142_T1_3,3,condition_removed,Not Enough Evidence,Not Enough Evidence
P0142,P0142_T1,P0142_T1_4,4,supported,Supported,Supported
P0142,P0142_T1,P0142_T1_5,5,condition_contradicted,Not Supported,Not Supported
P0142,P0142_T2,P0142_T2_1,1,relation_contradicted,Not Supported,Not Supported
P0142,P0142_T2,P0142_T2_2,2,condition_replaced,Not Enough Evidence,Not Enough Evidence
P0142,P0142_T2,P0142_T2_3,3,condition_removed,Not Enough Evidence,Not Supported
P0142,P0142_T2,P0142_T2_4,4,supported,Supported,Not Supported
P0142,P0142_T2,P0142_T2_5,5,condition_contradicted,Not Supported,Not Supported
P0143,P0143_T1,P0143_T1_1,1,relation_contradicted,Not Supported,Not Supported
P0143,P0143_T1,P0143_T1_2,2,condition_replaced,Not Enough Evidence,Not Supported
P0143,P0143_T1,P0143_T1_3,3,condition_removed,Not Enough Evidence,Not Supported
P0143,P0143_T1,P0143_T1_4,4,supported,Supported,Not Supported
P0143,P0143_T1,P0143_T1_5,5,condition_contradicted,Not Supported,Not Supported
P0143,P0143_T2,P0143_T2_1,1,relation_contradicted,Not Supported,Not Supported
P0143,P0143_T2,P0143_T2_2,2,condition_replaced,Not Enough Evidence,Not Supported
P0143,P0143_T2,P0143_T2_3,3,condition_removed,Not Enough Evidence,Not Supported
P0143,P0143_T2,P0143_T2_4,4,supported,Supported,Not Supported
P0143,P0143_T2,P0143_T2_5,5,condition_contradicted,Not Supported,Not Supported
P0143,P0143_T3,P0143_T3_1,1,relation_contradicted,Not Supported,Not Supported
P0143,P0143_T3,P0143_T3_2,2,condition_replaced,Not Enough Evidence,Not Supported
P0143,P0143_T3,P0143_T3_3,3,condition_removed,Not Enough Evidence,Not Supported
P0143,P0143_T3,P0143_T3_4,4,supported,Supported,Not Supported
P0143,P0143_T3,P0143_T3_5,5,condition_contradicted,Not Supported,Not Supported
P0352,P0352_T2,P0352_T2_1,1,relation_contradicted,Not Supported,Not Supported
P0352,P0352_T2,P0352_T2_2,2,condition_replaced,Not Enough Evidence,Not Supported
P0352,P0352_T2,P0352_T2_3,3,condition_removed,Not Enough Evidence,Not Supported
P0352,P0352_T2,P0352_T2_4,4,supported,Supported,Not Supported
P0352,P0352_T2,P0352_T2_5,5,condition_contradicted,Not Supported,Not Supported
P0352,P0352_T3,P0352_T3_1,1,relation_contradicted,Not Supported,Not Supported
P0352,P0352_T3,P0352_T3_2,2,condition_replaced,Not Enough Evidence,Not Supported
P0352,P0352_T3,P0352_T3_3,3,condition_removed,Not Enough Evidence,Not Supported
P0352,P0352_T3,P0352_T3_4,4,supported,Supported,Not Supported
P0352,P0352_T3,P0352_T3_5,5,condition_contradicted,Not Supported,Not Supported
P0352,P0352_T4,P0352_T4_1,1,relation_contradicted,Not Supported,Not Supported
P0352,P0352_T4,P0352_T4_2,2,condition_replaced,Not Enough Evidence,Not Supported
P0352,P0352_T4,P0352_T4_3,3,condition_removed,Not Enough Evidence,Not Supported
P0352,P0352_T4,P0352_T4_4,4,supported,Supported,Not Supported
P0352,P0352_T4,P0352_T4_5,5,condition_contradicted,Not Supported,Not Supported
P0353,P0353_T1,P0353_T1_1,1,relation_contradicted,Not Supported,Not Supported
P0353,P0353_T1,P0353_T1_2,2,condition_replaced,Not Enough Evidence,Not Enough Evidence
P0353,P0353_T1,P0353_T1_3,3,condition_removed,Not Enough Evidence,Not Enough Evidence
P0353,P0353_T1,P0353_T1_4,4,supported,Supported,Supported
P0353,P0353_T1,P0353_T1_5,5,condition_contradicted,Not Supported,Not Supported
P0354,P0354_T1,P0354_T1_1,1,relation_contradicted,Not Supported,Not Supported
P0354,P0354_T1,P0354_T1_2,2,condition_replaced,Not Enough Evidence,Not Supported
P0354,P0354_T1,P0354_T1_3,3,condition_removed,Not Enough Evidence,Not Supported
P0354,P0354_T1,P0354_T1_4,4,supported,Supported,Not Supported
P0354,P0354_T1,P0354_T1_5,5,condition_contradicted,Not Supported,Not Supported
P0354,P0354_T2,P0354_T2_1,1,relation_contradicted,Not Supported,Not Supported
P0354,P0354_T2,P0354_T2_2,2,condition_replaced,Not Enough Evidence,Not Supported
P0354,P0354_T2,P0354_T2_3,3,condition_removed,Not Enough Evidence,Not Supported
P0354,P0354_T2,P0354_T2_4,4,supported,Supported,Not Supported
P0354,P0354_T2,P0354_T2_5,5,condition_contradicted,Not Supported,Not Supported
P0355,P0355_T1,P0355_T1_1,1,relation_contradicted,Not Supported,Not Supported
P0355,P0355_T1,P0355_T1_2,2,condition_replaced,Not Enough Evidence,Not Enough Evidence
P0355,P0355_T1,P0355_T1_3,3,condition_removed,Not Enough Evidence,Not Enough Evidence
P0355,P0355_T1,P0355_T1_4,4,supported,Supported,Supported
P0355,P0355_T1,P0355_T1_5,5,condition_contradicted,Not Supported,Not Supported
P0356,P0356_T1,P0356_T1_1,1,relation_contradicted,Not Supported,Not Supported
P0356,P0356_T1,P0356_T1_2,2,condition_replaced,Not Enough Evidence,Not Supported
P0356,P0356_T1,P0356_T1_3,3,condition_removed,Not Enough Evidence,Not Supported
P0356,P0356_T1,P0356_T1_4,4,supported,Supported,Not Supported
P0356,P0356_T1,P0356_T1_5,5,condition_contradicted,Not Supported,Not Supported
P0356,P0356_T2,P0356_T2_1,1,relation_contradicted,Not Supported,Not Supported
P0356,P0356_T2,P0356_T2_2,2,condition_replaced,Not Enough Evidence,Not Supported
P0356,P0356_T2,P0356_T2_3,3,condition_removed,Not Enough Evidence,Not Supported
P0356,P0356_T2,P0356_T2_4,4,supported,Supported,Not Supported
P0356,P0356_T2,P0356_T2_5,5,condition_contradicted,Not Supported,Not Supported
P0356,P0356_T3,P0356_T3_1,1,relation_contradicted,Not Supported,Not Supported
P0356,P0356_T3,P0356_T3_2,2,condition_replaced,Not Enough Evidence,Not Supported
P0356,P0356_T3,P0356_T3_3,3,condition_removed,Not Enough Evidence,Not Supported
P0356,P0356_T3,P0356_T3_4,4,supported,Supported,Not Supported
P0356,P0356_T3,P0356_T3_5,5,condition_contradicted,Not Supported,Not Supported
P0507,P0507_T1,P0507_T1_1,1,relation_contradicted,Not Supported,Not Supported
P0507,P0507_T1,P0507_T1_2,2,condition_replaced,Not Enough Evidence,Not Supported
P0507,P0507_T1,P0507_T1_3,3,condition_removed,Not Enough Evidence,Not Supported
P0507,P0507_T1,P0507_T1_4,4,supported,Supported,Not Supported
P0507,P0507_T1,P0507_T1_5,5,condition_contradicted,Not Supported,Not Supported
P0507,P0507_T2,P0507_T2_1,1,relation_contradicted,Not Supported,Not Supported
P0507,P0507_T2,P0507_T2_2,2,condition_replaced,Not Enough Evidence,Not Supported
P0507,P0507_T2,P0507_T2_3,3,condition_removed,Not Enough Evidence,Not Supported
P0507,P0507_T2,P0507_T2_4,4,supported,Supported,Not Supported
P0507,P0507_T2,P0507_T2_5,5,condition_contradicted,Not Supported,Not Supported
P0509,P0509_T2,P0509_T2_1,1,relation_contradicted,Not Supported,Not Supported
P0509,P0509_T2,P0509_T2_2,2,condition_replaced,Not Enough Evidence,Not Enough Evidence
P0509,P0509_T2,P0509_T2_3,3,condition_removed,Not Enough Evidence,Not Enough Evidence
P0509,P0509_T2,P0509_T2_4,4,supported,Supported,Not Supported
P0509,P0509_T2,P0509_T2_5,5,condition_contradicted,Not Supported,Not Supported
P0510,P0510_T1,P0510_T1_1,1,relation_contradicted,Not Supported,Not Supported
P0510,P0510_T1,P0510_T1_2,2,condition_replaced,Not Enough Evidence,Not Enough Evidence
P0510,P0510_T1,P0510_T1_3,3,condition_removed,Not Enough Evidence,Not Enough Evidence
P0510,P0510_T1,P0510_T1_4,4,supported,Supported,Not Supported
P0510,P0510_T1,P0510_T1_5,5,condition_contradicted,Not Supported,Not Supported
P0510,P0510_T2,P0510_T2_1,1,relation_contradicted,Not Supported,Not Supported
P0510,P0510_T2,P0510_T2_2,2,condition_replaced,Not Enough Evidence,Not Enough Evidence
P0510,P0510_T2,P0510_T2_3,3,condition_removed,Not Enough Evidence,Not Enough Evidence
P0510,P0510_T2,P0510_T2_4,4,supported,Supported,Supported
P0510,P0510_T2,P0510_T2_5,5,condition_contradicted,Not Supported,Not Supported
P0510,P0510_T3,P0510_T3_1,1,relation_contradicted,Not Supported,Not Supported
P0510,P0510_T3,P0510_T3_2,2,condition_replaced,Not Enough Evidence,Not Enough Evidence
P0510,P0510_T3,P0510_T3_3,3,condition_removed,Not Enough Evidence,Not Enough Evidence
P0510,P0510_T3,P0510_T3_4,4,supported,Supported,Not Supported
P0510,P0510_T3,P0510_T3_5,5,condition_contradicted,Not Supported,Not Supported
P0511,P0511_T2,P0511_T2_1,1,relation_contradicted,Not Supported,Not Supported
P0511,P0511_T2,P0511_T2_2,2,condition_replaced,Not Enough Evidence,Not Supported
P0511,P0511_T2,P0511_T2_3,3,condition_removed,Not Enough Evidence,Not Supported
P0511,P0511_T2,P0511_T2_4,4,supported,Supported,Not Supported
P0511,P0511_T2,P0511_T2_5,5,condition_contradicted,Not Supported,Not Supported
