Paragraph_ID,Tuple_ID,ProbeID,Probe_Number,Probe_Type,Gold_Label,predicted_label
P0002,P0002_T1,P0002_T1_1,1,relation_contradicted,Not Supported,Not Supported
P0002,P0002_T1,P0002_T1_2,2,condition_replaced,Not Enough Evidence,Not Enough Evidence
P0002,P0002_T1,P0002_T1_3,3,condition_removed,Not Enough Evidence,Not Enough Evidence
P0002,P0002_T1,P0002_T1_4,4,supported,Supported,Supported
P0002,P0002_T1,P0002_T1_5,5,condition_contradicted,Not Supported,Not Supported
P0002,P0002_T2,P0002_T2_1,1,relation_contradicted,Not Supported,Not Supported
P0002,P0002_T2,P0002_T2_2,2,condition_replaced,Not Enough Evidence,Not Enough Evidence
P0002,P0002_T2,P0002_T2_3,3,condition_removed,Not Enough Evidence,Not Enough Evidence
P0002,P0002_T2,P0002_T2_4,4,supported,Supported,Supported
P0002,P0002_T2,P0002_T2_5,5,condition_contradicted,Not Supported,Not Supported
P0003,P0003_T1,P0003_T1_1,1,relation_contradicted,Not Supported,Not Supported
P0003,P0003_T1,P0003_T1_2,2,condition_replaced,Not Enough Evidence,Not Enough Evidence
P0003,P0003_T1,P0003_T1_3,3,condition_removed,Not Enough Evidence,Not Enough Evidence
P0003,P0003_T1,P0003_T1_4,4,supported,Supported,Supported
P0003,P0003_T1,P0003_T1_5,5,condition_contradicted,Not Supported,Not Supported
P0003,P0003_T2,P0003_T2_1,1,relation_contradicted,Not Supported,Not Supported
P0003,P0003_T2,P0003_T2_2,2,condition_replaced,Not Enough Evidence,Not Enough Evidence
P0003,P0003_T2,P0003_T2_3,3,condition_removed,Not Enough Evidence,Not Enough Evidence
P0003,P0003_T2,P0003_T2_4,4,supported,Supported,Supported
P0003,P0003_T2,P0003_T2_5,5,condition_contradicted,Not Supported,Not Supported
P0004,P0004_T1,P0004_T1_1,1,relation_contradicted,Not Supported,Not Supported
P0004,P0004_T1,P0004_T1_2,2,condition_replaced,Not Enough Evidence,Not Enough Evidence
P0004,P0004_T1,P0004_T1_3,3,condition_removed,Not Enough Evidence,Not Enough Evidence
P0004,P0004_T1,P0004_T1_4,4,supported,Supported,Supported
P0004,P0004_T1,P0004_T1_5,5,condition_contradicted,Not Supported,Not Supported
P0004,P0004_T2,P0004_T2_1,1,relation_contradicted,Not Supported,Not Supported
P0004,P0004_T2,P0004_T2_2,2,condition_replaced,Not Enough Evidence,Not Enough Evidence
P0004,P0004_T2,P0004_T2_3,3,condition_removed,Not Enough Evidence,Not Enough Evidence
P0004,P0004_T2,P0004_T2_4,4,supported,Supported,Supported
P0004,P0004_T2,P0004_T2_5,5,condition_contradicted,Not Supported,Not Supported
P0005,P0005_T1,P0005_T1_1,1,relation_contradicted,Not Supported,Not Supported
P0005,P0005_T1,P0005_T1_2,2,condition_replaced,Not Enough Evidence,Not Enough Evidence
P0005,P0005_T1,P0005_T1_3,3,condition_removed,Not Enough Evidence,Not Enough Evidence
P0005,P0005_T1,P0005_T1_4,4,supported,Supported,Supported
P0005,P0005_T1,P0005_T1_5,5,condition_contradicted,Not Supported,Not Supported
P0005,P0005_T2,P0005_T2_1,1,relation_contradicted,Not Supported,Not Supported
P0005,P0005_T2,P0005_T2_2,2,condition_replaced,Not Enough Evidence,Not Enough Evidence
P0005,P0005_T2,P0005_T2_3,3,condition_removed,Not Enough Evidence,Not Enough Evidence
P0005,P0005_T2,P0005_T2_4,4,supported,Supported,Supported
P0005,P0005_T2,P0005_T2_5,5,condition_contradicted,Not Supported,Not Supported
P0008,P0008_T1,P0008_T1_1,1,relation_contradicted,Not Supported,Not Supported
P0008,P0008_T1,P0008_T1_2,2,condition_replaced,Not Enough Evidence,Not Enough Evidence
P0008,P0008_T1,P0008_T1_3,3,condition_removed,Not Enough Evidence,Not Enough Evidence
P0008,P0008_T1,P0008_T1_4,4,supported,Supported,Supported
P0008,P0008_T1,P0008_T1_5,5,condition_contradicted,Not Supported,Not Supported
P0008,P0008_T2,P0008_T2_1,1,relation_contradicted,Not Supported,Not Supported
P0008,P0008_T2,P0008_T2_2,2,condition_replaced,Not Enough Evidence,Not Enough Evidence
P0008,P0008_T2,P0008_T2_3,3,condition_removed,Not Enough Evidence,Not Enough Evidence
P0008,P0008_T2,P0008_T2_4,4,supported,Supported,Supported
P0008,P0008_T2,P0008_T2_5,5,condition_contradicted,Not Supported,Not Supported
P0009,P0009_T1,P0009_T1_1,1,relation_contradicted,Not Supported,Not Supported
P0009,P0009_T1,P0009_T1_2,2,condition_replaced,Not Enough Evidence,Not Enough Evidence
P0009,P0009_T1,P0009_T1_3,3,condition_removed,Not Enough Evidence,Not Enough Evidence
P0009,P0009_T1,P0009_T1_4,4,supported,Supported,Supported
P0009,P0009_T1,P0009_T1_5,5,condition_contradicted,Not Supported,Not Supported
P0009,P0009_T2,P0009_T2_1,1,relation_contradicted,Not Supported,Not Supported
P0009,P0009_T2,P0009_T2_2,2,condition_replaced,Not Enough Evidence,Not Enough Evidence
P0009,P0009_T2,P0009_T2_3,3,condition_removed,Not Enough Evidence,Not Enough Evidence
P0009,P0009_T2,P0009_T2_4,4,supported,Supported,Supported
P0009,P0009_T2,P0009_T2_5,5,condition_contradicted,Not Supported,Not Supported
P0012,P0012_T1,P0012_T1_1,1,relation_contradicted,Not Supported,Not Supported
P0012,P0012_T1,P0012_T1_2,2,condition_replaced,Not Enough Evidence,Not Enough Evidence
P0012,P0012_T1,P0012_T1_3,3,condition_removed,Not Enough Evidence,Not Enough Evidence
P0012,P0012_T1,P0012_T1_4,4,supported,Supported,Supported
P0012,P0012_T1,P0012_T1_5,5,condition_contradicted,Not Supported,Not Supported
P0012,P0012_T2,P0012_T2_1,1,relation_contradicted,Not Supported,Not Supported
P0012,P0012_T2,P0012_T2_2,2,condition_replaced,Not Enough Evidence,Not Enough Evidence
P0012,P0012_T2,P0012_T2_3,3,condition_removed,Not Enough Evidence,Not Enough Evidence
P0012,P0012_T2,P0012_T2_4,4,supported,Supported,Supported
P0012,P0012_T2,P0012_T2_5,5,condition_contradicted,Not Supported,Not Supported
P0014,P0014_T1,P0014_T1_1,1,relation_contradicted,Not Supported,Not Supported
P0014,P0014_T1,P0014_T1_2,2,condition_replaced,Not Enough Evidence,Not Enough Evidence
P0014,P0014_T1,P0014_T1_3,3,condition_removed,Not Enough Evidence,Not Enough Evidence
P0014,P0014_T1,P0014_T1_4,4,supported,Supported,Supported
P0014,P0014_T1,P0014_T1_5,5,condition_contradicted,Not Supported,Not Supported
P0014,P0014_T2,P0014_T2_1,1,relation_contradicted,Not Supported,Not Supported
P0014,P0014_T2,P0014_T2_2,2,condition_replaced,Not Enough Evidence,Not Enough Evidence
P0014,P0014_T2,P0014_T2_3,3,condition_removed,Not Enough Evidence,Not Enough Evidence
P0014,P0014_T2,P0014_T2_4,4,supported,Supported,Supported
P0014,P0014_T2,P0014_T2_5,5,condition_contradicted,Not Supported,Not Supported
P0018,P0018_T1,P0018_T1_1,1,relation_contradicted,Not Supported,Not Supported
P0018,P0018_T1,P0018_T1_2,2,condition_replaced,Not Enough Evidence,Not Enough Evidence
P0018,P0018_T1,P0018_T1_3,3,condition_removed,Not Enough Evidence,Not Enough Evidence
P0018,P0018_T1,P0018_T1_4,4,supported,Supported,Supported
P0018,P0018_T1,P0018_T1_5,5,condition_contradicted,Not Supported,Not Supported
P0018,P0018_T2,P0018_T2_1,1,relation_contradicted,Not Supported,Not Supported
P0018,P0018_T2,P0018_T2_2,2,condition_replaced,Not Enough Evidence,Not Enough Evidence
P0018,P0018_T2,P0018_T2_3,3,condition_removed,Not Enough Evidence,Not Enough Evidence
P0018,P0018_T2,P0018_T2_4,4,supported,Supported,Supported
P0018,P0018_T2,P0018_T2_5,5,condition_contradicted,Not Supported,Not Supported
P0020,P0020_T1,P0020_T1_1,1,relation_contradicted,Not Supported,Not Supported
P0020,P0020_T1,P0020_T1_2,2,condition_replaced,Not Enough Evidence,Not Enough Evidence
P0020,P0020_T1,P0020_T1_3,3,condition_removed,Not Enough Evidence,Not Enough Evidence
P0020,P0020_T1,P0020_T1_4,4,supported,Supported,Supported
P0020,P0020_T1,P0020_T1_5,5,condition_contradicted,Not Supported,Not Supported
P0020,P0020_T2,P0020_T2_1,1,relation_contradicted,Not Supported,Not Supported
P0020,P0020_T2,P0020_T2_2,2,condition_replaced,Not Enough Evidence,Not Enough Evidence
P0020,P0020_T2,P0020_T2_3,3,condition_removed,Not Enough Evidence,Not Enough Evidence
P0020,P0020_T2,P0020_T2_4,4,supported,Supported,Supported
P0020,P0020_T2,P0020_T2_5,5,condition_contradicted,Not Supported,Not Supported
P0024,P0024_T1,P0024_T1_1,1,relation_contradicted,Not Supported,Not Supported
P0024,P0024_T1,P0024_T1_2,2,condition_replaced,Not Enough Evidence,Not Enough Evidence
P0024,P0024_T1,P0024_T1_3,3,condition_removed,Not Enough Evidence,Not Enough Evidence
P0024,P0024_T1,P0024_T1_4,4,supported,Supported,Supported
P0024,P0024_T1,P0024_T1_5,5,condition_contradicted,Not Supported,Not Supported
P0024,P0024_T2,P0024_T2_1,1,relation_contradicted,Not Supported,Not Supported
P0024,P0024_T2,P0024_T2_2,2,condition_replaced,Not Enough Evidence,Not Enough Evidence
P0024,P0024_T2,P0024_T2_3,3,condition_removed,Not Enough Evidence,Not Enough Evidence
P0024,P0024_T2,P0024_T2_4,4,supported,Supported,Supported
P0024,P0024_T2,P0024_T2_5,5,condition_contradicted,Not Supported,Not Supported
P0024,P0024_T3,P0024_T3_1,1,relation_contradicted,Not Supported,Not Supported
P0024,P0024_T3,P0024_T3_2,2,condition_replaced,Not Enough Evidence,Not Enough Evidence
P0024,P0024_T3,P0024_T3_3,3,condition_removed,Not Enough Evidence,Not Enough Evidence
P0024,P0024_T3,P0024_T3_4,4,supported,Supported,Supported
P0024,P0024_T3,P0024_T3_5,5,condition_contradicted,Not Supported,Not Supported
P0025,P0025_T1,P0025_T1_1,1,relation_contradicted,Not Supported,Not Supported
P0025,P0025_T1,P0025_T1_2,2,condition_replaced,Not Enough Evidence,Not Enough Evidence
P0025,P0025_T1,P0025_T1_3,3,condition_removed,Not Enough Evidence,Not Enough Evidence
P0025,P0025_T1,P0025_T1_4,4,supported,Supported,Supported
P0025,P0025_T1,P0025_T1_5,5,condition_contradicted,Not Supported,Not Supported
P0025,P0025_T2,P0025_T2_1,1,relation_contradicted,Not Supported,Supported
P0025,P0025_T2,P0025_T2_2,2,condition_replaced,Not Enough Evidence,Not Enough Evidence
P0025,P0025_T2,P0025_T2_3,3,condition_removed,Not Enough Evidence,Not Enough Evidence
P0025,P0025_T2,P0025_T2_4,4,supported,Supported,Supported
P0025,P0025_T2,P0025_T2_5,5,condition_contradicted,Not Supported,Not Supported
P0025,P0025_T3,P0025_T3_1,1,relation_contradicted,Not Supported,Not Supported
P0025,P0025_T3,P0025_T3_2,2,condition_replaced,Not Enough Evidence,Not Enough Evidence
P0025,P0025_T3,P0025_T3_3,3,condition_removed,Not Enough Evidence,Not Enough Evidence
P0025,P0025_T3,P0025_T3_4,4,supported,Supported,Supported
P0025,P0025_T3,P0025_T3_5,5,condition_contradicted,Not Supported,Not Supported
P0028,P0028_T1,P0028_T1_1,1,relation_contradicted,Not Supported,Not Supported
P0028,P0028_T1,P0028_T1_2,2,condition_replaced,Not Enough Evidence,Not Enough Evidence
P0028,P0028_T1,P0028_T1_3,3,condition_removed,Not Enough Evidence,Not Enough Evidence
P0028,P0028_T1,P0028_T1_4,4,supported,Supported,Supported
P0028,P0028_T1,P0028_T1_5,5,condition_contradicted,Not Supported,Not Supported
P0028,P0028_T2,P0028_T2_1,1,relation_contradicted,Not Supported,Not Supported
P0028,P0028_T2,P0028_T2_2,2,condition_replaced,Not Enough Evidence,Not Enough Evidence
P0028,P0028_T2,P0028_T2_3,3,condition_removed,Not Enough Evidence,Not Enough Evidence
P0028,P0028_T2,P0028_T2_4,4,supported,Supported,Supported
P0028,P0028_T2,P0028_T2_5,5,condition_contradicted,Not Supported,Not Supported
P0030,P0030_T1,P0030_T1_1,1,relation_contradicted,Not Supported,Not Supported
P0030,P0030_T1,P0030_T1_2,2,condition_replaced,Not Enough Evidence,Not Enough Evidence
P0030,P0030_T1,P0030_T1_3,3,condition_removed,Not Enough Evidence,Not Enough Evidence
P0030,P0030_T1,P0030_T1_4,4,supported,Supported,Supported
P0030,P0030_T1,P0030_T1_5,5,condition_contradicted,Not Supported,Not Supported
P0030,P0030_T2,P0030_T2_1,1,relation_contradicted,Not Supported,Not Supported
P0030,P0030_T2,P0030_T2_2,2,condition_replaced,Not Enough Evidence,Not Enough Evidence
P0030,P0030_T2,P0030_T2_3,3,condition_removed,Not Enough Evidence,Not Enough Evidence
P0030,P0030_T2,P0030_T2_4,4,supported,Supported,Supported
P0030,P0030_T2,P0030_T2_5,5,condition_contradicted,Not Supported,Not Supported
P0031,P0031_T1,P0031_T1_1,1,relation_contradicted,Not Supported,Not Supported
P0031,P0031_T1,P0031_T1_2,2,condition_replaced,Not Enough Evidence,Not Enough Evidence
P0031,P0031_T1,P0031_T1_3,3,condition_removed,Not Enough Evidence,Not Enough Evidence
P0031,P0031_T1,P0031_T1_4,4,supported,Supported,Supported
P0031,P0031_T1,P0031_T1_5,5,condition_contradicted,Not Supported,Not Supported
P0031,P0031_T2,P0031_T2_1,1,relation_contradicted,Not Supported,Not Supported
P0031,P0031_T2,P0031_T2_2,2,condition_replaced,Not Enough Evidence,Not Enough Evidence
P0031,P0031_T2,P0031_T2_3,3,condition_removed,Not Enough Evidence,Not Enough Evidence
P0031,P0031_T2,P0031_T2_4,4,supported,Supported,Supported
P0031,P0031_T2,P0031_T2_5,5,condition_contradicted,Not Supported,Not Supported
P0033,P0033_T1,P0033_T1_1,1,relation_contradicted,Not Supported,Not Supported
P0033,P0033_T1,P0033_T1_2,2,condition_replaced,Not Enough Evidence,Not Enough Evidence
P0033,P0033_T1,P0033_T1_3,3,condition_removed,Not Enough Evidence,Not Enough Evidence
P0033,P0033_T1,P0033_T1_4,4,supported,Supported,Supported
P0033,P0033_T1,P0033_T1_5,5,condition_contradicted,Not Supported,Not Supported
P0033,P0033_T2,P0033_T2_1,1,relation_contradicted,Not Supported,Not Supported
P0033,P0033_T2,P0033_T2_2,2,condition_replaced,Not Enough Evidence,Not Enough Evidence
P0033,P0033_T2,P0033_T2_3,3,condition_removed,Not Enough Evidence,Not Enough Evidence
P0033,P0033_T2,P0033_T2_4,4,supported,Supported,Supported
P0033,P0033_T2,P0033_T2_5,5,condition_contradicted,Not Supported,Not Supported
P0040,P0040_T1,P0040_T1_1,1,relation_contradicted,Not Supported,Not Supported
P0040,P0040_T1,P0040_T1_2,2,condition_replaced,Not Enough Evidence,Not Enough Evidence
P0040,P0040_T1,P0040_T1_3,3,condition_removed,Not Enough Evidence,Not Enough Evidence
P0040,P0040_T1,P0040_T1_4,4,supported,Supported,Supported
P0040,P0040_T1,P0040_T1_5,5,condition_contradicted,Not Supported,Not Supported
P0040,P0040_T2,P0040_T2_1,1,relation_contradicted,Not Supported,Not Supported
P0040,P0040_T2,P0040_T2_2,2,condition_replaced,Not Enough Evidence,Not Enough Evidence
P0040,P0040_T2,P0040_T2_3,3,condition_removed,Not Enough Evidence,Not Enough Evidence
P0040,P0040_T2,P0040_T2_4,4,supported,Supported,Supported
P0040,P0040_T2,P0040_T2_5,5,condition_contradicted,Not Supported,Not Supported
P0045,P0045_T1,P0045_T1_1,1,relation_contradicted,Not Supported,Not Supported
P0045,P0045_T1,P0045_T1_2,2,condition_replaced,Not Enough Evidence,Not Enough Evidence
P0045,P0045_T1,P0045_T1_3,3,condition_removed,Not Enough Evidence,Not Enough Evidence
P0045,P0045_T1,P0045_T1_4,4,supported,Supported,Supported
P0045,P0045_T1,P0045_T1_5,5,condition_contradicted,Not Supported,Not Supported
P0045,P0045_T2,P0045_T2_1,1,relation_contradicted,Not Supported,Not Supported
P0045,P0045_T2,P0045_T2_2,2,condition_replaced,Not Enough Evidence,Not Enough Evidence
P0045,P0045_T2,P0045_T2_3,3,condition_removed,Not Enough Evidence,Not Enough Evidence
P0045,P0045_T2,P0045_T2_4,4,supported,Supported,Supported
P0045,P0045_T2,P0045_T2_5,5,condition_contradicted,Not Supported,Not Supported
P0046,P0046_T1,P0046_T1_1,1,relation_contradicted,Not Supported,Not Supported
P0046,P0046_T1,P0046_T1_2,2,condition_replaced,Not Enough Evidence,Not Enough Evidence
P0046,P0046_T1,P0046_T1_3,3,condition_removed,Not Enough Evidence,Not Enough Evidence
P0046,P0046_T1,P0046_T1_4,4,supported,Supported,Supported
P0046,P0046_T1,P0046_T1_5,5,condition_contradicted,Not Supported,Not Supported
P0046,P0046_T2,P0046_T2_1,1,relation_contradicted,Not Supported,Not Supported
P0046,P0046_T2,P0046_T2_2,2,condition_replaced,Not Enough Evidence,Not Enough Evidence
P0046,P0046_T2,P0046_T2_3,3,condition_removed,Not Enough Evidence,Not Enough Evidence
P0046,P0046_T2,P0046_T2_4,4,supported,Supported,Supported
P0046,P0046_T2,P0046_T2_5,5,condition_contradicted,Not Supported,Not Supported
P0046,P0046_T3,P0046_T3_1,1,relation_contradicted,Not Supported,Not Supported
P0046,P0046_T3,P0046_T3_2,2,condition_replaced,Not Enough Evidence,Not Enough Evidence
P0046,P0046_T3,P0046_T3_3,3,condition_removed,Not Enough Evidence,Not Enough Evidence
P0046,P0046_T3,P0046_T3_4,4,supported,Supported,Supported
P0046,P0046_T3,P0046_T3_5,5,condition_contradicted,Not Supported,Not Supported
P0054,P0054_T1,P0054_T1_1,1,relation_contradicted,Not Supported,Not Supported
P0054,P0054_T1,P0054_T1_2,2,condition_replaced,Not Enough Evidence,Not Enough Evidence
P0054,P0054_T1,P0054_T1_3,3,condition_removed,Not Enough Evidence,Not Enough Evidence
P0054,P0054_T1,P0054_T1_4,4,supported,Supported,Supported
P0054,P0054_T1,P0054_T1_5,5,condition_contradicted,Not Supported,Not Supported
P0054,P0054_T2,P0054_T2_1,1,relation_contradicted,Not Supported,Not Supported
P0054,P0054_T2,P0054_T2_2,2,condition_replaced,Not Enough Evidence,Not Enough Evidence
P0054,P0054_T2,P0054_T2_3,3,condition_removed,Not Enough Evidence,Not Enough Evidence
P0054,P0054_T2,P0054_T2_4,4,supported,Supported,Supported
P0054,P0054_T2,P0054_T2_5,5,condition_contradicted,Not Supported,Not Supported
P0059,P0059_T1,P0059_T1_1,1,relation_contradicted,Not Supported,Not Supported
P0059,P0059_T1,P0059_T1_2,2,condition_replaced,Not Enough Evidence,Not Enough Evidence
P0059,P0059_T1,P0059_T1_3,3,condition_removed,Not Enough Evidence,Not Enough Evidence
P0059,P0059_T1,P0059_T1_4,4,supported,Supported,Supported
P0059,P0059_T1,P0059_T1_5,5,condition_contradicted,Not Supported,Not Supported
P0059,P0059_T2,P0059_T2_1,1,relation_contradicted,Not Supported,Not Supported
P0059,P0059_T2,P0059_T2_2,2,condition_replaced,Not Enough Evidence,Not Enough Evidence
P0059,P0059_T2,P0059_T2_3,3,condition_removed,Not Enough Evidence,Not Enough Evidence
P0059,P0059_T2,P0059_T2_4,4,supported,Supported,Supported
P0059,P0059_T2,P0059_T2_5,5,condition_contradicted,Not Supported,Not Supported
P0067,P0067_T1,P0067_T1_1,1,relation_contradicted,Not Supported,Not Supported
P0067,P0067_T1,P0067_T1_2,2,condition_replaced,Not Enough Evidence,Not Enough Evidence
P0067,P0067_T1,P0067_T1_3,3,condition_removed,Not Enough Evidence,Not Enough Evidence
P0067,P0067_T1,P0067_T1_4,4,supported,Supported,Supported
P0067,P0067_T1,P0067_T1_5,5,condition_contradicted,Not Supported,Not Supported
P0067,P0067_T2,P0067_T2_1,1,relation_contradicted,Not Supported,Not Supported
P0067,P0067_T2,P0067_T2_2,2,condition_replaced,Not Enough Evidence,Not Enough Evidence
P0067,P0067_T2,P0067_T2_3,3,condition_removed,Not Enough Evidence,Not Enough Evidence
P0067,P0067_T2,P0067_T2_4,4,supported,Supported,Supported
P0067,P0067_T2,P0067_T2_5,5,condition_contradicted,Not Supported,Not Supported
P0069,P0069_T1,P0069_T1_1,1,relation_contradicted,Not Supported,Not Supported
P0069,P0069_T1,P0069_T1_2,2,condition_replaced,Not Enough Evidence,Not Enough Evidence
P0069,P0069_T1,P0069_T1_3,3,condition_removed,Not Enough Evidence,Not Enough Evidence
P0069,P0069_T1,P0069_T1_4,4,supported,Supported,Supported
P0069,P0069_T1,P0069_T1_5,5,condition_contradicted,Not Supported,Not Supported
P0069,P0069_T2,P0069_T2_1,1,relation_contradicted,Not Supported,Not Supported
P0069,P0069_T2,P0069_T2_2,2,condition_replaced,Not Enough Evidence,Not Enough Evidence
P0069,P0069_T2,P0069_T2_3,3,condition_removed,Not Enough Evidence,Not Enough Evidence
P0069,P0069_T2,P0069_T2_4,4,supported,Supported,Supported
P0069,P0069_T2,P0069_T2_5,5,condition_contradicted,Not Supported,Not Supported
P0075,P0075_T1,P0075_T1_1,1,relation_contradicted,Not Supported,Not Supported
P0075,P0075_T1,P0075_T1_2,2,condition_replaced,Not Enough Evidence,Not Enough Evidence
P0075,P0075_T1,P0075_T1_3,3,condition_removed,Not Enough Evidence,Not Enough Evidence
P0075,P0075_T1,P0075_T1_4,4,supported,Supported,Supported
P0075,P0075_T1,P0075_T1_5,5,condition_contradicted,Not Supported,Not Supported
P0075,P0075_T2,P0075_T2_1,1,relation_contradicted,Not Supported,Not Supported
P0075,P0075_T2,P0075_T2_2,2,condition_replaced,Not Enough Evidence,Not Enough Evidence
P0075,P0075_T2,P0075_T2_3,3,condition_removed,Not Enough Evidence,Not Enough Evidence
P0075,P0075_T2,P0075_T2_4,4,supported,Supported,Supported
P0075,P0075_T2,P0075_T2_5,5,condition_contradicted,Not Supported,Not Supported
P0075,P0075_T3,P0075_T3_1,1,relation_contradicted,Not Supported,Not Supported
P0075,P0075_T3,P0075_T3_2,2,condition_replaced,Not Enough Evidence,Not Enough Evidence
P0075,P0075_T3,P0075_T3_3,3,condition_removed,Not Enough Evidence,Not Enough Evidence
P0075,P0075_T3,P0075_T3_4,4,supported,Supported,Supported
P0075,P0075_T3,P0075_T3_5,5,condition_contradicted,Not Supported,Not Supported
P0083,P0083_T1,P0083_T1_1,1,relation_contradicted,Not Supported,Not Supported
P0083,P0083_T1,P0083_T1_2,2,condition_replaced,Not Enough Evidence,Not Enough Evidence
P0083,P0083_T1,P0083_T1_3,3,condition_removed,Not Enough Evidence,Not Enough Evidence
P0083,P0083_T1,P0083_T1_4,4,supported,Supported,Supported
P0083,P0083_T1,P0083_T1_5,5,condition_contradicted,Not Supported,Not Supported
P0083,P0083_T2,P0083_T2_1,1,relation_contradicted,Not Supported,Not Supported
P0083,P0083_T2,P0083_T2_2,2,condition_replaced,Not Enough Evidence,Not Enough Evidence
P0083,P0083_T2,P0083_T2_3,3,condition_removed,Not Enough Evidence,Not Enough Evidence
P0083,P0083_T2,P0083_T2_4,4,supported,Supported,Supported
P0083,P0083_T2,P0083_T2_5,5,condition_contradicted,Not Supported,Not Supported
P0085,P0085_T1,P0085_T1_1,1,relation_contradicted,Not Supported,Not Supported
P0085,P0085_T1,P0085_T1_2,2,condition_replaced,Not Enough Evidence,Not Enough Evidence
P0085,P0085_T1,P0085_T1_3,3,condition_removed,Not Enough Evidence,Not Enough Evidence
P0085,P0085_T1,P0085_T1_4,4,supported,Supported,Supported
P0085,P0085_T1,P0085_T1_5,5,condition_contradicted,Not Supported,Not Supported
P0085,P0085_T2,P0085_T2_1,1,relation_contradicted,Not Supported,Not Supported
P0085,P0085_T2,P0085_T2_2,2,condition_replaced,Not Enough Evidence,Not Enough Evidence
P0085,P0085_T2,P0085_T2_3,3,condition_removed,Not Enough Evidence,Not Enough Evidence
P0085,P0085_T2,P0085_T2_4,4,supported,Supported,Supported
P0085,P0085_T2,P0085_T2_5,5,condition_contradicted,Not Supported,Not Supported
P0086,P0086_T1,P0086_T1_1,1,relation_contradicted,Not Supported,Not Supported
P0086,P0086_T1,P0086_T1_2,2,condition_replaced,Not Enough Evidence,Not Enough Evidence
P0086,P0086_T1,P0086_T1_3,3,condition_removed,Not Enough Evidence,Not Enough Evidence
P0086,P0086_T1,P0086_T1_4,4,supported,Supported,Supported
P0086,P0086_T1,P0086_T1_5,5,condition_contradicted,Not Supported,Not Supported
P0086,P0086_T2,P0086_T2_1,1,relation_contradicted,Not Supported,Not Supported
P0086,P0086_T2,P0086_T2_2,2,condition_replaced,Not Enough Evidence,Not Enough Evidence
P0086,P0086_T2,P0086_T2_3,3,condition_removed,Not Enough Evidence,Not Enough Evidence
P0086,P0086_T2,P0086_T2_4,4,supported,Supported,Supported
P0086,P0086_T2,P0086_T2_5,5,condition_contradicted,Not Supported,Not Supported
P0087,P0087_T1,P0087_T1_1,1,relation_contradicted,Not Supported,Not Supported
P0087,P0087_T1,P0087_T1_2,2,condition_replaced,Not Enough Evidence,Not Enough Evidence
P0087,P0087_T1,P0087_T1_3,3,condition_removed,Not Enough Evidence,Not Enough Evidence
P0087,P0087_T1,P0087_T1_4,4,supported,Supported,Supported
P0087,P0087_T1,P0087_T1_5,5,condition_contradicted,Not Supported,Not Supported
P0087,P0087_T2,P0087_T2_1,1,relation_contradicted,Not Supported,Not Supported
P0087,P0087_T2,P0087_T2_2,2,condition_replaced,Not Enough Evidence,Not Enough Evidence
P0087,P0087_T2,P0087_T2_3,3,condition_removed,Not Enough Evidence,Not Enough Evidence
P0087,P0087_T2,P0087_T2_4,4,supported,Supported,Supported
P0087,P0087_T2,P0087_T2_5,5,condition_contradicted,Not Supported,Not Supported
P0089,P0089_T1,P0089_T1_1,1,relation_contradicted,Not Supported,Not Supported
P0089,P0089_T1,P0089_T1_2,2,condition_replaced,Not Enough Evidence,Not Supported
P0089,P0089_T1,P0089_T1_3,3,condition_removed,Not Enough Evidence,Not Enough Evidence
P0089,P0089_T1,P0089_T1_4,4,supported,Supported,Supported
P0089,P0089_T1,P0089_T1_5,5,condition_contradicted,Not Supported,Not Supported
P0089,P0089_T2,P0089_T2_1,1,relation_contradicted,Not Supported,Not Supported
P0089,P0089_T2,P0089_T2_2,2,condition_replaced,Not Enough Evidence,Not Enough Evidence
P0089,P0089_T2,P0089_T2_3,3,condition_removed,Not Enough Evidence,Not Enough Evidence
P0089,P0089_T2,P0089_T2_4,4,supported,Supported,Supported
P0089,P0089_T2,P0089_T2_5,5,condition_contradicted,Not Supported,Not Supported
P0090,P0090_T1,P0090_T1_1,1,relation_contradicted,Not Supported,Not Supported
P0090,P0090_T1,P0090_T1_2,2,condition_replaced,Not Enough Evidence,Not Enough Evidence
P0090,P0090_T1,P0090_T1_3,3,condition_removed,Not Enough Evidence,Not Enough Evidence
P0090,P0090_T1,P0090_T1_4,4,supported,Supported,Supported
P0090,P0090_T1,P0090_T1_5,5,condition_contradicted,Not Supported,Not Supported
P0090,P0090_T2,P0090_T2_1,1,relation_contradicted,Not Supported,Not Supported
P0090,P0090_T2,P0090_T2_2,2,condition_replaced,Not Enough Evidence,Not Enough Evidence
P0090,P0090_T2,P0090_T2_3,3,condition_removed,Not Enough Evidence,Not Enough Evidence
P0090,P0090_T2,P0090_T2_4,4,supported,Supported,Supported
P0090,P0090_T2,P0090_T2_5,5,condition_contradicted,Not Supported,Not Supported
P0092,P0092_T1,P0092_T1_1,1,relation_contradicted,Not Supported,Not Supported
P0092,P0092_T1,P0092_T1_2,2,condition_replaced,Not Enough Evidence,Not Enough Evidence
P0092,P0092_T1,P0092_T1_3,3,condition_removed,Not Enough Evidence,Not Enough Evidence
P0092,P0092_T1,P0092_T1_4,4,supported,Supported,Supported
P0092,P0092_T1,P0092_T1_5,5,condition_contradicted,Not Supported,Not Supported
P0092,P0092_T2,P0092_T2_1,1,relation_contradicted,Not Supported,Not Supported
P0092,P0092_T2,P0092_T2_2,2,condition_replaced,Not Enough Evidence,Not Enough Evidence
P0092,P0092_T2,P0092_T2_3,3,condition_removed,Not Enough Evidence,Not Enough Evidence
P0092,P0092_T2,P0092_T2_4,4,supported,Supported,Supported
P0092,P0092_T2,P0092_T2_5,5,condition_contradicted,Not Supported,Not Supported
P0097,P0097_T1,P0097_T1_1,1,relation_contradicted,Not Supported,Not Supported
P0097,P0097_T1,P0097_T1_2,2,condition_replaced,Not Enough Evidence,Not Enough Evidence
P0097,P0097_T1,P0097_T1_3,3,condition_removed,Not Enough Evidence,Not Enough Evidence
P0097,P0097_T1,P0097_T1_4,4,supported,Supported,Supported
P0097,P0097_T1,P0097_T1_5,5,condition_contradicted,Not Supported,Not Supported
P0097,P0097_T2,P0097_T2_1,1,relation_contradicted,Not Supported,Not Supported
P0097,P0097_T2,P0097_T2_2,2,condition_replaced,Not Enough Evidence,Not Enough Evidence
P0097,P0097_T2,P0097_T2_3,3,condition_removed,Not Enough Evidence,Not Enough Evidence
P0097,P0097_T2,P0097_T2_4,4,supported,Supported,Supported
P0097,P0097_T2,P0097_T2_5,5,condition_contradicted,Not Supported,Not Supported
P0097,P0097_T3,P0097_T3_1,1,relation_contradicted,Not Supported,Not Supported
P0097,P0097_T3,P0097_T3_2,2,condition_replaced,Not Enough Evidence,Not Enough Evidence
P0097,P0097_T3,P0097_T3_3,3,condition_removed,Not Enough Evidence,Not Enough Evidence
P0097,P0097_T3,P0097_T3_4,4,supported,Supported,Supported
P0097,P0097_T3,P0097_T3_5,5,condition_contradicted,Not Supported,Not Supported
P0102,P0102_T1,P0102_T1_1,1,relation_contradicted,Not Supported,Not Supported
P0102,P0102_T1,P0102_T1_2,2,condition_replaced,Not Enough Evidence,Not Enough Evidence
P0102,P0102_T1,P0102_T1_3,3,condition_removed,Not Enough Evidence,Not Enough Evidence
P0102,P0102_T1,P0102_T1_4,4,supported,Supported,Supported
P0102,P0102_T1,P0102_T1_5,5,condition_contradicted,Not Supported,Not Supported
P0102,P0102_T2,P0102_T2_1,1,relation_contradicted,Not Supported,Not Supported
P0102,P0102_T2,P0102_T2_2,2,condition_replaced,Not Enough Evidence,Not Enough Evidence
P0102,P0102_T2,P0102_T2_3,3,condition_removed,Not Enough Evidence,Not Enough Evidence
P0102,P0102_T2,P0102_T2_4,4,supported,Supported,Supported
P0102,P0102_T2,P0102_T2_5,5,condition_contradicted,Not Supported,Not Supported
P0102,P0102_T3,P0102_T3_1,1,relation_contradicted,Not Supported,Not Supported
P0102,P0102_T3,P0102_T3_2,2,condition_replaced,Not Enough Evidence,Not Enough Evidence
P0102,P0102_T3,P0102_T3_3,3,condition_removed,Not Enough Evidence,Not Enough Evidence
P0102,P0102_T3,P0102_T3_4,4,supported,Supported,Supported
P0102,P0102_T3,P0102_T3_5,5,condition_contradicted,Not Supported,Not Supported
P0103,P0103_T1,P0103_T1_1,1,relation_contradicted,Not Supported,Not Supported
P0103,P0103_T1,P0103_T1_2,2,condition_replaced,Not Enough Evidence,Not Enough Evidence
P0103,P0103_T1,P0103_T1_3,3,condition_removed,Not Enough Evidence,Not Enough Evidence
P0103,P0103_T1,P0103_T1_4,4,supported,Supported,Supported
P0103,P0103_T1,P0103_T1_5,5,condition_contradicted,Not Supported,Not Supported
P0103,P0103_T2,P0103_T2_1,1,relation_contradicted,Not Supported,Not Supported
P0103,P0103_T2,P0103_T2_2,2,condition_replaced,Not Enough Evidence,Not Enough Evidence
P0103,P0103_T2,P0103_T2_3,3,condition_removed,Not Enough Evidence,Not Enough Evidence
P0103,P0103_T2,P0103_T2_4,4,supported,Supported,Supported
P0103,P0103_T2,P0103_T2_5,5,condition_contradicted,Not Supported,Not Supported
P0103,P0103_T3,P0103_T3_1,1,relation_contradicted,Not Supported,Not Supported
P0103,P0103_T3,P0103_T3_2,2,condition_replaced,Not Enough Evidence,Not Enough Evidence
P0103,P0103_T3,P0103_T3_3,3,condition_removed,Not Enough Evidence,Not Enough Evidence
P0103,P0103_T3,P0103_T3_4,4,supported,Supported,Supported
P0103,P0103_T3,P0103_T3_5,5,condition_contradicted,Not Supported,Not Supported
P0110,P0110_T1,P0110_T1_1,1,relation_contradicted,Not Supported,Not Supported
P0110,P0110_T1,P0110_T1_2,2,condition_replaced,Not Enough Evidence,Not Enough Evidence
P0110,P0110_T1,P0110_T1_3,3,condition_removed,Not Enough Evidence,Not Enough Evidence
P0110,P0110_T1,P0110_T1_4,4,supported,Supported,Supported
P0110,P0110_T1,P0110_T1_5,5,condition_contradicted,Not Supported,Not Supported
P0110,P0110_T2,P0110_T2_1,1,relation_contradicted,Not Supported,Not Supported
P0110,P0110_T2,P0110_T2_2,2,condition_replaced,Not Enough Evidence,Not Enough Evidence
P0110,P0110_T2,P0110_T2_3,3,condition_removed,Not Enough Evidence,Not Enough Evidence
P0110,P0110_T2,P0110_T2_4,4,supported,Supported,Supported
P0110,P0110_T2,P0110_T2_5,5,condition_contradicted,Not Supported,Not Supported
P0110,P0110_T3,P0110_T3_1,1,relation_contradicted,Not Supported,Not Supported
P0110,P0110_T3,P0110_T3_2,2,condition_replaced,Not Enough Evidence,Not Enough Evidence
P0110,P0110_T3,P0110_T3_3,3,condition_removed,Not Enough Evidence,Not Enough Evidence
P0110,P0110_T3,P0110_T3_4,4,supported,Supported,Supported
P0110,P0110_T3,P0110_T3_5,5,condition_contradicted,Not Supported,Not Supported
P0114,P0114_T1,P0114_T1_1,1,relation_contradicted,Not Supported,Not Supported
P0114,P0114_T1,P0114_T1_2,2,condition_replaced,Not Enough Evidence,Not Enough Evidence
P0114,P0114_T1,P0114_T1_3,3,condition_removed,Not Enough Evidence,Not Enough Evidence
P0114,P0114_T1,P0114_T1_4,4,supported,Supported,Supported
P0114,P0114_T1,P0114_T1_5,5,condition_contradicted,Not Supported,Not Supported
P0114,P0114_T2,P0114_T2_1,1,relation_contradicted,Not Supported,Not Supported
P0114,P0114_T2,P0114_T2_2,2,condition_replaced,Not Enough Evidence,Not Enough Evidence
P0114,P0114_T2,P0114_T2_3,3,condition_removed,Not Enough Evidence,Not Enough Evidence
P0114,P0114_T2,P0114_T2_4,4,supported,Supported,Supported
P0114,P0114_T2,P0114_T2_5,5,condition_contradicted,Not Supported,Not Supported
P0114,P0114_T3,P0114_T3_1,1,relation_contradicted,Not Supported,Not Supported
P0114,P0114_T3,P0114_T3_2,2,condition_replaced,Not Enough Evidence,Not Enough Evidence
P0114,P0114_T3,P0114_T3_3,3,condition_removed,Not Enough Evidence,Not Enough Evidence
P0114,P0114_T3,P0114_T3_4,4,supported,Supported,Supported
P0114,P0114_T3,P0114_T3_5,5,condition_contradicted,Not Supported,Not Supported
P0118,P0118_T1,P0118_T1_1,1,relation_contradicted,Not Supported,Not Supported
P0118,P0118_T1,P0118_T1_2,2,condition_replaced,Not Enough Evidence,Not Enough Evidence
P0118,P0118_T1,P0118_T1_3,3,condition_removed,Not Enough Evidence,Not Enough Evidence
P0118,P0118_T1,P0118_T1_4,4,supported,Supported,Supported
P0118,P0118_T1,P0118_T1_5,5,condition_contradicted,Not Supported,Not Supported
P0118,P0118_T2,P0118_T2_1,1,relation_contradicted,Not Supported,Not Supported
P0118,P0118_T2,P0118_T2_2,2,condition_replaced,Not Enough Evidence,Not Enough Evidence
P0118,P0118_T2,P0118_T2_3,3,condition_removed,Not Enough Evidence,Not Enough Evidence
P0118,P0118_T2,P0118_T2_4,4,supported,Supported,Supported
P0118,P0118_T2,P0118_T2_5,5,condition_contradicted,Not Supported,Not Supported
P0118,P0118_T3,P0118_T3_1,1,relation_contradicted,Not Supported,Not Supported
P0118,P0118_T3,P0118_T3_2,2,condition_replaced,Not Enough Evidence,Not Enough Evidence
P0118,P0118_T3,P0118_T3_3,3,condition_removed,Not Enough Evidence,Not Enough Evidence
P0118,P0118_T3,P0118_T3_4,4,supported,Supported,Supported
P0118,P0118_T3,P0118_T3_5,5,condition_contradicted,Not Supported,Not Supported
P0123,P0123_T1,P0123_T1_1,1,relation_contradicted,Not Supported,Not Supported
P0123,P0123_T1,P0123_T1_2,2,condition_replaced,Not Enough Evidence,Not Enough Evidence
P0123,P0123_T1,P0123_T1_3,3,condition_removed,Not Enough Evidence,Not Enough Evidence
P0123,P0123_T1,P0123_T1_4,4,supported,Supported,Supported
P0123,P0123_T1,P0123_T1_5,5,condition_contradicted,Not Supported,Not Supported
P0123,P0123_T2,P0123_T2_1,1,relation_contradicted,Not Supported,Not Supported
P0123,P0123_T2,P0123_T2_2,2,condition_replaced,Not Enough Evidence,Not Enough Evidence
P0123,P0123_T2,P0123_T2_3,3,condition_removed,Not Enough Evidence,Not Enough Evidence
P0123,P0123_T2,P0123_T2_4,4,supported,Supported,Supported
P0123,P0123_T2,P0123_T2_5,5,condition_contradicted,Not Supported,Not Supported
P0123,P0123_T3,P0123_T3_1,1,relation_contradicted,Not Supported,Not Supported
P0123,P0123_T3,P0123_T3_2,2,condition_replaced,Not Enough Evidence,Not Enough Evidence
P0123,P0123_T3,P0123_T3_3,3,condition_removed,Not Enough Evidence,Not Enough Evidence
P0123,P0123_T3,P0123_T3_4,4,supported,Supported,Supported
P0123,P0123_T3,P0123_T3_5,5,condition_contradicted,Not Supported,Not Supported
P0124,P0124_T1,P0124_T1_1,1,relation_contradicted,Not Supported,Not Supported
P0124,P0124_T1,P0124_T1_2,2,condition_replaced,Not Enough Evidence,Not Enough Evidence
P0124,P0124_T1,P0124_T1_3,3,condition_removed,Not Enough Evidence,Not Enough Evidence
P0124,P0124_T1,P0124_T1_4,4,supported,Supported,Supported
P0124,P0124_T1,P0124_T1_5,5,condition_contradicted,Not Supported,Not Supported
P0124,P0124_T2,P0124_T2_1,1,relation_contradicted,Not Supported,Not Supported
P0124,P0124_T2,P0124_T2_2,2,condition_replaced,Not Enough Evidence,Not Enough Evidence
P0124,P0124_T2,P0124_T2_3,3,condition_removed,Not Enough Evidence,Not Enough Evidence
P0124,P0124_T2,P0124_T2_4,4,supported,Supported,Supported
P0124,P0124_T2,P0124_T2_5,5,condition_contradicted,Not Supported,Not Supported
P0124,P0124_T3,P0124_T3_1,1,relation_contradicted,Not Supported,Not Supported
P0124,P0124_T3,P0124_T3_2,2,condition_replaced,Not Enough Evidence,Not Enough Evidence
P0124,P0124_T3,P0124_T3_3,3,condition_removed,Not Enough Evidence,Not Enough Evidence
P0124,P0124_T3,P0124_T3_4,4,supported,Supported,Supported
P0124,P0124_T3,P0124_T3_5,5,condition_contradicted,Not Supported,Not Supported
P0127,P0127_T1,P0127_T1_1,1,relation_contradicted,Not Supported,Not Supported
P0127,P0127_T1,P0127_T1_2,2,condition_replaced,Not Enough Evidence,Not Enough Evidence
P0127,P0127_T1,P0127_T1_3,3,condition_removed,Not Enough Evidence,Not Enough Evidence
P0127,P0127_T1,P0127_T1_4,4,supported,Supported,Supported
P0127,P0127_T1,P0127_T1_5,5,condition_contradicted,Not Supported,Not Supported
P0127,P0127_T2,P0127_T2_1,1,relation_contradicted,Not Supported,Not Supported
P0127,P0127_T2,P0127_T2_2,2,condition_replaced,Not Enough Evidence,Not Enough Evidence
P0127,P0127_T2,P0127_T2_3,3,condition_removed,Not Enough Evidence,Not Enough Evidence
P0127,P0127_T2,P0127_T2_4,4,supported,Supported,Supported
P0127,P0127_T2,P0127_T2_5,5,condition_contradicted,Not Supported,Not Supported
P0130,P0130_T1,P0130_T1_1,1,relation_contradicted,Not Supported,Not Supported
P0130,P0130_T1,P0130_T1_2,2,condition_replaced,Not Enough Evidence,Not Enough Evidence
P0130,P0130_T1,P0130_T1_3,3,condition_removed,Not Enough Evidence,Not Enough Evidence
P0130,P0130_T1,P0130_T1_4,4,supported,Supported,Supported
P0130,P0130_T1,P0130_T1_5,5,condition_contradicted,Not Supported,Not Supported
P0130,P0130_T2,P0130_T2_1,1,relation_contradicted,Not Supported,Not Supported
P0130,P0130_T2,P0130_T2_2,2,condition_replaced,Not Enough Evidence,Not Enough Evidence
P0130,P0130_T2,P0130_T2_3,3,condition_removed,Not Enough Evidence,Not Enough Evidence
P0130,P0130_T2,P0130_T2_4,4,supported,Supported,Supported
P0130,P0130_T2,P0130_T2_5,5,condition_contradicted,Not Supported,Not Supported
P0133,P0133_T1,P0133_T1_1,1,relation_contradicted,Not Supported,Not Supported
P0133,P0133_T1,P0133_T1_2,2,condition_replaced,Not Enough Evidence,Not Enough Evidence
P0133,P0133_T1,P0133_T1_3,3,condition_removed,Not Enough Evidence,Not Enough Evidence
P0133,P0133_T1,P0133_T1_4,4,supported,Supported,Supported
P0133,P0133_T1,P0133_T1_5,5,condition_contradicted,Not Supported,Not Supported
P0133,P0133_T2,P0133_T2_1,1,relation_contradicted,Not Supported,Not Supported
P0133,P0133_T2,P0133_T2_2,2,condition_replaced,Not Enough Evidence,Not Enough Evidence
P0133,P0133_T2,P0133_T2_3,3,condition_removed,Not Enough Evidence,Not Enough Evidence
P0133,P0133_T2,P0133_T2_4,4,supported,Supported,Supported
P0133,P0133_T2,P0133_T2_5,5,condition_contradicted,Not Supported,Not Supported
P0138,P0138_T1,P0138_T1_1,1,relation_contradicted,Not Supported,Not Supported
P0138,P0138_T1,P0138_T1_2,2,condition_replaced,Not Enough Evidence,Not Enough Evidence
P0138,P0138_T1,P0138_T1_3,3,condition_removed,Not Enough Evidence,Not Enough Evidence
P0138,P0138_T1,P0138_T1_4,4,supported,Supported,Supported
P0138,P0138_T1,P0138_T1_5,5,condition_contradicted,Not Supported,Not Supported
P0138,P0138_T2,P0138_T2_1,1,relation_contradicted,Not Supported,Not Supported
P0138,P0138_T2,P0138_T2_2,2,condition_replaced,Not Enough Evidence,Not Enough Evidence
P0138,P0138_T2,P0138_T2_3,3,condition_removed,Not Enough Evidence,Not Enough Evidence
P0138,P0138_T2,P0138_T2_4,4,supported,Supported,Supported
P0138,P0138_T2,P0138_T2_5,5,condition_contradicted,Not Supported,Not Supported
P0142,P0142_T1,P0142_T1_1,1,relation_contradicted,Not Supported,Not Supported
P0142,P0142_T1,P0142_T1_2,2,condition_replaced,Not Enough Evidence,Not Enough Evidence
P0142,P0142_T1,P0142_T1_3,3,condition_removed,Not Enough Evidence,Not Enough Evidence
P0142,P0142_T1,P0142_T1_4,4,supported,Supported,Supported
P0142,P0142_T1,P0142_T1_5,5,condition_contradicted,Not Supported,Not Supported
P0142,P0142_T2,P0142_T2_1,1,relation_contradicted,Not Supported,Not Supported
P0142,P0142_T2,P0142_T2_2,2,condition_replaced,Not Enough Evidence,Not Enough Evidence
P0142,P0142_T2,P0142_T2_3,3,condition_removed,Not Enough Evidence,Not Enough Evidence
P0142,P0142_T2,P0142_T2_4,4,supported,Supported,Supported
P0142,P0142_T2,P0142_T2_5,5,condition_contradicted,Not Supported,Not Supported
P0147,P0147_T1,P0147_T1_1,1,relation_contradicted,Not Supported,Not Supported
P0147,P0147_T1,P0147_T1_2,2,condition_replaced,Not Enough Evidence,Not Enough Evidence
P0147,P0147_T1,P0147_T1_3,3,condition_removed,Not Enough Evidence,Not Enough Evidence
P0147,P0147_T1,P0147_T1_4,4,supported,Supported,Supported
P0147,P0147_T1,P0147_T1_5,5,condition_contradicted,Not Supported,Not Supported
P0147,P0147_T2,P0147_T2_1,1,relation_contradicted,Not Supported,Not Supported
P0147,P0147_T2,P0147_T2_2,2,condition_replaced,Not Enough Evidence,Not Enough Evidence
P0147,P0147_T2,P0147_T2_3,3,condition_removed,Not Enough Evidence,Not Enough Evidence
P0147,P0147_T2,P0147_T2_4,4,supported,Supported,Supported
P0147,P0147_T2,P0147_T2_5,5,condition_contradicted,Not Supported,Not Supported
P0147,P0147_T3,P0147_T3_1,1,relation_contradicted,Not Supported,Not Supported
P0147,P0147_T3,P0147_T3_2,2,condition_replaced,Not Enough Evidence,Not Enough Evidence
P0147,P0147_T3,P0147_T3_3,3,condition_removed,Not Enough Evidence,Not Enough Evidence
P0147,P0147_T3,P0147_T3_4,4,supported,Supported,Supported
P0147,P0147_T3,P0147_T3_5,5,condition_contradicted,Not Supported,Not Supported
P0148,P0148_T1,P0148_T1_1,1,relation_contradicted,Not Supported,Not Supported
P0148,P0148_T1,P0148_T1_2,2,condition_replaced,Not Enough Evidence,Not Enough Evidence
P0148,P0148_T1,P0148_T1_3,3,condition_removed,Not Enough Evidence,Not Enough Evidence
P0148,P0148_T1,P0148_T1_4,4,supported,Supported,Supported
P0148,P0148_T1,P0148_T1_5,5,condition_contradicted,Not Supported,Not Supported
P0148,P0148_T2,P0148_T2_1,1,relation_contradicted,Not Supported,Not Supported
P0148,P0148_T2,P0148_T2_2,2,condition_replaced,Not Enough Evidence,Not Enough Evidence
P0148,P0148_T2,P0148_T2_3,3,condition_removed,Not Enough Evidence,Not Enough Evidence
P0148,P0148_T2,P0148_T2_4,4,supported,Supported,Supported
P0148,P0148_T2,P0148_T2_5,5,condition_contradicted,Not Supported,Not Supported
P0148,P0148_T3,P0148_T3_1,1,relation_contradicted,Not Supported,Not Supported
P0148,P0148_T3,P0148_T3_2,2,condition_replaced,Not Enough Evidence,Not Enough Evidence
P0148,P0148_T3,P0148_T3_3,3,condition_removed,Not Enough Evidence,Not Enough Evidence
P0148,P0148_T3,P0148_T3_4,4,supported,Supported,Supported
P0148,P0148_T3,P0148_T3_5,5,condition_contradicted,Not Supported,Not Supported
P0149,P0149_T1,P0149_T1_1,1,relation_contradicted,Not Supported,Not Supported
P0149,P0149_T1,P0149_T1_2,2,condition_replaced,Not Enough Evidence,Not Enough Evidence
P0149,P0149_T1,P0149_T1_3,3,condition_removed,Not Enough Evidence,Not Enough Evidence
P0149,P0149_T1,P0149_T1_4,4,supported,Supported,Supported
P0149,P0149_T1,P0149_T1_5,5,condition_contradicted,Not Supported,Not Supported
P0149,P0149_T2,P0149_T2_1,1,relation_contradicted,Not Supported,Not Supported
P0149,P0149_T2,P0149_T2_2,2,condition_replaced,Not Enough Evidence,Not Enough Evidence
P0149,P0149_T2,P0149_T2_3,3,condition_removed,Not Enough Evidence,Not Enough Evidence
P0149,P0149_T2,P0149_T2_4,4,supported,Supported,Supported
P0149,P0149_T2,P0149_T2_5,5,condition_contradicted,Not Supported,Not Supported
P0149,P0149_T3,P0149_T3_1,1,relation_contradicted,Not Supported,Not Supported
P0149,P0149_T3,P0149_T3_2,2,condition_replaced,Not Enough Evidence,Not Enough Evidence
P0149,P0149_T3,P0149_T3_3,3,condition_removed,Not Enough Evidence,Not Enough Evidence
P0149,P0149_T3,P0149_T3_4,4,supported,Supported,Supported
P0149,P0149_T3,P0149_T3_5,5,condition_contradicted,Not Supported,Not Supported
P0151,P0151_T1,P0151_T1_1,1,relation_contradicted,Not Supported,Not Supported
P0151,P0151_T1,P0151_T1_2,2,condition_replaced,Not Enough Evidence,Not Enough Evidence
P0151,P0151_T1,P0151_T1_3,3,condition_removed,Not Enough Evidence,Not Enough Evidence
P0151,P0151_T1,P0151_T1_4,4,supported,Supported,Supported
P0151,P0151_T1,P0151_T1_5,5,condition_contradicted,Not Supported,Not Supported
P0151,P0151_T2,P0151_T2_1,1,relation_contradicted,Not Supported,Not Supported
P0151,P0151_T2,P0151_T2_2,2,condition_replaced,Not Enough Evidence,Not Enough Evidence
P0151,P0151_T2,P0151_T2_3,3,condition_removed,Not Enough Evidence,Not Enough Evidence
P0151,P0151_T2,P0151_T2_4,4,supported,Supported,Supported
P0151,P0151_T2,P0151_T2_5,5,condition_contradicted,Not Supported,Not Supported
P0154,P0154_T1,P0154_T1_1,1,relation_contradicted,Not Supported,Not Supported
P0154,P0154_T1,P0154_T1_2,2,condition_replaced,Not Enough Evidence,Not Enough Evidence
P0154,P0154_T1,P0154_T1_3,3,condition_removed,Not Enough Evidence,Not Enough Evidence
P0154,P0154_T1,P0154_T1_4,4,supported,Supported,Supported
P0154,P0154_T1,P0154_T1_5,5,condition_contradicted,Not Supported,Not Supported
P0154,P0154_T2,P0154_T2_1,1,relation_contradicted,Not Supported,Not Supported
P0154,P0154_T2,P0154_T2_2,2,condition_replaced,Not Enough Evidence,Not Enough Evidence
P0154,P0154_T2,P0154_T2_3,3,condition_removed,Not Enough Evidence,Not Enough Evidence
P0154,P0154_T2,P0154_T2_4,4,supported,Supported,Supported
P0154,P0154_T2,P0154_T2_5,5,condition_contradicted,Not Supported,Not Supported
P0161,P0161_T1,P0161_T1_1,1,relation_contradicted,Not Supported,Not Supported
P0161,P0161_T1,P0161_T1_2,2,condition_replaced,Not Enough Evidence,Not Enough Evidence
P0161,P0161_T1,P0161_T1_3,3,condition_removed,Not Enough Evidence,Not Enough Evidence
P0161,P0161_T1,P0161_T1_4,4,supported,Supported,Supported
P0161,P0161_T1,P0161_T1_5,5,condition_contradicted,Not Supported,Not Supported
P0161,P0161_T2,P0161_T2_1,1,relation_contradicted,Not Supported,Not Supported
P0161,P0161_T2,P0161_T2_2,2,condition_replaced,Not Enough Evidence,Not Enough Evidence
P0161,P0161_T2,P0161_T2_3,3,condition_removed,Not Enough Evidence,Not Enough Evidence
P0161,P0161_T2,P0161_T2_4,4,supported,Supported,Supported
P0161,P0161_T2,P0161_T2_5,5,condition_contradicted,Not Supported,Not Supported
P0162,P0162_T1,P0162_T1_1,1,relation_contradicted,Not Supported,Not Supported
P0162,P0162_T1,P0162_T1_2,2,condition_replaced,Not Enough Evidence,Not Enough Evidence
P0162,P0162_T1,P0162_T1_3,3,condition_removed,Not Enough Evidence,Not Enough Evidence
P0162,P0162_T1,P0162_T1_4,4,supported,Supported,Supported
P0162,P0162_T1,P0162_T1_5,5,condition_contradicted,Not Supported,Not Supported
P0162,P0162_T2,P0162_T2_1,1,relation_contradicted,Not Supported,Not Supported
P0162,P0162_T2,P0162_T2_2,2,condition_replaced,Not Enough Evidence,Not Enough Evidence
P0162,P0162_T2,P0162_T2_3,3,condition_removed,Not Enough Evidence,Not Enough Evidence
P0162,P0162_T2,P0162_T2_4,4,supported,Supported,Supported
P0162,P0162_T2,P0162_T2_5,5,condition_contradicted,Not Supported,Not Supported
P0165,P0165_T1,P0165_T1_1,1,relation_contradicted,Not Supported,Not Supported
P0165,P0165_T1,P0165_T1_2,2,condition_replaced,Not Enough Evidence,Not Enough Evidence
P0165,P0165_T1,P0165_T1_3,3,condition_removed,Not Enough Evidence,Not Enough Evidence
P0165,P0165_T1,P0165_T1_4,4,supported,Supported,Supported
P0165,P0165_T1,P0165_T1_5,5,condition_contradicted,Not Supported,Not Supported
P0165,P0165_T2,P0165_T2_1,1,relation_contradicted,Not Supported,Not Supported
P0165,P0165_T2,P0165_T2_2,2,condition_replaced,Not Enough Evidence,Not Enough Evidence
P0165,P0165_T2,P0165_T2_3,3,condition_removed,Not Enough Evidence,Not Enough Evidence
P0165,P0165_T2,P0165_T2_4,4,supported,Supported,Supported
P0165,P0165_T2,P0165_T2_5,5,condition_contradicted,Not Supported,Not Supported
P0166,P0166_T1,P0166_T1_1,1,relation_contradicted,Not Supported,Not Supported
P0166,P0166_T1,P0166_T1_2,2,condition_replaced,Not Enough Evidence,Not Enough Evidence
P0166,P0166_T1,P0166_T1_3,3,condition_removed,Not Enough Evidence,Not Enough Evidence
P0166,P0166_T1,P0166_T1_4,4,supported,Supported,Supported
P0166,P0166_T1,P0166_T1_5,5,condition_contradicted,Not Supported,Not Supported
P0166,P0166_T2,P0166_T2_1,1,relation_contradicted,Not Supported,Not Supported
P0166,P0166_T2,P0166_T2_2,2,condition_replaced,Not Enough Evidence,Not Enough Evidence
P0166,P0166_T2,P0166_T2_3,3,condition_removed,Not Enough Evidence,Not Enough Evidence
P0166,P0166_T2,P0166_T2_4,4,supported,Supported,Supported
P0166,P0166_T2,P0166_T2_5,5,condition_contradicted,Not Supported,Not Supported
P0171,P0171_T1,P0171_T1_1,1,relation_contradicted,Not Supported,Not Supported
P0171,P0171_T1,P0171_T1_2,2,condition_replaced,Not Enough Evidence,Not Enough Evidence
P0171,P0171_T1,P0171_T1_3,3,condition_removed,Not Enough Evidence,Not Enough Evidence
P0171,P0171_T1,P0171_T1_4,4,supported,Supported,Supported
P0171,P0171_T1,P0171_T1_5,5,condition_contradicted,Not Supported,Not Supported
P0171,P0171_T2,P0171_T2_1,1,relation_contradicted,Not Supported,Not Supported
P0171,P0171_T2,P0171_T2_2,2,condition_replaced,Not Enough Evidence,Not Enough Evidence
P0171,P0171_T2,P0171_T2_3,3,condition_removed,Not Enough Evidence,Not Enough Evidence
P0171,P0171_T2,P0171_T2_4,4,supported,Supported,Supported
P0171,P0171_T2,P0171_T2_5,5,condition_contradicted,Not Supported,Not Supported
P0171,P0171_T3,P0171_T3_1,1,relation_contradicted,Not Supported,Not Supported
P0171,P0171_T3,P0171_T3_2,2,condition_replaced,Not Enough Evidence,Not Enough Evidence
P0171,P0171_T3,P0171_T3_3,3,condition_removed,Not Enough Evidence,Not Enough Evidence
P0171,P0171_T3,P0171_T3_4,4,supported,Supported,Supported
P0171,P0171_T3,P0171_T3_5,5,condition_contradicted,Not Supported,Not Supported
P0173,P0173_T1,P0173_T1_1,1,relation_contradicted,Not Supported,Not Supported
P0173,P0173_T1,P0173_T1_2,2,condition_replaced,Not Enough Evidence,Not Enough Evidence
P0173,P0173_T1,P0173_T1_3,3,condition_removed,Not Enough Evidence,Not Enough Evidence
P0173,P0173_T1,P0173_T1_4,4,supported,Supported,Supported
P0173,P0173_T1,P0173_T1_5,5,condition_contradicted,Not Supported,Not Supported
P0173,P0173_T2,P0173_T2_1,1,relation_contradicted,Not Supported,Not Supported
P0173,P0173_T2,P0173_T2_2,2,condition_replaced,Not Enough Evidence,Not Enough Evidence
P0173,P0173_T2,P0173_T2_3,3,condition_removed,Not Enough Evidence,Not Enough Evidence
P0173,P0173_T2,P0173_T2_4,4,supported,Supported,Supported
P0173,P0173_T2,P0173_T2_5,5,condition_contradicted,Not Supported,Not Supported
P0173,P0173_T3,P0173_T3_1,1,relation_contradicted,Not Supported,Not Supported
P0173,P0173_T3,P0173_T3_2,2,condition_replaced,Not Enough Evidence,Not Enough Evidence
P0173,P0173_T3,P0173_T3_3,3,condition_removed,Not Enough Evidence,Not Enough Evidence
P0173,P0173_T3,P0173_T3_4,4,supported,Supported,Supported
P0173,P0173_T3,P0173_T3_5,5,condition_contradicted,Not Supported,Not Supported
P0174,P0174_T1,P0174_T1_1,1,relation_contradicted,Not Supported,Not Supported
P0174,P0174_T1,P0174_T1_2,2,condition_replaced,Not Enough Evidence,Not Enough Evidence
P0174,P0174_T1,P0174_T1_3,3,condition_removed,Not Enough Evidence,Not Enough Evidence
P0174,P0174_T1,P0174_T1_4,4,supported,Supported,Supported
P0174,P0174_T1,P0174_T1_5,5,condition_contradicted,Not Supported,Not Supported
P0174,P0174_T2,P0174_T2_1,1,relation_contradicted,Not Supported,Not Supported
P0174,P0174_T2,P0174_T2_2,2,condition_replaced,Not Enough Evidence,Not Enough Evidence
P0174,P0174_T2,P0174_T2_3,3,condition_removed,Not Enough Evidence,Not Enough Evidence
P0174,P0174_T2,P0174_T2_4,4,supported,Supported,Supported
P0174,P0174_T2,P0174_T2_5,5,condition_contradicted,Not Supported,Not Supported
P0174,P0174_T3,P0174_T3_1,1,relation_contradicted,Not Supported,Not Supported
P0174,P0174_T3,P0174_T3_2,2,condition_replaced,Not Enough Evidence,Not Enough Evidence
P0174,P0174_T3,P0174_T3_3,3,condition_removed,Not Enough Evidence,Not Enough Evidence
P0174,P0174_T3,P0174_T3_4,4,supported,Supported,Supported
P0174,P0174_T3,P0174_T3_5,5,condition_contradicted,Not Supported,Not Supported
P0178,P0178_T1,P0178_T1_1,1,relation_contradicted,Not Supported,Not Supported
P0178,P0178_T1,P0178_T1_2,2,condition_replaced,Not Enough Evidence,Not Enough Evidence
P0178,P0178_T1,P0178_T1_3,3,condition_removed,Not Enough Evidence,Not Enough Evidence
P0178,P0178_T1,P0178_T1_4,4,supported,Supported,Supported
P0178,P0178_T1,P0178_T1_5,5,condition_contradicted,Not Supported,Not Supported
P0178,P0178_T2,P0178_T2_1,1,relation_contradicted,Not Supported,Not Supported
P0178,P0178_T2,P0178_T2_2,2,condition_replaced,Not Enough Evidence,Not Enough Evidence
P0178,P0178_T2,P0178_T2_3,3,condition_removed,Not Enough Evidence,Not Enough Evidence
P0178,P0178_T2,P0178_T2_4,4,supported,Supported,Supported
P0178,P0178_T2,P0178_T2_5,5,condition_contradicted,Not Supported,Not Supported
P0181,P0181_T1,P0181_T1_1,1,relation_contradicted,Not Supported,Not Supported
P0181,P0181_T1,P0181_T1_2,2,condition_replaced,Not Enough Evidence,Not Enough Evidence
P0181,P0181_T1,P0181_T1_3,3,condition_removed,Not Enough Evidence,Not Enough Evidence
P0181,P0181_T1,P0181_T1_4,4,supported,Supported,Supported
P0181,P0181_T1,P0181_T1_5,5,condition_contradicted,Not Supported,Not Supported
P0181,P0181_T2,P0181_T2_1,1,relation_contradicted,Not Supported,Not Supported
P0181,P0181_T2,P0181_T2_2,2,condition_replaced,Not Enough Evidence,Not Enough Evidence
P0181,P0181_T2,P0181_T2_3,3,condition_removed,Not Enough Evidence,Not Enough Evidence
P0181,P0181_T2,P0181_T2_4,4,supported,Supported,Supported
P0181,P0181_T2,P0181_T2_5,5,condition_contradicted,Not Supported,Not Supported
P0189,P0189_T1,P0189_T1_1,1,relation_contradicted,Not Supported,Not Supported
P0189,P0189_T1,P0189_T1_2,2,condition_replaced,Not Enough Evidence,Not Enough Evidence
P0189,P0189_T1,P0189_T1_3,3,condition_removed,Not Enough Evidence,Not Enough Evidence
P0189,P0189_T1,P0189_T1_4,4,supported,Supported,Supported
P0189,P0189_T1,P0189_T1_5,5,condition_contradicted,Not Supported,Not Supported
P0189,P0189_T2,P0189_T2_1,1,relation_contradicted,Not Supported,Not Supported
P0189,P0189_T2,P0189_T2_2,2,condition_replaced,Not Enough Evidence,Not Enough Evidence
P0189,P0189_T2,P0189_T2_3,3,condition_removed,Not Enough Evidence,Not Enough Evidence
P0189,P0189_T2,P0189_T2_4,4,supported,Supported,Supported
P0189,P0189_T2,P0189_T2_5,5,condition_contradicted,Not Supported,Not Supported
P0190,P0190_T1,P0190_T1_1,1,relation_contradicted,Not Supported,Not Supported
P0190,P0190_T1,P0190_T1_2,2,condition_replaced,Not Enough Evidence,Not Enough Evidence
P0190,P0190_T1,P0190_T1_3,3,condition_removed,Not Enough Evidence,Not Enough Evidence
P0190,P0190_T1,P0190_T1_4,4,supported,Supported,Supported
P0190,P0190_T1,P0190_T1_5,5,condition_contradicted,Not Supported,Not Supported
P0190,P0190_T2,P0190_T2_1,1,relation_contradicted,Not Supported,Not Supported
P0190,P0190_T2,P0190_T2_2,2,condition_replaced,Not Enough Evidence,Not Enough Evidence
P0190,P0190_T2,P0190_T2_3,3,condition_removed,Not Enough Evidence,Not Enough Evidence
P0190,P0190_T2,P0190_T2_4,4,supported,Supported,Supported
P0190,P0190_T2,P0190_T2_5,5,condition_contradicted,Not Supported,Not Supported
P0191,P0191_T1,P0191_T1_1,1,relation_contradicted,Not Supported,Not Supported
P0191,P0191_T1,P0191_T1_2,2,condition_replaced,Not Enough Evidence,Not Enough Evidence
P0191,P0191_T1,P0191_T1_3,3,condition_removed,Not Enough Evidence,Not Enough Evidence
P0191,P0191_T1,P0191_T1_4,4,supported,Supported,Supported
P0191,P0191_T1,P0191_T1_5,5,condition_contradicted,Not Supported,Not Supported
P0191,P0191_T2,P0191_T2_1,1,relation_contradicted,Not Supported,Not Supported
P0191,P0191_T2,P0191_T2_2,2,condition_replaced,Not Enough Evidence,Not Enough Evidence
P0191,P0191_T2,P0191_T2_3,3,condition_removed,Not Enough Evidence,Not Enough Evidence
P0191,P0191_T2,P0191_T2_4,4,supported,Supported,Supported
P0191,P0191_T2,P0191_T2_5,5,condition_contradicted,Not Supported,Not Supported
P0195,P0195_T1,P0195_T1_1,1,relation_contradicted,Not Supported,Not Supported
P0195,P0195_T1,P0195_T1_2,2,condition_replaced,Not Enough Evidence,Not Enough Evidence
P0195,P0195_T1,P0195_T1_3,3,condition_removed,Not Enough Evidence,Not Enough Evidence
P0195,P0195_T1,P0195_T1_4,4,supported,Supported,Supported
P0195,P0195_T1,P0195_T1_5,5,condition_contradicted,Not Supported,Not Supported
P0195,P0195_T2,P0195_T2_1,1,relation_contradicted,Not Supported,Not Supported
P0195,P0195_T2,P0195_T2_2,2,condition_replaced,Not Enough Evidence,Not Enough Evidence
P0195,P0195_T2,P0195_T2_3,3,condition_removed,Not Enough Evidence,Not Enough Evidence
P0195,P0195_T2,P0195_T2_4,4,supported,Supported,Supported
P0195,P0195_T2,P0195_T2_5,5,condition_contradicted,Not Supported,Not Supported
P0200,P0200_T1,P0200_T1_1,1,relation_contradicted,Not Supported,Not Supported
P0200,P0200_T1,P0200_T1_2,2,condition_replaced,Not Enough Evidence,Not Enough Evidence
P0200,P0200_T1,P0200_T1_3,3,condition_removed,Not Enough Evidence,Not Enough Evidence
P0200,P0200_T1,P0200_T1_4,4,supported,Supported,Supported
P0200,P0200_T1,P0200_T1_5,5,condition_contradicted,Not Supported,Not Supported
P0200,P0200_T2,P0200_T2_1,1,relation_contradicted,Not Supported,Not Supported
P0200,P0200_T2,P0200_T2_2,2,condition_replaced,Not Enough Evidence,Not Enough Evidence
P0200,P0200_T2,P0200_T2_3,3,condition_removed,Not Enough Evidence,Not Enough Evidence
P0200,P0200_T2,P0200_T2_4,4,supported,Supported,Supported
P0200,P0200_T2,P0200_T2_5,5,condition_contradicted,Not Supported,Not Supported
P0200,P0200_T3,P0200_T3_1,1,relation_contradicted,Not Supported,Not Supported
P0200,P0200_T3,P0200_T3_2,2,condition_replaced,Not Enough Evidence,Not Enough Evidence
P0200,P0200_T3,P0200_T3_3,3,condition_removed,Not Enough Evidence,Not Enough Evidence
P0200,P0200_T3,P0200_T3_4,4,supported,Supported,Supported
P0200,P0200_T3,P0200_T3_5,5,condition_contradicted,Not Supported,Not Supported
P0201,P0201_T1,P0201_T1_1,1,relation_contradicted,Not Supported,Not Supported
P0201,P0201_T1,P0201_T1_2,2,condition_replaced,Not Enough Evidence,Not Enough Evidence
P0201,P0201_T1,P0201_T1_3,3,condition_removed,Not Enough Evidence,Not Enough Evidence
P0201,P0201_T1,P0201_T1_4,4,supported,Supported,Supported
P0201,P0201_T1,P0201_T1_5,5,condition_contradicted,Not Supported,Not Supported
P0201,P0201_T2,P0201_T2_1,1,relation_contradicted,Not Supported,Not Supported
P0201,P0201_T2,P0201_T2_2,2,condition_replaced,Not Enough Evidence,Not Enough Evidence
P0201,P0201_T2,P0201_T2_3,3,condition_removed,Not Enough Evidence,Not Enough Evidence
P0201,P0201_T2,P0201_T2_4,4,supported,Supported,Supported
P0201,P0201_T2,P0201_T2_5,5,condition_contradicted,Not Supported,Not Supported
P0203,P0203_T1,P0203_T1_1,1,relation_contradicted,Not Supported,Not Supported
P0203,P0203_T1,P0203_T1_2,2,condition_replaced,Not Enough Evidence,Not Enough Evidence
P0203,P0203_T1,P0203_T1_3,3,condition_removed,Not Enough Evidence,Not Enough Evidence
P0203,P0203_T1,P0203_T1_4,4,supported,Supported,Supported
P0203,P0203_T1,P0203_T1_5,5,condition_contradicted,Not Supported,Not Supported
P0203,P0203_T2,P0203_T2_1,1,relation_contradicted,Not Supported,Not Supported
P0203,P0203_T2,P0203_T2_2,2,condition_replaced,Not Enough Evidence,Not Enough Evidence
P0203,P0203_T2,P0203_T2_3,3,condition_removed,Not Enough Evidence,Not Enough Evidence
P0203,P0203_T2,P0203_T2_4,4,supported,Supported,Supported
P0203,P0203_T2,P0203_T2_5,5,condition_contradicted,Not Supported,Not Supported
P0204,P0204_T1,P0204_T1_1,1,relation_contradicted,Not Supported,Not Supported
P0204,P0204_T1,P0204_T1_2,2,condition_replaced,Not Enough Evidence,Not Enough Evidence
P0204,P0204_T1,P0204_T1_3,3,condition_removed,Not Enough Evidence,Not Enough Evidence
P0204,P0204_T1,P0204_T1_4,4,supported,Supported,Supported
P0204,P0204_T1,P0204_T1_5,5,condition_contradicted,Not Supported,Not Supported
P0204,P0204_T2,P0204_T2_1,1,relation_contradicted,Not Supported,Not Supported
P0204,P0204_T2,P0204_T2_2,2,condition_replaced,Not Enough Evidence,Not Enough Evidence
P0204,P0204_T2,P0204_T2_3,3,condition_removed,Not Enough Evidence,Not Enough Evidence
P0204,P0204_T2,P0204_T2_4,4,supported,Supported,Supported
P0204,P0204_T2,P0204_T2_5,5,condition_contradicted,Not Supported,Not Supported
P0205,P0205_T1,P0205_T1_1,1,relation_contradicted,Not Supported,Not Supported
P0205,P0205_T1,P0205_T1_2,2,condition_replaced,Not Enough Evidence,Not Enough Evidence
P0205,P0205_T1,P0205_T1_3,3,condition_removed,Not Enough Evidence,Not Enough Evidence
P0205,P0205_T1,P0205_T1_4,4,supported,Supported,Supported
P0205,P0205_T1,P0205_T1_5,5,condition_contradicted,Not Supported,Not Supported
P0205,P0205_T2,P0205_T2_1,1,relation_contradicted,Not Supported,Not Supported
P0205,P0205_T2,P0205_T2_2,2,condition_replaced,Not Enough Evidence,Not Enough Evidence
P0205,P0205_T2,P0205_T2_3,3,condition_removed,Not Enough Evidence,Not Enough Evidence
P0205,P0205_T2,P0205_T2_4,4,supported,Supported,Supported
P0205,P0205_T2,P0205_T2_5,5,condition_contradicted,Not Supported,Not Supported
P0206,P0206_T1,P0206_T1_1,1,relation_contradicted,Not Supported,Not Supported
P0206,P0206_T1,P0206_T1_2,2,condition_replaced,Not Enough Evidence,Not Enough Evidence
P0206,P0206_T1,P0206_T1_3,3,condition_removed,Not Enough Evidence,Not Enough Evidence
P0206,P0206_T1,P0206_T1_4,4,supported,Supported,Supported
P0206,P0206_T1,P0206_T1_5,5,condition_contradicted,Not Supported,Not Supported
P0206,P0206_T2,P0206_T2_1,1,relation_contradicted,Not Supported,Not Supported
P0206,P0206_T2,P0206_T2_2,2,condition_replaced,Not Enough Evidence,Not Enough Evidence
P0206,P0206_T2,P0206_T2_3,3,condition_removed,Not Enough Evidence,Not Enough Evidence
P0206,P0206_T2,P0206_T2_4,4,supported,Supported,Supported
P0206,P0206_T2,P0206_T2_5,5,condition_contradicted,Not Supported,Not Supported
P0207,P0207_T1,P0207_T1_1,1,relation_contradicted,Not Supported,Not Supported
P0207,P0207_T1,P0207_T1_2,2,condition_replaced,Not Enough Evidence,Not Enough Evidence
P0207,P0207_T1,P0207_T1_3,3,condition_removed,Not Enough Evidence,Not Enough Evidence
P0207,P0207_T1,P0207_T1_4,4,supported,Supported,Supported
P0207,P0207_T1,P0207_T1_5,5,condition_contradicted,Not Supported,Not Supported
P0207,P0207_T2,P0207_T2_1,1,relation_contradicted,Not Supported,Not Supported
P0207,P0207_T2,P0207_T2_2,2,condition_replaced,Not Enough Evidence,Not Enough Evidence
P0207,P0207_T2,P0207_T2_3,3,condition_removed,Not Enough Evidence,Not Enough Evidence
P0207,P0207_T2,P0207_T2_4,4,supported,Supported,Supported
P0207,P0207_T2,P0207_T2_5,5,condition_contradicted,Not Supported,Not Supported
P0208,P0208_T1,P0208_T1_1,1,relation_contradicted,Not Supported,Not Supported
P0208,P0208_T1,P0208_T1_2,2,condition_replaced,Not Enough Evidence,Not Enough Evidence
P0208,P0208_T1,P0208_T1_3,3,condition_removed,Not Enough Evidence,Not Enough Evidence
P0208,P0208_T1,P0208_T1_4,4,supported,Supported,Supported
P0208,P0208_T1,P0208_T1_5,5,condition_contradicted,Not Supported,Not Supported
P0208,P0208_T2,P0208_T2_1,1,relation_contradicted,Not Supported,Not Supported
P0208,P0208_T2,P0208_T2_2,2,condition_replaced,Not Enough Evidence,Not Enough Evidence
P0208,P0208_T2,P0208_T2_3,3,condition_removed,Not Enough Evidence,Not Enough Evidence
P0208,P0208_T2,P0208_T2_4,4,supported,Supported,Supported
P0208,P0208_T2,P0208_T2_5,5,condition_contradicted,Not Supported,Not Supported
P0214,P0214_T1,P0214_T1_1,1,relation_contradicted,Not Supported,Not Supported
P0214,P0214_T1,P0214_T1_2,2,condition_replaced,Not Enough Evidence,Not Enough Evidence
P0214,P0214_T1,P0214_T1_3,3,condition_removed,Not Enough Evidence,Not Enough Evidence
P0214,P0214_T1,P0214_T1_4,4,supported,Supported,Supported
P0214,P0214_T1,P0214_T1_5,5,condition_contradicted,Not Supported,Not Supported
P0214,P0214_T2,P0214_T2_1,1,relation_contradicted,Not Supported,Not Supported
P0214,P0214_T2,P0214_T2_2,2,condition_replaced,Not Enough Evidence,Not Enough Evidence
P0214,P0214_T2,P0214_T2_3,3,condition_removed,Not Enough Evidence,Not Enough Evidence
P0214,P0214_T2,P0214_T2_4,4,supported,Supported,Supported
P0214,P0214_T2,P0214_T2_5,5,condition_contradicted,Not Supported,Not Supported
P0220,P0220_T1,P0220_T1_1,1,relation_contradicted,Not Supported,Not Supported
P0220,P0220_T1,P0220_T1_2,2,condition_replaced,Not Enough Evidence,Not Enough Evidence
P0220,P0220_T1,P0220_T1_3,3,condition_removed,Not Enough Evidence,Not Enough Evidence
P0220,P0220_T1,P0220_T1_4,4,supported,Supported,Supported
P0220,P0220_T1,P0220_T1_5,5,condition_contradicted,Not Supported,Not Supported
P0220,P0220_T2,P0220_T2_1,1,relation_contradicted,Not Supported,Not Supported
P0220,P0220_T2,P0220_T2_2,2,condition_replaced,Not Enough Evidence,Not Enough Evidence
P0220,P0220_T2,P0220_T2_3,3,condition_removed,Not Enough Evidence,Not Enough Evidence
P0220,P0220_T2,P0220_T2_4,4,supported,Supported,Supported
P0220,P0220_T2,P0220_T2_5,5,condition_contradicted,Not Supported,Not Supported
P0222,P0222_T1,P0222_T1_1,1,relation_contradicted,Not Supported,Not Supported
P0222,P0222_T1,P0222_T1_2,2,condition_replaced,Not Enough Evidence,Not Enough Evidence
P0222,P0222_T1,P0222_T1_3,3,condition_removed,Not Enough Evidence,Not Enough Evidence
P0222,P0222_T1,P0222_T1_4,4,supported,Supported,Supported
P0222,P0222_T1,P0222_T1_5,5,condition_contradicted,Not Supported,Not Supported
P0222,P0222_T2,P0222_T2_1,1,relation_contradicted,Not Supported,Not Supported
P0222,P0222_T2,P0222_T2_2,2,condition_replaced,Not Enough Evidence,Not Enough Evidence
P0222,P0222_T2,P0222_T2_3,3,condition_removed,Not Enough Evidence,Not Enough Evidence
P0222,P0222_T2,P0222_T2_4,4,supported,Supported,Supported
P0222,P0222_T2,P0222_T2_5,5,condition_contradicted,Not Supported,Not Supported
P0222,P0222_T3,P0222_T3_1,1,relation_contradicted,Not Supported,Not Supported
P0222,P0222_T3,P0222_T3_2,2,condition_replaced,Not Enough Evidence,Not Enough Evidence
P0222,P0222_T3,P0222_T3_3,3,condition_removed,Not Enough Evidence,Not Enough Evidence
P0222,P0222_T3,P0222_T3_4,4,supported,Supported,Supported
P0222,P0222_T3,P0222_T3_5,5,condition_contradicted,Not Supported,Not Supported
P0225,P0225_T1,P0225_T1_1,1,relation_contradicted,Not Supported,Not Supported
P0225,P0225_T1,P0225_T1_2,2,condition_replaced,Not Enough Evidence,Not Enough Evidence
P0225,P0225_T1,P0225_T1_3,3,condition_removed,Not Enough Evidence,Not Enough Evidence
P0225,P0225_T1,P0225_T1_4,4,supported,Supported,Supported
P0225,P0225_T1,P0225_T1_5,5,condition_contradicted,Not Supported,Not Supported
P0225,P0225_T2,P0225_T2_1,1,relation_contradicted,Not Supported,Not Supported
P0225,P0225_T2,P0225_T2_2,2,condition_replaced,Not Enough Evidence,Not Enough Evidence
P0225,P0225_T2,P0225_T2_3,3,condition_removed,Not Enough Evidence,Not Enough Evidence
P0225,P0225_T2,P0225_T2_4,4,supported,Supported,Supported
P0225,P0225_T2,P0225_T2_5,5,condition_contradicted,Not Supported,Not Supported
P0225,P0225_T3,P0225_T3_1,1,relation_contradicted,Not Supported,Not Supported
P0225,P0225_T3,P0225_T3_2,2,condition_replaced,Not Enough Evidence,Not Enough Evidence
P0225,P0225_T3,P0225_T3_3,3,condition_removed,Not Enough Evidence,Not Enough Evidence
P0225,P0225_T3,P0225_T3_4,4,supported,Supported,Supported
P0225,P0225_T3,P0225_T3_5,5,condition_contradicted,Not Supported,Not Supported
P0233,P0233_T1,P0233_T1_1,1,relation_contradicted,Not Supported,Not Supported
P0233,P0233_T1,P0233_T1_2,2,condition_replaced,Not Enough Evidence,Not Enough Evidence
P0233,P0233_T1,P0233_T1_3,3,condition_removed,Not Enough Evidence,Not Enough Evidence
P0233,P0233_T1,P0233_T1_4,4,supported,Supported,Supported
P0233,P0233_T1,P0233_T1_5,5,condition_contradicted,Not Supported,Not Supported
P0233,P0233_T2,P0233_T2_1,1,relation_contradicted,Not Supported,Not Supported
P0233,P0233_T2,P0233_T2_2,2,condition_replaced,Not Enough Evidence,Not Enough Evidence
P0233,P0233_T2,P0233_T2_3,3,condition_removed,Not Enough Evidence,Not Enough Evidence
P0233,P0233_T2,P0233_T2_4,4,supported,Supported,Supported
P0233,P0233_T2,P0233_T2_5,5,condition_contradicted,Not Supported,Not Supported
P0233,P0233_T3,P0233_T3_1,1,relation_contradicted,Not Supported,Not Supported
P0233,P0233_T3,P0233_T3_2,2,condition_replaced,Not Enough Evidence,Not Enough Evidence
P0233,P0233_T3,P0233_T3_3,3,condition_removed,Not Enough Evidence,Not Enough Evidence
P0233,P0233_T3,P0233_T3_4,4,supported,Supported,Supported
P0233,P0233_T3,P0233_T3_5,5,condition_contradicted,Not Supported,Not Supported
P0234,P0234_T1,P0234_T1_1,1,relation_contradicted,Not Supported,Not Supported
P0234,P0234_T1,P0234_T1_2,2,condition_replaced,Not Enough Evidence,Not Enough Evidence
P0234,P0234_T1,P0234_T1_3,3,condition_removed,Not Enough Evidence,Not Enough Evidence
P0234,P0234_T1,P0234_T1_4,4,supported,Supported,Supported
P0234,P0234_T1,P0234_T1_5,5,condition_contradicted,Not Supported,Not Supported
P0234,P0234_T2,P0234_T2_1,1,relation_contradicted,Not Supported,Not Supported
P0234,P0234_T2,P0234_T2_2,2,condition_replaced,Not Enough Evidence,Not Enough Evidence
P0234,P0234_T2,P0234_T2_3,3,condition_removed,Not Enough Evidence,Not Enough Evidence
P0234,P0234_T2,P0234_T2_4,4,supported,Supported,Supported
P0234,P0234_T2,P0234_T2_5,5,condition_contradicted,Not Supported,Not Supported
P0234,P0234_T3,P0234_T3_1,1,relation_contradicted,Not Supported,Not Supported
P0234,P0234_T3,P0234_T3_2,2,condition_replaced,Not Enough Evidence,Not Enough Evidence
P0234,P0234_T3,P0234_T3_3,3,condition_removed,Not Enough Evidence,Not Enough Evidence
P0234,P0234_T3,P0234_T3_4,4,supported,Supported,Supported
P0234,P0234_T3,P0234_T3_5,5,condition_contradicted,Not Supported,Not Supported
P0237,P0237_T1,P0237_T1_1,1,relation_contradicted,Not Supported,Not Supported
P0237,P0237_T1,P0237_T1_2,2,condition_replaced,Not Enough Evidence,Not Enough Evidence
P0237,P0237_T1,P0237_T1_3,3,condition_removed,Not Enough Evidence,Not Enough Evidence
P0237,P0237_T1,P0237_T1_4,4,supported,Supported,Supported
P0237,P0237_T1,P0237_T1_5,5,condition_contradicted,Not Supported,Not Supported
P0237,P0237_T2,P0237_T2_1,1,relation_contradicted,Not Supported,Not Supported
P0237,P0237_T2,P0237_T2_2,2,condition_replaced,Not Enough Evidence,Not Enough Evidence
P0237,P0237_T2,P0237_T2_3,3,condition_removed,Not Enough Evidence,Not Enough Evidence
P0237,P0237_T2,P0237_T2_4,4,supported,Supported,Supported
P0237,P0237_T2,P0237_T2_5,5,condition_contradicted,Not Supported,Not Supported
P0237,P0237_T3,P0237_T3_1,1,relation_contradicted,Not Supported,Not Supported
P0237,P0237_T3,P0237_T3_2,2,condition_replaced,Not Enough Evidence,Not Enough Evidence
P0237,P0237_T3,P0237_T3_3,3,condition_removed,Not Enough Evidence,Not Enough Evidence
P0237,P0237_T3,P0237_T3_4,4,supported,Supported,Supported
P0237,P0237_T3,P0237_T3_5,5,condition_contradicted,Not Supported,Not Supported
P0246,P0246_T1,P0246_T1_1,1,relation_contradicted,Not Supported,Not Supported
P0246,P0246_T1,P0246_T1_2,2,condition_replaced,Not Enough Evidence,Not Enough Evidence
P0246,P0246_T1,P0246_T1_3,3,condition_removed,Not Enough Evidence,Not Enough Evidence
P0246,P0246_T1,P0246_T1_4,4,supported,Supported,Supported
P0246,P0246_T1,P0246_T1_5,5,condition_contradicted,Not Supported,Not Supported
P0246,P0246_T2,P0246_T2_1,1,relation_contradicted,Not Supported,Not Supported
P0246,P0246_T2,P0246_T2_2,2,condition_replaced,Not Enough Evidence,Not Enough Evidence
P0246,P0246_T2,P0246_T2_3,3,condition_removed,Not Enough Evidence,Not Enough Evidence
P0246,P0246_T2,P0246_T2_4,4,supported,Supported,Supported
P0246,P0246_T2,P0246_T2_5,5,condition_contradicted,Not Supported,Not Supported
P0246,P0246_T3,P0246_T3_1,1,relation_contradicted,Not Supported,Not Supported
P0246,P0246_T3,P0246_T3_2,2,condition_replaced,Not Enough Evidence,Not Enough Evidence
P0246,P0246_T3,P0246_T3_3,3,condition_removed,Not Enough Evidence,Not Enough Evidence
P0246,P0246_T3,P0246_T3_4,4,supported,Supported,Supported
P0246,P0246_T3,P0246_T3_5,5,condition_contradicted,Not Supported,Not Supported
P0250,P0250_T1,P0250_T1_1,1,relation_contradicted,Not Supported,Not Supported
P0250,P0250_T1,P0250_T1_2,2,condition_replaced,Not Enough Evidence,Not Enough Evidence
P0250,P0250_T1,P0250_T1_3,3,condition_removed,Not Enough Evidence,Not Enough Evidence
P0250,P0250_T1,P0250_T1_4,4,supported,Supported,Supported
P0250,P0250_T1,P0250_T1_5,5,condition_contradicted,Not Supported,Not Supported
P0250,P0250_T2,P0250_T2_1,1,relation_contradicted,Not Supported,Not Supported
P0250,P0250_T2,P0250_T2_2,2,condition_replaced,Not Enough Evidence,Not Enough Evidence
P0250,P0250_T2,P0250_T2_3,3,condition_removed,Not Enough Evidence,Not Enough Evidence
P0250,P0250_T2,P0250_T2_4,4,supported,Supported,Supported
P0250,P0250_T2,P0250_T2_5,5,condition_contradicted,Not Supported,Not Supported
P0250,P0250_T3,P0250_T3_1,1,relation_contradicted,Not Supported,Not Supported
P0250,P0250_T3,P0250_T3_2,2,condition_replaced,Not Enough Evidence,Not Enough Evidence
P0250,P0250_T3,P0250_T3_3,3,condition_removed,Not Enough Evidence,Not Enough Evidence
P0250,P0250_T3,P0250_T3_4,4,supported,Supported,Supported
P0250,P0250_T3,P0250_T3_5,5,condition_contradicted,Not Supported,Not Supported
P0259,P0259_T1,P0259_T1_1,1,relation_contradicted,Not Supported,Not Supported
P0259,P0259_T1,P0259_T1_2,2,condition_replaced,Not Enough Evidence,Not Enough Evidence
P0259,P0259_T1,P0259_T1_3,3,condition_removed,Not Enough Evidence,Not Enough Evidence
P0259,P0259_T1,P0259_T1_4,4,supported,Supported,Supported
P0259,P0259_T1,P0259_T1_5,5,condition_contradicted,Not Supported,Not Supported
P0259,P0259_T2,P0259_T2_1,1,relation_contradicted,Not Supported,Not Supported
P0259,P0259_T2,P0259_T2_2,2,condition_replaced,Not Enough Evidence,Not Enough Evidence
P0259,P0259_T2,P0259_T2_3,3,condition_removed,Not Enough Evidence,Not Enough Evidence
P0259,P0259_T2,P0259_T2_4,4,supported,Supported,Supported
P0259,P0259_T2,P0259_T2_5,5,condition_contradicted,Not Supported,Not Supported
P0259,P0259_T3,P0259_T3_1,1,relation_contradicted,Not Supported,Not Supported
P0259,P0259_T3,P0259_T3_2,2,condition_replaced,Not Enough Evidence,Not Enough Evidence
P0259,P0259_T3,P0259_T3_3,3,condition_removed,Not Enough Evidence,Not Enough Evidence
P0259,P0259_T3,P0259_T3_4,4,supported,Supported,Supported
P0259,P0259_T3,P0259_T3_5,5,condition_contradicted,Not Supported,Not Supported
P0260,P0260_T1,P0260_T1_1,1,relation_contradicted,Not Supported,Not Supported
P0260,P0260_T1,P0260_T1_2,2,condition_replaced,Not Enough Evidence,Not Enough Evidence
P0260,P0260_T1,P0260_T1_3,3,condition_removed,Not Enough Evidence,Not Enough Evidence
P0260,P0260_T1,P0260_T1_4,4,supported,Supported,Supported
P0260,P0260_T1,P0260_T1_5,5,condition_contradicted,Not Supported,Not Supported
P0260,P0260_T2,P0260_T2_1,1,relation_contradicted,Not Supported,Not Supported
P0260,P0260_T2,P0260_T2_2,2,condition_replaced,Not Enough Evidence,Not Enough Evidence
P0260,P0260_T2,P0260_T2_3,3,condition_removed,Not Enough Evidence,Not Enough Evidence
P0260,P0260_T2,P0260_T2_4,4,supported,Supported,Supported
P0260,P0260_T2,P0260_T2_5,5,condition_contradicted,Not Supported,Not Supported
P0260,P0260_T3,P0260_T3_1,1,relation_contradicted,Not Supported,Not Supported
P0260,P0260_T3,P0260_T3_2,2,condition_replaced,Not Enough Evidence,Not Enough Evidence
P0260,P0260_T3,P0260_T3_3,3,condition_removed,Not Enough Evidence,Not Enough Evidence
P0260,P0260_T3,P0260_T3_4,4,supported,Supported,Supported
P0260,P0260_T3,P0260_T3_5,5,condition_contradicted,Not Supported,Not Supported
P0261,P0261_T1,P0261_T1_1,1,relation_contradicted,Not Supported,Not Supported
P0261,P0261_T1,P0261_T1_2,2,condition_replaced,Not Enough Evidence,Not Enough Evidence
P0261,P0261_T1,P0261_T1_3,3,condition_removed,Not Enough Evidence,Not Enough Evidence
P0261,P0261_T1,P0261_T1_4,4,supported,Supported,Supported
P0261,P0261_T1,P0261_T1_5,5,condition_contradicted,Not Supported,Not Supported
P0261,P0261_T2,P0261_T2_1,1,relation_contradicted,Not Supported,Not Supported
P0261,P0261_T2,P0261_T2_2,2,condition_replaced,Not Enough Evidence,Not Enough Evidence
P0261,P0261_T2,P0261_T2_3,3,condition_removed,Not Enough Evidence,Not Enough Evidence
P0261,P0261_T2,P0261_T2_4,4,supported,Supported,Supported
P0261,P0261_T2,P0261_T2_5,5,condition_contradicted,Not Supported,Not Supported
P0261,P0261_T3,P0261_T3_1,1,relation_contradicted,Not Supported,Not Supported
P0261,P0261_T3,P0261_T3_2,2,condition_replaced,Not Enough Evidence,Not Enough Evidence
P0261,P0261_T3,P0261_T3_3,3,condition_removed,Not Enough Evidence,Not Enough Evidence
P0261,P0261_T3,P0261_T3_4,4,supported,Supported,Supported
P0261,P0261_T3,P0261_T3_5,5,condition_contradicted,Not Supported,Not Supported
P0265,P0265_T1,P0265_T1_1,1,relation_contradicted,Not Supported,Not Supported
P0265,P0265_T1,P0265_T1_2,2,condition_replaced,Not Enough Evidence,Not Enough Evidence
P0265,P0265_T1,P0265_T1_3,3,condition_removed,Not Enough Evidence,Not Enough Evidence
P0265,P0265_T1,P0265_T1_4,4,supported,Supported,Supported
P0265,P0265_T1,P0265_T1_5,5,condition_contradicted,Not Supported,Not Supported
P0265,P0265_T2,P0265_T2_1,1,relation_contradicted,Not Supported,Not Supported
P0265,P0265_T2,P0265_T2_2,2,condition_replaced,Not Enough Evidence,Not Enough Evidence
P0265,P0265_T2,P0265_T2_3,3,condition_removed,Not Enough Evidence,Not Enough Evidence
P0265,P0265_T2,P0265_T2_4,4,supported,Supported,Supported
P0265,P0265_T2,P0265_T2_5,5,condition_contradicted,Not Supported,Not Supported
P0265,P0265_T3,P0265_T3_1,1,relation_contradicted,Not Supported,Not Supported
P0265,P0265_T3,P0265_T3_2,2,condition_replaced,Not Enough Evidence,Not Enough Evidence
P0265,P0265_T3,P0265_T3_3,3,condition_removed,Not Enough Evidence,Not Enough Evidence
P0265,P0265_T3,P0265_T3_4,4,supported,Supported,Supported
P0265,P0265_T3,P0265_T3_5,5,condition_contradicted,Not Supported,Not Supported
P0266,P0266_T1,P0266_T1_1,1,relation_contradicted,Not Supported,Not Supported
P0266,P0266_T1,P0266_T1_2,2,condition_replaced,Not Enough Evidence,Not Enough Evidence
P0266,P0266_T1,P0266_T1_3,3,condition_removed,Not Enough Evidence,Not Enough Evidence
P0266,P0266_T1,P0266_T1_4,4,supported,Supported,Supported
P0266,P0266_T1,P0266_T1_5,5,condition_contradicted,Not Supported,Not Supported
P0266,P0266_T2,P0266_T2_1,1,relation_contradicted,Not Supported,Not Supported
P0266,P0266_T2,P0266_T2_2,2,condition_replaced,Not Enough Evidence,Not Enough Evidence
P0266,P0266_T2,P0266_T2_3,3,condition_removed,Not Enough Evidence,Not Enough Evidence
P0266,P0266_T2,P0266_T2_4,4,supported,Supported,Supported
P0266,P0266_T2,P0266_T2_5,5,condition_contradicted,Not Supported,Not Supported
P0266,P0266_T3,P0266_T3_1,1,relation_contradicted,Not Supported,Not Supported
P0266,P0266_T3,P0266_T3_2,2,condition_replaced,Not Enough Evidence,Not Enough Evidence
P0266,P0266_T3,P0266_T3_3,3,condition_removed,Not Enough Evidence,Not Enough Evidence
P0266,P0266_T3,P0266_T3_4,4,supported,Supported,Supported
P0266,P0266_T3,P0266_T3_5,5,condition_contradicted,Not Supported,Not Supported
P0276,P0276_T1,P0276_T1_1,1,relation_contradicted,Not Supported,Not Supported
P0276,P0276_T1,P0276_T1_2,2,condition_replaced,Not Enough Evidence,Not Enough Evidence
P0276,P0276_T1,P0276_T1_3,3,condition_removed,Not Enough Evidence,Not Enough Evidence
P0276,P0276_T1,P0276_T1_4,4,supported,Supported,Supported
P0276,P0276_T1,P0276_T1_5,5,condition_contradicted,Not Supported,Not Supported
P0276,P0276_T2,P0276_T2_1,1,relation_contradicted,Not Supported,Not Supported
P0276,P0276_T2,P0276_T2_2,2,condition_replaced,Not Enough Evidence,Not Enough Evidence
P0276,P0276_T2,P0276_T2_3,3,condition_removed,Not Enough Evidence,Not Enough Evidence
P0276,P0276_T2,P0276_T2_4,4,supported,Supported,Supported
P0276,P0276_T2,P0276_T2_5,5,condition_contradicted,Not Supported,Not Supported
P0276,P0276_T3,P0276_T3_1,1,relation_contradicted,Not Supported,Not Supported
P0276,P0276_T3,P0276_T3_2,2,condition_replaced,Not Enough Evidence,Not Enough Evidence
P0276,P0276_T3,P0276_T3_3,3,condition_removed,Not Enough Evidence,Not Enough Evidence
P0276,P0276_T3,P0276_T3_4,4,supported,Supported,Supported
P0276,P0276_T3,P0276_T3_5,5,condition_contradicted,Not Supported,Not Supported
P0277,P0277_T1,P0277_T1_1,1,relation_contradicted,Not Supported,Not Supported
P0277,P0277_T1,P0277_T1_2,2,condition_replaced,Not Enough Evidence,Not Enough Evidence
P0277,P0277_T1,P0277_T1_3,3,condition_removed,Not Enough Evidence,Not Enough Evidence
P0277,P0277_T1,P0277_T1_4,4,supported,Supported,Supported
P0277,P0277_T1,P0277_T1_5,5,condition_contradicted,Not Supported,Not Supported
P0277,P0277_T2,P0277_T2_1,1,relation_contradicted,Not Supported,Not Supported
P0277,P0277_T2,P0277_T2_2,2,condition_replaced,Not Enough Evidence,Not Enough Evidence
P0277,P0277_T2,P0277_T2_3,3,condition_removed,Not Enough Evidence,Not Enough Evidence
P0277,P0277_T2,P0277_T2_4,4,supported,Supported,Supported
P0277,P0277_T2,P0277_T2_5,5,condition_contradicted,Not Supported,Not Supported
P0277,P0277_T3,P0277_T3_1,1,relation_contradicted,Not Supported,Not Supported
P0277,P0277_T3,P0277_T3_2,2,condition_replaced,Not Enough Evidence,Not Enough Evidence
P0277,P0277_T3,P0277_T3_3,3,condition_removed,Not Enough Evidence,Not Enough Evidence
P0277,P0277_T3,P0277_T3_4,4,supported,Supported,Supported
P0277,P0277_T3,P0277_T3_5,5,condition_contradicted,Not Supported,Not Supported
P0278,P0278_T1,P0278_T1_1,1,relation_contradicted,Not Supported,Not Supported
P0278,P0278_T1,P0278_T1_2,2,condition_replaced,Not Enough Evidence,Not Enough Evidence
P0278,P0278_T1,P0278_T1_3,3,condition_removed,Not Enough Evidence,Not Enough Evidence
P0278,P0278_T1,P0278_T1_4,4,supported,Supported,Supported
P0278,P0278_T1,P0278_T1_5,5,condition_contradicted,Not Supported,Not Supported
P0278,P0278_T2,P0278_T2_1,1,relation_contradicted,Not Supported,Not Supported
P0278,P0278_T2,P0278_T2_2,2,condition_replaced,Not Enough Evidence,Not Enough Evidence
P0278,P0278_T2,P0278_T2_3,3,condition_removed,Not Enough Evidence,Not Enough Evidence
P0278,P0278_T2,P0278_T2_4,4,supported,Supported,Supported
P0278,P0278_T2,P0278_T2_5,5,condition_contradicted,Not Supported,Not Supported
P0278,P0278_T3,P0278_T3_1,1,relation_contradicted,Not Supported,Not Supported
P0278,P0278_T3,P0278_T3_2,2,condition_replaced,Not Enough Evidence,Not Enough Evidence
P0278,P0278_T3,P0278_T3_3,3,condition_removed,Not Enough Evidence,Not Enough Evidence
P0278,P0278_T3,P0278_T3_4,4,supported,Supported,Supported
P0278,P0278_T3,P0278_T3_5,5,condition_contradicted,Not Supported,Not Supported
P0281,P0281_T1,P0281_T1_1,1,relation_contradicted,Not Supported,Not Supported
P0281,P0281_T1,P0281_T1_2,2,condition_replaced,Not Enough Evidence,Not Enough Evidence
P0281,P0281_T1,P0281_T1_3,3,condition_removed,Not Enough Evidence,Not Enough Evidence
P0281,P0281_T1,P0281_T1_4,4,supported,Supported,Supported
P0281,P0281_T1,P0281_T1_5,5,condition_contradicted,Not Supported,Not Supported
P0281,P0281_T2,P0281_T2_1,1,relation_contradicted,Not Supported,Not Supported
P0281,P0281_T2,P0281_T2_2,2,condition_replaced,Not Enough Evidence,Not Enough Evidence
P0281,P0281_T2,P0281_T2_3,3,condition_removed,Not Enough Evidence,Not Enough Evidence
P0281,P0281_T2,P0281_T2_4,4,supported,Supported,Supported
P0281,P0281_T2,P0281_T2_5,5,condition_contradicted,Not Supported,Not Supported
P0281,P0281_T3,P0281_T3_1,1,relation_contradicted,Not Supported,Not Supported
P0281,P0281_T3,P0281_T3_2,2,condition_replaced,Not Enough Evidence,Not Enough Evidence
P0281,P0281_T3,P0281_T3_3,3,condition_removed,Not Enough Evidence,Not Enough Evidence
P0281,P0281_T3,P0281_T3_4,4,supported,Supported,Supported
P0281,P0281_T3,P0281_T3_5,5,condition_contradicted,Not Supported,Not Supported
P0282,P0282_T1,P0282_T1_1,1,relation_contradicted,Not Supported,Not Supported
P0282,P0282_T1,P0282_T1_2,2,condition_replaced,Not Enough Evidence,Not Enough Evidence
P0282,P0282_T1,P0282_T1_3,3,condition_removed,Not Enough Evidence,Not Enough Evidence
P0282,P0282_T1,P0282_T1_4,4,supported,Supported,Supported
P0282,P0282_T1,P0282_T1_5,5,condition_contradicted,Not Supported,Not Supported
P0282,P0282_T2,P0282_T2_1,1,relation_contradicted,Not Supported,Not Supported
P0282,P0282_T2,P0282_T2_2,2,condition_replaced,Not Enough Evidence,Not Enough Evidence
P0282,P0282_T2,P0282_T2_3,3,condition_removed,Not Enough Evidence,Not Enough Evidence
P0282,P0282_T2,P0282_T2_4,4,supported,Supported,Supported
P0282,P0282_T2,P0282_T2_5,5,condition_contradicted,Not Supported,Not Supported
P0282,P0282_T3,P0282_T3_1,1,relation_contradicted,Not Supported,Not Supported
P0282,P0282_T3,P0282_T3_2,2,condition_replaced,Not Enough Evidence,Not Enough Evidence
P0282,P0282_T3,P0282_T3_3,3,condition_removed,Not Enough Evidence,Not Enough Evidence
P0282,P0282_T3,P0282_T3_4,4,supported,Supported,Supported
P0282,P0282_T3,P0282_T3_5,5,condition_contradicted,Not Supported,Not Supported
P0283,P0283_T1,P0283_T1_1,1,relation_contradicted,Not Supported,Not Supported
P0283,P0283_T1,P0283_T1_2,2,condition_replaced,Not Enough Evidence,Not Enough Evidence
P0283,P0283_T1,P0283_T1_3,3,condition_removed,Not Enough Evidence,Not Enough Evidence
P0283,P0283_T1,P0283_T1_4,4,supported,Supported,Supported
P0283,P0283_T1,P0283_T1_5,5,condition_contradicted,Not Supported,Not Supported
P0283,P0283_T2,P0283_T2_1,1,relation_contradicted,Not Supported,Not Supported
P0283,P0283_T2,P0283_T2_2,2,condition_replaced,Not Enough Evidence,Not Enough Evidence
P0283,P0283_T2,P0283_T2_3,3,condition_removed,Not Enough Evidence,Not Enough Evidence
P0283,P0283_T2,P0283_T2_4,4,supported,Supported,Supported
P0283,P0283_T2,P0283_T2_5,5,condition_contradicted,Not Supported,Not Supported
P0283,P0283_T3,P0283_T3_1,1,relation_contradicted,Not Supported,Not Supported
P0283,P0283_T3,P0283_T3_2,2,condition_replaced,Not Enough Evidence,Not Enough Evidence
P0283,P0283_T3,P0283_T3_3,3,condition_removed,Not Enough Evidence,Not Enough Evidence
P0283,P0283_T3,P0283_T3_4,4,supported,Supported,Supported
P0283,P0283_T3,P0283_T3_5,5,condition_contradicted,Not Supported,Supported
P0305,P0305_T1,P0305_T1_1,1,relation_contradicted,Not Supported,Not Supported
P0305,P0305_T1,P0305_T1_2,2,condition_replaced,Not Enough Evidence,Not Enough Evidence
P0305,P0305_T1,P0305_T1_3,3,condition_removed,Not Enough Evidence,Not Enough Evidence
P0305,P0305_T1,P0305_T1_4,4,supported,Supported,Supported
P0305,P0305_T1,P0305_T1_5,5,condition_contradicted,Not Supported,Not Supported
P0305,P0305_T2,P0305_T2_1,1,relation_contradicted,Not Supported,Not Supported
P0305,P0305_T2,P0305_T2_2,2,condition_replaced,Not Enough Evidence,Not Enough Evidence
P0305,P0305_T2,P0305_T2_3,3,condition_removed,Not Enough Evidence,Not Enough Evidence
P0305,P0305_T2,P0305_T2_4,4,supported,Supported,Supported
P0305,P0305_T2,P0305_T2_5,5,condition_contradicted,Not Supported,Not Supported
P0305,P0305_T3,P0305_T3_1,1,relation_contradicted,Not Supported,Not Supported
P0305,P0305_T3,P0305_T3_2,2,condition_replaced,Not Enough Evidence,Not Enough Evidence
P0305,P0305_T3,P0305_T3_3,3,condition_removed,Not Enough Evidence,Not Enough Evidence
P0305,P0305_T3,P0305_T3_4,4,supported,Supported,Supported
P0305,P0305_T3,P0305_T3_5,5,condition_contradicted,Not Supported,Not Supported
P0310,P0310_T1,P0310_T1_1,1,relation_contradicted,Not Supported,Not Supported
P0310,P0310_T1,P0310_T1_2,2,condition_replaced,Not Enough Evidence,Not Enough Evidence
P0310,P0310_T1,P0310_T1_3,3,condition_removed,Not Enough Evidence,Not Enough Evidence
P0310,P0310_T1,P0310_T1_4,4,supported,Supported,Supported
P0310,P0310_T1,P0310_T1_5,5,condition_contradicted,Not Supported,Not Supported
P0310,P0310_T2,P0310_T2_1,1,relation_contradicted,Not Supported,Not Supported
P0310,P0310_T2,P0310_T2_2,2,condition_replaced,Not Enough Evidence,Not Enough Evidence
P0310,P0310_T2,P0310_T2_3,3,condition_removed,Not Enough Evidence,Not Enough Evidence
P0310,P0310_T2,P0310_T2_4,4,supported,Supported,Supported
P0310,P0310_T2,P0310_T2_5,5,condition_contradicted,Not Supported,Not Supported
P0310,P0310_T3,P0310_T3_1,1,relation_contradicted,Not Supported,Not Supported
P0310,P0310_T3,P0310_T3_2,2,condition_replaced,Not Enough Evidence,Not Enough Evidence
P0310,P0310_T3,P0310_T3_3,3,condition_removed,Not Enough Evidence,Not Enough Evidence
P0310,P0310_T3,P0310_T3_4,4,supported,Supported,Supported
P0310,P0310_T3,P0310_T3_5,5,condition_contradicted,Not Supported,Not Supported
P0311,P0311_T1,P0311_T1_1,1,relation_contradicted,Not Supported,Not Supported
P0311,P0311_T1,P0311_T1_2,2,condition_replaced,Not Enough Evidence,Not Enough Evidence
P0311,P0311_T1,P0311_T1_3,3,condition_removed,Not Enough Evidence,Not Enough Evidence
P0311,P0311_T1,P0311_T1_4,4,supported,Supported,Supported
P0311,P0311_T1,P0311_T1_5,5,condition_contradicted,Not Supported,Not Supported
P0311,P0311_T2,P0311_T2_1,1,relation_contradicted,Not Supported,Not Supported
P0311,P0311_T2,P0311_T2_2,2,condition_replaced,Not Enough Evidence,Not Enough Evidence
P0311,P0311_T2,P0311_T2_3,3,condition_removed,Not Enough Evidence,Not Enough Evidence
P0311,P0311_T2,P0311_T2_4,4,supported,Supported,Supported
P0311,P0311_T2,P0311_T2_5,5,condition_contradicted,Not Supported,Not Supported
P0311,P0311_T3,P0311_T3_1,1,relation_contradicted,Not Supported,Not Supported
P0311,P0311_T3,P0311_T3_2,2,condition_replaced,Not Enough Evidence,Not Enough Evidence
P0311,P0311_T3,P0311_T3_3,3,condition_removed,Not Enough Evidence,Not Enough Evidence
P0311,P0311_T3,P0311_T3_4,4,supported,Supported,Supported
P0311,P0311_T3,P0311_T3_5,5,condition_contradicted,Not Supported,Not Supported
P0315,P0315_T1,P0315_T1_1,1,relation_contradicted,Not Supported,Not Supported
P0315,P0315_T1,P0315_T1_2,2,condition_replaced,Not Enough Evidence,Not Enough Evidence
P0315,P0315_T1,P0315_T1_3,3,condition_removed,Not Enough Evidence,Not Enough Evidence
P0315,P0315_T1,P0315_T1_4,4,supported,Supported,Supported
P0315,P0315_T1,P0315_T1_5,5,condition_contradicted,Not Supported,Not Supported
P0315,P0315_T2,P0315_T2_1,1,relation_contradicted,Not Supported,Not Supported
P0315,P0315_T2,P0315_T2_2,2,condition_replaced,Not Enough Evidence,Not Enough Evidence
P0315,P0315_T2,P0315_T2_3,3,condition_removed,Not Enough Evidence,Not Enough Evidence
P0315,P0315_T2,P0315_T2_4,4,supported,Supported,Supported
P0315,P0315_T2,P0315_T2_5,5,condition_contradicted,Not Supported,Not Supported
P0315,P0315_T3,P0315_T3_1,1,relation_contradicted,Not Supported,Not Supported
P0315,P0315_T3,P0315_T3_2,2,condition_replaced,Not Enough Evidence,Not Enough Evidence
P0315,P0315_T3,P0315_T3_3,3,condition_removed,Not Enough Evidence,Not Enough Evidence
P0315,P0315_T3,P0315_T3_4,4,supported,Supported,Supported
P0315,P0315_T3,P0315_T3_5,5,condition_contradicted,Not Supported,Not Supported
P0316,P0316_T1,P0316_T1_1,1,relation_contradicted,Not Supported,Not Supported
P0316,P0316_T1,P0316_T1_2,2,condition_replaced,Not Enough Evidence,Not Enough Evidence
P0316,P0316_T1,P0316_T1_3,3,condition_removed,Not Enough Evidence,Not Enough Evidence
P0316,P0316_T1,P0316_T1_4,4,supported,Supported,Supported
P0316,P0316_T1,P0316_T1_5,5,condition_contradicted,Not Supported,Not Supported
P0316,P0316_T2,P0316_T2_1,1,relation_contradicted,Not Supported,Not Supported
P0316,P0316_T2,P0316_T2_2,2,condition_replaced,Not Enough Evidence,Not Enough Evidence
P0316,P0316_T2,P0316_T2_3,3,condition_removed,Not Enough Evidence,Not Enough Evidence
P0316,P0316_T2,P0316_T2_4,4,supported,Supported,Supported
P0316,P0316_T2,P0316_T2_5,5,condition_contradicted,Not Supported,Not Supported
P0316,P0316_T3,P0316_T3_1,1,relation_contradicted,Not Supported,Not Supported
P0316,P0316_T3,P0316_T3_2,2,condition_replaced,Not Enough Evidence,Not Enough Evidence
P0316,P0316_T3,P0316_T3_3,3,condition_removed,Not Enough Evidence,Not Enough Evidence
P0316,P0316_T3,P0316_T3_4,4,supported,Supported,Supported
P0316,P0316_T3,P0316_T3_5,5,condition_contradicted,Not Supported,Not Supported
P0322,P0322_T1,P0322_T1_1,1,relation_contradicted,Not Supported,Not Supported
P0322,P0322_T1,P0322_T1_2,2,condition_replaced,Not Enough Evidence,Not Enough Evidence
P0322,P0322_T1,P0322_T1_3,3,condition_removed,Not Enough Evidence,Not Enough Evidence
P0322,P0322_T1,P0322_T1_4,4,supported,Supported,Supported
P0322,P0322_T1,P0322_T1_5,5,condition_contradicted,Not Supported,Not Supported
P0322,P0322_T2,P0322_T2_1,1,relation_contradicted,Not Supported,Not Supported
P0322,P0322_T2,P0322_T2_2,2,condition_replaced,Not Enough Evidence,Not Enough Evidence
P0322,P0322_T2,P0322_T2_3,3,condition_removed,Not Enough Evidence,Not Enough Evidence
P0322,P0322_T2,P0322_T2_4,4,supported,Supported,Supported
P0322,P0322_T2,P0322_T2_5,5,condition_contradicted,Not Supported,Not Supported
P0322,P0322_T3,P0322_T3_1,1,relation_contradicted,Not Supported,Not Supported
P0322,P0322_T3,P0322_T3_2,2,condition_replaced,Not Enough Evidence,Not Enough Evidence
P0322,P0322_T3,P0322_T3_3,3,condition_removed,Not Enough Evidence,Not Enough Evidence
P0322,P0322_T3,P0322_T3_4,4,supported,Supported,Supported
P0322,P0322_T3,P0322_T3_5,5,condition_contradicted,Not Supported,Not Supported
P0322,P0322_T4,P0322_T4_1,1,relation_contradicted,Not Supported,Not Supported
P0322,P0322_T4,P0322_T4_2,2,condition_replaced,Not Enough Evidence,Not Enough Evidence
P0322,P0322_T4,P0322_T4_3,3,condition_removed,Not Enough Evidence,Not Enough Evidence
P0322,P0322_T4,P0322_T4_4,4,supported,Supported,Supported
P0322,P0322_T4,P0322_T4_5,5,condition_contradicted,Not Supported,Not Supported
P0323,P0323_T1,P0323_T1_1,1,relation_contradicted,Not Supported,Not Supported
P0323,P0323_T1,P0323_T1_2,2,condition_replaced,Not Enough Evidence,Not Enough Evidence
P0323,P0323_T1,P0323_T1_3,3,condition_removed,Not Enough Evidence,Not Enough Evidence
P0323,P0323_T1,P0323_T1_4,4,supported,Supported,Supported
P0323,P0323_T1,P0323_T1_5,5,condition_contradicted,Not Supported,Not Supported
P0323,P0323_T2,P0323_T2_1,1,relation_contradicted,Not Supported,Not Supported
P0323,P0323_T2,P0323_T2_2,2,condition_replaced,Not Enough Evidence,Not Enough Evidence
P0323,P0323_T2,P0323_T2_3,3,condition_removed,Not Enough Evidence,Not Enough Evidence
P0323,P0323_T2,P0323_T2_4,4,supported,Supported,Supported
P0323,P0323_T2,P0323_T2_5,5,condition_contradicted,Not Supported,Not Supported
P0323,P0323_T3,P0323_T3_1,1,relation_contradicted,Not Supported,Not Supported
P0323,P0323_T3,P0323_T3_2,2,condition_replaced,Not Enough Evidence,Not Enough Evidence
P0323,P0323_T3,P0323_T3_3,3,condition_removed,Not Enough Evidence,Not Enough Evidence
P0323,P0323_T3,P0323_T3_4,4,supported,Supported,Supported
P0323,P0323_T3,P0323_T3_5,5,condition_contradicted,Not Supported,Not Supported
P0323,P0323_T4,P0323_T4_1,1,relation_contradicted,Not Supported,Not Supported
P0323,P0323_T4,P0323_T4_2,2,condition_replaced,Not Enough Evidence,Not Enough Evidence
P0323,P0323_T4,P0323_T4_3,3,condition_removed,Not Enough Evidence,Not Enough Evidence
P0323,P0323_T4,P0323_T4_4,4,supported,Supported,Supported
P0323,P0323_T4,P0323_T4_5,5,condition_contradicted,Not Supported,Not Supported
P0324,P0324_T1,P0324_T1_1,1,relation_contradicted,Not Supported,Not Supported
P0324,P0324_T1,P0324_T1_2,2,condition_replaced,Not Enough Evidence,Not Enough Evidence
P0324,P0324_T1,P0324_T1_3,3,condition_removed,Not Enough Evidence,Not Enough Evidence
P0324,P0324_T1,P0324_T1_4,4,supported,Supported,Supported
P0324,P0324_T1,P0324_T1_5,5,condition_contradicted,Not Supported,Not Supported
P0324,P0324_T2,P0324_T2_1,1,relation_contradicted,Not Supported,Not Supported
P0324,P0324_T2,P0324_T2_2,2,condition_replaced,Not Enough Evidence,Not Enough Evidence
P0324,P0324_T2,P0324_T2_3,3,condition_removed,Not Enough Evidence,Not Enough Evidence
P0324,P0324_T2,P0324_T2_4,4,supported,Supported,Supported
P0324,P0324_T2,P0324_T2_5,5,condition_contradicted,Not Supported,Not Supported
P0324,P0324_T3,P0324_T3_1,1,relation_contradicted,Not Supported,Not Supported
P0324,P0324_T3,P0324_T3_2,2,condition_replaced,Not Enough Evidence,Not Enough Evidence
P0324,P0324_T3,P0324_T3_3,3,condition_removed,Not Enough Evidence,Not Enough Evidence
P0324,P0324_T3,P0324_T3_4,4,supported,Supported,Supported
P0324,P0324_T3,P0324_T3_5,5,condition_contradicted,Not Supported,Not Supported
P0324,P0324_T4,P0324_T4_1,1,relation_contradicted,Not Supported,Not Supported
P0324,P0324_T4,P0324_T4_2,2,condition_replaced,Not Enough Evidence,Not Enough Evidence
P0324,P0324_T4,P0324_T4_3,3,condition_removed,Not Enough Evidence,Not Enough Evidence
P0324,P0324_T4,P0324_T4_4,4,supported,Supported,Supported
P0324,P0324_T4,P0324_T4_5,5,condition_contradicted,Not Supported,Not Supported
P0329,P0329_T1,P0329_T1_1,1,relation_contradicted,Not Supported,Not Supported
P0329,P0329_T1,P0329_T1_2,2,condition_replaced,Not Enough Evidence,Not Enough Evidence
P0329,P0329_T1,P0329_T1_3,3,condition_removed,Not Enough Evidence,Not Enough Evidence
P0329,P0329_T1,P0329_T1_4,4,supported,Supported,Supported
P0329,P0329_T1,P0329_T1_5,5,condition_contradicted,Not Supported,Not Supported
P0329,P0329_T2,P0329_T2_1,1,relation_contradicted,Not Supported,Not Supported
P0329,P0329_T2,P0329_T2_2,2,condition_replaced,Not Enough Evidence,Not Enough Evidence
P0329,P0329_T2,P0329_T2_3,3,condition_removed,Not Enough Evidence,Not Enough Evidence
P0329,P0329_T2,P0329_T2_4,4,supported,Supported,Supported
P0329,P0329_T2,P0329_T2_5,5,condition_contradicted,Not Supported,Not Supported
P0329,P0329_T3,P0329_T3_1,1,relation_contradicted,Not Supported,Not Supported
P0329,P0329_T3,P0329_T3_2,2,condition_replaced,Not Enough Evidence,Not Enough Evidence
P0329,P0329_T3,P0329_T3_3,3,condition_removed,Not Enough Evidence,Not Enough Evidence
P0329,P0329_T3,P0329_T3_4,4,supported,Supported,Supported
P0329,P0329_T3,P0329_T3_5,5,condition_contradicted,Not Supported,Not Supported
P0330,P0330_T1,P0330_T1_1,1,relation_contradicted,Not Supported,Not Supported
P0330,P0330_T1,P0330_T1_2,2,condition_replaced,Not Enough Evidence,Not Enough Evidence
P0330,P0330_T1,P0330_T1_3,3,condition_removed,Not Enough Evidence,Not Enough Evidence
P0330,P0330_T1,P0330_T1_4,4,supported,Supported,Supported
P0330,P0330_T1,P0330_T1_5,5,condition_contradicted,Not Supported,Not Supported
P0330,P0330_T2,P0330_T2_1,1,relation_contradicted,Not Supported,Not Supported
P0330,P0330_T2,P0330_T2_2,2,condition_replaced,Not Enough Evidence,Not Enough Evidence
P0330,P0330_T2,P0330_T2_3,3,condition_removed,Not Enough Evidence,Not Enough Evidence
P0330,P0330_T2,P0330_T2_4,4,supported,Supported,Supported
P0330,P0330_T2,P0330_T2_5,5,condition_contradicted,Not Supported,Not Supported
P0330,P0330_T3,P0330_T3_1,1,relation_contradicted,Not Supported,Not Supported
P0330,P0330_T3,P0330_T3_2,2,condition_replaced,Not Enough Evidence,Not Enough Evidence
P0330,P0330_T3,P0330_T3_3,3,condition_removed,Not Enough Evidence,Not Enough Evidence
P0330,P0330_T3,P0330_T3_4,4,supported,Supported,Supported
P0330,P0330_T3,P0330_T3_5,5,condition_contradicted,Not Supported,Not Supported
P0334,P0334_T1,P0334_T1_1,1,relation_contradicted,Not Supported,Not Supported
P0334,P0334_T1,P0334_T1_2,2,condition_replaced,Not Enough Evidence,Not Enough Evidence
P0334,P0334_T1,P0334_T1_3,3,condition_removed,Not Enough Evidence,Not Enough Evidence
P0334,P0334_T1,P0334_T1_4,4,supported,Supported,Supported
P0334,P0334_T1,P0334_T1_5,5,condition_contradicted,Not Supported,Not Supported
P0334,P0334_T2,P0334_T2_1,1,relation_contradicted,Not Supported,Not Supported
P0334,P0334_T2,P0334_T2_2,2,condition_replaced,Not Enough Evidence,Not Enough Evidence
P0334,P0334_T2,P0334_T2_3,3,condition_removed,Not Enough Evidence,Not Enough Evidence
P0334,P0334_T2,P0334_T2_4,4,supported,Supported,Supported
P0334,P0334_T2,P0334_T2_5,5,condition_contradicted,Not Supported,Not Supported
P0334,P0334_T3,P0334_T3_1,1,relation_contradicted,Not Supported,Not Supported
P0334,P0334_T3,P0334_T3_2,2,condition_replaced,Not Enough Evidence,Not Enough Evidence
P0334,P0334_T3,P0334_T3_3,3,condition_removed,Not Enough Evidence,Not Enough Evidence
P0334,P0334_T3,P0334_T3_4,4,supported,Supported,Supported
P0334,P0334_T3,P0334_T3_5,5,condition_contradicted,Not Supported,Not Supported
P0335,P0335_T1,P0335_T1_1,1,relation_contradicted,Not Supported,Not Supported
P0335,P0335_T1,P0335_T1_2,2,condition_replaced,Not Enough Evidence,Not Enough Evidence
P0335,P0335_T1,P0335_T1_3,3,condition_removed,Not Enough Evidence,Not Enough Evidence
P0335,P0335_T1,P0335_T1_4,4,supported,Supported,Supported
P0335,P0335_T1,P0335_T1_5,5,condition_contradicted,Not Supported,Not Supported
P0335,P0335_T2,P0335_T2_1,1,relation_contradicted,Not Supported,Not Supported
P0335,P0335_T2,P0335_T2_2,2,condition_replaced,Not Enough Evidence,Not Enough Evidence
P0335,P0335_T2,P0335_T2_3,3,condition_removed,Not Enough Evidence,Not Enough Evidence
P0335,P0335_T2,P0335_T2_4,4,supported,Supported,Supported
P0335,P0335_T2,P0335_T2_5,5,condition_contradicted,Not Supported,Not Supported
P0335,P0335_T3,P0335_T3_1,1,relation_contradicted,Not Supported,Not Supported
P0335,P0335_T3,P0335_T3_2,2,condition_replaced,Not Enough Evidence,Not Enough Evidence
P0335,P0335_T3,P0335_T3_3,3,condition_removed,Not Enough Evidence,Not Enough Evidence
P0335,P0335_T3,P0335_T3_4,4,supported,Supported,Supported
P0335,P0335_T3,P0335_T3_5,5,condition_contradicted,Not Supported,Not Supported
P0343,P0343_T1,P0343_T1_1,1,relation_contradicted,Not Supported,Not Supported
P0343,P0343_T1,P0343_T1_2,2,condition_replaced,Not Enough Evidence,Not Enough Evidence
P0343,P0343_T1,P0343_T1_3,3,condition_removed,Not Enough Evidence,Not Enough Evidence
P0343,P0343_T1,P0343_T1_4,4,supported,Supported,Supported
P0343,P0343_T1,P0343_T1_5,5,condition_contradicted,Not Supported,Not Supported
P0343,P0343_T2,P0343_T2_1,1,relation_contradicted,Not Supported,Not Supported
P0343,P0343_T2,P0343_T2_2,2,condition_replaced,Not Enough Evidence,Not Enough Evidence
P0343,P0343_T2,P0343_T2_3,3,condition_removed,Not Enough Evidence,Not Enough Evidence
P0343,P0343_T2,P0343_T2_4,4,supported,Supported,Supported
P0343,P0343_T2,P0343_T2_5,5,condition_contradicted,Not Supported,Not Supported
P0343,P0343_T3,P0343_T3_1,1,relation_contradicted,Not Supported,Not Supported
P0343,P0343_T3,P0343_T3_2,2,condition_replaced,Not Enough Evidence,Not Enough Evidence
P0343,P0343_T3,P0343_T3_3,3,condition_removed,Not Enough Evidence,Not Enough Evidence
P0343,P0343_T3,P0343_T3_4,4,supported,Supported,Supported
P0343,P0343_T3,P0343_T3_5,5,condition_contradicted,Not Supported,Not Supported
P0349,P0349_T1,P0349_T1_1,1,relation_contradicted,Not Supported,Not Supported
P0349,P0349_T1,P0349_T1_2,2,condition_replaced,Not Enough Evidence,Not Enough Evidence
P0349,P0349_T1,P0349_T1_3,3,condition_removed,Not Enough Evidence,Not Enough Evidence
P0349,P0349_T1,P0349_T1_4,4,supported,Supported,Supported
P0349,P0349_T1,P0349_T1_5,5,condition_contradicted,Not Supported,Not Supported
P0349,P0349_T2,P0349_T2_1,1,relation_contradicted,Not Supported,Not Supported
P0349,P0349_T2,P0349_T2_2,2,condition_replaced,Not Enough Evidence,Not Enough Evidence
P0349,P0349_T2,P0349_T2_3,3,condition_removed,Not Enough Evidence,Not Enough Evidence
P0349,P0349_T2,P0349_T2_4,4,supported,Supported,Supported
P0349,P0349_T2,P0349_T2_5,5,condition_contradicted,Not Supported,Not Supported
P0349,P0349_T3,P0349_T3_1,1,relation_contradicted,Not Supported,Not Supported
P0349,P0349_T3,P0349_T3_2,2,condition_replaced,Not Enough Evidence,Not Enough Evidence
P0349,P0349_T3,P0349_T3_3,3,condition_removed,Not Enough Evidence,Not Enough Evidence
P0349,P0349_T3,P0349_T3_4,4,supported,Supported,Supported
P0349,P0349_T3,P0349_T3_5,5,condition_contradicted,Not Supported,Not Supported
P0349,P0349_T4,P0349_T4_1,1,relation_contradicted,Not Supported,Not Supported
P0349,P0349_T4,P0349_T4_2,2,condition_replaced,Not Enough Evidence,Not Enough Evidence
P0349,P0349_T4,P0349_T4_3,3,condition_removed,Not Enough Evidence,Not Enough Evidence
P0349,P0349_T4,P0349_T4_4,4,supported,Supported,Supported
P0349,P0349_T4,P0349_T4_5,5,condition_contradicted,Not Supported,Not Supported
P0354,P0354_T1,P0354_T1_1,1,relation_contradicted,Not Supported,Not Supported
P0354,P0354_T1,P0354_T1_2,2,condition_replaced,Not Enough Evidence,Not Enough Evidence
P0354,P0354_T1,P0354_T1_3,3,condition_removed,Not Enough Evidence,Not Enough Evidence
P0354,P0354_T1,P0354_T1_4,4,supported,Supported,Supported
P0354,P0354_T1,P0354_T1_5,5,condition_contradicted,Not Supported,Not Supported
P0354,P0354_T2,P0354_T2_1,1,relation_contradicted,Not Supported,Not Supported
P0354,P0354_T2,P0354_T2_2,2,condition_replaced,Not Enough Evidence,Not Enough Evidence
P0354,P0354_T2,P0354_T2_3,3,condition_removed,Not Enough Evidence,Not Enough Evidence
P0354,P0354_T2,P0354_T2_4,4,supported,Supported,Supported
P0354,P0354_T2,P0354_T2_5,5,condition_contradicted,Not Supported,Not Supported
P0354,P0354_T3,P0354_T3_1,1,relation_contradicted,Not Supported,Not Supported
P0354,P0354_T3,P0354_T3_2,2,condition_replaced,Not Enough Evidence,Not Enough Evidence
P0354,P0354_T3,P0354_T3_3,3,condition_removed,Not Enough Evidence,Not Enough Evidence
P0354,P0354_T3,P0354_T3_4,4,supported,Supported,Supported
P0354,P0354_T3,P0354_T3_5,5,condition_contradicted,Not Supported,Not Supported
P0354,P0354_T4,P0354_T4_1,1,relation_contradicted,Not Supported,Not Supported
P0354,P0354_T4,P0354_T4_2,2,condition_replaced,Not Enough Evidence,Not Enough Evidence
P0354,P0354_T4,P0354_T4_3,3,condition_removed,Not Enough Evidence,Not Enough Evidence
P0354,P0354_T4,P0354_T4_4,4,supported,Supported,Supported
P0354,P0354_T4,P0354_T4_5,5,condition_contradicted,Not Supported,Not Supported
P0354,P0354_T5,P0354_T5_1,1,relation_contradicted,Not Supported,Not Supported
P0354,P0354_T5,P0354_T5_2,2,condition_replaced,Not Enough Evidence,Not Enough Evidence
P0354,P0354_T5,P0354_T5_3,3,condition_removed,Not Enough Evidence,Not Enough Evidence
P0354,P0354_T5,P0354_T5_4,4,supported,Supported,Supported
P0354,P0354_T5,P0354_T5_5,5,condition_contradicted,Not Supported,Not Supported
P0361,P0361_T1,P0361_T1_1,1,relation_contradicted,Not Supported,Not Supported
P0361,P0361_T1,P0361_T1_2,2,condition_replaced,Not Enough Evidence,Not Enough Evidence
P0361,P0361_T1,P0361_T1_3,3,condition_removed,Not Enough Evidence,Not Enough Evidence
P0361,P0361_T1,P0361_T1_4,4,supported,Supported,Supported
P0361,P0361_T1,P0361_T1_5,5,condition_contradicted,Not Supported,Not Supported
P0361,P0361_T2,P0361_T2_1,1,relation_contradicted,Not Supported,Not Supported
P0361,P0361_T2,P0361_T2_2,2,condition_replaced,Not Enough Evidence,Not Enough Evidence
P0361,P0361_T2,P0361_T2_3,3,condition_removed,Not Enough Evidence,Not Enough Evidence
P0361,P0361_T2,P0361_T2_4,4,supported,Supported,Supported
P0361,P0361_T2,P0361_T2_5,5,condition_contradicted,Not Supported,Not Supported
P0361,P0361_T3,P0361_T3_1,1,relation_contradicted,Not Supported,Not Supported
P0361,P0361_T3,P0361_T3_2,2,condition_replaced,Not Enough Evidence,Not Enough Evidence
P0361,P0361_T3,P0361_T3_3,3,condition_removed,Not Enough Evidence,Not Enough Evidence
P0361,P0361_T3,P0361_T3_4,4,supported,Supported,Supported
P0361,P0361_T3,P0361_T3_5,5,condition_contradicted,Not Supported,Not Supported
P0361,P0361_T4,P0361_T4_1,1,relation_contradicted,Not Supported,Not Supported
P0361,P0361_T4,P0361_T4_2,2,condition_replaced,Not Enough Evidence,Not Enough Evidence
P0361,P0361_T4,P0361_T4_3,3,condition_removed,Not Enough Evidence,Not Enough Evidence
P0361,P0361_T4,P0361_T4_4,4,supported,Supported,Supported
P0361,P0361_T4,P0361_T4_5,5,condition_contradicted,Not Supported,Not Supported
P0361,P0361_T5,P0361_T5_1,1,relation_contradicted,Not Supported,Not Supported
P0361,P0361_T5,P0361_T5_2,2,condition_replaced,Not Enough Evidence,Not Enough Evidence
P0361,P0361_T5,P0361_T5_3,3,condition_removed,Not Enough Evidence,Not Enough Evidence
P0361,P0361_T5,P0361_T5_4,4,supported,Supported,Supported
P0361,P0361_T5,P0361_T5_5,5,condition_contradicted,Not Supported,Not Supported
P0364,P0364_T1,P0364_T1_1,1,relation_contradicted,Not Supported,Not Supported
P0364,P0364_T1,P0364_T1_2,2,condition_replaced,Not Enough Evidence,Not Enough Evidence
P0364,P0364_T1,P0364_T1_3,3,condition_removed,Not Enough Evidence,Not Enough Evidence
P0364,P0364_T1,P0364_T1_4,4,supported,Supported,Supported
P0364,P0364_T1,P0364_T1_5,5,condition_contradicted,Not Supported,Not Supported
P0364,P0364_T2,P0364_T2_1,1,relation_contradicted,Not Supported,Not Supported
P0364,P0364_T2,P0364_T2_2,2,condition_replaced,Not Enough Evidence,Not Enough Evidence
P0364,P0364_T2,P0364_T2_3,3,condition_removed,Not Enough Evidence,Not Enough Evidence
P0364,P0364_T2,P0364_T2_4,4,supported,Supported,Supported
P0364,P0364_T2,P0364_T2_5,5,condition_contradicted,Not Supported,Not Supported
P0364,P0364_T3,P0364_T3_1,1,relation_contradicted,Not Supported,Not Supported
P0364,P0364_T3,P0364_T3_2,2,condition_replaced,Not Enough Evidence,Not Enough Evidence
P0364,P0364_T3,P0364_T3_3,3,condition_removed,Not Enough Evidence,Not Enough Evidence
P0364,P0364_T3,P0364_T3_4,4,supported,Supported,Supported
P0364,P0364_T3,P0364_T3_5,5,condition_contradicted,Not Supported,Not Supported
P0364,P0364_T4,P0364_T4_1,1,relation_contradicted,Not Supported,Not Supported
P0364,P0364_T4,P0364_T4_2,2,condition_replaced,Not Enough Evidence,Not Enough Evidence
P0364,P0364_T4,P0364_T4_3,3,condition_removed,Not Enough Evidence,Not Enough Evidence
P0364,P0364_T4,P0364_T4_4,4,supported,Supported,Supported
P0364,P0364_T4,P0364_T4_5,5,condition_contradicted,Not Supported,Not Supported
P0364,P0364_T5,P0364_T5_1,1,relation_contradicted,Not Supported,Not Supported
P0364,P0364_T5,P0364_T5_2,2,condition_replaced,Not Enough Evidence,Not Enough Evidence
P0364,P0364_T5,P0364_T5_3,3,condition_removed,Not Enough Evidence,Not Enough Evidence
P0364,P0364_T5,P0364_T5_4,4,supported,Supported,Supported
P0364,P0364_T5,P0364_T5_5,5,condition_contradicted,Not Supported,Not Supported
P0368,P0368_T1,P0368_T1_1,1,relation_contradicted,Not Supported,Not Supported
P0368,P0368_T1,P0368_T1_2,2,condition_replaced,Not Enough Evidence,Not Enough Evidence
P0368,P0368_T1,P0368_T1_3,3,condition_removed,Not Enough Evidence,Not Enough Evidence
P0368,P0368_T1,P0368_T1_4,4,supported,Supported,Supported
P0368,P0368_T1,P0368_T1_5,5,condition_contradicted,Not Supported,Not Supported
P0368,P0368_T2,P0368_T2_1,1,relation_contradicted,Not Supported,Not Supported
P0368,P0368_T2,P0368_T2_2,2,condition_replaced,Not Enough Evidence,Not Enough Evidence
P0368,P0368_T2,P0368_T2_3,3,condition_removed,Not Enough Evidence,Not Enough Evidence
P0368,P0368_T2,P0368_T2_4,4,supported,Supported,Supported
P0368,P0368_T2,P0368_T2_5,5,condition_contradicted,Not Supported,Not Supported
P0368,P0368_T3,P0368_T3_1,1,relation_contradicted,Not Supported,Not Supported
P0368,P0368_T3,P0368_T3_2,2,condition_replaced,Not Enough Evidence,Not Enough Evidence
P0368,P0368_T3,P0368_T3_3,3,condition_removed,Not Enough Evidence,Not Enough Evidence
P0368,P0368_T3,P0368_T3_4,4,supported,Supported,Supported
P0368,P0368_T3,P0368_T3_5,5,condition_contradicted,Not Supported,Not Supported
P0368,P0368_T4,P0368_T4_1,1,relation_contradicted,Not Supported,Not Supported
P0368,P0368_T4,P0368_T4_2,2,condition_replaced,Not Enough Evidence,Not Enough Evidence
P0368,P0368_T4,P0368_T4_3,3,condition_removed,Not Enough Evidence,Not Enough Evidence
P0368,P0368_T4,P0368_T4_4,4,supported,Supported,Supported
P0368,P0368_T4,P0368_T4_5,5,condition_contradicted,Not Supported,Not Supported
P0368,P0368_T5,P0368_T5_1,1,relation_contradicted,Not Supported,Not Supported
P0368,P0368_T5,P0368_T5_2,2,condition_replaced,Not Enough Evidence,Not Enough Evidence
P0368,P0368_T5,P0368_T5_3,3,condition_removed,Not Enough Evidence,Not Enough Evidence
P0368,P0368_T5,P0368_T5_4,4,supported,Supported,Supported
P0368,P0368_T5,P0368_T5_5,5,condition_contradicted,Not Supported,Not Supported
P0369,P0369_T1,P0369_T1_1,1,relation_contradicted,Not Supported,Not Supported
P0369,P0369_T1,P0369_T1_2,2,condition_replaced,Not Enough Evidence,Not Enough Evidence
P0369,P0369_T1,P0369_T1_3,3,condition_removed,Not Enough Evidence,Not Enough Evidence
P0369,P0369_T1,P0369_T1_4,4,supported,Supported,Supported
P0369,P0369_T1,P0369_T1_5,5,condition_contradicted,Not Supported,Not Supported
P0369,P0369_T2,P0369_T2_1,1,relation_contradicted,Not Supported,Not Supported
P0369,P0369_T2,P0369_T2_2,2,condition_replaced,Not Enough Evidence,Not Enough Evidence
P0369,P0369_T2,P0369_T2_3,3,condition_removed,Not Enough Evidence,Not Enough Evidence
P0369,P0369_T2,P0369_T2_4,4,supported,Supported,Supported
P0369,P0369_T2,P0369_T2_5,5,condition_contradicted,Not Supported,Not Supported
P0369,P0369_T3,P0369_T3_1,1,relation_contradicted,Not Supported,Not Supported
P0369,P0369_T3,P0369_T3_2,2,condition_replaced,Not Enough Evidence,Not Enough Evidence
P0369,P0369_T3,P0369_T3_3,3,condition_removed,Not Enough Evidence,Not Enough Evidence
P0369,P0369_T3,P0369_T3_4,4,supported,Supported,Supported
P0369,P0369_T3,P0369_T3_5,5,condition_contradicted,Not Supported,Not Supported
P0369,P0369_T4,P0369_T4_1,1,relation_contradicted,Not Supported,Not Supported
P0369,P0369_T4,P0369_T4_2,2,condition_replaced,Not Enough Evidence,Not Enough Evidence
P0369,P0369_T4,P0369_T4_3,3,condition_removed,Not Enough Evidence,Not Enough Evidence
P0369,P0369_T4,P0369_T4_4,4,supported,Supported,Supported
P0369,P0369_T4,P0369_T4_5,5,condition_contradicted,Not Supported,Not Supported
P0369,P0369_T5,P0369_T5_1,1,relation_contradicted,Not Supported,Not Supported
P0369,P0369_T5,P0369_T5_2,2,condition_replaced,Not Enough Evidence,Not Enough Evidence
P0369,P0369_T5,P0369_T5_3,3,condition_removed,Not Enough Evidence,Not Enough Evidence
P0369,P0369_T5,P0369_T5_4,4,supported,Supported,Supported
P0369,P0369_T5,P0369_T5_5,5,condition_contradicted,Not Supported,Not Supported
P0372,P0372_T1,P0372_T1_1,1,relation_contradicted,Not Supported,Not Supported
P0372,P0372_T1,P0372_T1_2,2,condition_replaced,Not Enough Evidence,Not Enough Evidence
P0372,P0372_T1,P0372_T1_3,3,condition_removed,Not Enough Evidence,Not Enough Evidence
P0372,P0372_T1,P0372_T1_4,4,supported,Supported,Supported
P0372,P0372_T1,P0372_T1_5,5,condition_contradicted,Not Supported,Not Supported
P0372,P0372_T2,P0372_T2_1,1,relation_contradicted,Not Supported,Not Supported
P0372,P0372_T2,P0372_T2_2,2,condition_replaced,Not Enough Evidence,Not Enough Evidence
P0372,P0372_T2,P0372_T2_3,3,condition_removed,Not Enough Evidence,Not Enough Evidence
P0372,P0372_T2,P0372_T2_4,4,supported,Supported,Supported
P0372,P0372_T2,P0372_T2_5,5,condition_contradicted,Not Supported,Not Supported
P0372,P0372_T3,P0372_T3_1,1,relation_contradicted,Not Supported,Not Supported
P0372,P0372_T3,P0372_T3_2,2,condition_replaced,Not Enough Evidence,Not Enough Evidence
P0372,P0372_T3,P0372_T3_3,3,condition_removed,Not Enough Evidence,Not Enough Evidence
P0372,P0372_T3,P0372_T3_4,4,supported,Supported,Supported
P0372,P0372_T3,P0372_T3_5,5,condition_contradicted,Not Supported,Not Supported
P0372,P0372_T4,P0372_T4_1,1,relation_contradicted,Not Supported,Not Supported
P0372,P0372_T4,P0372_T4_2,2,condition_replaced,Not Enough Evidence,Not Enough Evidence
P0372,P0372_T4,P0372_T4_3,3,condition_removed,Not Enough Evidence,Not Enough Evidence
P0372,P0372_T4,P0372_T4_4,4,supported,Supported,Supported
P0372,P0372_T4,P0372_T4_5,5,condition_contradicted,Not Supported,Not Supported
P0372,P0372_T5,P0372_T5_1,1,relation_contradicted,Not Supported,Not Supported
P0372,P0372_T5,P0372_T5_2,2,condition_replaced,Not Enough Evidence,Not Enough Evidence
P0372,P0372_T5,P0372_T5_3,3,condition_removed,Not Enough Evidence,Not Enough Evidence
P0372,P0372_T5,P0372_T5_4,4,supported,Supported,Supported
P0372,P0372_T5,P0372_T5_5,5,condition_contradicted,Not Supported,Not Supported
P0377,P0377_T1,P0377_T1_1,1,relation_contradicted,Not Supported,Not Supported
P0377,P0377_T1,P0377_T1_2,2,condition_replaced,Not Enough Evidence,Not Enough Evidence
P0377,P0377_T1,P0377_T1_3,3,condition_removed,Not Enough Evidence,Not Enough Evidence
P0377,P0377_T1,P0377_T1_4,4,supported,Supported,Supported
P0377,P0377_T1,P0377_T1_5,5,condition_contradicted,Not Supported,Not Supported
P0379,P0379_T1,P0379_T1_1,1,relation_contradicted,Not Supported,Not Supported
P0379,P0379_T1,P0379_T1_2,2,condition_replaced,Not Enough Evidence,Not Enough Evidence
P0379,P0379_T1,P0379_T1_3,3,condition_removed,Not Enough Evidence,Not Enough Evidence
P0379,P0379_T1,P0379_T1_4,4,supported,Supported,Supported
P0379,P0379_T1,P0379_T1_5,5,condition_contradicted,Not Supported,Not Supported
P0380,P0380_T1,P0380_T1_1,1,relation_contradicted,Not Supported,Not Supported
P0380,P0380_T1,P0380_T1_2,2,condition_replaced,Not Enough Evidence,Not Enough Evidence
P0380,P0380_T1,P0380_T1_3,3,condition_removed,Not Enough Evidence,Not Enough Evidence
P0380,P0380_T1,P0380_T1_4,4,supported,Supported,Supported
P0380,P0380_T1,P0380_T1_5,5,condition_contradicted,Not Supported,Not Supported
P0387,P0387_T1,P0387_T1_1,1,relation_contradicted,Not Supported,Not Supported
P0387,P0387_T1,P0387_T1_2,2,condition_replaced,Not Enough Evidence,Not Enough Evidence
P0387,P0387_T1,P0387_T1_3,3,condition_removed,Not Enough Evidence,Not Enough Evidence
P0387,P0387_T1,P0387_T1_4,4,supported,Supported,Supported
P0387,P0387_T1,P0387_T1_5,5,condition_contradicted,Not Supported,Not Supported
P0395,P0395_T1,P0395_T1_1,1,relation_contradicted,Not Supported,Not Supported
P0395,P0395_T1,P0395_T1_2,2,condition_replaced,Not Enough Evidence,Not Enough Evidence
P0395,P0395_T1,P0395_T1_3,3,condition_removed,Not Enough Evidence,Not Enough Evidence
P0395,P0395_T1,P0395_T1_4,4,supported,Supported,Supported
P0395,P0395_T1,P0395_T1_5,5,condition_contradicted,Not Supported,Not Supported
P0401,P0401_T1,P0401_T1_1,1,relation_contradicted,Not Supported,Not Supported
P0401,P0401_T1,P0401_T1_2,2,condition_replaced,Not Enough Evidence,Not Enough Evidence
P0401,P0401_T1,P0401_T1_3,3,condition_removed,Not Enough Evidence,Not Enough Evidence
P0401,P0401_T1,P0401_T1_4,4,supported,Supported,Supported
P0401,P0401_T1,P0401_T1_5,5,condition_contradicted,Not Supported,Not Supported
P0409,P0409_T1,P0409_T1_1,1,relation_contradicted,Not Supported,Not Supported
P0409,P0409_T1,P0409_T1_2,2,condition_replaced,Not Enough Evidence,Not Enough Evidence
P0409,P0409_T1,P0409_T1_3,3,condition_removed,Not Enough Evidence,Not Enough Evidence
P0409,P0409_T1,P0409_T1_4,4,supported,Supported,Supported
P0409,P0409_T1,P0409_T1_5,5,condition_contradicted,Not Supported,Not Supported
P0413,P0413_T1,P0413_T1_1,1,relation_contradicted,Not Supported,Not Supported
P0413,P0413_T1,P0413_T1_2,2,condition_replaced,Not Enough Evidence,Not Enough Evidence
P0413,P0413_T1,P0413_T1_3,3,condition_removed,Not Enough Evidence,Not Enough Evidence
P0413,P0413_T1,P0413_T1_4,4,supported,Supported,Supported
P0413,P0413_T1,P0413_T1_5,5,condition_contradicted,Not Supported,Not Supported
P0415,P0415_T1,P0415_T1_1,1,relation_contradicted,Not Supported,Not Supported
P0415,P0415_T1,P0415_T1_2,2,condition_replaced,Not Enough Evidence,Not Enough Evidence
P0415,P0415_T1,P0415_T1_3,3,condition_removed,Not Enough Evidence,Not Enough Evidence
P0415,P0415_T1,P0415_T1_4,4,supported,Supported,Supported
P0415,P0415_T1,P0415_T1_5,5,condition_contradicted,Not Supported,Not Supported
P0417,P0417_T1,P0417_T1_1,1,relation_contradicted,Not Supported,Not Supported
P0417,P0417_T1,P0417_T1_2,2,condition_replaced,Not Enough Evidence,Not Enough Evidence
P0417,P0417_T1,P0417_T1_3,3,condition_removed,Not Enough Evidence,Not Enough Evidence
P0417,P0417_T1,P0417_T1_4,4,supported,Supported,Supported
P0417,P0417_T1,P0417_T1_5,5,condition_contradicted,Not Supported,Not Supported
P0424,P0424_T1,P0424_T1_1,1,relation_contradicted,Not Supported,Not Supported
P0424,P0424_T1,P0424_T1_2,2,condition_replaced,Not Enough Evidence,Not Enough Evidence
P0424,P0424_T1,P0424_T1_3,3,condition_removed,Not Enough Evidence,Not Enough Evidence
P0424,P0424_T1,P0424_T1_4,4,supported,Supported,Supported
P0424,P0424_T1,P0424_T1_5,5,condition_contradicted,Not Supported,Not Supported
P0424,P0424_T2,P0424_T2_1,1,relation_contradicted,Not Supported,Not Supported
P0424,P0424_T2,P0424_T2_2,2,condition_replaced,Not Enough Evidence,Not Enough Evidence
P0424,P0424_T2,P0424_T2_3,3,condition_removed,Not Enough Evidence,Not Enough Evidence
P0424,P0424_T2,P0424_T2_4,4,supported,Supported,Supported
P0424,P0424_T2,P0424_T2_5,5,condition_contradicted,Not Supported,Not Supported
P0425,P0425_T1,P0425_T1_1,1,relation_contradicted,Not Supported,Not Supported
P0425,P0425_T1,P0425_T1_2,2,condition_replaced,Not Enough Evidence,Not Enough Evidence
P0425,P0425_T1,P0425_T1_3,3,condition_removed,Not Enough Evidence,Not Enough Evidence
P0425,P0425_T1,P0425_T1_4,4,supported,Supported,Supported
P0425,P0425_T1,P0425_T1_5,5,condition_contradicted,Not Supported,Not Supported
P0425,P0425_T2,P0425_T2_1,1,relation_contradicted,Not Supported,Not Supported
P0425,P0425_T2,P0425_T2_2,2,condition_replaced,Not Enough Evidence,Not Enough Evidence
P0425,P0425_T2,P0425_T2_3,3,condition_removed,Not Enough Evidence,Not Enough Evidence
P0425,P0425_T2,P0425_T2_4,4,supported,Supported,Supported
P0425,P0425_T2,P0425_T2_5,5,condition_contradicted,Not Supported,Not Supported
P0431,P0431_T1,P0431_T1_1,1,relation_contradicted,Not Supported,Not Supported
P0431,P0431_T1,P0431_T1_2,2,condition_replaced,Not Enough Evidence,Not Supported
P0431,P0431_T1,P0431_T1_3,3,condition_removed,Not Enough Evidence,Not Enough Evidence
P0431,P0431_T1,P0431_T1_4,4,supported,Supported,Supported
P0431,P0431_T1,P0431_T1_5,5,condition_contradicted,Not Supported,Not Supported
P0432,P0432_T1,P0432_T1_1,1,relation_contradicted,Not Supported,Not Supported
P0432,P0432_T1,P0432_T1_2,2,condition_replaced,Not Enough Evidence,Not Supported
P0432,P0432_T1,P0432_T1_3,3,condition_removed,Not Enough Evidence,Not Enough Evidence
P0432,P0432_T1,P0432_T1_4,4,supported,Supported,Supported
P0432,P0432_T1,P0432_T1_5,5,condition_contradicted,Not Supported,Not Supported
P0434,P0434_T1,P0434_T1_1,1,relation_contradicted,Not Supported,Not Supported
P0434,P0434_T1,P0434_T1_2,2,condition_replaced,Not Enough Evidence,Not Enough Evidence
P0434,P0434_T1,P0434_T1_3,3,condition_removed,Not Enough Evidence,Not Enough Evidence
P0434,P0434_T1,P0434_T1_4,4,supported,Supported,Supported
P0434,P0434_T1,P0434_T1_5,5,condition_contradicted,Not Supported,Not Supported
P0436,P0436_T1,P0436_T1_1,1,relation_contradicted,Not Supported,Not Supported
P0436,P0436_T1,P0436_T1_2,2,condition_replaced,Not Enough Evidence,Not Enough Evidence
P0436,P0436_T1,P0436_T1_3,3,condition_removed,Not Enough Evidence,Not Enough Evidence
P0436,P0436_T1,P0436_T1_4,4,supported,Supported,Supported
P0436,P0436_T1,P0436_T1_5,5,condition_contradicted,Not Supported,Not Supported
P0438,P0438_T1,P0438_T1_1,1,relation_contradicted,Not Supported,Not Supported
P0438,P0438_T1,P0438_T1_2,2,condition_replaced,Not Enough Evidence,Not Enough Evidence
P0438,P0438_T1,P0438_T1_3,3,condition_removed,Not Enough Evidence,Not Enough Evidence
P0438,P0438_T1,P0438_T1_4,4,supported,Supported,Supported
P0438,P0438_T1,P0438_T1_5,5,condition_contradicted,Not Supported,Not Supported
P0440,P0440_T1,P0440_T1_1,1,relation_contradicted,Not Supported,Not Supported
P0440,P0440_T1,P0440_T1_2,2,condition_replaced,Not Enough Evidence,Not Enough Evidence
P0440,P0440_T1,P0440_T1_3,3,condition_removed,Not Enough Evidence,Not Enough Evidence
P0440,P0440_T1,P0440_T1_4,4,supported,Supported,Supported
P0440,P0440_T1,P0440_T1_5,5,condition_contradicted,Not Supported,Not Supported
P0442,P0442_T1,P0442_T1_1,1,relation_contradicted,Not Supported,Not Supported
P0442,P0442_T1,P0442_T1_2,2,condition_replaced,Not Enough Evidence,Not Enough Evidence
P0442,P0442_T1,P0442_T1_3,3,condition_removed,Not Enough Evidence,Not Enough Evidence
P0442,P0442_T1,P0442_T1_4,4,supported,Supported,Supported
P0442,P0442_T1,P0442_T1_5,5,condition_contradicted,Not Supported,Not Supported
P0444,P0444_T1,P0444_T1_1,1,relation_contradicted,Not Supported,Not Supported
P0444,P0444_T1,P0444_T1_2,2,condition_replaced,Not Enough Evidence,Not Enough Evidence
P0444,P0444_T1,P0444_T1_3,3,condition_removed,Not Enough Evidence,Not Enough Evidence
P0444,P0444_T1,P0444_T1_4,4,supported,Supported,Supported
P0444,P0444_T1,P0444_T1_5,5,condition_contradicted,Not Supported,Not Supported
P0447,P0447_T1,P0447_T1_1,1,relation_contradicted,Not Supported,Not Supported
P0447,P0447_T1,P0447_T1_2,2,condition_replaced,Not Enough Evidence,Not Enough Evidence
P0447,P0447_T1,P0447_T1_3,3,condition_removed,Not Enough Evidence,Not Enough Evidence
P0447,P0447_T1,P0447_T1_4,4,supported,Supported,Supported
P0447,P0447_T1,P0447_T1_5,5,condition_contradicted,Not Supported,Not Supported
P0447,P0447_T2,P0447_T2_1,1,relation_contradicted,Not Supported,Not Supported
P0447,P0447_T2,P0447_T2_2,2,condition_replaced,Not Enough Evidence,Not Enough Evidence
P0447,P0447_T2,P0447_T2_3,3,condition_removed,Not Enough Evidence,Not Enough Evidence
P0447,P0447_T2,P0447_T2_4,4,supported,Supported,Supported
P0447,P0447_T2,P0447_T2_5,5,condition_contradicted,Not Supported,Not Supported
P0448,P0448_T1,P0448_T1_1,1,relation_contradicted,Not Supported,Not Supported
P0448,P0448_T1,P0448_T1_2,2,condition_replaced,Not Enough Evidence,Not Enough Evidence
P0448,P0448_T1,P0448_T1_3,3,condition_removed,Not Enough Evidence,Not Enough Evidence
P0448,P0448_T1,P0448_T1_4,4,supported,Supported,Supported
P0448,P0448_T1,P0448_T1_5,5,condition_contradicted,Not Supported,Not Supported
P0448,P0448_T2,P0448_T2_1,1,relation_contradicted,Not Supported,Not Supported
P0448,P0448_T2,P0448_T2_2,2,condition_replaced,Not Enough Evidence,Not Enough Evidence
P0448,P0448_T2,P0448_T2_3,3,condition_removed,Not Enough Evidence,Not Enough Evidence
P0448,P0448_T2,P0448_T2_4,4,supported,Supported,Supported
P0448,P0448_T2,P0448_T2_5,5,condition_contradicted,Not Supported,Not Supported
P0450,P0450_T1,P0450_T1_1,1,relation_contradicted,Not Supported,Not Supported
P0450,P0450_T1,P0450_T1_2,2,condition_replaced,Not Enough Evidence,Not Enough Evidence
P0450,P0450_T1,P0450_T1_3,3,condition_removed,Not Enough Evidence,Not Enough Evidence
P0450,P0450_T1,P0450_T1_4,4,supported,Supported,Supported
P0450,P0450_T1,P0450_T1_5,5,condition_contradicted,Not Supported,Not Supported
P0450,P0450_T2,P0450_T2_1,1,relation_contradicted,Not Supported,Not Supported
P0450,P0450_T2,P0450_T2_2,2,condition_replaced,Not Enough Evidence,Not Enough Evidence
P0450,P0450_T2,P0450_T2_3,3,condition_removed,Not Enough Evidence,Not Enough Evidence
P0450,P0450_T2,P0450_T2_4,4,supported,Supported,Supported
P0450,P0450_T2,P0450_T2_5,5,condition_contradicted,Not Supported,Not Supported
P0453,P0453_T1,P0453_T1_1,1,relation_contradicted,Not Supported,Not Supported
P0453,P0453_T1,P0453_T1_2,2,condition_replaced,Not Enough Evidence,Not Enough Evidence
P0453,P0453_T1,P0453_T1_3,3,condition_removed,Not Enough Evidence,Not Enough Evidence
P0453,P0453_T1,P0453_T1_4,4,supported,Supported,Supported
P0453,P0453_T1,P0453_T1_5,5,condition_contradicted,Not Supported,Not Supported
P0459,P0459_T1,P0459_T1_1,1,relation_contradicted,Not Supported,Not Supported
P0459,P0459_T1,P0459_T1_2,2,condition_replaced,Not Enough Evidence,Not Enough Evidence
P0459,P0459_T1,P0459_T1_3,3,condition_removed,Not Enough Evidence,Not Enough Evidence
P0459,P0459_T1,P0459_T1_4,4,supported,Supported,Supported
P0459,P0459_T1,P0459_T1_5,5,condition_contradicted,Not Supported,Not Supported
P0460,P0460_T1,P0460_T1_1,1,relation_contradicted,Not Supported,Not Supported
P0460,P0460_T1,P0460_T1_2,2,condition_replaced,Not Enough Evidence,Not Enough Evidence
P0460,P0460_T1,P0460_T1_3,3,condition_removed,Not Enough Evidence,Not Enough Evidence
P0460,P0460_T1,P0460_T1_4,4,supported,Supported,Supported
P0460,P0460_T1,P0460_T1_5,5,condition_contradicted,Not Supported,Not Supported
P0465,P0465_T1,P0465_T1_1,1,relation_contradicted,Not Supported,Not Supported
P0465,P0465_T1,P0465_T1_2,2,condition_replaced,Not Enough Evidence,Not Enough Evidence
P0465,P0465_T1,P0465_T1_3,3,condition_removed,Not Enough Evidence,Not Enough Evidence
P0465,P0465_T1,P0465_T1_4,4,supported,Supported,Supported
P0465,P0465_T1,P0465_T1_5,5,condition_contradicted,Not Supported,Not Supported
P0470,P0470_T1,P0470_T1_1,1,relation_contradicted,Not Supported,Not Supported
P0470,P0470_T1,P0470_T1_2,2,condition_replaced,Not Enough Evidence,Not Enough Evidence
P0470,P0470_T1,P0470_T1_3,3,condition_removed,Not Enough Evidence,Not Enough Evidence
P0470,P0470_T1,P0470_T1_4,4,supported,Supported,Supported
P0470,P0470_T1,P0470_T1_5,5,condition_contradicted,Not Supported,Not Supported
P0474,P0474_T1,P0474_T1_1,1,relation_contradicted,Not Supported,Not Supported
P0474,P0474_T1,P0474_T1_2,2,condition_replaced,Not Enough Evidence,Not Enough Evidence
P0474,P0474_T1,P0474_T1_3,3,condition_removed,Not Enough Evidence,Not Enough Evidence
P0474,P0474_T1,P0474_T1_4,4,supported,Supported,Supported
P0474,P0474_T1,P0474_T1_5,5,condition_contradicted,Not Supported,Not Supported
P0474,P0474_T2,P0474_T2_1,1,relation_contradicted,Not Supported,Not Supported
P0474,P0474_T2,P0474_T2_2,2,condition_replaced,Not Enough Evidence,Not Enough Evidence
P0474,P0474_T2,P0474_T2_3,3,condition_removed,Not Enough Evidence,Not Enough Evidence
P0474,P0474_T2,P0474_T2_4,4,supported,Supported,Supported
P0474,P0474_T2,P0474_T2_5,5,condition_contradicted,Not Supported,Not Supported
P0477,P0477_T1,P0477_T1_1,1,relation_contradicted,Not Supported,Not Supported
P0477,P0477_T1,P0477_T1_2,2,condition_replaced,Not Enough Evidence,Not Enough Evidence
P0477,P0477_T1,P0477_T1_3,3,condition_removed,Not Enough Evidence,Not Enough Evidence
P0477,P0477_T1,P0477_T1_4,4,supported,Supported,Supported
P0477,P0477_T1,P0477_T1_5,5,condition_contradicted,Not Supported,Not Supported
P0477,P0477_T2,P0477_T2_1,1,relation_contradicted,Not Supported,Not Supported
P0477,P0477_T2,P0477_T2_2,2,condition_replaced,Not Enough Evidence,Not Enough Evidence
P0477,P0477_T2,P0477_T2_3,3,condition_removed,Not Enough Evidence,Not Enough Evidence
P0477,P0477_T2,P0477_T2_4,4,supported,Supported,Supported
P0477,P0477_T2,P0477_T2_5,5,condition_contradicted,Not Supported,Not Supported
P0480,P0480_T1,P0480_T1_1,1,relation_contradicted,Not Supported,Not Supported
P0480,P0480_T1,P0480_T1_2,2,condition_replaced,Not Enough Evidence,Not Enough Evidence
P0480,P0480_T1,P0480_T1_3,3,condition_removed,Not Enough Evidence,Not Enough Evidence
P0480,P0480_T1,P0480_T1_4,4,supported,Supported,Supported
P0480,P0480_T1,P0480_T1_5,5,condition_contradicted,Not Supported,Not Supported
P0480,P0480_T2,P0480_T2_1,1,relation_contradicted,Not Supported,Not Supported
P0480,P0480_T2,P0480_T2_2,2,condition_replaced,Not Enough Evidence,Not Enough Evidence
P0480,P0480_T2,P0480_T2_3,3,condition_removed,Not Enough Evidence,Not Enough Evidence
P0480,P0480_T2,P0480_T2_4,4,supported,Supported,Supported
P0480,P0480_T2,P0480_T2_5,5,condition_contradicted,Not Supported,Not Supported
P0483,P0483_T1,P0483_T1_1,1,relation_contradicted,Not Supported,Not Supported
P0483,P0483_T1,P0483_T1_2,2,condition_replaced,Not Enough Evidence,Not Enough Evidence
P0483,P0483_T1,P0483_T1_3,3,condition_removed,Not Enough Evidence,Not Enough Evidence
P0483,P0483_T1,P0483_T1_4,4,supported,Supported,Supported
P0483,P0483_T1,P0483_T1_5,5,condition_contradicted,Not Supported,Not Supported
P0483,P0483_T2,P0483_T2_1,1,relation_contradicted,Not Supported,Not Supported
P0483,P0483_T2,P0483_T2_2,2,condition_replaced,Not Enough Evidence,Not Enough Evidence
P0483,P0483_T2,P0483_T2_3,3,condition_removed,Not Enough Evidence,Not Enough Evidence
P0483,P0483_T2,P0483_T2_4,4,supported,Supported,Not Supported
P0483,P0483_T2,P0483_T2_5,5,condition_contradicted,Not Supported,Not Supported
P0484,P0484_T1,P0484_T1_1,1,relation_contradicted,Not Supported,Not Supported
P0484,P0484_T1,P0484_T1_2,2,condition_replaced,Not Enough Evidence,Not Enough Evidence
P0484,P0484_T1,P0484_T1_3,3,condition_removed,Not Enough Evidence,Not Enough Evidence
P0484,P0484_T1,P0484_T1_4,4,supported,Supported,Supported
P0484,P0484_T1,P0484_T1_5,5,condition_contradicted,Not Supported,Not Supported
P0484,P0484_T2,P0484_T2_1,1,relation_contradicted,Not Supported,Not Supported
P0484,P0484_T2,P0484_T2_2,2,condition_replaced,Not Enough Evidence,Not Enough Evidence
P0484,P0484_T2,P0484_T2_3,3,condition_removed,Not Enough Evidence,Not Enough Evidence
P0484,P0484_T2,P0484_T2_4,4,supported,Supported,Supported
P0484,P0484_T2,P0484_T2_5,5,condition_contradicted,Not Supported,Not Supported
P0486,P0486_T1,P0486_T1_1,1,relation_contradicted,Not Supported,Not Supported
P0486,P0486_T1,P0486_T1_2,2,condition_replaced,Not Enough Evidence,Not Enough Evidence
P0486,P0486_T1,P0486_T1_3,3,condition_removed,Not Enough Evidence,Not Enough Evidence
P0486,P0486_T1,P0486_T1_4,4,supported,Supported,Supported
P0486,P0486_T1,P0486_T1_5,5,condition_contradicted,Not Supported,Not Supported
P0486,P0486_T2,P0486_T2_1,1,relation_contradicted,Not Supported,Not Supported
P0486,P0486_T2,P0486_T2_2,2,condition_replaced,Not Enough Evidence,Not Enough Evidence
P0486,P0486_T2,P0486_T2_3,3,condition_removed,Not Enough Evidence,Not Enough Evidence
P0486,P0486_T2,P0486_T2_4,4,supported,Supported,Supported
P0486,P0486_T2,P0486_T2_5,5,condition_contradicted,Not Supported,Not Supported
P0487,P0487_T1,P0487_T1_1,1,relation_contradicted,Not Supported,Not Supported
P0487,P0487_T1,P0487_T1_2,2,condition_replaced,Not Enough Evidence,Not Enough Evidence
P0487,P0487_T1,P0487_T1_3,3,condition_removed,Not Enough Evidence,Not Enough Evidence
P0487,P0487_T1,P0487_T1_4,4,supported,Supported,Supported
P0487,P0487_T1,P0487_T1_5,5,condition_contradicted,Not Supported,Not Supported
P0487,P0487_T2,P0487_T2_1,1,relation_contradicted,Not Supported,Not Supported
P0487,P0487_T2,P0487_T2_2,2,condition_replaced,Not Enough Evidence,Not Enough Evidence
P0487,P0487_T2,P0487_T2_3,3,condition_removed,Not Enough Evidence,Not Enough Evidence
P0487,P0487_T2,P0487_T2_4,4,supported,Supported,Supported
P0487,P0487_T2,P0487_T2_5,5,condition_contradicted,Not Supported,Not Supported
P0488,P0488_T1,P0488_T1_1,1,relation_contradicted,Not Supported,Not Supported
P0488,P0488_T1,P0488_T1_2,2,condition_replaced,Not Enough Evidence,Not Enough Evidence
P0488,P0488_T1,P0488_T1_3,3,condition_removed,Not Enough Evidence,Not Enough Evidence
P0488,P0488_T1,P0488_T1_4,4,supported,Supported,Supported
P0488,P0488_T1,P0488_T1_5,5,condition_contradicted,Not Supported,Not Supported
P0488,P0488_T2,P0488_T2_1,1,relation_contradicted,Not Supported,Not Supported
P0488,P0488_T2,P0488_T2_2,2,condition_replaced,Not Enough Evidence,Not Enough Evidence
P0488,P0488_T2,P0488_T2_3,3,condition_removed,Not Enough Evidence,Not Enough Evidence
P0488,P0488_T2,P0488_T2_4,4,supported,Supported,Supported
P0488,P0488_T2,P0488_T2_5,5,condition_contradicted,Not Supported,Not Supported
P0493,P0493_T1,P0493_T1_1,1,relation_contradicted,Not Supported,Not Supported
P0493,P0493_T1,P0493_T1_2,2,condition_replaced,Not Enough Evidence,Not Enough Evidence
P0493,P0493_T1,P0493_T1_3,3,condition_removed,Not Enough Evidence,Not Enough Evidence
P0493,P0493_T1,P0493_T1_4,4,supported,Supported,Supported
P0493,P0493_T1,P0493_T1_5,5,condition_contradicted,Not Supported,Not Supported
P0493,P0493_T2,P0493_T2_1,1,relation_contradicted,Not Supported,Not Supported
P0493,P0493_T2,P0493_T2_2,2,condition_replaced,Not Enough Evidence,Not Enough Evidence
P0493,P0493_T2,P0493_T2_3,3,condition_removed,Not Enough Evidence,Not Enough Evidence
P0493,P0493_T2,P0493_T2_4,4,supported,Supported,Not Supported
P0493,P0493_T2,P0493_T2_5,5,condition_contradicted,Not Supported,Not Supported
P0504,P0504_T1,P0504_T1_1,1,relation_contradicted,Not Supported,Not Supported
P0504,P0504_T1,P0504_T1_2,2,condition_replaced,Not Enough Evidence,Not Enough Evidence
P0504,P0504_T1,P0504_T1_3,3,condition_removed,Not Enough Evidence,Not Enough Evidence
P0504,P0504_T1,P0504_T1_4,4,supported,Supported,Supported
P0504,P0504_T1,P0504_T1_5,5,condition_contradicted,Not Supported,Not Supported
P0504,P0504_T2,P0504_T2_1,1,relation_contradicted,Not Supported,Not Supported
P0504,P0504_T2,P0504_T2_2,2,condition_replaced,Not Enough Evidence,Not Enough Evidence
P0504,P0504_T2,P0504_T2_3,3,condition_removed,Not Enough Evidence,Not Enough Evidence
P0504,P0504_T2,P0504_T2_4,4,supported,Supported,Supported
P0504,P0504_T2,P0504_T2_5,5,condition_contradicted,Not Supported,Not Supported
P0507,P0507_T1,P0507_T1_1,1,relation_contradicted,Not Supported,Not Supported
P0507,P0507_T1,P0507_T1_2,2,condition_replaced,Not Enough Evidence,Not Enough Evidence
P0507,P0507_T1,P0507_T1_3,3,condition_removed,Not Enough Evidence,Not Enough Evidence
P0507,P0507_T1,P0507_T1_4,4,supported,Supported,Supported
P0507,P0507_T1,P0507_T1_5,5,condition_contradicted,Not Supported,Not Supported
P0507,P0507_T2,P0507_T2_1,1,relation_contradicted,Not Supported,Not Supported
P0507,P0507_T2,P0507_T2_2,2,condition_replaced,Not Enough Evidence,Not Enough Evidence
P0507,P0507_T2,P0507_T2_3,3,condition_removed,Not Enough Evidence,Not Enough Evidence
P0507,P0507_T2,P0507_T2_4,4,supported,Supported,Supported
P0507,P0507_T2,P0507_T2_5,5,condition_contradicted,Not Supported,Not Supported
P0509,P0509_T1,P0509_T1_1,1,relation_contradicted,Not Supported,Not Supported
P0509,P0509_T1,P0509_T1_2,2,condition_replaced,Not Enough Evidence,Not Enough Evidence
P0509,P0509_T1,P0509_T1_3,3,condition_removed,Not Enough Evidence,Not Enough Evidence
P0509,P0509_T1,P0509_T1_4,4,supported,Supported,Supported
P0509,P0509_T1,P0509_T1_5,5,condition_contradicted,Not Supported,Not Supported
P0509,P0509_T2,P0509_T2_1,1,relation_contradicted,Not Supported,Not Supported
P0509,P0509_T2,P0509_T2_2,2,condition_replaced,Not Enough Evidence,Not Enough Evidence
P0509,P0509_T2,P0509_T2_3,3,condition_removed,Not Enough Evidence,Not Enough Evidence
P0509,P0509_T2,P0509_T2_4,4,supported,Supported,Supported
P0509,P0509_T2,P0509_T2_5,5,condition_contradicted,Not Supported,Not Supported
P0510,P0510_T1,P0510_T1_1,1,relation_contradicted,Not Supported,Not Supported
P0510,P0510_T1,P0510_T1_2,2,condition_replaced,Not Enough Evidence,Not Enough Evidence
P0510,P0510_T1,P0510_T1_3,3,condition_removed,Not Enough Evidence,Not Enough Evidence
P0510,P0510_T1,P0510_T1_4,4,supported,Supported,Supported
P0510,P0510_T1,P0510_T1_5,5,condition_contradicted,Not Supported,Not Supported
P0510,P0510_T2,P0510_T2_1,1,relation_contradicted,Not Supported,Not Supported
P0510,P0510_T2,P0510_T2_2,2,condition_replaced,Not Enough Evidence,Not Enough Evidence
P0510,P0510_T2,P0510_T2_3,3,condition_removed,Not Enough Evidence,Not Enough Evidence
P0510,P0510_T2,P0510_T2_4,4,supported,Supported,Supported
P0510,P0510_T2,P0510_T2_5,5,condition_contradicted,Not Supported,Not Supported
P0518,P0518_T2,P0518_T2_1,1,relation_contradicted,Not Supported,Not Supported
P0518,P0518_T2,P0518_T2_2,2,condition_replaced,Not Enough Evidence,Not Enough Evidence
P0518,P0518_T2,P0518_T2_3,3,condition_removed,Not Enough Evidence,Not Enough Evidence
P0518,P0518_T2,P0518_T2_4,4,supported,Supported,Supported
P0518,P0518_T2,P0518_T2_5,5,condition_contradicted,Not Supported,Not Supported
P0520,P0520_T1,P0520_T1_1,1,relation_contradicted,Not Supported,Not Supported
P0520,P0520_T1,P0520_T1_2,2,condition_replaced,Not Enough Evidence,Not Enough Evidence
P0520,P0520_T1,P0520_T1_3,3,condition_removed,Not Enough Evidence,Not Enough Evidence
P0520,P0520_T1,P0520_T1_4,4,supported,Supported,Supported
P0520,P0520_T1,P0520_T1_5,5,condition_contradicted,Not Supported,Not Supported
P0520,P0520_T2,P0520_T2_1,1,relation_contradicted,Not Supported,Not Supported
P0520,P0520_T2,P0520_T2_2,2,condition_replaced,Not Enough Evidence,Not Enough Evidence
P0520,P0520_T2,P0520_T2_3,3,condition_removed,Not Enough Evidence,Not Enough Evidence
P0520,P0520_T2,P0520_T2_4,4,supported,Supported,Supported
P0520,P0520_T2,P0520_T2_5,5,condition_contradicted,Not Supported,Not Supported
P0524,P0524_T1,P0524_T1_1,1,relation_contradicted,Not Supported,Not Supported
P0524,P0524_T1,P0524_T1_2,2,condition_replaced,Not Enough Evidence,Not Enough Evidence
P0524,P0524_T1,P0524_T1_3,3,condition_removed,Not Enough Evidence,Not Enough Evidence
P0524,P0524_T1,P0524_T1_4,4,supported,Supported,Supported
P0524,P0524_T1,P0524_T1_5,5,condition_contradicted,Not Supported,Not Supported
P0524,P0524_T2,P0524_T2_1,1,relation_contradicted,Not Supported,Not Supported
P0524,P0524_T2,P0524_T2_2,2,condition_replaced,Not Enough Evidence,Not Enough Evidence
P0524,P0524_T2,P0524_T2_3,3,condition_removed,Not Enough Evidence,Not Enough Evidence
P0524,P0524_T2,P0524_T2_4,4,supported,Supported,Supported
P0524,P0524_T2,P0524_T2_5,5,condition_contradicted,Not Supported,Not Supported
P0524,P0524_T3,P0524_T3_1,1,relation_contradicted,Not Supported,Not Supported
P0524,P0524_T3,P0524_T3_2,2,condition_replaced,Not Enough Evidence,Not Enough Evidence
P0524,P0524_T3,P0524_T3_3,3,condition_removed,Not Enough Evidence,Not Enough Evidence
P0524,P0524_T3,P0524_T3_4,4,supported,Supported,Supported
P0524,P0524_T3,P0524_T3_5,5,condition_contradicted,Not Supported,Not Supported
P0527,P0527_T1,P0527_T1_1,1,relation_contradicted,Not Supported,Not Supported
P0527,P0527_T1,P0527_T1_2,2,condition_replaced,Not Enough Evidence,Not Enough Evidence
P0527,P0527_T1,P0527_T1_3,3,condition_removed,Not Enough Evidence,Not Enough Evidence
P0527,P0527_T1,P0527_T1_4,4,supported,Supported,Supported
P0527,P0527_T1,P0527_T1_5,5,condition_contradicted,Not Supported,Not Supported
P0527,P0527_T2,P0527_T2_1,1,relation_contradicted,Not Supported,Not Supported
P0527,P0527_T2,P0527_T2_2,2,condition_replaced,Not Enough Evidence,Not Enough Evidence
P0527,P0527_T2,P0527_T2_3,3,condition_removed,Not Enough Evidence,Not Enough Evidence
P0527,P0527_T2,P0527_T2_4,4,supported,Supported,Supported
P0527,P0527_T2,P0527_T2_5,5,condition_contradicted,Not Supported,Not Supported
P0530,P0530_T1,P0530_T1_1,1,relation_contradicted,Not Supported,Not Supported
P0530,P0530_T1,P0530_T1_2,2,condition_replaced,Not Enough Evidence,Not Enough Evidence
P0530,P0530_T1,P0530_T1_3,3,condition_removed,Not Enough Evidence,Not Enough Evidence
P0530,P0530_T1,P0530_T1_4,4,supported,Supported,Supported
P0530,P0530_T1,P0530_T1_5,5,condition_contradicted,Not Supported,Not Supported
P0530,P0530_T2,P0530_T2_1,1,relation_contradicted,Not Supported,Not Supported
P0530,P0530_T2,P0530_T2_2,2,condition_replaced,Not Enough Evidence,Not Enough Evidence
P0530,P0530_T2,P0530_T2_3,3,condition_removed,Not Enough Evidence,Not Enough Evidence
P0530,P0530_T2,P0530_T2_4,4,supported,Supported,Supported
P0530,P0530_T2,P0530_T2_5,5,condition_contradicted,Not Supported,Not Supported
P0532,P0532_T1,P0532_T1_1,1,relation_contradicted,Not Supported,Not Supported
P0532,P0532_T1,P0532_T1_2,2,condition_replaced,Not Enough Evidence,Not Enough Evidence
P0532,P0532_T1,P0532_T1_3,3,condition_removed,Not Enough Evidence,Not Enough Evidence
P0532,P0532_T1,P0532_T1_4,4,supported,Supported,Supported
P0532,P0532_T1,P0532_T1_5,5,condition_contradicted,Not Supported,Not Supported
P0532,P0532_T2,P0532_T2_1,1,relation_contradicted,Not Supported,Not Supported
P0532,P0532_T2,P0532_T2_2,2,condition_replaced,Not Enough Evidence,Not Enough Evidence
P0532,P0532_T2,P0532_T2_3,3,condition_removed,Not Enough Evidence,Not Enough Evidence
P0532,P0532_T2,P0532_T2_4,4,supported,Supported,Supported
P0532,P0532_T2,P0532_T2_5,5,condition_contradicted,Not Supported,Not Supported
P0535,P0535_T1,P0535_T1_1,1,relation_contradicted,Not Supported,Not Supported
P0535,P0535_T1,P0535_T1_2,2,condition_replaced,Not Enough Evidence,Not Enough Evidence
P0535,P0535_T1,P0535_T1_3,3,condition_removed,Not Enough Evidence,Not Enough Evidence
P0535,P0535_T1,P0535_T1_4,4,supported,Supported,Supported
P0535,P0535_T1,P0535_T1_5,5,condition_contradicted,Not Supported,Not Supported
P0535,P0535_T2,P0535_T2_1,1,relation_contradicted,Not Supported,Not Supported
P0535,P0535_T2,P0535_T2_2,2,condition_replaced,Not Enough Evidence,Not Enough Evidence
P0535,P0535_T2,P0535_T2_3,3,condition_removed,Not Enough Evidence,Not Enough Evidence
P0535,P0535_T2,P0535_T2_4,4,supported,Supported,Supported
P0535,P0535_T2,P0535_T2_5,5,condition_contradicted,Not Supported,Not Supported
P0537,P0537_T1,P0537_T1_1,1,relation_contradicted,Not Supported,Not Supported
P0537,P0537_T1,P0537_T1_2,2,condition_replaced,Not Enough Evidence,Not Enough Evidence
P0537,P0537_T1,P0537_T1_3,3,condition_removed,Not Enough Evidence,Not Enough Evidence
P0537,P0537_T1,P0537_T1_4,4,supported,Supported,Supported
P0537,P0537_T1,P0537_T1_5,5,condition_contradicted,Not Supported,Not Supported
P0537,P0537_T2,P0537_T2_1,1,relation_contradicted,Not Supported,Not Supported
P0537,P0537_T2,P0537_T2_2,2,condition_replaced,Not Enough Evidence,Not Enough Evidence
P0537,P0537_T2,P0537_T2_3,3,condition_removed,Not Enough Evidence,Not Enough Evidence
P0537,P0537_T2,P0537_T2_4,4,supported,Supported,Supported
P0537,P0537_T2,P0537_T2_5,5,condition_contradicted,Not Supported,Not Supported
P0539,P0539_T1,P0539_T1_1,1,relation_contradicted,Not Supported,Not Supported
P0539,P0539_T1,P0539_T1_2,2,condition_replaced,Not Enough Evidence,Not Enough Evidence
P0539,P0539_T1,P0539_T1_3,3,condition_removed,Not Enough Evidence,Not Enough Evidence
P0539,P0539_T1,P0539_T1_4,4,supported,Supported,Supported
P0539,P0539_T1,P0539_T1_5,5,condition_contradicted,Not Supported,Not Supported
P0539,P0539_T2,P0539_T2_1,1,relation_contradicted,Not Supported,Not Supported
P0539,P0539_T2,P0539_T2_2,2,condition_replaced,Not Enough Evidence,Not Enough Evidence
P0539,P0539_T2,P0539_T2_3,3,condition_removed,Not Enough Evidence,Not Enough Evidence
P0539,P0539_T2,P0539_T2_4,4,supported,Supported,Supported
P0539,P0539_T2,P0539_T2_5,5,condition_contradicted,Not Supported,Not Supported
P0542,P0542_T1,P0542_T1_1,1,relation_contradicted,Not Supported,Not Supported
P0542,P0542_T1,P0542_T1_2,2,condition_replaced,Not Enough Evidence,Not Enough Evidence
P0542,P0542_T1,P0542_T1_3,3,condition_removed,Not Enough Evidence,Not Enough Evidence
P0542,P0542_T1,P0542_T1_4,4,supported,Supported,Supported
P0542,P0542_T1,P0542_T1_5,5,condition_contradicted,Not Supported,Not Supported
P0542,P0542_T2,P0542_T2_1,1,relation_contradicted,Not Supported,Not Supported
P0542,P0542_T2,P0542_T2_2,2,condition_replaced,Not Enough Evidence,Not Enough Evidence
P0542,P0542_T2,P0542_T2_3,3,condition_removed,Not Enough Evidence,Not Enough Evidence
P0542,P0542_T2,P0542_T2_4,4,supported,Supported,Supported
P0542,P0542_T2,P0542_T2_5,5,condition_contradicted,Not Supported,Not Supported
P0551,P0551_T1,P0551_T1_1,1,relation_contradicted,Not Supported,Not Supported
P0551,P0551_T1,P0551_T1_2,2,condition_replaced,Not Enough Evidence,Not Enough Evidence
P0551,P0551_T1,P0551_T1_3,3,condition_removed,Not Enough Evidence,Not Enough Evidence
P0551,P0551_T1,P0551_T1_4,4,supported,Supported,Supported
P0551,P0551_T1,P0551_T1_5,5,condition_contradicted,Not Supported,Not Supported
P0551,P0551_T2,P0551_T2_1,1,relation_contradicted,Not Supported,Not Supported
P0551,P0551_T2,P0551_T2_2,2,condition_replaced,Not Enough Evidence,Not Enough Evidence
P0551,P0551_T2,P0551_T2_3,3,condition_removed,Not Enough Evidence,Not Enough Evidence
P0551,P0551_T2,P0551_T2_4,4,supported,Supported,Supported
P0551,P0551_T2,P0551_T2_5,5,condition_contradicted,Not Supported,Not Supported
P0552,P0552_T1,P0552_T1_1,1,relation_contradicted,Not Supported,Not Supported
P0552,P0552_T1,P0552_T1_2,2,condition_replaced,Not Enough Evidence,Not Enough Evidence
P0552,P0552_T1,P0552_T1_3,3,condition_removed,Not Enough Evidence,Not Enough Evidence
P0552,P0552_T1,P0552_T1_4,4,supported,Supported,Supported
P0552,P0552_T1,P0552_T1_5,5,condition_contradicted,Not Supported,Not Supported
P0552,P0552_T2,P0552_T2_1,1,relation_contradicted,Not Supported,Not Supported
P0552,P0552_T2,P0552_T2_2,2,condition_replaced,Not Enough Evidence,Not Enough Evidence
P0552,P0552_T2,P0552_T2_3,3,condition_removed,Not Enough Evidence,Not Enough Evidence
P0552,P0552_T2,P0552_T2_4,4,supported,Supported,Supported
P0552,P0552_T2,P0552_T2_5,5,condition_contradicted,Not Supported,Not Supported
P0556,P0556_T1,P0556_T1_1,1,relation_contradicted,Not Supported,Not Supported
P0556,P0556_T1,P0556_T1_2,2,condition_replaced,Not Enough Evidence,Not Enough Evidence
P0556,P0556_T1,P0556_T1_3,3,condition_removed,Not Enough Evidence,Not Enough Evidence
P0556,P0556_T1,P0556_T1_4,4,supported,Supported,Supported
P0556,P0556_T1,P0556_T1_5,5,condition_contradicted,Not Supported,Not Supported
P0556,P0556_T2,P0556_T2_1,1,relation_contradicted,Not Supported,Not Supported
P0556,P0556_T2,P0556_T2_2,2,condition_replaced,Not Enough Evidence,Not Enough Evidence
P0556,P0556_T2,P0556_T2_3,3,condition_removed,Not Enough Evidence,Not Enough Evidence
P0556,P0556_T2,P0556_T2_4,4,supported,Supported,Supported
P0556,P0556_T2,P0556_T2_5,5,condition_contradicted,Not Supported,Not Supported
P0565,P0565_T1,P0565_T1_1,1,relation_contradicted,Not Supported,Not Supported
P0565,P0565_T1,P0565_T1_2,2,condition_replaced,Not Enough Evidence,Not Enough Evidence
P0565,P0565_T1,P0565_T1_3,3,condition_removed,Not Enough Evidence,Not Enough Evidence
P0565,P0565_T1,P0565_T1_4,4,supported,Supported,Supported
P0565,P0565_T1,P0565_T1_5,5,condition_contradicted,Not Supported,Not Supported
P0565,P0565_T2,P0565_T2_1,1,relation_contradicted,Not Supported,Not Supported
P0565,P0565_T2,P0565_T2_2,2,condition_replaced,Not Enough Evidence,Not Enough Evidence
P0565,P0565_T2,P0565_T2_3,3,condition_removed,Not Enough Evidence,Not Enough Evidence
P0565,P0565_T2,P0565_T2_4,4,supported,Supported,Supported
P0565,P0565_T2,P0565_T2_5,5,condition_contradicted,Not Supported,Not Supported
P0567,P0567_T1,P0567_T1_1,1,relation_contradicted,Not Supported,Not Supported
P0567,P0567_T1,P0567_T1_2,2,condition_replaced,Not Enough Evidence,Not Enough Evidence
P0567,P0567_T1,P0567_T1_3,3,condition_removed,Not Enough Evidence,Not Enough Evidence
P0567,P0567_T1,P0567_T1_4,4,supported,Supported,Supported
P0567,P0567_T1,P0567_T1_5,5,condition_contradicted,Not Supported,Not Supported
P0567,P0567_T2,P0567_T2_1,1,relation_contradicted,Not Supported,Not Supported
P0567,P0567_T2,P0567_T2_2,2,condition_replaced,Not Enough Evidence,Not Enough Evidence
P0567,P0567_T2,P0567_T2_3,3,condition_removed,Not Enough Evidence,Not Enough Evidence
P0567,P0567_T2,P0567_T2_4,4,supported,Supported,Supported
P0567,P0567_T2,P0567_T2_5,5,condition_contradicted,Not Supported,Not Supported
P0568,P0568_T1,P0568_T1_1,1,relation_contradicted,Not Supported,Not Supported
P0568,P0568_T1,P0568_T1_2,2,condition_replaced,Not Enough Evidence,Not Enough Evidence
P0568,P0568_T1,P0568_T1_3,3,condition_removed,Not Enough Evidence,Not Enough Evidence
P0568,P0568_T1,P0568_T1_4,4,supported,Supported,Supported
P0568,P0568_T1,P0568_T1_5,5,condition_contradicted,Not Supported,Not Supported
P0568,P0568_T2,P0568_T2_1,1,relation_contradicted,Not Supported,Not Supported
P0568,P0568_T2,P0568_T2_2,2,condition_replaced,Not Enough Evidence,Not Enough Evidence
P0568,P0568_T2,P0568_T2_3,3,condition_removed,Not Enough Evidence,Not Enough Evidence
P0568,P0568_T2,P0568_T2_4,4,supported,Supported,Supported
P0568,P0568_T2,P0568_T2_5,5,condition_contradicted,Not Supported,Not Supported
P0569,P0569_T1,P0569_T1_1,1,relation_contradicted,Not Supported,Not Supported
P0569,P0569_T1,P0569_T1_2,2,condition_replaced,Not Enough Evidence,Not Enough Evidence
P0569,P0569_T1,P0569_T1_3,3,condition_removed,Not Enough Evidence,Not Enough Evidence
P0569,P0569_T1,P0569_T1_4,4,supported,Supported,Supported
P0569,P0569_T1,P0569_T1_5,5,condition_contradicted,Not Supported,Not Supported
P0569,P0569_T2,P0569_T2_1,1,relation_contradicted,Not Supported,Not Supported
P0569,P0569_T2,P0569_T2_2,2,condition_replaced,Not Enough Evidence,Not Enough Evidence
P0569,P0569_T2,P0569_T2_3,3,condition_removed,Not Enough Evidence,Not Enough Evidence
P0569,P0569_T2,P0569_T2_4,4,supported,Supported,Supported
P0569,P0569_T2,P0569_T2_5,5,condition_contradicted,Not Supported,Not Supported
P0570,P0570_T1,P0570_T1_1,1,relation_contradicted,Not Supported,Not Supported
P0570,P0570_T1,P0570_T1_2,2,condition_replaced,Not Enough Evidence,Not Enough Evidence
P0570,P0570_T1,P0570_T1_3,3,condition_removed,Not Enough Evidence,Not Enough Evidence
P0570,P0570_T1,P0570_T1_4,4,supported,Supported,Supported
P0570,P0570_T1,P0570_T1_5,5,condition_contradicted,Not Supported,Not Supported
P0570,P0570_T2,P0570_T2_1,1,relation_contradicted,Not Supported,Not Supported
P0570,P0570_T2,P0570_T2_2,2,condition_replaced,Not Enough Evidence,Not Enough Evidence
P0570,P0570_T2,P0570_T2_3,3,condition_removed,Not Enough Evidence,Not Enough Evidence
P0570,P0570_T2,P0570_T2_4,4,supported,Supported,Supported
P0570,P0570_T2,P0570_T2_5,5,condition_contradicted,Not Supported,Not Supported
P0573,P0573_T1,P0573_T1_1,1,relation_contradicted,Not Supported,Not Supported
P0573,P0573_T1,P0573_T1_2,2,condition_replaced,Not Enough Evidence,Not Enough Evidence
P0573,P0573_T1,P0573_T1_3,3,condition_removed,Not Enough Evidence,Not Enough Evidence
P0573,P0573_T1,P0573_T1_4,4,supported,Supported,Supported
P0573,P0573_T1,P0573_T1_5,5,condition_contradicted,Not Supported,Not Supported
P0573,P0573_T2,P0573_T2_1,1,relation_contradicted,Not Supported,Not Supported
P0573,P0573_T2,P0573_T2_2,2,condition_replaced,Not Enough Evidence,Not Enough Evidence
P0573,P0573_T2,P0573_T2_3,3,condition_removed,Not Enough Evidence,Not Enough Evidence
P0573,P0573_T2,P0573_T2_4,4,supported,Supported,Supported
P0573,P0573_T2,P0573_T2_5,5,condition_contradicted,Not Supported,Not Supported
P0573,P0573_T3,P0573_T3_1,1,relation_contradicted,Not Supported,Not Supported
P0573,P0573_T3,P0573_T3_2,2,condition_replaced,Not Enough Evidence,Not Enough Evidence
P0573,P0573_T3,P0573_T3_3,3,condition_removed,Not Enough Evidence,Not Enough Evidence
P0573,P0573_T3,P0573_T3_4,4,supported,Supported,Supported
P0573,P0573_T3,P0573_T3_5,5,condition_contradicted,Not Supported,Not Supported
P0577,P0577_T1,P0577_T1_1,1,relation_contradicted,Not Supported,Not Supported
P0577,P0577_T1,P0577_T1_2,2,condition_replaced,Not Enough Evidence,Not Enough Evidence
P0577,P0577_T1,P0577_T1_3,3,condition_removed,Not Enough Evidence,Not Enough Evidence
P0577,P0577_T1,P0577_T1_4,4,supported,Supported,Supported
P0577,P0577_T1,P0577_T1_5,5,condition_contradicted,Not Supported,Not Supported
P0577,P0577_T2,P0577_T2_1,1,relation_contradicted,Not Supported,Not Supported
P0577,P0577_T2,P0577_T2_2,2,condition_replaced,Not Enough Evidence,Not Enough Evidence
P0577,P0577_T2,P0577_T2_3,3,condition_removed,Not Enough Evidence,Not Enough Evidence
P0577,P0577_T2,P0577_T2_4,4,supported,Supported,Supported
P0577,P0577_T2,P0577_T2_5,5,condition_contradicted,Not Supported,Not Supported
P0585,P0585_T1,P0585_T1_1,1,relation_contradicted,Not Supported,Not Supported
P0585,P0585_T1,P0585_T1_2,2,condition_replaced,Not Enough Evidence,Not Enough Evidence
P0585,P0585_T1,P0585_T1_3,3,condition_removed,Not Enough Evidence,Not Enough Evidence
P0585,P0585_T1,P0585_T1_4,4,supported,Supported,Supported
P0585,P0585_T1,P0585_T1_5,5,condition_contradicted,Not Supported,Not Supported
P0585,P0585_T2,P0585_T2_1,1,relation_contradicted,Not Supported,Not Supported
P0585,P0585_T2,P0585_T2_2,2,condition_replaced,Not Enough Evidence,Not Enough Evidence
P0585,P0585_T2,P0585_T2_3,3,condition_removed,Not Enough Evidence,Not Enough Evidence
P0585,P0585_T2,P0585_T2_4,4,supported,Supported,Supported
P0585,P0585_T2,P0585_T2_5,5,condition_contradicted,Not Supported,Not Supported
P0587,P0587_T1,P0587_T1_1,1,relation_contradicted,Not Supported,Not Supported
P0587,P0587_T1,P0587_T1_2,2,condition_replaced,Not Enough Evidence,Not Enough Evidence
P0587,P0587_T1,P0587_T1_3,3,condition_removed,Not Enough Evidence,Not Enough Evidence
P0587,P0587_T1,P0587_T1_4,4,supported,Supported,Supported
P0587,P0587_T1,P0587_T1_5,5,condition_contradicted,Not Supported,Not Supported
P0587,P0587_T2,P0587_T2_1,1,relation_contradicted,Not Supported,Not Supported
P0587,P0587_T2,P0587_T2_2,2,condition_replaced,Not Enough Evidence,Not Enough Evidence
P0587,P0587_T2,P0587_T2_3,3,condition_removed,Not Enough Evidence,Not Enough Evidence
P0587,P0587_T2,P0587_T2_4,4,supported,Supported,Supported
P0587,P0587_T2,P0587_T2_5,5,condition_contradicted,Not Supported,Not Supported
P0596,P0596_T1,P0596_T1_1,1,relation_contradicted,Not Supported,Not Supported
P0596,P0596_T1,P0596_T1_2,2,condition_replaced,Not Enough Evidence,Not Enough Evidence
P0596,P0596_T1,P0596_T1_3,3,condition_removed,Not Enough Evidence,Not Enough Evidence
P0596,P0596_T1,P0596_T1_4,4,supported,Supported,Supported
P0596,P0596_T1,P0596_T1_5,5,condition_contradicted,Not Supported,Not Supported
P0596,P0596_T2,P0596_T2_1,1,relation_contradicted,Not Supported,Not Supported
P0596,P0596_T2,P0596_T2_2,2,condition_replaced,Not Enough Evidence,Not Enough Evidence
P0596,P0596_T2,P0596_T2_3,3,condition_removed,Not Enough Evidence,Not Enough Evidence
P0596,P0596_T2,P0596_T2_4,4,supported,Supported,Supported
P0596,P0596_T2,P0596_T2_5,5,condition_contradicted,Not Supported,Not Supported
P0596,P0596_T3,P0596_T3_1,1,relation_contradicted,Not Supported,Not Supported
P0596,P0596_T3,P0596_T3_2,2,condition_replaced,Not Enough Evidence,Not Enough Evidence
P0596,P0596_T3,P0596_T3_3,3,condition_removed,Not Enough Evidence,Not Enough Evidence
P0596,P0596_T3,P0596_T3_4,4,supported,Supported,Supported
P0596,P0596_T3,P0596_T3_5,5,condition_contradicted,Not Supported,Not Supported
P0598,P0598_T1,P0598_T1_1,1,relation_contradicted,Not Supported,Not Supported
P0598,P0598_T1,P0598_T1_2,2,condition_replaced,Not Enough Evidence,Not Enough Evidence
P0598,P0598_T1,P0598_T1_3,3,condition_removed,Not Enough Evidence,Not Enough Evidence
P0598,P0598_T1,P0598_T1_4,4,supported,Supported,Supported
P0598,P0598_T1,P0598_T1_5,5,condition_contradicted,Not Supported,Not Supported
P0598,P0598_T2,P0598_T2_1,1,relation_contradicted,Not Supported,Not Supported
P0598,P0598_T2,P0598_T2_2,2,condition_replaced,Not Enough Evidence,Not Enough Evidence
P0598,P0598_T2,P0598_T2_3,3,condition_removed,Not Enough Evidence,Not Enough Evidence
P0598,P0598_T2,P0598_T2_4,4,supported,Supported,Supported
P0598,P0598_T2,P0598_T2_5,5,condition_contradicted,Not Supported,Not Supported
P0598,P0598_T3,P0598_T3_1,1,relation_contradicted,Not Supported,Not Supported
P0598,P0598_T3,P0598_T3_2,2,condition_replaced,Not Enough Evidence,Not Enough Evidence
P0598,P0598_T3,P0598_T3_3,3,condition_removed,Not Enough Evidence,Not Enough Evidence
P0598,P0598_T3,P0598_T3_4,4,supported,Supported,Supported
P0598,P0598_T3,P0598_T3_5,5,condition_contradicted,Not Supported,Not Supported
P0603,P0603_T1,P0603_T1_1,1,relation_contradicted,Not Supported,Not Supported
P0603,P0603_T1,P0603_T1_2,2,condition_replaced,Not Enough Evidence,Not Enough Evidence
P0603,P0603_T1,P0603_T1_3,3,condition_removed,Not Enough Evidence,Not Enough Evidence
P0603,P0603_T1,P0603_T1_4,4,supported,Supported,Supported
P0603,P0603_T1,P0603_T1_5,5,condition_contradicted,Not Supported,Not Supported
P0603,P0603_T2,P0603_T2_1,1,relation_contradicted,Not Supported,Not Supported
P0603,P0603_T2,P0603_T2_2,2,condition_replaced,Not Enough Evidence,Not Enough Evidence
P0603,P0603_T2,P0603_T2_3,3,condition_removed,Not Enough Evidence,Not Enough Evidence
P0603,P0603_T2,P0603_T2_4,4,supported,Supported,Supported
P0603,P0603_T2,P0603_T2_5,5,condition_contradicted,Not Supported,Not Supported
P0603,P0603_T3,P0603_T3_1,1,relation_contradicted,Not Supported,Not Supported
P0603,P0603_T3,P0603_T3_2,2,condition_replaced,Not Enough Evidence,Not Enough Evidence
P0603,P0603_T3,P0603_T3_3,3,condition_removed,Not Enough Evidence,Not Enough Evidence
P0603,P0603_T3,P0603_T3_4,4,supported,Supported,Supported
P0603,P0603_T3,P0603_T3_5,5,condition_contradicted,Not Supported,Not Supported
P0604,P0604_T1,P0604_T1_1,1,relation_contradicted,Not Supported,Not Supported
P0604,P0604_T1,P0604_T1_2,2,condition_replaced,Not Enough Evidence,Not Enough Evidence
P0604,P0604_T1,P0604_T1_3,3,condition_removed,Not Enough Evidence,Not Enough Evidence
P0604,P0604_T1,P0604_T1_4,4,supported,Supported,Supported
P0604,P0604_T1,P0604_T1_5,5,condition_contradicted,Not Supported,Not Supported
P0604,P0604_T2,P0604_T2_1,1,relation_contradicted,Not Supported,Not Supported
P0604,P0604_T2,P0604_T2_2,2,condition_replaced,Not Enough Evidence,Not Enough Evidence
P0604,P0604_T2,P0604_T2_3,3,condition_removed,Not Enough Evidence,Not Enough Evidence
P0604,P0604_T2,P0604_T2_4,4,supported,Supported,Supported
P0604,P0604_T2,P0604_T2_5,5,condition_contradicted,Not Supported,Not Supported
P0604,P0604_T3,P0604_T3_1,1,relation_contradicted,Not Supported,Not Supported
P0604,P0604_T3,P0604_T3_2,2,condition_replaced,Not Enough Evidence,Not Enough Evidence
P0604,P0604_T3,P0604_T3_3,3,condition_removed,Not Enough Evidence,Not Enough Evidence
P0604,P0604_T3,P0604_T3_4,4,supported,Supported,Supported
P0604,P0604_T3,P0604_T3_5,5,condition_contradicted,Not Supported,Not Supported
P0610,P0610_T1,P0610_T1_1,1,relation_contradicted,Not Supported,Not Supported
P0610,P0610_T1,P0610_T1_2,2,condition_replaced,Not Enough Evidence,Not Enough Evidence
P0610,P0610_T1,P0610_T1_3,3,condition_removed,Not Enough Evidence,Not Enough Evidence
P0610,P0610_T1,P0610_T1_4,4,supported,Supported,Supported
P0610,P0610_T1,P0610_T1_5,5,condition_contradicted,Not Supported,Not Supported
P0610,P0610_T2,P0610_T2_1,1,relation_contradicted,Not Supported,Not Supported
P0610,P0610_T2,P0610_T2_2,2,condition_replaced,Not Enough Evidence,Not Enough Evidence
P0610,P0610_T2,P0610_T2_3,3,condition_removed,Not Enough Evidence,Not Enough Evidence
P0610,P0610_T2,P0610_T2_4,4,supported,Supported,Supported
P0610,P0610_T2,P0610_T2_5,5,condition_contradicted,Not Supported,Not Supported
P0610,P0610_T3,P0610_T3_1,1,relation_contradicted,Not Supported,Not Supported
P0610,P0610_T3,P0610_T3_2,2,condition_replaced,Not Enough Evidence,Not Enough Evidence
P0610,P0610_T3,P0610_T3_3,3,condition_removed,Not Enough Evidence,Not Enough Evidence
P0610,P0610_T3,P0610_T3_4,4,supported,Supported,Supported
P0610,P0610_T3,P0610_T3_5,5,condition_contradicted,Not Supported,Not Supported
P0612,P0612_T1,P0612_T1_1,1,relation_contradicted,Not Supported,Not Supported
P0612,P0612_T1,P0612_T1_2,2,condition_replaced,Not Enough Evidence,Not Enough Evidence
P0612,P0612_T1,P0612_T1_3,3,condition_removed,Not Enough Evidence,Not Enough Evidence
P0612,P0612_T1,P0612_T1_4,4,supported,Supported,Supported
P0612,P0612_T1,P0612_T1_5,5,condition_contradicted,Not Supported,Not Supported
P0612,P0612_T2,P0612_T2_1,1,relation_contradicted,Not Supported,Not Supported
P0612,P0612_T2,P0612_T2_2,2,condition_replaced,Not Enough Evidence,Not Enough Evidence
P0612,P0612_T2,P0612_T2_3,3,condition_removed,Not Enough Evidence,Not Enough Evidence
P0612,P0612_T2,P0612_T2_4,4,supported,Supported,Supported
P0612,P0612_T2,P0612_T2_5,5,condition_contradicted,Not Supported,Not Supported
P0612,P0612_T3,P0612_T3_1,1,relation_contradicted,Not Supported,Not Supported
P0612,P0612_T3,P0612_T3_2,2,condition_replaced,Not Enough Evidence,Not Enough Evidence
P0612,P0612_T3,P0612_T3_3,3,condition_removed,Not Enough Evidence,Not Enough Evidence
P0612,P0612_T3,P0612_T3_4,4,supported,Supported,Supported
P0612,P0612_T3,P0612_T3_5,5,condition_contradicted,Not Supported,Not Supported
P0613,P0613_T1,P0613_T1_1,1,relation_contradicted,Not Supported,Not Supported
P0613,P0613_T1,P0613_T1_2,2,condition_replaced,Not Enough Evidence,Not Enough Evidence
P0613,P0613_T1,P0613_T1_3,3,condition_removed,Not Enough Evidence,Not Enough Evidence
P0613,P0613_T1,P0613_T1_4,4,supported,Supported,Supported
P0613,P0613_T1,P0613_T1_5,5,condition_contradicted,Not Supported,Not Supported
P0613,P0613_T2,P0613_T2_1,1,relation_contradicted,Not Supported,Not Supported
P0613,P0613_T2,P0613_T2_2,2,condition_replaced,Not Enough Evidence,Not Enough Evidence
P0613,P0613_T2,P0613_T2_3,3,condition_removed,Not Enough Evidence,Not Enough Evidence
P0613,P0613_T2,P0613_T2_4,4,supported,Supported,Supported
P0613,P0613_T2,P0613_T2_5,5,condition_contradicted,Not Supported,Not Supported
P0613,P0613_T3,P0613_T3_1,1,relation_contradicted,Not Supported,Not Supported
P0613,P0613_T3,P0613_T3_2,2,condition_replaced,Not Enough Evidence,Not Enough Evidence
P0613,P0613_T3,P0613_T3_3,3,condition_removed,Not Enough Evidence,Not Enough Evidence
P0613,P0613_T3,P0613_T3_4,4,supported,Supported,Supported
P0613,P0613_T3,P0613_T3_5,5,condition_contradicted,Not Supported,Not Supported
P0618,P0618_T1,P0618_T1_1,1,relation_contradicted,Not Supported,Not Supported
P0618,P0618_T1,P0618_T1_2,2,condition_replaced,Not Enough Evidence,Not Enough Evidence
P0618,P0618_T1,P0618_T1_3,3,condition_removed,Not Enough Evidence,Not Enough Evidence
P0618,P0618_T1,P0618_T1_4,4,supported,Supported,Supported
P0618,P0618_T1,P0618_T1_5,5,condition_contradicted,Not Supported,Not Supported
P0618,P0618_T2,P0618_T2_1,1,relation_contradicted,Not Supported,Not Supported
P0618,P0618_T2,P0618_T2_2,2,condition_replaced,Not Enough Evidence,Not Enough Evidence
P0618,P0618_T2,P0618_T2_3,3,condition_removed,Not Enough Evidence,Not Enough Evidence
P0618,P0618_T2,P0618_T2_4,4,supported,Supported,Supported
P0618,P0618_T2,P0618_T2_5,5,condition_contradicted,Not Supported,Not Supported
P0618,P0618_T3,P0618_T3_1,1,relation_contradicted,Not Supported,Not Supported
P0618,P0618_T3,P0618_T3_2,2,condition_replaced,Not Enough Evidence,Not Enough Evidence
P0618,P0618_T3,P0618_T3_3,3,condition_removed,Not Enough Evidence,Not Enough Evidence
P0618,P0618_T3,P0618_T3_4,4,supported,Supported,Supported
P0618,P0618_T3,P0618_T3_5,5,condition_contradicted,Not Supported,Not Supported
P0621,P0621_T1,P0621_T1_1,1,relation_contradicted,Not Supported,Not Supported
P0621,P0621_T1,P0621_T1_2,2,condition_replaced,Not Enough Evidence,Not Enough Evidence
P0621,P0621_T1,P0621_T1_3,3,condition_removed,Not Enough Evidence,Not Enough Evidence
P0621,P0621_T1,P0621_T1_4,4,supported,Supported,Supported
P0621,P0621_T1,P0621_T1_5,5,condition_contradicted,Not Supported,Not Supported
P0621,P0621_T2,P0621_T2_1,1,relation_contradicted,Not Supported,Not Supported
P0621,P0621_T2,P0621_T2_2,2,condition_replaced,Not Enough Evidence,Not Enough Evidence
P0621,P0621_T2,P0621_T2_3,3,condition_removed,Not Enough Evidence,Not Enough Evidence
P0621,P0621_T2,P0621_T2_4,4,supported,Supported,Supported
P0621,P0621_T2,P0621_T2_5,5,condition_contradicted,Not Supported,Not Supported
P0621,P0621_T3,P0621_T3_1,1,relation_contradicted,Not Supported,Not Supported
P0621,P0621_T3,P0621_T3_2,2,condition_replaced,Not Enough Evidence,Not Enough Evidence
P0621,P0621_T3,P0621_T3_3,3,condition_removed,Not Enough Evidence,Not Enough Evidence
P0621,P0621_T3,P0621_T3_4,4,supported,Supported,Supported
P0621,P0621_T3,P0621_T3_5,5,condition_contradicted,Not Supported,Not Supported
P0622,P0622_T1,P0622_T1_1,1,relation_contradicted,Not Supported,Not Supported
P0622,P0622_T1,P0622_T1_2,2,condition_replaced,Not Enough Evidence,Not Enough Evidence
P0622,P0622_T1,P0622_T1_3,3,condition_removed,Not Enough Evidence,Not Enough Evidence
P0622,P0622_T1,P0622_T1_4,4,supported,Supported,Supported
P0622,P0622_T1,P0622_T1_5,5,condition_contradicted,Not Supported,Not Supported
P0622,P0622_T2,P0622_T2_1,1,relation_contradicted,Not Supported,Not Supported
P0622,P0622_T2,P0622_T2_2,2,condition_replaced,Not Enough Evidence,Not Enough Evidence
P0622,P0622_T2,P0622_T2_3,3,condition_removed,Not Enough Evidence,Not Enough Evidence
P0622,P0622_T2,P0622_T2_4,4,supported,Supported,Supported
P0622,P0622_T2,P0622_T2_5,5,condition_contradicted,Not Supported,Not Supported
P0622,P0622_T3,P0622_T3_1,1,relation_contradicted,Not Supported,Not Supported
P0622,P0622_T3,P0622_T3_2,2,condition_replaced,Not Enough Evidence,Not Enough Evidence
P0622,P0622_T3,P0622_T3_3,3,condition_removed,Not Enough Evidence,Not Enough Evidence
P0622,P0622_T3,P0622_T3_4,4,supported,Supported,Supported
P0622,P0622_T3,P0622_T3_5,5,condition_contradicted,Not Supported,Not Supported
P0624,P0624_T1,P0624_T1_1,1,relation_contradicted,Not Supported,Not Supported
P0624,P0624_T1,P0624_T1_2,2,condition_replaced,Not Enough Evidence,Not Enough Evidence
P0624,P0624_T1,P0624_T1_3,3,condition_removed,Not Enough Evidence,Not Enough Evidence
P0624,P0624_T1,P0624_T1_4,4,supported,Supported,Supported
P0624,P0624_T1,P0624_T1_5,5,condition_contradicted,Not Supported,Not Supported
P0624,P0624_T2,P0624_T2_1,1,relation_contradicted,Not Supported,Not Supported
P0624,P0624_T2,P0624_T2_2,2,condition_replaced,Not Enough Evidence,Not Enough Evidence
P0624,P0624_T2,P0624_T2_3,3,condition_removed,Not Enough Evidence,Not Enough Evidence
P0624,P0624_T2,P0624_T2_4,4,supported,Supported,Supported
P0624,P0624_T2,P0624_T2_5,5,condition_contradicted,Not Supported,Not Supported
P0624,P0624_T3,P0624_T3_1,1,relation_contradicted,Not Supported,Not Supported
P0624,P0624_T3,P0624_T3_2,2,condition_replaced,Not Enough Evidence,Not Enough Evidence
P0624,P0624_T3,P0624_T3_3,3,condition_removed,Not Enough Evidence,Not Enough Evidence
P0624,P0624_T3,P0624_T3_4,4,supported,Supported,Supported
P0624,P0624_T3,P0624_T3_5,5,condition_contradicted,Not Supported,Not Supported
P0626,P0626_T1,P0626_T1_1,1,relation_contradicted,Not Supported,Not Supported
P0626,P0626_T1,P0626_T1_2,2,condition_replaced,Not Enough Evidence,Not Enough Evidence
P0626,P0626_T1,P0626_T1_3,3,condition_removed,Not Enough Evidence,Not Enough Evidence
P0626,P0626_T1,P0626_T1_4,4,supported,Supported,Supported
P0626,P0626_T1,P0626_T1_5,5,condition_contradicted,Not Supported,Not Supported
P0626,P0626_T2,P0626_T2_1,1,relation_contradicted,Not Supported,Not Supported
P0626,P0626_T2,P0626_T2_2,2,condition_replaced,Not Enough Evidence,Not Enough Evidence
P0626,P0626_T2,P0626_T2_3,3,condition_removed,Not Enough Evidence,Not Enough Evidence
P0626,P0626_T2,P0626_T2_4,4,supported,Supported,Supported
P0626,P0626_T2,P0626_T2_5,5,condition_contradicted,Not Supported,Not Supported
P0634,P0634_T1,P0634_T1_1,1,relation_contradicted,Not Supported,Not Supported
P0634,P0634_T1,P0634_T1_2,2,condition_replaced,Not Enough Evidence,Not Enough Evidence
P0634,P0634_T1,P0634_T1_3,3,condition_removed,Not Enough Evidence,Not Enough Evidence
P0634,P0634_T1,P0634_T1_4,4,supported,Supported,Supported
P0634,P0634_T1,P0634_T1_5,5,condition_contradicted,Not Supported,Not Supported
P0634,P0634_T2,P0634_T2_1,1,relation_contradicted,Not Supported,Not Supported
P0634,P0634_T2,P0634_T2_2,2,condition_replaced,Not Enough Evidence,Not Enough Evidence
P0634,P0634_T2,P0634_T2_3,3,condition_removed,Not Enough Evidence,Not Enough Evidence
P0634,P0634_T2,P0634_T2_4,4,supported,Supported,Supported
P0634,P0634_T2,P0634_T2_5,5,condition_contradicted,Not Supported,Not Enough Evidence
P0636,P0636_T1,P0636_T1_1,1,relation_contradicted,Not Supported,Not Supported
P0636,P0636_T1,P0636_T1_2,2,condition_replaced,Not Enough Evidence,Not Enough Evidence
P0636,P0636_T1,P0636_T1_3,3,condition_removed,Not Enough Evidence,Not Enough Evidence
P0636,P0636_T1,P0636_T1_4,4,supported,Supported,Supported
P0636,P0636_T1,P0636_T1_5,5,condition_contradicted,Not Supported,Not Supported
P0636,P0636_T2,P0636_T2_1,1,relation_contradicted,Not Supported,Not Supported
P0636,P0636_T2,P0636_T2_2,2,condition_replaced,Not Enough Evidence,Not Enough Evidence
P0636,P0636_T2,P0636_T2_3,3,condition_removed,Not Enough Evidence,Not Enough Evidence
P0636,P0636_T2,P0636_T2_4,4,supported,Supported,Supported
P0636,P0636_T2,P0636_T2_5,5,condition_contradicted,Not Supported,Not Supported
P0637,P0637_T1,P0637_T1_1,1,relation_contradicted,Not Supported,Not Supported
P0637,P0637_T1,P0637_T1_2,2,condition_replaced,Not Enough Evidence,Not Enough Evidence
P0637,P0637_T1,P0637_T1_3,3,condition_removed,Not Enough Evidence,Not Enough Evidence
P0637,P0637_T1,P0637_T1_4,4,supported,Supported,Supported
P0637,P0637_T1,P0637_T1_5,5,condition_contradicted,Not Supported,Not Supported
P0637,P0637_T2,P0637_T2_1,1,relation_contradicted,Not Supported,Not Supported
P0637,P0637_T2,P0637_T2_2,2,condition_replaced,Not Enough Evidence,Not Enough Evidence
P0637,P0637_T2,P0637_T2_3,3,condition_removed,Not Enough Evidence,Not Enough Evidence
P0637,P0637_T2,P0637_T2_4,4,supported,Supported,Supported
P0637,P0637_T2,P0637_T2_5,5,condition_contradicted,Not Supported,Not Supported
P0641,P0641_T1,P0641_T1_1,1,relation_contradicted,Not Supported,Not Supported
P0641,P0641_T1,P0641_T1_2,2,condition_replaced,Not Enough Evidence,Not Enough Evidence
P0641,P0641_T1,P0641_T1_3,3,condition_removed,Not Enough Evidence,Not Enough Evidence
P0641,P0641_T1,P0641_T1_4,4,supported,Supported,Supported
P0641,P0641_T1,P0641_T1_5,5,condition_contradicted,Not Supported,Supported
P0641,P0641_T2,P0641_T2_1,1,relation_contradicted,Not Supported,Not Supported
P0641,P0641_T2,P0641_T2_2,2,condition_replaced,Not Enough Evidence,Not Enough Evidence
P0641,P0641_T2,P0641_T2_3,3,condition_removed,Not Enough Evidence,Not Enough Evidence
P0641,P0641_T2,P0641_T2_4,4,supported,Supported,Supported
P0641,P0641_T2,P0641_T2_5,5,condition_contradicted,Not Supported,Not Supported
P0643,P0643_T1,P0643_T1_1,1,relation_contradicted,Not Supported,Not Supported
P0643,P0643_T1,P0643_T1_2,2,condition_replaced,Not Enough Evidence,Not Enough Evidence
P0643,P0643_T1,P0643_T1_3,3,condition_removed,Not Enough Evidence,Not Enough Evidence
P0643,P0643_T1,P0643_T1_4,4,supported,Supported,Supported
P0643,P0643_T1,P0643_T1_5,5,condition_contradicted,Not Supported,Not Supported
P0643,P0643_T2,P0643_T2_1,1,relation_contradicted,Not Supported,Not Supported
P0643,P0643_T2,P0643_T2_2,2,condition_replaced,Not Enough Evidence,Not Enough Evidence
P0643,P0643_T2,P0643_T2_3,3,condition_removed,Not Enough Evidence,Not Enough Evidence
P0643,P0643_T2,P0643_T2_4,4,supported,Supported,Supported
P0643,P0643_T2,P0643_T2_5,5,condition_contradicted,Not Supported,Not Supported
P0644,P0644_T1,P0644_T1_1,1,relation_contradicted,Not Supported,Not Supported
P0644,P0644_T1,P0644_T1_2,2,condition_replaced,Not Enough Evidence,Not Enough Evidence
P0644,P0644_T1,P0644_T1_3,3,condition_removed,Not Enough Evidence,Not Enough Evidence
P0644,P0644_T1,P0644_T1_4,4,supported,Supported,Supported
P0644,P0644_T1,P0644_T1_5,5,condition_contradicted,Not Supported,Not Supported
P0644,P0644_T2,P0644_T2_1,1,relation_contradicted,Not Supported,Not Supported
P0644,P0644_T2,P0644_T2_2,2,condition_replaced,Not Enough Evidence,Not Enough Evidence
P0644,P0644_T2,P0644_T2_3,3,condition_removed,Not Enough Evidence,Not Enough Evidence
P0644,P0644_T2,P0644_T2_4,4,supported,Supported,Supported
P0644,P0644_T2,P0644_T2_5,5,condition_contradicted,Not Supported,Not Supported
P0649,P0649_T1,P0649_T1_1,1,relation_contradicted,Not Supported,Not Supported
P0649,P0649_T1,P0649_T1_2,2,condition_replaced,Not Enough Evidence,Not Enough Evidence
P0649,P0649_T1,P0649_T1_3,3,condition_removed,Not Enough Evidence,Not Enough Evidence
P0649,P0649_T1,P0649_T1_4,4,supported,Supported,Supported
P0649,P0649_T1,P0649_T1_5,5,condition_contradicted,Not Supported,Not Supported
P0649,P0649_T2,P0649_T2_1,1,relation_contradicted,Not Supported,Not Supported
P0649,P0649_T2,P0649_T2_2,2,condition_replaced,Not Enough Evidence,Not Enough Evidence
P0649,P0649_T2,P0649_T2_3,3,condition_removed,Not Enough Evidence,Not Enough Evidence
P0649,P0649_T2,P0649_T2_4,4,supported,Supported,Supported
P0649,P0649_T2,P0649_T2_5,5,condition_contradicted,Not Supported,Not Supported
P0649,P0649_T3,P0649_T3_1,1,relation_contradicted,Not Supported,Not Supported
P0649,P0649_T3,P0649_T3_2,2,condition_replaced,Not Enough Evidence,Not Enough Evidence
P0649,P0649_T3,P0649_T3_3,3,condition_removed,Not Enough Evidence,Not Enough Evidence
P0649,P0649_T3,P0649_T3_4,4,supported,Supported,Supported
P0649,P0649_T3,P0649_T3_5,5,condition_contradicted,Not Supported,Not Supported
P0653,P0653_T1,P0653_T1_1,1,relation_contradicted,Not Supported,Not Supported
P0653,P0653_T1,P0653_T1_2,2,condition_replaced,Not Enough Evidence,Not Enough Evidence
P0653,P0653_T1,P0653_T1_3,3,condition_removed,Not Enough Evidence,Not Enough Evidence
P0653,P0653_T1,P0653_T1_4,4,supported,Supported,Supported
P0653,P0653_T1,P0653_T1_5,5,condition_contradicted,Not Supported,Not Supported
P0653,P0653_T2,P0653_T2_1,1,relation_contradicted,Not Supported,Supported
P0653,P0653_T2,P0653_T2_2,2,condition_replaced,Not Enough Evidence,Not Enough Evidence
P0653,P0653_T2,P0653_T2_3,3,condition_removed,Not Enough Evidence,Not Enough Evidence
P0653,P0653_T2,P0653_T2_4,4,supported,Supported,Supported
P0653,P0653_T2,P0653_T2_5,5,condition_contradicted,Not Supported,Not Supported
P0657,P0657_T1,P0657_T1_1,1,relation_contradicted,Not Supported,Not Supported
P0657,P0657_T1,P0657_T1_2,2,condition_replaced,Not Enough Evidence,Not Enough Evidence
P0657,P0657_T1,P0657_T1_3,3,condition_removed,Not Enough Evidence,Not Enough Evidence
P0657,P0657_T1,P0657_T1_4,4,supported,Supported,Supported
P0657,P0657_T1,P0657_T1_5,5,condition_contradicted,Not Supported,Not Supported
P0657,P0657_T2,P0657_T2_1,1,relation_contradicted,Not Supported,Not Supported
P0657,P0657_T2,P0657_T2_2,2,condition_replaced,Not Enough Evidence,Not Enough Evidence
P0657,P0657_T2,P0657_T2_3,3,condition_removed,Not Enough Evidence,Not Enough Evidence
P0657,P0657_T2,P0657_T2_4,4,supported,Supported,Supported
P0657,P0657_T2,P0657_T2_5,5,condition_contradicted,Not Supported,Not Supported
P0659,P0659_T1,P0659_T1_1,1,relation_contradicted,Not Supported,Not Supported
P0659,P0659_T1,P0659_T1_2,2,condition_replaced,Not Enough Evidence,Not Enough Evidence
P0659,P0659_T1,P0659_T1_3,3,condition_removed,Not Enough Evidence,Not Enough Evidence
P0659,P0659_T1,P0659_T1_4,4,supported,Supported,Supported
P0659,P0659_T1,P0659_T1_5,5,condition_contradicted,Not Supported,Not Supported
P0659,P0659_T2,P0659_T2_1,1,relation_contradicted,Not Supported,Not Supported
P0659,P0659_T2,P0659_T2_2,2,condition_replaced,Not Enough Evidence,Not Enough Evidence
P0659,P0659_T2,P0659_T2_3,3,condition_removed,Not Enough Evidence,Not Enough Evidence
P0659,P0659_T2,P0659_T2_4,4,supported,Supported,Supported
P0659,P0659_T2,P0659_T2_5,5,condition_contradicted,Not Supported,Not Supported
P0662,P0662_T1,P0662_T1_1,1,relation_contradicted,Not Supported,Not Supported
P0662,P0662_T1,P0662_T1_2,2,condition_replaced,Not Enough Evidence,Not Enough Evidence
P0662,P0662_T1,P0662_T1_3,3,condition_removed,Not Enough Evidence,Not Enough Evidence
P0662,P0662_T1,P0662_T1_4,4,supported,Supported,Supported
P0662,P0662_T1,P0662_T1_5,5,condition_contradicted,Not Supported,Not Supported
P0662,P0662_T2,P0662_T2_1,1,relation_contradicted,Not Supported,Not Supported
P0662,P0662_T2,P0662_T2_2,2,condition_replaced,Not Enough Evidence,Not Enough Evidence
P0662,P0662_T2,P0662_T2_3,3,condition_removed,Not Enough Evidence,Not Enough Evidence
P0662,P0662_T2,P0662_T2_4,4,supported,Supported,Supported
P0662,P0662_T2,P0662_T2_5,5,condition_contradicted,Not Supported,Not Supported
P0666,P0666_T1,P0666_T1_1,1,relation_contradicted,Not Supported,Not Supported
P0666,P0666_T1,P0666_T1_2,2,condition_replaced,Not Enough Evidence,Not Enough Evidence
P0666,P0666_T1,P0666_T1_3,3,condition_removed,Not Enough Evidence,Not Enough Evidence
P0666,P0666_T1,P0666_T1_4,4,supported,Supported,Supported
P0666,P0666_T1,P0666_T1_5,5,condition_contradicted,Not Supported,Not Supported
P0666,P0666_T2,P0666_T2_1,1,relation_contradicted,Not Supported,Not Supported
P0666,P0666_T2,P0666_T2_2,2,condition_replaced,Not Enough Evidence,Not Enough Evidence
P0666,P0666_T2,P0666_T2_3,3,condition_removed,Not Enough Evidence,Not Enough Evidence
P0666,P0666_T2,P0666_T2_4,4,supported,Supported,Supported
P0666,P0666_T2,P0666_T2_5,5,condition_contradicted,Not Supported,Not Supported
P0669,P0669_T1,P0669_T1_1,1,relation_contradicted,Not Supported,Not Supported
P0669,P0669_T1,P0669_T1_2,2,condition_replaced,Not Enough Evidence,Not Enough Evidence
P0669,P0669_T1,P0669_T1_3,3,condition_removed,Not Enough Evidence,Not Enough Evidence
P0669,P0669_T1,P0669_T1_4,4,supported,Supported,Supported
P0669,P0669_T1,P0669_T1_5,5,condition_contradicted,Not Supported,Not Supported
P0669,P0669_T2,P0669_T2_1,1,relation_contradicted,Not Supported,Not Supported
P0669,P0669_T2,P0669_T2_2,2,condition_replaced,Not Enough Evidence,Not Enough Evidence
P0669,P0669_T2,P0669_T2_3,3,condition_removed,Not Enough Evidence,Not Enough Evidence
P0669,P0669_T2,P0669_T2_4,4,supported,Supported,Supported
P0669,P0669_T2,P0669_T2_5,5,condition_contradicted,Not Supported,Not Supported
P0673,P0673_T1,P0673_T1_1,1,relation_contradicted,Not Supported,Not Supported
P0673,P0673_T1,P0673_T1_2,2,condition_replaced,Not Enough Evidence,Not Enough Evidence
P0673,P0673_T1,P0673_T1_3,3,condition_removed,Not Enough Evidence,Not Enough Evidence
P0673,P0673_T1,P0673_T1_4,4,supported,Supported,Supported
P0673,P0673_T1,P0673_T1_5,5,condition_contradicted,Not Supported,Not Supported
P0673,P0673_T2,P0673_T2_1,1,relation_contradicted,Not Supported,Not Supported
P0673,P0673_T2,P0673_T2_2,2,condition_replaced,Not Enough Evidence,Not Enough Evidence
P0673,P0673_T2,P0673_T2_3,3,condition_removed,Not Enough Evidence,Not Enough Evidence
P0673,P0673_T2,P0673_T2_4,4,supported,Supported,Supported
P0673,P0673_T2,P0673_T2_5,5,condition_contradicted,Not Supported,Not Supported
P0673,P0673_T3,P0673_T3_1,1,relation_contradicted,Not Supported,Not Supported
P0673,P0673_T3,P0673_T3_2,2,condition_replaced,Not Enough Evidence,Not Enough Evidence
P0673,P0673_T3,P0673_T3_3,3,condition_removed,Not Enough Evidence,Not Enough Evidence
P0673,P0673_T3,P0673_T3_4,4,supported,Supported,Supported
P0673,P0673_T3,P0673_T3_5,5,condition_contradicted,Not Supported,Not Supported
P0674,P0674_T1,P0674_T1_1,1,relation_contradicted,Not Supported,Not Supported
P0674,P0674_T1,P0674_T1_2,2,condition_replaced,Not Enough Evidence,Not Enough Evidence
P0674,P0674_T1,P0674_T1_3,3,condition_removed,Not Enough Evidence,Not Enough Evidence
P0674,P0674_T1,P0674_T1_4,4,supported,Supported,Supported
P0674,P0674_T1,P0674_T1_5,5,condition_contradicted,Not Supported,Not Supported
P0674,P0674_T2,P0674_T2_1,1,relation_contradicted,Not Supported,Not Supported
P0674,P0674_T2,P0674_T2_2,2,condition_replaced,Not Enough Evidence,Not Enough Evidence
P0674,P0674_T2,P0674_T2_3,3,condition_removed,Not Enough Evidence,Not Enough Evidence
P0674,P0674_T2,P0674_T2_4,4,supported,Supported,Supported
P0674,P0674_T2,P0674_T2_5,5,condition_contradicted,Not Supported,Not Supported
P0674,P0674_T3,P0674_T3_1,1,relation_contradicted,Not Supported,Not Supported
P0674,P0674_T3,P0674_T3_2,2,condition_replaced,Not Enough Evidence,Not Enough Evidence
P0674,P0674_T3,P0674_T3_3,3,condition_removed,Not Enough Evidence,Not Enough Evidence
P0674,P0674_T3,P0674_T3_4,4,supported,Supported,Supported
P0674,P0674_T3,P0674_T3_5,5,condition_contradicted,Not Supported,Not Supported
P0677,P0677_T1,P0677_T1_1,1,relation_contradicted,Not Supported,Not Supported
P0677,P0677_T1,P0677_T1_2,2,condition_replaced,Not Enough Evidence,Not Enough Evidence
P0677,P0677_T1,P0677_T1_3,3,condition_removed,Not Enough Evidence,Not Enough Evidence
P0677,P0677_T1,P0677_T1_4,4,supported,Supported,Supported
P0677,P0677_T1,P0677_T1_5,5,condition_contradicted,Not Supported,Not Supported
P0677,P0677_T2,P0677_T2_1,1,relation_contradicted,Not Supported,Not Supported
P0677,P0677_T2,P0677_T2_2,2,condition_replaced,Not Enough Evidence,Not Enough Evidence
P0677,P0677_T2,P0677_T2_3,3,condition_removed,Not Enough Evidence,Not Enough Evidence
P0677,P0677_T2,P0677_T2_4,4,supported,Supported,Supported
P0677,P0677_T2,P0677_T2_5,5,condition_contradicted,Not Supported,Not Supported
P0685,P0685_T1,P0685_T1_1,1,relation_contradicted,Not Supported,Not Supported
P0685,P0685_T1,P0685_T1_2,2,condition_replaced,Not Enough Evidence,Not Enough Evidence
P0685,P0685_T1,P0685_T1_3,3,condition_removed,Not Enough Evidence,Not Enough Evidence
P0685,P0685_T1,P0685_T1_4,4,supported,Supported,Supported
P0685,P0685_T1,P0685_T1_5,5,condition_contradicted,Not Supported,Not Supported
P0685,P0685_T2,P0685_T2_1,1,relation_contradicted,Not Supported,Not Supported
P0685,P0685_T2,P0685_T2_2,2,condition_replaced,Not Enough Evidence,Not Enough Evidence
P0685,P0685_T2,P0685_T2_3,3,condition_removed,Not Enough Evidence,Not Enough Evidence
P0685,P0685_T2,P0685_T2_4,4,supported,Supported,Supported
P0685,P0685_T2,P0685_T2_5,5,condition_contradicted,Not Supported,Not Supported
P0687,P0687_T1,P0687_T1_1,1,relation_contradicted,Not Supported,Not Supported
P0687,P0687_T1,P0687_T1_2,2,condition_replaced,Not Enough Evidence,Not Enough Evidence
P0687,P0687_T1,P0687_T1_3,3,condition_removed,Not Enough Evidence,Not Enough Evidence
P0687,P0687_T1,P0687_T1_4,4,supported,Supported,Supported
P0687,P0687_T1,P0687_T1_5,5,condition_contradicted,Not Supported,Not Supported
P0687,P0687_T2,P0687_T2_1,1,relation_contradicted,Not Supported,Not Supported
P0687,P0687_T2,P0687_T2_2,2,condition_replaced,Not Enough Evidence,Not Enough Evidence
P0687,P0687_T2,P0687_T2_3,3,condition_removed,Not Enough Evidence,Not Enough Evidence
P0687,P0687_T2,P0687_T2_4,4,supported,Supported,Supported
P0687,P0687_T2,P0687_T2_5,5,condition_contradicted,Not Supported,Not Supported
P0688,P0688_T1,P0688_T1_1,1,relation_contradicted,Not Supported,Not Supported
P0688,P0688_T1,P0688_T1_2,2,condition_replaced,Not Enough Evidence,Not Enough Evidence
P0688,P0688_T1,P0688_T1_3,3,condition_removed,Not Enough Evidence,Not Enough Evidence
P0688,P0688_T1,P0688_T1_4,4,supported,Supported,Supported
P0688,P0688_T1,P0688_T1_5,5,condition_contradicted,Not Supported,Not Supported
P0688,P0688_T2,P0688_T2_1,1,relation_contradicted,Not Supported,Not Supported
P0688,P0688_T2,P0688_T2_2,2,condition_replaced,Not Enough Evidence,Not Enough Evidence
P0688,P0688_T2,P0688_T2_3,3,condition_removed,Not Enough Evidence,Not Enough Evidence
P0688,P0688_T2,P0688_T2_4,4,supported,Supported,Supported
P0688,P0688_T2,P0688_T2_5,5,condition_contradicted,Not Supported,Not Supported
P0694,P0694_T1,P0694_T1_1,1,relation_contradicted,Not Supported,Not Supported
P0694,P0694_T1,P0694_T1_2,2,condition_replaced,Not Enough Evidence,Not Enough Evidence
P0694,P0694_T1,P0694_T1_3,3,condition_removed,Not Enough Evidence,Not Enough Evidence
P0694,P0694_T1,P0694_T1_4,4,supported,Supported,Supported
P0694,P0694_T1,P0694_T1_5,5,condition_contradicted,Not Supported,Not Supported
P0694,P0694_T2,P0694_T2_1,1,relation_contradicted,Not Supported,Not Supported
P0694,P0694_T2,P0694_T2_2,2,condition_replaced,Not Enough Evidence,Not Enough Evidence
P0694,P0694_T2,P0694_T2_3,3,condition_removed,Not Enough Evidence,Not Enough Evidence
P0694,P0694_T2,P0694_T2_4,4,supported,Supported,Supported
P0694,P0694_T2,P0694_T2_5,5,condition_contradicted,Not Supported,Not Supported
P0698,P0698_T1,P0698_T1_1,1,relation_contradicted,Not Supported,Not Supported
P0698,P0698_T1,P0698_T1_2,2,condition_replaced,Not Enough Evidence,Not Enough Evidence
P0698,P0698_T1,P0698_T1_3,3,condition_removed,Not Enough Evidence,Not Enough Evidence
P0698,P0698_T1,P0698_T1_4,4,supported,Supported,Supported
P0698,P0698_T1,P0698_T1_5,5,condition_contradicted,Not Supported,Not Supported
P0698,P0698_T2,P0698_T2_1,1,relation_contradicted,Not Supported,Not Supported
P0698,P0698_T2,P0698_T2_2,2,condition_replaced,Not Enough Evidence,Not Enough Evidence
P0698,P0698_T2,P0698_T2_3,3,condition_removed,Not Enough Evidence,Not Enough Evidence
P0698,P0698_T2,P0698_T2_4,4,supported,Supported,Supported
P0698,P0698_T2,P0698_T2_5,5,condition_contradicted,Not Supported,Not Supported
P0698,P0698_T3,P0698_T3_1,1,relation_contradicted,Not Supported,Not Supported
P0698,P0698_T3,P0698_T3_2,2,condition_replaced,Not Enough Evidence,Not Enough Evidence
P0698,P0698_T3,P0698_T3_3,3,condition_removed,Not Enough Evidence,Not Enough Evidence
P0698,P0698_T3,P0698_T3_4,4,supported,Supported,Supported
P0698,P0698_T3,P0698_T3_5,5,condition_contradicted,Not Supported,Not Supported
P0699,P0699_T1,P0699_T1_1,1,relation_contradicted,Not Supported,Not Supported
P0699,P0699_T1,P0699_T1_2,2,condition_replaced,Not Enough Evidence,Not Enough Evidence
P0699,P0699_T1,P0699_T1_3,3,condition_removed,Not Enough Evidence,Not Enough Evidence
P0699,P0699_T1,P0699_T1_4,4,supported,Supported,Supported
P0699,P0699_T1,P0699_T1_5,5,condition_contradicted,Not Supported,Not Supported
P0699,P0699_T2,P0699_T2_1,1,relation_contradicted,Not Supported,Not Supported
P0699,P0699_T2,P0699_T2_2,2,condition_replaced,Not Enough Evidence,Not Enough Evidence
P0699,P0699_T2,P0699_T2_3,3,condition_removed,Not Enough Evidence,Not Enough Evidence
P0699,P0699_T2,P0699_T2_4,4,supported,Supported,Supported
P0699,P0699_T2,P0699_T2_5,5,condition_contradicted,Not Supported,Not Supported
P0699,P0699_T3,P0699_T3_1,1,relation_contradicted,Not Supported,Not Supported
P0699,P0699_T3,P0699_T3_2,2,condition_replaced,Not Enough Evidence,Not Enough Evidence
P0699,P0699_T3,P0699_T3_3,3,condition_removed,Not Enough Evidence,Not Enough Evidence
P0699,P0699_T3,P0699_T3_4,4,supported,Supported,Supported
P0699,P0699_T3,P0699_T3_5,5,condition_contradicted,Not Supported,Not Supported
P0703,P0703_T1,P0703_T1_1,1,relation_contradicted,Not Supported,Not Supported
P0703,P0703_T1,P0703_T1_2,2,condition_replaced,Not Enough Evidence,Not Enough Evidence
P0703,P0703_T1,P0703_T1_3,3,condition_removed,Not Enough Evidence,Not Enough Evidence
P0703,P0703_T1,P0703_T1_4,4,supported,Supported,Supported
P0703,P0703_T1,P0703_T1_5,5,condition_contradicted,Not Supported,Not Supported
P0703,P0703_T2,P0703_T2_1,1,relation_contradicted,Not Supported,Not Supported
P0703,P0703_T2,P0703_T2_2,2,condition_replaced,Not Enough Evidence,Not Enough Evidence
P0703,P0703_T2,P0703_T2_3,3,condition_removed,Not Enough Evidence,Not Enough Evidence
P0703,P0703_T2,P0703_T2_4,4,supported,Supported,Supported
P0703,P0703_T2,P0703_T2_5,5,condition_contradicted,Not Supported,Not Supported
P0704,P0704_T1,P0704_T1_1,1,relation_contradicted,Not Supported,Not Supported
P0704,P0704_T1,P0704_T1_2,2,condition_replaced,Not Enough Evidence,Not Enough Evidence
P0704,P0704_T1,P0704_T1_3,3,condition_removed,Not Enough Evidence,Not Enough Evidence
P0704,P0704_T1,P0704_T1_4,4,supported,Supported,Supported
P0704,P0704_T1,P0704_T1_5,5,condition_contradicted,Not Supported,Not Supported
P0704,P0704_T2,P0704_T2_1,1,relation_contradicted,Not Supported,Not Supported
P0704,P0704_T2,P0704_T2_2,2,condition_replaced,Not Enough Evidence,Not Enough Evidence
P0704,P0704_T2,P0704_T2_3,3,condition_removed,Not Enough Evidence,Not Enough Evidence
P0704,P0704_T2,P0704_T2_4,4,supported,Supported,Supported
P0704,P0704_T2,P0704_T2_5,5,condition_contradicted,Not Supported,Not Supported
P0711,P0711_T1,P0711_T1_1,1,relation_contradicted,Not Supported,Not Supported
P0711,P0711_T1,P0711_T1_2,2,condition_replaced,Not Enough Evidence,Not Enough Evidence
P0711,P0711_T1,P0711_T1_3,3,condition_removed,Not Enough Evidence,Not Enough Evidence
P0711,P0711_T1,P0711_T1_4,4,supported,Supported,Supported
P0711,P0711_T1,P0711_T1_5,5,condition_contradicted,Not Supported,Not Supported
P0711,P0711_T2,P0711_T2_1,1,relation_contradicted,Not Supported,Not Supported
P0711,P0711_T2,P0711_T2_2,2,condition_replaced,Not Enough Evidence,Not Enough Evidence
P0711,P0711_T2,P0711_T2_3,3,condition_removed,Not Enough Evidence,Not Enough Evidence
P0711,P0711_T2,P0711_T2_4,4,supported,Supported,Supported
P0711,P0711_T2,P0711_T2_5,5,condition_contradicted,Not Supported,Not Supported
P0715,P0715_T1,P0715_T1_1,1,relation_contradicted,Not Supported,Not Supported
P0715,P0715_T1,P0715_T1_2,2,condition_replaced,Not Enough Evidence,Not Enough Evidence
P0715,P0715_T1,P0715_T1_3,3,condition_removed,Not Enough Evidence,Not Enough Evidence
P0715,P0715_T1,P0715_T1_4,4,supported,Supported,Supported
P0715,P0715_T1,P0715_T1_5,5,condition_contradicted,Not Supported,Not Supported
P0715,P0715_T2,P0715_T2_1,1,relation_contradicted,Not Supported,Not Supported
P0715,P0715_T2,P0715_T2_2,2,condition_replaced,Not Enough Evidence,Not Enough Evidence
P0715,P0715_T2,P0715_T2_3,3,condition_removed,Not Enough Evidence,Not Enough Evidence
P0715,P0715_T2,P0715_T2_4,4,supported,Supported,Supported
P0715,P0715_T2,P0715_T2_5,5,condition_contradicted,Not Supported,Not Supported
P0716,P0716_T1,P0716_T1_1,1,relation_contradicted,Not Supported,Not Supported
P0716,P0716_T1,P0716_T1_2,2,condition_replaced,Not Enough Evidence,Not Enough Evidence
P0716,P0716_T1,P0716_T1_3,3,condition_removed,Not Enough Evidence,Not Enough Evidence
P0716,P0716_T1,P0716_T1_4,4,supported,Supported,Supported
P0716,P0716_T1,P0716_T1_5,5,condition_contradicted,Not Supported,Not Supported
P0716,P0716_T2,P0716_T2_1,1,relation_contradicted,Not Supported,Not Supported
P0716,P0716_T2,P0716_T2_2,2,condition_replaced,Not Enough Evidence,Not Enough Evidence
P0716,P0716_T2,P0716_T2_3,3,condition_removed,Not Enough Evidence,Not Enough Evidence
P0716,P0716_T2,P0716_T2_4,4,supported,Supported,Supported
P0716,P0716_T2,P0716_T2_5,5,condition_contradicted,Not Supported,Not Supported
P0718,P0718_T1,P0718_T1_1,1,relation_contradicted,Not Supported,Not Supported
P0718,P0718_T1,P0718_T1_2,2,condition_replaced,Not Enough Evidence,Not Enough Evidence
P0718,P0718_T1,P0718_T1_3,3,condition_removed,Not Enough Evidence,Not Enough Evidence
P0718,P0718_T1,P0718_T1_4,4,supported,Supported,Supported
P0718,P0718_T1,P0718_T1_5,5,condition_contradicted,Not Supported,Not Supported
P0718,P0718_T2,P0718_T2_1,1,relation_contradicted,Not Supported,Not Supported
P0718,P0718_T2,P0718_T2_2,2,condition_replaced,Not Enough Evidence,Not Enough Evidence
P0718,P0718_T2,P0718_T2_3,3,condition_removed,Not Enough Evidence,Not Enough Evidence
P0718,P0718_T2,P0718_T2_4,4,supported,Supported,Supported
P0718,P0718_T2,P0718_T2_5,5,condition_contradicted,Not Supported,Not Supported
P0721,P0721_T1,P0721_T1_1,1,relation_contradicted,Not Supported,Not Supported
P0721,P0721_T1,P0721_T1_2,2,condition_replaced,Not Enough Evidence,Not Enough Evidence
P0721,P0721_T1,P0721_T1_3,3,condition_removed,Not Enough Evidence,Not Enough Evidence
P0721,P0721_T1,P0721_T1_4,4,supported,Supported,Supported
P0721,P0721_T1,P0721_T1_5,5,condition_contradicted,Not Supported,Not Supported
P0721,P0721_T2,P0721_T2_1,1,relation_contradicted,Not Supported,Not Supported
P0721,P0721_T2,P0721_T2_2,2,condition_replaced,Not Enough Evidence,Not Enough Evidence
P0721,P0721_T2,P0721_T2_3,3,condition_removed,Not Enough Evidence,Not Enough Evidence
P0721,P0721_T2,P0721_T2_4,4,supported,Supported,Supported
P0721,P0721_T2,P0721_T2_5,5,condition_contradicted,Not Supported,Not Supported
P0721,P0721_T3,P0721_T3_1,1,relation_contradicted,Not Supported,Not Supported
P0721,P0721_T3,P0721_T3_2,2,condition_replaced,Not Enough Evidence,Not Enough Evidence
P0721,P0721_T3,P0721_T3_3,3,condition_removed,Not Enough Evidence,Not Enough Evidence
P0721,P0721_T3,P0721_T3_4,4,supported,Supported,Supported
P0721,P0721_T3,P0721_T3_5,5,condition_contradicted,Not Supported,Not Supported
P0725,P0725_T1,P0725_T1_1,1,relation_contradicted,Not Supported,Not Supported
P0725,P0725_T1,P0725_T1_2,2,condition_replaced,Not Enough Evidence,Not Enough Evidence
P0725,P0725_T1,P0725_T1_3,3,condition_removed,Not Enough Evidence,Not Enough Evidence
P0725,P0725_T1,P0725_T1_4,4,supported,Supported,Supported
P0725,P0725_T1,P0725_T1_5,5,condition_contradicted,Not Supported,Not Supported
P0725,P0725_T2,P0725_T2_1,1,relation_contradicted,Not Supported,Not Supported
P0725,P0725_T2,P0725_T2_2,2,condition_replaced,Not Enough Evidence,Not Enough Evidence
P0725,P0725_T2,P0725_T2_3,3,condition_removed,Not Enough Evidence,Not Enough Evidence
P0725,P0725_T2,P0725_T2_4,4,supported,Supported,Supported
P0725,P0725_T2,P0725_T2_5,5,condition_contradicted,Not Supported,Not Supported
P0725,P0725_T3,P0725_T3_1,1,relation_contradicted,Not Supported,Not Supported
P0725,P0725_T3,P0725_T3_2,2,condition_replaced,Not Enough Evidence,Not Enough Evidence
P0725,P0725_T3,P0725_T3_3,3,condition_removed,Not Enough Evidence,Not Enough Evidence
P0725,P0725_T3,P0725_T3_4,4,supported,Supported,Supported
P0725,P0725_T3,P0725_T3_5,5,condition_contradicted,Not Supported,Not Supported
P0727,P0727_T1,P0727_T1_1,1,relation_contradicted,Not Supported,Not Supported
P0727,P0727_T1,P0727_T1_2,2,condition_replaced,Not Enough Evidence,Not Enough Evidence
P0727,P0727_T1,P0727_T1_3,3,condition_removed,Not Enough Evidence,Not Enough Evidence
P0727,P0727_T1,P0727_T1_4,4,supported,Supported,Supported
P0727,P0727_T1,P0727_T1_5,5,condition_contradicted,Not Supported,Not Supported
P0727,P0727_T2,P0727_T2_1,1,relation_contradicted,Not Supported,Not Supported
P0727,P0727_T2,P0727_T2_2,2,condition_replaced,Not Enough Evidence,Not Enough Evidence
P0727,P0727_T2,P0727_T2_3,3,condition_removed,Not Enough Evidence,Not Enough Evidence
P0727,P0727_T2,P0727_T2_4,4,supported,Supported,Supported
P0727,P0727_T2,P0727_T2_5,5,condition_contradicted,Not Supported,Not Supported
P0727,P0727_T3,P0727_T3_1,1,relation_contradicted,Not Supported,Not Supported
P0727,P0727_T3,P0727_T3_2,2,condition_replaced,Not Enough Evidence,Not Enough Evidence
P0727,P0727_T3,P0727_T3_3,3,condition_removed,Not Enough Evidence,Not Enough Evidence
P0727,P0727_T3,P0727_T3_4,4,supported,Supported,Supported
P0727,P0727_T3,P0727_T3_5,5,condition_contradicted,Not Supported,Not Supported
P0734,P0734_T1,P0734_T1_1,1,relation_contradicted,Not Supported,Not Supported
P0734,P0734_T1,P0734_T1_2,2,condition_replaced,Not Enough Evidence,Not Enough Evidence
P0734,P0734_T1,P0734_T1_3,3,condition_removed,Not Enough Evidence,Not Enough Evidence
P0734,P0734_T1,P0734_T1_4,4,supported,Supported,Supported
P0734,P0734_T1,P0734_T1_5,5,condition_contradicted,Not Supported,Not Supported
P0734,P0734_T2,P0734_T2_1,1,relation_contradicted,Not Supported,Not Supported
P0734,P0734_T2,P0734_T2_2,2,condition_replaced,Not Enough Evidence,Not Enough Evidence
P0734,P0734_T2,P0734_T2_3,3,condition_removed,Not Enough Evidence,Not Enough Evidence
P0734,P0734_T2,P0734_T2_4,4,supported,Supported,Supported
P0734,P0734_T2,P0734_T2_5,5,condition_contradicted,Not Supported,Not Supported
P0734,P0734_T3,P0734_T3_1,1,relation_contradicted,Not Supported,Not Supported
P0734,P0734_T3,P0734_T3_2,2,condition_replaced,Not Enough Evidence,Not Enough Evidence
P0734,P0734_T3,P0734_T3_3,3,condition_removed,Not Enough Evidence,Not Enough Evidence
P0734,P0734_T3,P0734_T3_4,4,supported,Supported,Supported
P0734,P0734_T3,P0734_T3_5,5,condition_contradicted,Not Supported,Not Supported
P0736,P0736_T1,P0736_T1_1,1,relation_contradicted,Not Supported,Not Supported
P0736,P0736_T1,P0736_T1_2,2,condition_replaced,Not Enough Evidence,Not Enough Evidence
P0736,P0736_T1,P0736_T1_3,3,condition_removed,Not Enough Evidence,Not Enough Evidence
P0736,P0736_T1,P0736_T1_4,4,supported,Supported,Supported
P0736,P0736_T1,P0736_T1_5,5,condition_contradicted,Not Supported,Not Supported
P0736,P0736_T2,P0736_T2_1,1,relation_contradicted,Not Supported,Not Supported
P0736,P0736_T2,P0736_T2_2,2,condition_replaced,Not Enough Evidence,Not Enough Evidence
P0736,P0736_T2,P0736_T2_3,3,condition_removed,Not Enough Evidence,Not Supported
P0736,P0736_T2,P0736_T2_4,4,supported,Supported,Supported
P0736,P0736_T2,P0736_T2_5,5,condition_contradicted,Not Supported,Not Supported
P0736,P0736_T3,P0736_T3_1,1,relation_contradicted,Not Supported,Not Supported
P0736,P0736_T3,P0736_T3_2,2,condition_replaced,Not Enough Evidence,Not Enough Evidence
P0736,P0736_T3,P0736_T3_3,3,condition_removed,Not Enough Evidence,Not Enough Evidence
P0736,P0736_T3,P0736_T3_4,4,supported,Supported,Supported
P0736,P0736_T3,P0736_T3_5,5,condition_contradicted,Not Supported,Not Supported
P0743,P0743_T1,P0743_T1_1,1,relation_contradicted,Not Supported,Not Supported
P0743,P0743_T1,P0743_T1_2,2,condition_replaced,Not Enough Evidence,Not Enough Evidence
P0743,P0743_T1,P0743_T1_3,3,condition_removed,Not Enough Evidence,Not Enough Evidence
P0743,P0743_T1,P0743_T1_4,4,supported,Supported,Supported
P0743,P0743_T1,P0743_T1_5,5,condition_contradicted,Not Supported,Not Supported
P0743,P0743_T2,P0743_T2_1,1,relation_contradicted,Not Supported,Not Supported
P0743,P0743_T2,P0743_T2_2,2,condition_replaced,Not Enough Evidence,Not Enough Evidence
P0743,P0743_T2,P0743_T2_3,3,condition_removed,Not Enough Evidence,Not Enough Evidence
P0743,P0743_T2,P0743_T2_4,4,supported,Supported,Supported
P0743,P0743_T2,P0743_T2_5,5,condition_contradicted,Not Supported,Not Supported
P0743,P0743_T3,P0743_T3_1,1,relation_contradicted,Not Supported,Not Supported
P0743,P0743_T3,P0743_T3_2,2,condition_replaced,Not Enough Evidence,Not Enough Evidence
P0743,P0743_T3,P0743_T3_3,3,condition_removed,Not Enough Evidence,Not Enough Evidence
P0743,P0743_T3,P0743_T3_4,4,supported,Supported,Supported
P0743,P0743_T3,P0743_T3_5,5,condition_contradicted,Not Supported,Not Supported
P0747,P0747_T1,P0747_T1_1,1,relation_contradicted,Not Supported,Not Supported
P0747,P0747_T1,P0747_T1_2,2,condition_replaced,Not Enough Evidence,Not Enough Evidence
P0747,P0747_T1,P0747_T1_3,3,condition_removed,Not Enough Evidence,Not Enough Evidence
P0747,P0747_T1,P0747_T1_4,4,supported,Supported,Supported
P0747,P0747_T1,P0747_T1_5,5,condition_contradicted,Not Supported,Not Supported
P0747,P0747_T2,P0747_T2_1,1,relation_contradicted,Not Supported,Not Supported
P0747,P0747_T2,P0747_T2_2,2,condition_replaced,Not Enough Evidence,Not Enough Evidence
P0747,P0747_T2,P0747_T2_3,3,condition_removed,Not Enough Evidence,Not Enough Evidence
P0747,P0747_T2,P0747_T2_4,4,supported,Supported,Supported
P0747,P0747_T2,P0747_T2_5,5,condition_contradicted,Not Supported,Not Supported
P0747,P0747_T3,P0747_T3_1,1,relation_contradicted,Not Supported,Not Supported
P0747,P0747_T3,P0747_T3_2,2,condition_replaced,Not Enough Evidence,Not Enough Evidence
P0747,P0747_T3,P0747_T3_3,3,condition_removed,Not Enough Evidence,Not Enough Evidence
P0747,P0747_T3,P0747_T3_4,4,supported,Supported,Supported
P0747,P0747_T3,P0747_T3_5,5,condition_contradicted,Not Supported,Not Supported
P0750,P0750_T1,P0750_T1_1,1,relation_contradicted,Not Supported,Not Supported
P0750,P0750_T1,P0750_T1_2,2,condition_replaced,Not Enough Evidence,Not Enough Evidence
P0750,P0750_T1,P0750_T1_3,3,condition_removed,Not Enough Evidence,Not Enough Evidence
P0750,P0750_T1,P0750_T1_4,4,supported,Supported,Supported
P0750,P0750_T1,P0750_T1_5,5,condition_contradicted,Not Supported,Not Supported
P0750,P0750_T2,P0750_T2_1,1,relation_contradicted,Not Supported,Not Supported
P0750,P0750_T2,P0750_T2_2,2,condition_replaced,Not Enough Evidence,Not Enough Evidence
P0750,P0750_T2,P0750_T2_3,3,condition_removed,Not Enough Evidence,Not Enough Evidence
P0750,P0750_T2,P0750_T2_4,4,supported,Supported,Supported
P0750,P0750_T2,P0750_T2_5,5,condition_contradicted,Not Supported,Not Supported
P0750,P0750_T3,P0750_T3_1,1,relation_contradicted,Not Supported,Not Supported
P0750,P0750_T3,P0750_T3_2,2,condition_replaced,Not Enough Evidence,Not Enough Evidence
P0750,P0750_T3,P0750_T3_3,3,condition_removed,Not Enough Evidence,Not Enough Evidence
P0750,P0750_T3,P0750_T3_4,4,supported,Supported,Supported
P0750,P0750_T3,P0750_T3_5,5,condition_contradicted,Not Supported,Not Supported
P0751,P0751_T1,P0751_T1_1,1,relation_contradicted,Not Supported,Not Supported
P0751,P0751_T1,P0751_T1_2,2,condition_replaced,Not Enough Evidence,Not Enough Evidence
P0751,P0751_T1,P0751_T1_3,3,condition_removed,Not Enough Evidence,Not Enough Evidence
P0751,P0751_T1,P0751_T1_4,4,supported,Supported,Supported
P0751,P0751_T1,P0751_T1_5,5,condition_contradicted,Not Supported,Not Supported
P0751,P0751_T2,P0751_T2_1,1,relation_contradicted,Not Supported,Not Supported
P0751,P0751_T2,P0751_T2_2,2,condition_replaced,Not Enough Evidence,Not Enough Evidence
P0751,P0751_T2,P0751_T2_3,3,condition_removed,Not Enough Evidence,Not Enough Evidence
P0751,P0751_T2,P0751_T2_4,4,supported,Supported,Supported
P0751,P0751_T2,P0751_T2_5,5,condition_contradicted,Not Supported,Not Supported
P0751,P0751_T3,P0751_T3_1,1,relation_contradicted,Not Supported,Not Supported
P0751,P0751_T3,P0751_T3_2,2,condition_replaced,Not Enough Evidence,Not Enough Evidence
P0751,P0751_T3,P0751_T3_3,3,condition_removed,Not Enough Evidence,Not Enough Evidence
P0751,P0751_T3,P0751_T3_4,4,supported,Supported,Supported
P0751,P0751_T3,P0751_T3_5,5,condition_contradicted,Not Supported,Not Supported
P0757,P0757_T1,P0757_T1_1,1,relation_contradicted,Not Supported,Not Supported
P0757,P0757_T1,P0757_T1_2,2,condition_replaced,Not Enough Evidence,Not Enough Evidence
P0757,P0757_T1,P0757_T1_3,3,condition_removed,Not Enough Evidence,Not Enough Evidence
P0757,P0757_T1,P0757_T1_4,4,supported,Supported,Supported
P0757,P0757_T1,P0757_T1_5,5,condition_contradicted,Not Supported,Not Supported
P0757,P0757_T2,P0757_T2_1,1,relation_contradicted,Not Supported,Not Supported
P0757,P0757_T2,P0757_T2_2,2,condition_replaced,Not Enough Evidence,Not Enough Evidence
P0757,P0757_T2,P0757_T2_3,3,condition_removed,Not Enough Evidence,Not Enough Evidence
P0757,P0757_T2,P0757_T2_4,4,supported,Supported,Supported
P0757,P0757_T2,P0757_T2_5,5,condition_contradicted,Not Supported,Not Supported
P0757,P0757_T3,P0757_T3_1,1,relation_contradicted,Not Supported,Not Supported
P0757,P0757_T3,P0757_T3_2,2,condition_replaced,Not Enough Evidence,Not Enough Evidence
P0757,P0757_T3,P0757_T3_3,3,condition_removed,Not Enough Evidence,Not Enough Evidence
P0757,P0757_T3,P0757_T3_4,4,supported,Supported,Supported
P0757,P0757_T3,P0757_T3_5,5,condition_contradicted,Not Supported,Not Supported
P0762,P0762_T1,P0762_T1_1,1,relation_contradicted,Not Supported,Not Supported
P0762,P0762_T1,P0762_T1_2,2,condition_replaced,Not Enough Evidence,Not Enough Evidence
P0762,P0762_T1,P0762_T1_3,3,condition_removed,Not Enough Evidence,Not Enough Evidence
P0762,P0762_T1,P0762_T1_4,4,supported,Supported,Supported
P0762,P0762_T1,P0762_T1_5,5,condition_contradicted,Not Supported,Not Supported
P0762,P0762_T2,P0762_T2_1,1,relation_contradicted,Not Supported,Not Supported
P0762,P0762_T2,P0762_T2_2,2,condition_replaced,Not Enough Evidence,Not Enough Evidence
P0762,P0762_T2,P0762_T2_3,3,condition_removed,Not Enough Evidence,Not Enough Evidence
P0762,P0762_T2,P0762_T2_4,4,supported,Supported,Supported
P0762,P0762_T2,P0762_T2_5,5,condition_contradicted,Not Supported,Not Supported
P0762,P0762_T3,P0762_T3_1,1,relation_contradicted,Not Supported,Not Supported
P0762,P0762_T3,P0762_T3_2,2,condition_replaced,Not Enough Evidence,Not Enough Evidence
P0762,P0762_T3,P0762_T3_3,3,condition_removed,Not Enough Evidence,Not Enough Evidence
P0762,P0762_T3,P0762_T3_4,4,supported,Supported,Supported
P0762,P0762_T3,P0762_T3_5,5,condition_contradicted,Not Supported,Not Supported
P0770,P0770_T1,P0770_T1_1,1,relation_contradicted,Not Supported,Not Supported
P0770,P0770_T1,P0770_T1_2,2,condition_replaced,Not Enough Evidence,Not Enough Evidence
P0770,P0770_T1,P0770_T1_3,3,condition_removed,Not Enough Evidence,Not Enough Evidence
P0770,P0770_T1,P0770_T1_4,4,supported,Supported,Supported
P0770,P0770_T1,P0770_T1_5,5,condition_contradicted,Not Supported,Not Supported
P0770,P0770_T2,P0770_T2_1,1,relation_contradicted,Not Supported,Not Supported
P0770,P0770_T2,P0770_T2_2,2,condition_replaced,Not Enough Evidence,Not Enough Evidence
P0770,P0770_T2,P0770_T2_3,3,condition_removed,Not Enough Evidence,Not Enough Evidence
P0770,P0770_T2,P0770_T2_4,4,supported,Supported,Supported
P0770,P0770_T2,P0770_T2_5,5,condition_contradicted,Not Supported,Not Supported
P0770,P0770_T3,P0770_T3_1,1,relation_contradicted,Not Supported,Not Supported
P0770,P0770_T3,P0770_T3_2,2,condition_replaced,Not Enough Evidence,Not Enough Evidence
P0770,P0770_T3,P0770_T3_3,3,condition_removed,Not Enough Evidence,Not Enough Evidence
P0770,P0770_T3,P0770_T3_4,4,supported,Supported,Supported
P0770,P0770_T3,P0770_T3_5,5,condition_contradicted,Not Supported,Not Supported
P0771,P0771_T1,P0771_T1_1,1,relation_contradicted,Not Supported,Not Supported
P0771,P0771_T1,P0771_T1_2,2,condition_replaced,Not Enough Evidence,Not Enough Evidence
P0771,P0771_T1,P0771_T1_3,3,condition_removed,Not Enough Evidence,Not Enough Evidence
P0771,P0771_T1,P0771_T1_4,4,supported,Supported,Supported
P0771,P0771_T1,P0771_T1_5,5,condition_contradicted,Not Supported,Not Supported
P0771,P0771_T2,P0771_T2_1,1,relation_contradicted,Not Supported,Not Supported
P0771,P0771_T2,P0771_T2_2,2,condition_replaced,Not Enough Evidence,Not Enough Evidence
P0771,P0771_T2,P0771_T2_3,3,condition_removed,Not Enough Evidence,Not Enough Evidence
P0771,P0771_T2,P0771_T2_4,4,supported,Supported,Supported
P0771,P0771_T2,P0771_T2_5,5,condition_contradicted,Not Supported,Not Supported
P0771,P0771_T3,P0771_T3_1,1,relation_contradicted,Not Supported,Not Supported
P0771,P0771_T3,P0771_T3_2,2,condition_replaced,Not Enough Evidence,Not Enough Evidence
P0771,P0771_T3,P0771_T3_3,3,condition_removed,Not Enough Evidence,Not Enough Evidence
P0771,P0771_T3,P0771_T3_4,4,supported,Supported,Supported
P0771,P0771_T3,P0771_T3_5,5,condition_contradicted,Not Supported,Not Supported
P0771,P0771_T4,P0771_T4_1,1,relation_contradicted,Not Supported,Not Supported
P0771,P0771_T4,P0771_T4_2,2,condition_replaced,Not Enough Evidence,Not Enough Evidence
P0771,P0771_T4,P0771_T4_3,3,condition_removed,Not Enough Evidence,Not Enough Evidence
P0771,P0771_T4,P0771_T4_4,4,supported,Supported,Supported
P0771,P0771_T4,P0771_T4_5,5,condition_contradicted,Not Supported,Not Supported
P0782,P0782_T1,P0782_T1_1,1,relation_contradicted,Not Supported,Not Supported
P0782,P0782_T1,P0782_T1_2,2,condition_replaced,Not Enough Evidence,Not Enough Evidence
P0782,P0782_T1,P0782_T1_3,3,condition_removed,Not Enough Evidence,Not Enough Evidence
P0782,P0782_T1,P0782_T1_4,4,supported,Supported,Supported
P0782,P0782_T1,P0782_T1_5,5,condition_contradicted,Not Supported,Not Supported
P0782,P0782_T2,P0782_T2_1,1,relation_contradicted,Not Supported,Not Supported
P0782,P0782_T2,P0782_T2_2,2,condition_replaced,Not Enough Evidence,Not Enough Evidence
P0782,P0782_T2,P0782_T2_3,3,condition_removed,Not Enough Evidence,Not Enough Evidence
P0782,P0782_T2,P0782_T2_4,4,supported,Supported,Supported
P0782,P0782_T2,P0782_T2_5,5,condition_contradicted,Not Supported,Not Supported
P0782,P0782_T3,P0782_T3_1,1,relation_contradicted,Not Supported,Not Supported
P0782,P0782_T3,P0782_T3_2,2,condition_replaced,Not Enough Evidence,Not Enough Evidence
P0782,P0782_T3,P0782_T3_3,3,condition_removed,Not Enough Evidence,Not Enough Evidence
P0782,P0782_T3,P0782_T3_4,4,supported,Supported,Supported
P0782,P0782_T3,P0782_T3_5,5,condition_contradicted,Not Supported,Not Supported
P0785,P0785_T1,P0785_T1_1,1,relation_contradicted,Not Supported,Not Supported
P0785,P0785_T1,P0785_T1_2,2,condition_replaced,Not Enough Evidence,Not Enough Evidence
P0785,P0785_T1,P0785_T1_3,3,condition_removed,Not Enough Evidence,Not Enough Evidence
P0785,P0785_T1,P0785_T1_4,4,supported,Supported,Supported
P0785,P0785_T1,P0785_T1_5,5,condition_contradicted,Not Supported,Not Supported
P0785,P0785_T2,P0785_T2_1,1,relation_contradicted,Not Supported,Not Supported
P0785,P0785_T2,P0785_T2_2,2,condition_replaced,Not Enough Evidence,Not Enough Evidence
P0785,P0785_T2,P0785_T2_3,3,condition_removed,Not Enough Evidence,Not Enough Evidence
P0785,P0785_T2,P0785_T2_4,4,supported,Supported,Supported
P0785,P0785_T2,P0785_T2_5,5,condition_contradicted,Not Supported,Not Supported
P0785,P0785_T3,P0785_T3_1,1,relation_contradicted,Not Supported,Not Supported
P0785,P0785_T3,P0785_T3_2,2,condition_replaced,Not Enough Evidence,Not Enough Evidence
P0785,P0785_T3,P0785_T3_3,3,condition_removed,Not Enough Evidence,Not Enough Evidence
P0785,P0785_T3,P0785_T3_4,4,supported,Supported,Supported
P0785,P0785_T3,P0785_T3_5,5,condition_contradicted,Not Supported,Not Supported
P0786,P0786_T1,P0786_T1_1,1,relation_contradicted,Not Supported,Not Supported
P0786,P0786_T1,P0786_T1_2,2,condition_replaced,Not Enough Evidence,Not Enough Evidence
P0786,P0786_T1,P0786_T1_3,3,condition_removed,Not Enough Evidence,Not Enough Evidence
P0786,P0786_T1,P0786_T1_4,4,supported,Supported,Supported
P0786,P0786_T1,P0786_T1_5,5,condition_contradicted,Not Supported,Not Supported
P0786,P0786_T2,P0786_T2_1,1,relation_contradicted,Not Supported,Not Supported
P0786,P0786_T2,P0786_T2_2,2,condition_replaced,Not Enough Evidence,Not Enough Evidence
P0786,P0786_T2,P0786_T2_3,3,condition_removed,Not Enough Evidence,Not Enough Evidence
P0786,P0786_T2,P0786_T2_4,4,supported,Supported,Supported
P0786,P0786_T2,P0786_T2_5,5,condition_contradicted,Not Supported,Not Supported
P0786,P0786_T3,P0786_T3_1,1,relation_contradicted,Not Supported,Not Supported
P0786,P0786_T3,P0786_T3_2,2,condition_replaced,Not Enough Evidence,Not Enough Evidence
P0786,P0786_T3,P0786_T3_3,3,condition_removed,Not Enough Evidence,Not Enough Evidence
P0786,P0786_T3,P0786_T3_4,4,supported,Supported,Supported
P0786,P0786_T3,P0786_T3_5,5,condition_contradicted,Not Supported,Not Supported
P0791,P0791_T1,P0791_T1_1,1,relation_contradicted,Not Supported,Not Supported
P0791,P0791_T1,P0791_T1_2,2,condition_replaced,Not Enough Evidence,Not Enough Evidence
P0791,P0791_T1,P0791_T1_3,3,condition_removed,Not Enough Evidence,Not Enough Evidence
P0791,P0791_T1,P0791_T1_4,4,supported,Supported,Supported
P0791,P0791_T1,P0791_T1_5,5,condition_contradicted,Not Supported,Not Supported
P0791,P0791_T2,P0791_T2_1,1,relation_contradicted,Not Supported,Supported
P0791,P0791_T2,P0791_T2_2,2,condition_replaced,Not Enough Evidence,Not Enough Evidence
P0791,P0791_T2,P0791_T2_3,3,condition_removed,Not Enough Evidence,Not Enough Evidence
P0791,P0791_T2,P0791_T2_4,4,supported,Supported,Supported
P0791,P0791_T2,P0791_T2_5,5,condition_contradicted,Not Supported,Not Supported
P0791,P0791_T3,P0791_T3_1,1,relation_contradicted,Not Supported,Not Supported
P0791,P0791_T3,P0791_T3_2,2,condition_replaced,Not Enough Evidence,Not Enough Evidence
P0791,P0791_T3,P0791_T3_3,3,condition_removed,Not Enough Evidence,Not Enough Evidence
P0791,P0791_T3,P0791_T3_4,4,supported,Supported,Supported
P0791,P0791_T3,P0791_T3_5,5,condition_contradicted,Not Supported,Not Supported
P0793,P0793_T1,P0793_T1_1,1,relation_contradicted,Not Supported,Not Supported
P0793,P0793_T1,P0793_T1_2,2,condition_replaced,Not Enough Evidence,Not Enough Evidence
P0793,P0793_T1,P0793_T1_3,3,condition_removed,Not Enough Evidence,Not Enough Evidence
P0793,P0793_T1,P0793_T1_4,4,supported,Supported,Supported
P0793,P0793_T1,P0793_T1_5,5,condition_contradicted,Not Supported,Not Supported
P0793,P0793_T2,P0793_T2_1,1,relation_contradicted,Not Supported,Not Supported
P0793,P0793_T2,P0793_T2_2,2,condition_replaced,Not Enough Evidence,Not Enough Evidence
P0793,P0793_T2,P0793_T2_3,3,condition_removed,Not Enough Evidence,Not Enough Evidence
P0793,P0793_T2,P0793_T2_4,4,supported,Supported,Supported
P0793,P0793_T2,P0793_T2_5,5,condition_contradicted,Not Supported,Not Supported
P0793,P0793_T3,P0793_T3_1,1,relation_contradicted,Not Supported,Not Supported
P0793,P0793_T3,P0793_T3_2,2,condition_replaced,Not Enough Evidence,Not Enough Evidence
P0793,P0793_T3,P0793_T3_3,3,condition_removed,Not Enough Evidence,Not Enough Evidence
P0793,P0793_T3,P0793_T3_4,4,supported,Supported,Supported
P0793,P0793_T3,P0793_T3_5,5,condition_contradicted,Not Supported,Not Supported
P0797,P0797_T1,P0797_T1_1,1,relation_contradicted,Not Supported,Not Supported
P0797,P0797_T1,P0797_T1_2,2,condition_replaced,Not Enough Evidence,Not Enough Evidence
P0797,P0797_T1,P0797_T1_3,3,condition_removed,Not Enough Evidence,Not Enough Evidence
P0797,P0797_T1,P0797_T1_4,4,supported,Supported,Supported
P0797,P0797_T1,P0797_T1_5,5,condition_contradicted,Not Supported,Not Supported
P0797,P0797_T2,P0797_T2_1,1,relation_contradicted,Not Supported,Not Supported
P0797,P0797_T2,P0797_T2_2,2,condition_replaced,Not Enough Evidence,Not Enough Evidence
P0797,P0797_T2,P0797_T2_3,3,condition_removed,Not Enough Evidence,Not Enough Evidence
P0797,P0797_T2,P0797_T2_4,4,supported,Supported,Supported
P0797,P0797_T2,P0797_T2_5,5,condition_contradicted,Not Supported,Not Supported
P0797,P0797_T3,P0797_T3_1,1,relation_contradicted,Not Supported,Not Supported
P0797,P0797_T3,P0797_T3_2,2,condition_replaced,Not Enough Evidence,Not Enough Evidence
P0797,P0797_T3,P0797_T3_3,3,condition_removed,Not Enough Evidence,Not Enough Evidence
P0797,P0797_T3,P0797_T3_4,4,supported,Supported,Supported
P0797,P0797_T3,P0797_T3_5,5,condition_contradicted,Not Supported,Not Supported
P0797,P0797_T4,P0797_T4_1,1,relation_contradicted,Not Supported,Not Supported
P0797,P0797_T4,P0797_T4_2,2,condition_replaced,Not Enough Evidence,Not Enough Evidence
P0797,P0797_T4,P0797_T4_3,3,condition_removed,Not Enough Evidence,Not Enough Evidence
P0797,P0797_T4,P0797_T4_4,4,supported,Supported,Supported
P0797,P0797_T4,P0797_T4_5,5,condition_contradicted,Not Supported,Not Supported
P0798,P0798_T1,P0798_T1_1,1,relation_contradicted,Not Supported,Not Supported
P0798,P0798_T1,P0798_T1_2,2,condition_replaced,Not Enough Evidence,Not Enough Evidence
P0798,P0798_T1,P0798_T1_3,3,condition_removed,Not Enough Evidence,Not Enough Evidence
P0798,P0798_T1,P0798_T1_4,4,supported,Supported,Supported
P0798,P0798_T1,P0798_T1_5,5,condition_contradicted,Not Supported,Not Supported
P0798,P0798_T2,P0798_T2_1,1,relation_contradicted,Not Supported,Not Supported
P0798,P0798_T2,P0798_T2_2,2,condition_replaced,Not Enough Evidence,Not Enough Evidence
P0798,P0798_T2,P0798_T2_3,3,condition_removed,Not Enough Evidence,Not Enough Evidence
P0798,P0798_T2,P0798_T2_4,4,supported,Supported,Supported
P0798,P0798_T2,P0798_T2_5,5,condition_contradicted,Not Supported,Not Supported
P0798,P0798_T3,P0798_T3_1,1,relation_contradicted,Not Supported,Not Supported
P0798,P0798_T3,P0798_T3_2,2,condition_replaced,Not Enough Evidence,Not Enough Evidence
P0798,P0798_T3,P0798_T3_3,3,condition_removed,Not Enough Evidence,Not Enough Evidence
P0798,P0798_T3,P0798_T3_4,4,supported,Supported,Supported
P0798,P0798_T3,P0798_T3_5,5,condition_contradicted,Not Supported,Not Supported
P0798,P0798_T4,P0798_T4_1,1,relation_contradicted,Not Supported,Not Supported
P0798,P0798_T4,P0798_T4_2,2,condition_replaced,Not Enough Evidence,Not Enough Evidence
P0798,P0798_T4,P0798_T4_3,3,condition_removed,Not Enough Evidence,Not Enough Evidence
P0798,P0798_T4,P0798_T4_4,4,supported,Supported,Supported
P0798,P0798_T4,P0798_T4_5,5,condition_contradicted,Not Supported,Not Supported
P0799,P0799_T1,P0799_T1_1,1,relation_contradicted,Not Supported,Not Supported
P0799,P0799_T1,P0799_T1_2,2,condition_replaced,Not Enough Evidence,Not Enough Evidence
P0799,P0799_T1,P0799_T1_3,3,condition_removed,Not Enough Evidence,Not Enough Evidence
P0799,P0799_T1,P0799_T1_4,4,supported,Supported,Supported
P0799,P0799_T1,P0799_T1_5,5,condition_contradicted,Not Supported,Not Supported
P0799,P0799_T2,P0799_T2_1,1,relation_contradicted,Not Supported,Not Supported
P0799,P0799_T2,P0799_T2_2,2,condition_replaced,Not Enough Evidence,Not Enough Evidence
P0799,P0799_T2,P0799_T2_3,3,condition_removed,Not Enough Evidence,Not Enough Evidence
P0799,P0799_T2,P0799_T2_4,4,supported,Supported,Supported
P0799,P0799_T2,P0799_T2_5,5,condition_contradicted,Not Supported,Not Supported
P0799,P0799_T3,P0799_T3_1,1,relation_contradicted,Not Supported,Not Supported
P0799,P0799_T3,P0799_T3_2,2,condition_replaced,Not Enough Evidence,Not Enough Evidence
P0799,P0799_T3,P0799_T3_3,3,condition_removed,Not Enough Evidence,Not Enough Evidence
P0799,P0799_T3,P0799_T3_4,4,supported,Supported,Supported
P0799,P0799_T3,P0799_T3_5,5,condition_contradicted,Not Supported,Not Supported
P0799,P0799_T4,P0799_T4_1,1,relation_contradicted,Not Supported,Not Supported
P0799,P0799_T4,P0799_T4_2,2,condition_replaced,Not Enough Evidence,Not Enough Evidence
P0799,P0799_T4,P0799_T4_3,3,condition_removed,Not Enough Evidence,Not Enough Evidence
P0799,P0799_T4,P0799_T4_4,4,supported,Supported,Supported
P0799,P0799_T4,P0799_T4_5,5,condition_contradicted,Not Supported,Not Supported
P0801,P0801_T1,P0801_T1_1,1,relation_contradicted,Not Supported,Not Supported
P0801,P0801_T1,P0801_T1_2,2,condition_replaced,Not Enough Evidence,Not Enough Evidence
P0801,P0801_T1,P0801_T1_3,3,condition_removed,Not Enough Evidence,Not Enough Evidence
P0801,P0801_T1,P0801_T1_4,4,supported,Supported,Supported
P0801,P0801_T1,P0801_T1_5,5,condition_contradicted,Not Supported,Not Supported
P0801,P0801_T2,P0801_T2_1,1,relation_contradicted,Not Supported,Not Supported
P0801,P0801_T2,P0801_T2_2,2,condition_replaced,Not Enough Evidence,Not Enough Evidence
P0801,P0801_T2,P0801_T2_3,3,condition_removed,Not Enough Evidence,Not Enough Evidence
P0801,P0801_T2,P0801_T2_4,4,supported,Supported,Supported
P0801,P0801_T2,P0801_T2_5,5,condition_contradicted,Not Supported,Not Supported
P0801,P0801_T3,P0801_T3_1,1,relation_contradicted,Not Supported,Not Supported
P0801,P0801_T3,P0801_T3_2,2,condition_replaced,Not Enough Evidence,Not Enough Evidence
P0801,P0801_T3,P0801_T3_3,3,condition_removed,Not Enough Evidence,Not Enough Evidence
P0801,P0801_T3,P0801_T3_4,4,supported,Supported,Supported
P0801,P0801_T3,P0801_T3_5,5,condition_contradicted,Not Supported,Not Supported
P0804,P0804_T1,P0804_T1_1,1,relation_contradicted,Not Supported,Not Supported
P0804,P0804_T1,P0804_T1_2,2,condition_replaced,Not Enough Evidence,Not Enough Evidence
P0804,P0804_T1,P0804_T1_3,3,condition_removed,Not Enough Evidence,Not Enough Evidence
P0804,P0804_T1,P0804_T1_4,4,supported,Supported,Supported
P0804,P0804_T1,P0804_T1_5,5,condition_contradicted,Not Supported,Not Supported
P0804,P0804_T2,P0804_T2_1,1,relation_contradicted,Not Supported,Not Supported
P0804,P0804_T2,P0804_T2_2,2,condition_replaced,Not Enough Evidence,Not Enough Evidence
P0804,P0804_T2,P0804_T2_3,3,condition_removed,Not Enough Evidence,Not Enough Evidence
P0804,P0804_T2,P0804_T2_4,4,supported,Supported,Supported
P0804,P0804_T2,P0804_T2_5,5,condition_contradicted,Not Supported,Not Supported
P0804,P0804_T3,P0804_T3_1,1,relation_contradicted,Not Supported,Not Supported
P0804,P0804_T3,P0804_T3_2,2,condition_replaced,Not Enough Evidence,Not Enough Evidence
P0804,P0804_T3,P0804_T3_3,3,condition_removed,Not Enough Evidence,Not Enough Evidence
P0804,P0804_T3,P0804_T3_4,4,supported,Supported,Supported
P0804,P0804_T3,P0804_T3_5,5,condition_contradicted,Not Supported,Not Supported
P0806,P0806_T1,P0806_T1_1,1,relation_contradicted,Not Supported,Not Supported
P0806,P0806_T1,P0806_T1_2,2,condition_replaced,Not Enough Evidence,Not Enough Evidence
P0806,P0806_T1,P0806_T1_3,3,condition_removed,Not Enough Evidence,Not Enough Evidence
P0806,P0806_T1,P0806_T1_4,4,supported,Supported,Supported
P0806,P0806_T1,P0806_T1_5,5,condition_contradicted,Not Supported,Not Supported
P0806,P0806_T2,P0806_T2_1,1,relation_contradicted,Not Supported,Not Supported
P0806,P0806_T2,P0806_T2_2,2,condition_replaced,Not Enough Evidence,Not Enough Evidence
P0806,P0806_T2,P0806_T2_3,3,condition_removed,Not Enough Evidence,Not Enough Evidence
P0806,P0806_T2,P0806_T2_4,4,supported,Supported,Supported
P0806,P0806_T2,P0806_T2_5,5,condition_contradicted,Not Supported,Not Supported
P0806,P0806_T3,P0806_T3_1,1,relation_contradicted,Not Supported,Not Supported
P0806,P0806_T3,P0806_T3_2,2,condition_replaced,Not Enough Evidence,Not Enough Evidence
P0806,P0806_T3,P0806_T3_3,3,condition_removed,Not Enough Evidence,Not Enough Evidence
P0806,P0806_T3,P0806_T3_4,4,supported,Supported,Supported
P0806,P0806_T3,P0806_T3_5,5,condition_contradicted,Not Supported,Not Supported
P0809,P0809_T1,P0809_T1_1,1,relation_contradicted,Not Supported,Not Supported
P0809,P0809_T1,P0809_T1_2,2,condition_replaced,Not Enough Evidence,Not Enough Evidence
P0809,P0809_T1,P0809_T1_3,3,condition_removed,Not Enough Evidence,Not Enough Evidence
P0809,P0809_T1,P0809_T1_4,4,supported,Supported,Supported
P0809,P0809_T1,P0809_T1_5,5,condition_contradicted,Not Supported,Not Supported
P0809,P0809_T2,P0809_T2_1,1,relation_contradicted,Not Supported,Not Supported
P0809,P0809_T2,P0809_T2_2,2,condition_replaced,Not Enough Evidence,Not Enough Evidence
P0809,P0809_T2,P0809_T2_3,3,condition_removed,Not Enough Evidence,Not Enough Evidence
P0809,P0809_T2,P0809_T2_4,4,supported,Supported,Supported
P0809,P0809_T2,P0809_T2_5,5,condition_contradicted,Not Supported,Not Supported
P0809,P0809_T3,P0809_T3_1,1,relation_contradicted,Not Supported,Not Supported
P0809,P0809_T3,P0809_T3_2,2,condition_replaced,Not Enough Evidence,Not Enough Evidence
P0809,P0809_T3,P0809_T3_3,3,condition_removed,Not Enough Evidence,Not Enough Evidence
P0809,P0809_T3,P0809_T3_4,4,supported,Supported,Supported
P0809,P0809_T3,P0809_T3_5,5,condition_contradicted,Not Supported,Not Supported
P0810,P0810_T1,P0810_T1_1,1,relation_contradicted,Not Supported,Not Supported
P0810,P0810_T1,P0810_T1_2,2,condition_replaced,Not Enough Evidence,Not Enough Evidence
P0810,P0810_T1,P0810_T1_3,3,condition_removed,Not Enough Evidence,Not Enough Evidence
P0810,P0810_T1,P0810_T1_4,4,supported,Supported,Supported
P0810,P0810_T1,P0810_T1_5,5,condition_contradicted,Not Supported,Not Supported
P0810,P0810_T2,P0810_T2_1,1,relation_contradicted,Not Supported,Not Supported
P0810,P0810_T2,P0810_T2_2,2,condition_replaced,Not Enough Evidence,Not Enough Evidence
P0810,P0810_T2,P0810_T2_3,3,condition_removed,Not Enough Evidence,Not Enough Evidence
P0810,P0810_T2,P0810_T2_4,4,supported,Supported,Supported
P0810,P0810_T2,P0810_T2_5,5,condition_contradicted,Not Supported,Not Supported
P0810,P0810_T3,P0810_T3_1,1,relation_contradicted,Not Supported,Not Supported
P0810,P0810_T3,P0810_T3_2,2,condition_replaced,Not Enough Evidence,Not Enough Evidence
P0810,P0810_T3,P0810_T3_3,3,condition_removed,Not Enough Evidence,Not Enough Evidence
P0810,P0810_T3,P0810_T3_4,4,supported,Supported,Supported
P0810,P0810_T3,P0810_T3_5,5,condition_contradicted,Not Supported,Not Supported
P0813,P0813_T1,P0813_T1_1,1,relation_contradicted,Not Supported,Not Supported
P0813,P0813_T1,P0813_T1_2,2,condition_replaced,Not Enough Evidence,Not Enough Evidence
P0813,P0813_T1,P0813_T1_3,3,condition_removed,Not Enough Evidence,Not Enough Evidence
P0813,P0813_T1,P0813_T1_4,4,supported,Supported,Supported
P0813,P0813_T1,P0813_T1_5,5,condition_contradicted,Not Supported,Not Supported
P0813,P0813_T2,P0813_T2_1,1,relation_contradicted,Not Supported,Not Supported
P0813,P0813_T2,P0813_T2_2,2,condition_replaced,Not Enough Evidence,Not Enough Evidence
P0813,P0813_T2,P0813_T2_3,3,condition_removed,Not Enough Evidence,Not Enough Evidence
P0813,P0813_T2,P0813_T2_4,4,supported,Supported,Supported
P0813,P0813_T2,P0813_T2_5,5,condition_contradicted,Not Supported,Not Supported
P0813,P0813_T3,P0813_T3_1,1,relation_contradicted,Not Supported,Not Supported
P0813,P0813_T3,P0813_T3_2,2,condition_replaced,Not Enough Evidence,Not Enough Evidence
P0813,P0813_T3,P0813_T3_3,3,condition_removed,Not Enough Evidence,Not Enough Evidence
P0813,P0813_T3,P0813_T3_4,4,supported,Supported,Supported
P0813,P0813_T3,P0813_T3_5,5,condition_contradicted,Not Supported,Not Supported
P0814,P0814_T1,P0814_T1_1,1,relation_contradicted,Not Supported,Not Supported
P0814,P0814_T1,P0814_T1_2,2,condition_replaced,Not Enough Evidence,Not Enough Evidence
P0814,P0814_T1,P0814_T1_3,3,condition_removed,Not Enough Evidence,Not Enough Evidence
P0814,P0814_T1,P0814_T1_4,4,supported,Supported,Supported
P0814,P0814_T1,P0814_T1_5,5,condition_contradicted,Not Supported,Not Supported
P0814,P0814_T2,P0814_T2_1,1,relation_contradicted,Not Supported,Not Supported
P0814,P0814_T2,P0814_T2_2,2,condition_replaced,Not Enough Evidence,Not Enough Evidence
P0814,P0814_T2,P0814_T2_3,3,condition_removed,Not Enough Evidence,Not Enough Evidence
P0814,P0814_T2,P0814_T2_4,4,supported,Supported,Supported
P0814,P0814_T2,P0814_T2_5,5,condition_contradicted,Not Supported,Not Supported
P0814,P0814_T3,P0814_T3_1,1,relation_contradicted,Not Supported,Not Supported
P0814,P0814_T3,P0814_T3_2,2,condition_replaced,Not Enough Evidence,Not Enough Evidence
P0814,P0814_T3,P0814_T3_3,3,condition_removed,Not Enough Evidence,Not Enough Evidence
P0814,P0814_T3,P0814_T3_4,4,supported,Supported,Supported
P0814,P0814_T3,P0814_T3_5,5,condition_contradicted,Not Supported,Not Supported
P0815,P0815_T1,P0815_T1_1,1,relation_contradicted,Not Supported,Not Supported
P0815,P0815_T1,P0815_T1_2,2,condition_replaced,Not Enough Evidence,Not Enough Evidence
P0815,P0815_T1,P0815_T1_3,3,condition_removed,Not Enough Evidence,Not Enough Evidence
P0815,P0815_T1,P0815_T1_4,4,supported,Supported,Supported
P0815,P0815_T1,P0815_T1_5,5,condition_contradicted,Not Supported,Not Supported
P0815,P0815_T2,P0815_T2_1,1,relation_contradicted,Not Supported,Not Supported
P0815,P0815_T2,P0815_T2_2,2,condition_replaced,Not Enough Evidence,Not Enough Evidence
P0815,P0815_T2,P0815_T2_3,3,condition_removed,Not Enough Evidence,Not Enough Evidence
P0815,P0815_T2,P0815_T2_4,4,supported,Supported,Supported
P0815,P0815_T2,P0815_T2_5,5,condition_contradicted,Not Supported,Not Supported
P0815,P0815_T3,P0815_T3_1,1,relation_contradicted,Not Supported,Not Supported
P0815,P0815_T3,P0815_T3_2,2,condition_replaced,Not Enough Evidence,Not Enough Evidence
P0815,P0815_T3,P0815_T3_3,3,condition_removed,Not Enough Evidence,Not Enough Evidence
P0815,P0815_T3,P0815_T3_4,4,supported,Supported,Supported
P0815,P0815_T3,P0815_T3_5,5,condition_contradicted,Not Supported,Not Supported
P0820,P0820_T1,P0820_T1_1,1,relation_contradicted,Not Supported,Not Supported
P0820,P0820_T1,P0820_T1_2,2,condition_replaced,Not Enough Evidence,Not Enough Evidence
P0820,P0820_T1,P0820_T1_3,3,condition_removed,Not Enough Evidence,Not Enough Evidence
P0820,P0820_T1,P0820_T1_4,4,supported,Supported,Supported
P0820,P0820_T1,P0820_T1_5,5,condition_contradicted,Not Supported,Not Supported
P0820,P0820_T2,P0820_T2_1,1,relation_contradicted,Not Supported,Not Supported
P0820,P0820_T2,P0820_T2_2,2,condition_replaced,Not Enough Evidence,Not Enough Evidence
P0820,P0820_T2,P0820_T2_3,3,condition_removed,Not Enough Evidence,Not Enough Evidence
P0820,P0820_T2,P0820_T2_4,4,supported,Supported,Supported
P0820,P0820_T2,P0820_T2_5,5,condition_contradicted,Not Supported,Not Supported
P0820,P0820_T3,P0820_T3_1,1,relation_contradicted,Not Supported,Not Supported
P0820,P0820_T3,P0820_T3_2,2,condition_replaced,Not Enough Evidence,Not Enough Evidence
P0820,P0820_T3,P0820_T3_3,3,condition_removed,Not Enough Evidence,Not Enough Evidence
P0820,P0820_T3,P0820_T3_4,4,supported,Supported,Supported
P0820,P0820_T3,P0820_T3_5,5,condition_contradicted,Not Supported,Not Supported
P0821,P0821_T1,P0821_T1_1,1,relation_contradicted,Not Supported,Not Supported
P0821,P0821_T1,P0821_T1_2,2,condition_replaced,Not Enough Evidence,Not Enough Evidence
P0821,P0821_T1,P0821_T1_3,3,condition_removed,Not Enough Evidence,Not Enough Evidence
P0821,P0821_T1,P0821_T1_4,4,supported,Supported,Supported
P0821,P0821_T1,P0821_T1_5,5,condition_contradicted,Not Supported,Not Supported
P0821,P0821_T2,P0821_T2_1,1,relation_contradicted,Not Supported,Not Supported
P0821,P0821_T2,P0821_T2_2,2,condition_replaced,Not Enough Evidence,Not Enough Evidence
P0821,P0821_T2,P0821_T2_3,3,condition_removed,Not Enough Evidence,Not Enough Evidence
P0821,P0821_T2,P0821_T2_4,4,supported,Supported,Supported
P0821,P0821_T2,P0821_T2_5,5,condition_contradicted,Not Supported,Not Supported
P0821,P0821_T3,P0821_T3_1,1,relation_contradicted,Not Supported,Not Supported
P0821,P0821_T3,P0821_T3_2,2,condition_replaced,Not Enough Evidence,Not Enough Evidence
P0821,P0821_T3,P0821_T3_3,3,condition_removed,Not Enough Evidence,Not Enough Evidence
P0821,P0821_T3,P0821_T3_4,4,supported,Supported,Supported
P0821,P0821_T3,P0821_T3_5,5,condition_contradicted,Not Supported,Not Supported
P0821,P0821_T4,P0821_T4_1,1,relation_contradicted,Not Supported,Not Supported
P0821,P0821_T4,P0821_T4_2,2,condition_replaced,Not Enough Evidence,Not Enough Evidence
P0821,P0821_T4,P0821_T4_3,3,condition_removed,Not Enough Evidence,Not Enough Evidence
P0821,P0821_T4,P0821_T4_4,4,supported,Supported,Supported
P0821,P0821_T4,P0821_T4_5,5,condition_contradicted,Not Supported,Not Supported
P0822,P0822_T1,P0822_T1_1,1,relation_contradicted,Not Supported,Not Supported
P0822,P0822_T1,P0822_T1_2,2,condition_replaced,Not Enough Evidence,Not Enough Evidence
P0822,P0822_T1,P0822_T1_3,3,condition_removed,Not Enough Evidence,Not Enough Evidence
P0822,P0822_T1,P0822_T1_4,4,supported,Supported,Supported
P0822,P0822_T1,P0822_T1_5,5,condition_contradicted,Not Supported,Not Supported
P0822,P0822_T2,P0822_T2_1,1,relation_contradicted,Not Supported,Not Supported
P0822,P0822_T2,P0822_T2_2,2,condition_replaced,Not Enough Evidence,Not Enough Evidence
P0822,P0822_T2,P0822_T2_3,3,condition_removed,Not Enough Evidence,Not Enough Evidence
P0822,P0822_T2,P0822_T2_4,4,supported,Supported,Supported
P0822,P0822_T2,P0822_T2_5,5,condition_contradicted,Not Supported,Not Supported
P0822,P0822_T3,P0822_T3_1,1,relation_contradicted,Not Supported,Supported
P0822,P0822_T3,P0822_T3_2,2,condition_replaced,Not Enough Evidence,Not Enough Evidence
P0822,P0822_T3,P0822_T3_3,3,condition_removed,Not Enough Evidence,Not Enough Evidence
P0822,P0822_T3,P0822_T3_4,4,supported,Supported,Supported
P0822,P0822_T3,P0822_T3_5,5,condition_contradicted,Not Supported,Not Supported
P0822,P0822_T4,P0822_T4_1,1,relation_contradicted,Not Supported,Not Supported
P0822,P0822_T4,P0822_T4_2,2,condition_replaced,Not Enough Evidence,Not Enough Evidence
P0822,P0822_T4,P0822_T4_3,3,condition_removed,Not Enough Evidence,Not Enough Evidence
P0822,P0822_T4,P0822_T4_4,4,supported,Supported,Supported
P0822,P0822_T4,P0822_T4_5,5,condition_contradicted,Not Supported,Not Supported
P0824,P0824_T1,P0824_T1_1,1,relation_contradicted,Not Supported,Not Supported
P0824,P0824_T1,P0824_T1_2,2,condition_replaced,Not Enough Evidence,Not Enough Evidence
P0824,P0824_T1,P0824_T1_3,3,condition_removed,Not Enough Evidence,Not Enough Evidence
P0824,P0824_T1,P0824_T1_4,4,supported,Supported,Supported
P0824,P0824_T1,P0824_T1_5,5,condition_contradicted,Not Supported,Not Supported
P0824,P0824_T2,P0824_T2_1,1,relation_contradicted,Not Supported,Not Supported
P0824,P0824_T2,P0824_T2_2,2,condition_replaced,Not Enough Evidence,Not Enough Evidence
P0824,P0824_T2,P0824_T2_3,3,condition_removed,Not Enough Evidence,Not Enough Evidence
P0824,P0824_T2,P0824_T2_4,4,supported,Supported,Supported
P0824,P0824_T2,P0824_T2_5,5,condition_contradicted,Not Supported,Not Supported
P0824,P0824_T3,P0824_T3_1,1,relation_contradicted,Not Supported,Not Supported
P0824,P0824_T3,P0824_T3_2,2,condition_replaced,Not Enough Evidence,Not Enough Evidence
P0824,P0824_T3,P0824_T3_3,3,condition_removed,Not Enough Evidence,Not Enough Evidence
P0824,P0824_T3,P0824_T3_4,4,supported,Supported,Supported
P0824,P0824_T3,P0824_T3_5,5,condition_contradicted,Not Supported,Not Supported
P0824,P0824_T4,P0824_T4_1,1,relation_contradicted,Not Supported,Not Supported
P0824,P0824_T4,P0824_T4_2,2,condition_replaced,Not Enough Evidence,Not Enough Evidence
P0824,P0824_T4,P0824_T4_3,3,condition_removed,Not Enough Evidence,Not Enough Evidence
P0824,P0824_T4,P0824_T4_4,4,supported,Supported,Supported
P0824,P0824_T4,P0824_T4_5,5,condition_contradicted,Not Supported,Not Supported
P0829,P0829_T1,P0829_T1_1,1,relation_contradicted,Not Supported,Not Supported
P0829,P0829_T1,P0829_T1_2,2,condition_replaced,Not Enough Evidence,Not Enough Evidence
P0829,P0829_T1,P0829_T1_3,3,condition_removed,Not Enough Evidence,Not Enough Evidence
P0829,P0829_T1,P0829_T1_4,4,supported,Supported,Supported
P0829,P0829_T1,P0829_T1_5,5,condition_contradicted,Not Supported,Not Supported
P0829,P0829_T2,P0829_T2_1,1,relation_contradicted,Not Supported,Not Supported
P0829,P0829_T2,P0829_T2_2,2,condition_replaced,Not Enough Evidence,Not Enough Evidence
P0829,P0829_T2,P0829_T2_3,3,condition_removed,Not Enough Evidence,Not Enough Evidence
P0829,P0829_T2,P0829_T2_4,4,supported,Supported,Supported
P0829,P0829_T2,P0829_T2_5,5,condition_contradicted,Not Supported,Not Supported
P0829,P0829_T3,P0829_T3_1,1,relation_contradicted,Not Supported,Not Supported
P0829,P0829_T3,P0829_T3_2,2,condition_replaced,Not Enough Evidence,Not Enough Evidence
P0829,P0829_T3,P0829_T3_3,3,condition_removed,Not Enough Evidence,Not Enough Evidence
P0829,P0829_T3,P0829_T3_4,4,supported,Supported,Supported
P0829,P0829_T3,P0829_T3_5,5,condition_contradicted,Not Supported,Not Supported
P0830,P0830_T1,P0830_T1_1,1,relation_contradicted,Not Supported,Not Supported
P0830,P0830_T1,P0830_T1_2,2,condition_replaced,Not Enough Evidence,Not Enough Evidence
P0830,P0830_T1,P0830_T1_3,3,condition_removed,Not Enough Evidence,Not Enough Evidence
P0830,P0830_T1,P0830_T1_4,4,supported,Supported,Supported
P0830,P0830_T1,P0830_T1_5,5,condition_contradicted,Not Supported,Not Supported
P0830,P0830_T2,P0830_T2_1,1,relation_contradicted,Not Supported,Not Supported
P0830,P0830_T2,P0830_T2_2,2,condition_replaced,Not Enough Evidence,Not Enough Evidence
P0830,P0830_T2,P0830_T2_3,3,condition_removed,Not Enough Evidence,Not Enough Evidence
P0830,P0830_T2,P0830_T2_4,4,supported,Supported,Supported
P0830,P0830_T2,P0830_T2_5,5,condition_contradicted,Not Supported,Not Supported
P0830,P0830_T3,P0830_T3_1,1,relation_contradicted,Not Supported,Not Supported
P0830,P0830_T3,P0830_T3_2,2,condition_replaced,Not Enough Evidence,Not Enough Evidence
P0830,P0830_T3,P0830_T3_3,3,condition_removed,Not Enough Evidence,Not Enough Evidence
P0830,P0830_T3,P0830_T3_4,4,supported,Supported,Supported
P0830,P0830_T3,P0830_T3_5,5,condition_contradicted,Not Supported,Not Supported
P0840,P0840_T1,P0840_T1_1,1,relation_contradicted,Not Supported,Not Supported
P0840,P0840_T1,P0840_T1_2,2,condition_replaced,Not Enough Evidence,Not Enough Evidence
P0840,P0840_T1,P0840_T1_3,3,condition_removed,Not Enough Evidence,Not Enough Evidence
P0840,P0840_T1,P0840_T1_4,4,supported,Supported,Supported
P0840,P0840_T1,P0840_T1_5,5,condition_contradicted,Not Supported,Not Supported
P0840,P0840_T2,P0840_T2_1,1,relation_contradicted,Not Supported,Not Supported
P0840,P0840_T2,P0840_T2_2,2,condition_replaced,Not Enough Evidence,Not Enough Evidence
P0840,P0840_T2,P0840_T2_3,3,condition_removed,Not Enough Evidence,Not Enough Evidence
P0840,P0840_T2,P0840_T2_4,4,supported,Supported,Supported
P0840,P0840_T2,P0840_T2_5,5,condition_contradicted,Not Supported,Not Supported
P0840,P0840_T3,P0840_T3_1,1,relation_contradicted,Not Supported,Not Supported
P0840,P0840_T3,P0840_T3_2,2,condition_replaced,Not Enough Evidence,Not Enough Evidence
P0840,P0840_T3,P0840_T3_3,3,condition_removed,Not Enough Evidence,Not Enough Evidence
P0840,P0840_T3,P0840_T3_4,4,supported,Supported,Supported
P0840,P0840_T3,P0840_T3_5,5,condition_contradicted,Not Supported,Not Supported
P0843,P0843_T1,P0843_T1_1,1,relation_contradicted,Not Supported,Not Supported
P0843,P0843_T1,P0843_T1_2,2,condition_replaced,Not Enough Evidence,Not Enough Evidence
P0843,P0843_T1,P0843_T1_3,3,condition_removed,Not Enough Evidence,Not Enough Evidence
P0843,P0843_T1,P0843_T1_4,4,supported,Supported,Supported
P0843,P0843_T1,P0843_T1_5,5,condition_contradicted,Not Supported,Not Supported
P0843,P0843_T2,P0843_T2_1,1,relation_contradicted,Not Supported,Not Supported
P0843,P0843_T2,P0843_T2_2,2,condition_replaced,Not Enough Evidence,Not Enough Evidence
P0843,P0843_T2,P0843_T2_3,3,condition_removed,Not Enough Evidence,Not Enough Evidence
P0843,P0843_T2,P0843_T2_4,4,supported,Supported,Supported
P0843,P0843_T2,P0843_T2_5,5,condition_contradicted,Not Supported,Not Supported
P0843,P0843_T3,P0843_T3_1,1,relation_contradicted,Not Supported,Not Supported
P0843,P0843_T3,P0843_T3_2,2,condition_replaced,Not Enough Evidence,Not Enough Evidence
P0843,P0843_T3,P0843_T3_3,3,condition_removed,Not Enough Evidence,Not Enough Evidence
P0843,P0843_T3,P0843_T3_4,4,supported,Supported,Supported
P0843,P0843_T3,P0843_T3_5,5,condition_contradicted,Not Supported,Not Supported
P0854,P0854_T1,P0854_T1_1,1,relation_contradicted,Not Supported,Not Supported
P0854,P0854_T1,P0854_T1_2,2,condition_replaced,Not Enough Evidence,Not Enough Evidence
P0854,P0854_T1,P0854_T1_3,3,condition_removed,Not Enough Evidence,Not Enough Evidence
P0854,P0854_T1,P0854_T1_4,4,supported,Supported,Supported
P0854,P0854_T1,P0854_T1_5,5,condition_contradicted,Not Supported,Not Supported
P0854,P0854_T2,P0854_T2_1,1,relation_contradicted,Not Supported,Not Supported
P0854,P0854_T2,P0854_T2_2,2,condition_replaced,Not Enough Evidence,Not Enough Evidence
P0854,P0854_T2,P0854_T2_3,3,condition_removed,Not Enough Evidence,Not Enough Evidence
P0854,P0854_T2,P0854_T2_4,4,supported,Supported,Supported
P0854,P0854_T2,P0854_T2_5,5,condition_contradicted,Not Supported,Not Supported
P0854,P0854_T3,P0854_T3_1,1,relation_contradicted,Not Supported,Not Supported
P0854,P0854_T3,P0854_T3_2,2,condition_replaced,Not Enough Evidence,Not Enough Evidence
P0854,P0854_T3,P0854_T3_3,3,condition_removed,Not Enough Evidence,Not Enough Evidence
P0854,P0854_T3,P0854_T3_4,4,supported,Supported,Supported
P0854,P0854_T3,P0854_T3_5,5,condition_contradicted,Not Supported,Not Supported
P0854,P0854_T4,P0854_T4_1,1,relation_contradicted,Not Supported,Not Supported
P0854,P0854_T4,P0854_T4_2,2,condition_replaced,Not Enough Evidence,Not Enough Evidence
P0854,P0854_T4,P0854_T4_3,3,condition_removed,Not Enough Evidence,Not Enough Evidence
P0854,P0854_T4,P0854_T4_4,4,supported,Supported,Supported
P0854,P0854_T4,P0854_T4_5,5,condition_contradicted,Not Supported,Not Supported
P0854,P0854_T5,P0854_T5_1,1,relation_contradicted,Not Supported,Not Supported
P0854,P0854_T5,P0854_T5_2,2,condition_replaced,Not Enough Evidence,Not Enough Evidence
P0854,P0854_T5,P0854_T5_3,3,condition_removed,Not Enough Evidence,Not Enough Evidence
P0854,P0854_T5,P0854_T5_4,4,supported,Supported,Supported
P0854,P0854_T5,P0854_T5_5,5,condition_contradicted,Not Supported,Not Supported
P0857,P0857_T1,P0857_T1_1,1,relation_contradicted,Not Supported,Not Supported
P0857,P0857_T1,P0857_T1_2,2,condition_replaced,Not Enough Evidence,Not Enough Evidence
P0857,P0857_T1,P0857_T1_3,3,condition_removed,Not Enough Evidence,Not Enough Evidence
P0857,P0857_T1,P0857_T1_4,4,supported,Supported,Supported
P0857,P0857_T1,P0857_T1_5,5,condition_contradicted,Not Supported,Not Supported
P0857,P0857_T2,P0857_T2_1,1,relation_contradicted,Not Supported,Not Supported
P0857,P0857_T2,P0857_T2_2,2,condition_replaced,Not Enough Evidence,Not Enough Evidence
P0857,P0857_T2,P0857_T2_3,3,condition_removed,Not Enough Evidence,Not Enough Evidence
P0857,P0857_T2,P0857_T2_4,4,supported,Supported,Supported
P0857,P0857_T2,P0857_T2_5,5,condition_contradicted,Not Supported,Not Supported
P0857,P0857_T3,P0857_T3_1,1,relation_contradicted,Not Supported,Not Supported
P0857,P0857_T3,P0857_T3_2,2,condition_replaced,Not Enough Evidence,Not Enough Evidence
P0857,P0857_T3,P0857_T3_3,3,condition_removed,Not Enough Evidence,Not Enough Evidence
P0857,P0857_T3,P0857_T3_4,4,supported,Supported,Supported
P0857,P0857_T3,P0857_T3_5,5,condition_contradicted,Not Supported,Not Supported
P0857,P0857_T4,P0857_T4_1,1,relation_contradicted,Not Supported,Not Supported
P0857,P0857_T4,P0857_T4_2,2,condition_replaced,Not Enough Evidence,Not Enough Evidence
P0857,P0857_T4,P0857_T4_3,3,condition_removed,Not Enough Evidence,Not Enough Evidence
P0857,P0857_T4,P0857_T4_4,4,supported,Supported,Supported
P0857,P0857_T4,P0857_T4_5,5,condition_contradicted,Not Supported,Not Supported
P0857,P0857_T5,P0857_T5_1,1,relation_contradicted,Not Supported,Not Supported
P0857,P0857_T5,P0857_T5_2,2,condition_replaced,Not Enough Evidence,Not Enough Evidence
P0857,P0857_T5,P0857_T5_3,3,condition_removed,Not Enough Evidence,Not Enough Evidence
P0857,P0857_T5,P0857_T5_4,4,supported,Supported,Supported
P0857,P0857_T5,P0857_T5_5,5,condition_contradicted,Not Supported,Not Supported
P0861,P0861_T1,P0861_T1_1,1,relation_contradicted,Not Supported,Not Supported
P0861,P0861_T1,P0861_T1_2,2,condition_replaced,Not Enough Evidence,Not Enough Evidence
P0861,P0861_T1,P0861_T1_3,3,condition_removed,Not Enough Evidence,Not Enough Evidence
P0861,P0861_T1,P0861_T1_4,4,supported,Supported,Supported
P0861,P0861_T1,P0861_T1_5,5,condition_contradicted,Not Supported,Not Supported
P0861,P0861_T2,P0861_T2_1,1,relation_contradicted,Not Supported,Not Supported
P0861,P0861_T2,P0861_T2_2,2,condition_replaced,Not Enough Evidence,Not Enough Evidence
P0861,P0861_T2,P0861_T2_3,3,condition_removed,Not Enough Evidence,Not Enough Evidence
P0861,P0861_T2,P0861_T2_4,4,supported,Supported,Supported
P0861,P0861_T2,P0861_T2_5,5,condition_contradicted,Not Supported,Not Supported
P0861,P0861_T3,P0861_T3_1,1,relation_contradicted,Not Supported,Not Supported
P0861,P0861_T3,P0861_T3_2,2,condition_replaced,Not Enough Evidence,Not Enough Evidence
P0861,P0861_T3,P0861_T3_3,3,condition_removed,Not Enough Evidence,Not Enough Evidence
P0861,P0861_T3,P0861_T3_4,4,supported,Supported,Supported
P0861,P0861_T3,P0861_T3_5,5,condition_contradicted,Not Supported,Not Supported
P0861,P0861_T4,P0861_T4_1,1,relation_contradicted,Not Supported,Not Supported
P0861,P0861_T4,P0861_T4_2,2,condition_replaced,Not Enough Evidence,Not Supported
P0861,P0861_T4,P0861_T4_3,3,condition_removed,Not Enough Evidence,Not Enough Evidence
P0861,P0861_T4,P0861_T4_4,4,supported,Supported,Supported
P0861,P0861_T4,P0861_T4_5,5,condition_contradicted,Not Supported,Not Supported
P0861,P0861_T5,P0861_T5_1,1,relation_contradicted,Not Supported,Not Supported
P0861,P0861_T5,P0861_T5_2,2,condition_replaced,Not Enough Evidence,Not Enough Evidence
P0861,P0861_T5,P0861_T5_3,3,condition_removed,Not Enough Evidence,Not Enough Evidence
P0861,P0861_T5,P0861_T5_4,4,supported,Supported,Supported
P0861,P0861_T5,P0861_T5_5,5,condition_contradicted,Not Supported,Not Supported
P0862,P0862_T1,P0862_T1_1,1,relation_contradicted,Not Supported,Not Supported
P0862,P0862_T1,P0862_T1_2,2,condition_replaced,Not Enough Evidence,Not Enough Evidence
P0862,P0862_T1,P0862_T1_3,3,condition_removed,Not Enough Evidence,Not Enough Evidence
P0862,P0862_T1,P0862_T1_4,4,supported,Supported,Supported
P0862,P0862_T1,P0862_T1_5,5,condition_contradicted,Not Supported,Not Supported
P0862,P0862_T2,P0862_T2_1,1,relation_contradicted,Not Supported,Not Supported
P0862,P0862_T2,P0862_T2_2,2,condition_replaced,Not Enough Evidence,Not Enough Evidence
P0862,P0862_T2,P0862_T2_3,3,condition_removed,Not Enough Evidence,Not Enough Evidence
P0862,P0862_T2,P0862_T2_4,4,supported,Supported,Supported
P0862,P0862_T2,P0862_T2_5,5,condition_contradicted,Not Supported,Not Supported
P0862,P0862_T3,P0862_T3_1,1,relation_contradicted,Not Supported,Not Supported
P0862,P0862_T3,P0862_T3_2,2,condition_replaced,Not Enough Evidence,Not Enough Evidence
P0862,P0862_T3,P0862_T3_3,3,condition_removed,Not Enough Evidence,Not Enough Evidence
P0862,P0862_T3,P0862_T3_4,4,supported,Supported,Supported
P0862,P0862_T3,P0862_T3_5,5,condition_contradicted,Not Supported,Not Supported
P0862,P0862_T4,P0862_T4_1,1,relation_contradicted,Not Supported,Not Supported
P0862,P0862_T4,P0862_T4_2,2,condition_replaced,Not Enough Evidence,Not Enough Evidence
P0862,P0862_T4,P0862_T4_3,3,condition_removed,Not Enough Evidence,Not Enough Evidence
P0862,P0862_T4,P0862_T4_4,4,supported,Supported,Supported
P0862,P0862_T4,P0862_T4_5,5,condition_contradicted,Not Supported,Not Supported
P0862,P0862_T5,P0862_T5_1,1,relation_contradicted,Not Supported,Not Supported
P0862,P0862_T5,P0862_T5_2,2,condition_replaced,Not Enough Evidence,Not Enough Evidence
P0862,P0862_T5,P0862_T5_3,3,condition_removed,Not Enough Evidence,Not Enough Evidence
P0862,P0862_T5,P0862_T5_4,4,supported,Supported,Supported
P0862,P0862_T5,P0862_T5_5,5,condition_contradicted,Not Supported,Not Supported
P0865,P0865_T1,P0865_T1_1,1,relation_contradicted,Not Supported,Not Supported
P0865,P0865_T1,P0865_T1_2,2,condition_replaced,Not Enough Evidence,Not Enough Evidence
P0865,P0865_T1,P0865_T1_3,3,condition_removed,Not Enough Evidence,Not Enough Evidence
P0865,P0865_T1,P0865_T1_4,4,supported,Supported,Not Supported
P0865,P0865_T1,P0865_T1_5,5,condition_contradicted,Not Supported,Not Supported
P0865,P0865_T2,P0865_T2_1,1,relation_contradicted,Not Supported,Not Supported
P0865,P0865_T2,P0865_T2_2,2,condition_replaced,Not Enough Evidence,Not Enough Evidence
P0865,P0865_T2,P0865_T2_3,3,condition_removed,Not Enough Evidence,Not Enough Evidence
P0865,P0865_T2,P0865_T2_4,4,supported,Supported,Not Supported
P0865,P0865_T2,P0865_T2_5,5,condition_contradicted,Not Supported,Not Supported
P0865,P0865_T3,P0865_T3_1,1,relation_contradicted,Not Supported,Not Supported
P0865,P0865_T3,P0865_T3_2,2,condition_replaced,Not Enough Evidence,Not Enough Evidence
P0865,P0865_T3,P0865_T3_3,3,condition_removed,Not Enough Evidence,Not Enough Evidence
P0865,P0865_T3,P0865_T3_4,4,supported,Supported,Supported
P0865,P0865_T3,P0865_T3_5,5,condition_contradicted,Not Supported,Not Supported
P0865,P0865_T4,P0865_T4_1,1,relation_contradicted,Not Supported,Not Supported
P0865,P0865_T4,P0865_T4_2,2,condition_replaced,Not Enough Evidence,Not Enough Evidence
P0865,P0865_T4,P0865_T4_3,3,condition_removed,Not Enough Evidence,Not Enough Evidence
P0865,P0865_T4,P0865_T4_4,4,supported,Supported,Supported
P0865,P0865_T4,P0865_T4_5,5,condition_contradicted,Not Supported,Not Supported
P0865,P0865_T5,P0865_T5_1,1,relation_contradicted,Not Supported,Not Supported
P0865,P0865_T5,P0865_T5_2,2,condition_replaced,Not Enough Evidence,Not Enough Evidence
P0865,P0865_T5,P0865_T5_3,3,condition_removed,Not Enough Evidence,Not Enough Evidence
P0865,P0865_T5,P0865_T5_4,4,supported,Supported,Not Supported
P0865,P0865_T5,P0865_T5_5,5,condition_contradicted,Not Supported,Not Supported
P0868,P0868_T1,P0868_T1_1,1,relation_contradicted,Not Supported,Not Supported
P0868,P0868_T1,P0868_T1_2,2,condition_replaced,Not Enough Evidence,Not Enough Evidence
P0868,P0868_T1,P0868_T1_3,3,condition_removed,Not Enough Evidence,Not Enough Evidence
P0868,P0868_T1,P0868_T1_4,4,supported,Supported,Supported
P0868,P0868_T1,P0868_T1_5,5,condition_contradicted,Not Supported,Not Supported
P0868,P0868_T2,P0868_T2_1,1,relation_contradicted,Not Supported,Not Supported
P0868,P0868_T2,P0868_T2_2,2,condition_replaced,Not Enough Evidence,Not Enough Evidence
P0868,P0868_T2,P0868_T2_3,3,condition_removed,Not Enough Evidence,Not Enough Evidence
P0868,P0868_T2,P0868_T2_4,4,supported,Supported,Supported
P0868,P0868_T2,P0868_T2_5,5,condition_contradicted,Not Supported,Not Supported
P0868,P0868_T3,P0868_T3_1,1,relation_contradicted,Not Supported,Not Supported
P0868,P0868_T3,P0868_T3_2,2,condition_replaced,Not Enough Evidence,Not Enough Evidence
P0868,P0868_T3,P0868_T3_3,3,condition_removed,Not Enough Evidence,Not Enough Evidence
P0868,P0868_T3,P0868_T3_4,4,supported,Supported,Supported
P0868,P0868_T3,P0868_T3_5,5,condition_contradicted,Not Supported,Not Supported
P0868,P0868_T4,P0868_T4_1,1,relation_contradicted,Not Supported,Not Supported
P0868,P0868_T4,P0868_T4_2,2,condition_replaced,Not Enough Evidence,Not Enough Evidence
P0868,P0868_T4,P0868_T4_3,3,condition_removed,Not Enough Evidence,Not Enough Evidence
P0868,P0868_T4,P0868_T4_4,4,supported,Supported,Supported
P0868,P0868_T4,P0868_T4_5,5,condition_contradicted,Not Supported,Not Supported
P0868,P0868_T5,P0868_T5_1,1,relation_contradicted,Not Supported,Not Supported
P0868,P0868_T5,P0868_T5_2,2,condition_replaced,Not Enough Evidence,Not Enough Evidence
P0868,P0868_T5,P0868_T5_3,3,condition_removed,Not Enough Evidence,Not Enough Evidence
P0868,P0868_T5,P0868_T5_4,4,supported,Supported,Supported
P0868,P0868_T5,P0868_T5_5,5,condition_contradicted,Not Supported,Not Supported
P0870,P0870_T1,P0870_T1_1,1,relation_contradicted,Not Supported,Not Supported
P0870,P0870_T1,P0870_T1_2,2,condition_replaced,Not Enough Evidence,Not Enough Evidence
P0870,P0870_T1,P0870_T1_3,3,condition_removed,Not Enough Evidence,Not Enough Evidence
P0870,P0870_T1,P0870_T1_4,4,supported,Supported,Supported
P0870,P0870_T1,P0870_T1_5,5,condition_contradicted,Not Supported,Not Supported
P0870,P0870_T2,P0870_T2_1,1,relation_contradicted,Not Supported,Not Supported
P0870,P0870_T2,P0870_T2_2,2,condition_replaced,Not Enough Evidence,Not Enough Evidence
P0870,P0870_T2,P0870_T2_3,3,condition_removed,Not Enough Evidence,Not Enough Evidence
P0870,P0870_T2,P0870_T2_4,4,supported,Supported,Supported
P0870,P0870_T2,P0870_T2_5,5,condition_contradicted,Not Supported,Not Supported
P0870,P0870_T3,P0870_T3_1,1,relation_contradicted,Not Supported,Not Supported
P0870,P0870_T3,P0870_T3_2,2,condition_replaced,Not Enough Evidence,Not Enough Evidence
P0870,P0870_T3,P0870_T3_3,3,condition_removed,Not Enough Evidence,Not Enough Evidence
P0870,P0870_T3,P0870_T3_4,4,supported,Supported,Supported
P0870,P0870_T3,P0870_T3_5,5,condition_contradicted,Not Supported,Not Supported
P0870,P0870_T4,P0870_T4_1,1,relation_contradicted,Not Supported,Not Supported
P0870,P0870_T4,P0870_T4_2,2,condition_replaced,Not Enough Evidence,Not Enough Evidence
P0870,P0870_T4,P0870_T4_3,3,condition_removed,Not Enough Evidence,Not Enough Evidence
P0870,P0870_T4,P0870_T4_4,4,supported,Supported,Supported
P0870,P0870_T4,P0870_T4_5,5,condition_contradicted,Not Supported,Not Supported
P0870,P0870_T5,P0870_T5_1,1,relation_contradicted,Not Supported,Not Supported
P0870,P0870_T5,P0870_T5_2,2,condition_replaced,Not Enough Evidence,Not Enough Evidence
P0870,P0870_T5,P0870_T5_3,3,condition_removed,Not Enough Evidence,Not Enough Evidence
P0870,P0870_T5,P0870_T5_4,4,supported,Supported,Supported
P0870,P0870_T5,P0870_T5_5,5,condition_contradicted,Not Supported,Not Supported
P0872,P0872_T1,P0872_T1_1,1,relation_contradicted,Not Supported,Not Supported
P0872,P0872_T1,P0872_T1_2,2,condition_replaced,Not Enough Evidence,Not Enough Evidence
P0872,P0872_T1,P0872_T1_3,3,condition_removed,Not Enough Evidence,Not Enough Evidence
P0872,P0872_T1,P0872_T1_4,4,supported,Supported,Supported
P0872,P0872_T1,P0872_T1_5,5,condition_contradicted,Not Supported,Not Supported
P0872,P0872_T2,P0872_T2_1,1,relation_contradicted,Not Supported,Not Supported
P0872,P0872_T2,P0872_T2_2,2,condition_replaced,Not Enough Evidence,Not Enough Evidence
P0872,P0872_T2,P0872_T2_3,3,condition_removed,Not Enough Evidence,Not Enough Evidence
P0872,P0872_T2,P0872_T2_4,4,supported,Supported,Supported
P0872,P0872_T2,P0872_T2_5,5,condition_contradicted,Not Supported,Not Supported
P0872,P0872_T3,P0872_T3_1,1,relation_contradicted,Not Supported,Not Supported
P0872,P0872_T3,P0872_T3_2,2,condition_replaced,Not Enough Evidence,Not Enough Evidence
P0872,P0872_T3,P0872_T3_3,3,condition_removed,Not Enough Evidence,Not Enough Evidence
P0872,P0872_T3,P0872_T3_4,4,supported,Supported,Supported
P0872,P0872_T3,P0872_T3_5,5,condition_contradicted,Not Supported,Not Supported
P0872,P0872_T4,P0872_T4_1,1,relation_contradicted,Not Supported,Not Supported
P0872,P0872_T4,P0872_T4_2,2,condition_replaced,Not Enough Evidence,Not Enough Evidence
P0872,P0872_T4,P0872_T4_3,3,condition_removed,Not Enough Evidence,Not Enough Evidence
P0872,P0872_T4,P0872_T4_4,4,supported,Supported,Supported
P0872,P0872_T4,P0872_T4_5,5,condition_contradicted,Not Supported,Not Supported
P0872,P0872_T5,P0872_T5_1,1,relation_contradicted,Not Supported,Not Supported
P0872,P0872_T5,P0872_T5_2,2,condition_replaced,Not Enough Evidence,Not Enough Evidence
P0872,P0872_T5,P0872_T5_3,3,condition_removed,Not Enough Evidence,Not Enough Evidence
P0872,P0872_T5,P0872_T5_4,4,supported,Supported,Supported
P0872,P0872_T5,P0872_T5_5,5,condition_contradicted,Not Supported,Not Supported
P0874,P0874_T1,P0874_T1_1,1,relation_contradicted,Not Supported,Not Supported
P0874,P0874_T1,P0874_T1_2,2,condition_replaced,Not Enough Evidence,Not Enough Evidence
P0874,P0874_T1,P0874_T1_3,3,condition_removed,Not Enough Evidence,Not Enough Evidence
P0874,P0874_T1,P0874_T1_4,4,supported,Supported,Supported
P0874,P0874_T1,P0874_T1_5,5,condition_contradicted,Not Supported,Not Supported
P0874,P0874_T2,P0874_T2_1,1,relation_contradicted,Not Supported,Not Supported
P0874,P0874_T2,P0874_T2_2,2,condition_replaced,Not Enough Evidence,Not Enough Evidence
P0874,P0874_T2,P0874_T2_3,3,condition_removed,Not Enough Evidence,Not Enough Evidence
P0874,P0874_T2,P0874_T2_4,4,supported,Supported,Supported
P0874,P0874_T2,P0874_T2_5,5,condition_contradicted,Not Supported,Not Supported
P0874,P0874_T3,P0874_T3_1,1,relation_contradicted,Not Supported,Not Supported
P0874,P0874_T3,P0874_T3_2,2,condition_replaced,Not Enough Evidence,Not Enough Evidence
P0874,P0874_T3,P0874_T3_3,3,condition_removed,Not Enough Evidence,Not Enough Evidence
P0874,P0874_T3,P0874_T3_4,4,supported,Supported,Supported
P0874,P0874_T3,P0874_T3_5,5,condition_contradicted,Not Supported,Not Supported
P0874,P0874_T4,P0874_T4_1,1,relation_contradicted,Not Supported,Not Supported
P0874,P0874_T4,P0874_T4_2,2,condition_replaced,Not Enough Evidence,Not Enough Evidence
P0874,P0874_T4,P0874_T4_3,3,condition_removed,Not Enough Evidence,Not Enough Evidence
P0874,P0874_T4,P0874_T4_4,4,supported,Supported,Supported
P0874,P0874_T4,P0874_T4_5,5,condition_contradicted,Not Supported,Not Supported
P0874,P0874_T5,P0874_T5_1,1,relation_contradicted,Not Supported,Not Supported
P0874,P0874_T5,P0874_T5_2,2,condition_replaced,Not Enough Evidence,Not Enough Evidence
P0874,P0874_T5,P0874_T5_3,3,condition_removed,Not Enough Evidence,Not Enough Evidence
P0874,P0874_T5,P0874_T5_4,4,supported,Supported,Supported
P0874,P0874_T5,P0874_T5_5,5,condition_contradicted,Not Supported,Not Supported
P0875,P0875_T1,P0875_T1_1,1,relation_contradicted,Not Supported,Not Supported
P0875,P0875_T1,P0875_T1_2,2,condition_replaced,Not Enough Evidence,Not Enough Evidence
P0875,P0875_T1,P0875_T1_3,3,condition_removed,Not Enough Evidence,Not Enough Evidence
P0875,P0875_T1,P0875_T1_4,4,supported,Supported,Supported
P0875,P0875_T1,P0875_T1_5,5,condition_contradicted,Not Supported,Not Supported
P0875,P0875_T2,P0875_T2_1,1,relation_contradicted,Not Supported,Not Supported
P0875,P0875_T2,P0875_T2_2,2,condition_replaced,Not Enough Evidence,Not Enough Evidence
P0875,P0875_T2,P0875_T2_3,3,condition_removed,Not Enough Evidence,Not Enough Evidence
P0875,P0875_T2,P0875_T2_4,4,supported,Supported,Supported
P0875,P0875_T2,P0875_T2_5,5,condition_contradicted,Not Supported,Not Supported
P0875,P0875_T3,P0875_T3_1,1,relation_contradicted,Not Supported,Not Supported
P0875,P0875_T3,P0875_T3_2,2,condition_replaced,Not Enough Evidence,Not Enough Evidence
P0875,P0875_T3,P0875_T3_3,3,condition_removed,Not Enough Evidence,Not Enough Evidence
P0875,P0875_T3,P0875_T3_4,4,supported,Supported,Supported
P0875,P0875_T3,P0875_T3_5,5,condition_contradicted,Not Supported,Not Supported
P0875,P0875_T4,P0875_T4_1,1,relation_contradicted,Not Supported,Not Supported
P0875,P0875_T4,P0875_T4_2,2,condition_replaced,Not Enough Evidence,Not Enough Evidence
P0875,P0875_T4,P0875_T4_3,3,condition_removed,Not Enough Evidence,Not Enough Evidence
P0875,P0875_T4,P0875_T4_4,4,supported,Supported,Supported
P0875,P0875_T4,P0875_T4_5,5,condition_contradicted,Not Supported,Not Supported
P0875,P0875_T5,P0875_T5_1,1,relation_contradicted,Not Supported,Not Supported
P0875,P0875_T5,P0875_T5_2,2,condition_replaced,Not Enough Evidence,Not Enough Evidence
P0875,P0875_T5,P0875_T5_3,3,condition_removed,Not Enough Evidence,Not Enough Evidence
P0875,P0875_T5,P0875_T5_4,4,supported,Supported,Supported
P0875,P0875_T5,P0875_T5_5,5,condition_contradicted,Not Supported,Not Supported
P0882,P0882_T1,P0882_T1_1,1,relation_contradicted,Not Supported,Not Supported
P0882,P0882_T1,P0882_T1_2,2,condition_replaced,Not Enough Evidence,Not Enough Evidence
P0882,P0882_T1,P0882_T1_3,3,condition_removed,Not Enough Evidence,Not Enough Evidence
P0882,P0882_T1,P0882_T1_4,4,supported,Supported,Supported
P0882,P0882_T1,P0882_T1_5,5,condition_contradicted,Not Supported,Not Supported
P0884,P0884_T1,P0884_T1_1,1,relation_contradicted,Not Supported,Not Supported
P0884,P0884_T1,P0884_T1_2,2,condition_replaced,Not Enough Evidence,Not Enough Evidence
P0884,P0884_T1,P0884_T1_3,3,condition_removed,Not Enough Evidence,Not Enough Evidence
P0884,P0884_T1,P0884_T1_4,4,supported,Supported,Supported
P0884,P0884_T1,P0884_T1_5,5,condition_contradicted,Not Supported,Not Supported
P0892,P0892_T1,P0892_T1_1,1,relation_contradicted,Not Supported,Not Supported
P0892,P0892_T1,P0892_T1_2,2,condition_replaced,Not Enough Evidence,Not Enough Evidence
P0892,P0892_T1,P0892_T1_3,3,condition_removed,Not Enough Evidence,Not Enough Evidence
P0892,P0892_T1,P0892_T1_4,4,supported,Supported,Supported
P0892,P0892_T1,P0892_T1_5,5,condition_contradicted,Not Supported,Not Supported
P0895,P0895_T1,P0895_T1_1,1,relation_contradicted,Not Supported,Not Supported
P0895,P0895_T1,P0895_T1_2,2,condition_replaced,Not Enough Evidence,Not Enough Evidence
P0895,P0895_T1,P0895_T1_3,3,condition_removed,Not Enough Evidence,Not Enough Evidence
P0895,P0895_T1,P0895_T1_4,4,supported,Supported,Supported
P0895,P0895_T1,P0895_T1_5,5,condition_contradicted,Not Supported,Not Supported
P0900,P0900_T1,P0900_T1_1,1,relation_contradicted,Not Supported,Not Supported
P0900,P0900_T1,P0900_T1_2,2,condition_replaced,Not Enough Evidence,Not Enough Evidence
P0900,P0900_T1,P0900_T1_3,3,condition_removed,Not Enough Evidence,Not Enough Evidence
P0900,P0900_T1,P0900_T1_4,4,supported,Supported,Supported
P0900,P0900_T1,P0900_T1_5,5,condition_contradicted,Not Supported,Not Supported
P0900,P0900_T2,P0900_T2_1,1,relation_contradicted,Not Supported,Not Supported
P0900,P0900_T2,P0900_T2_2,2,condition_replaced,Not Enough Evidence,Not Enough Evidence
P0900,P0900_T2,P0900_T2_3,3,condition_removed,Not Enough Evidence,Not Enough Evidence
P0900,P0900_T2,P0900_T2_4,4,supported,Supported,Supported
P0900,P0900_T2,P0900_T2_5,5,condition_contradicted,Not Supported,Not Supported
P0902,P0902_T1,P0902_T1_1,1,relation_contradicted,Not Supported,Not Supported
P0902,P0902_T1,P0902_T1_2,2,condition_replaced,Not Enough Evidence,Not Enough Evidence
P0902,P0902_T1,P0902_T1_3,3,condition_removed,Not Enough Evidence,Not Enough Evidence
P0902,P0902_T1,P0902_T1_4,4,supported,Supported,Supported
P0902,P0902_T1,P0902_T1_5,5,condition_contradicted,Not Supported,Not Supported
P0903,P0903_T1,P0903_T1_1,1,relation_contradicted,Not Supported,Not Supported
P0903,P0903_T1,P0903_T1_2,2,condition_replaced,Not Enough Evidence,Not Enough Evidence
P0903,P0903_T1,P0903_T1_3,3,condition_removed,Not Enough Evidence,Not Enough Evidence
P0903,P0903_T1,P0903_T1_4,4,supported,Supported,Supported
P0903,P0903_T1,P0903_T1_5,5,condition_contradicted,Not Supported,Not Supported
P0904,P0904_T1,P0904_T1_1,1,relation_contradicted,Not Supported,Not Supported
P0904,P0904_T1,P0904_T1_2,2,condition_replaced,Not Enough Evidence,Not Enough Evidence
P0904,P0904_T1,P0904_T1_3,3,condition_removed,Not Enough Evidence,Not Enough Evidence
P0904,P0904_T1,P0904_T1_4,4,supported,Supported,Supported
P0904,P0904_T1,P0904_T1_5,5,condition_contradicted,Not Supported,Not Supported
P0905,P0905_T1,P0905_T1_1,1,relation_contradicted,Not Supported,Not Supported
P0905,P0905_T1,P0905_T1_2,2,condition_replaced,Not Enough Evidence,Not Enough Evidence
P0905,P0905_T1,P0905_T1_3,3,condition_removed,Not Enough Evidence,Not Enough Evidence
P0905,P0905_T1,P0905_T1_4,4,supported,Supported,Supported
P0905,P0905_T1,P0905_T1_5,5,condition_contradicted,Not Supported,Not Supported
P0907,P0907_T1,P0907_T1_1,1,relation_contradicted,Not Supported,Not Supported
P0907,P0907_T1,P0907_T1_2,2,condition_replaced,Not Enough Evidence,Not Enough Evidence
P0907,P0907_T1,P0907_T1_3,3,condition_removed,Not Enough Evidence,Not Enough Evidence
P0907,P0907_T1,P0907_T1_4,4,supported,Supported,Supported
P0907,P0907_T1,P0907_T1_5,5,condition_contradicted,Not Supported,Not Supported
P0912,P0912_T1,P0912_T1_1,1,relation_contradicted,Not Supported,Not Supported
P0912,P0912_T1,P0912_T1_2,2,condition_replaced,Not Enough Evidence,Not Enough Evidence
P0912,P0912_T1,P0912_T1_3,3,condition_removed,Not Enough Evidence,Not Enough Evidence
P0912,P0912_T1,P0912_T1_4,4,supported,Supported,Supported
P0912,P0912_T1,P0912_T1_5,5,condition_contradicted,Not Supported,Not Supported
P0915,P0915_T1,P0915_T1_1,1,relation_contradicted,Not Supported,Not Supported
P0915,P0915_T1,P0915_T1_2,2,condition_replaced,Not Enough Evidence,Not Enough Evidence
P0915,P0915_T1,P0915_T1_3,3,condition_removed,Not Enough Evidence,Not Enough Evidence
P0915,P0915_T1,P0915_T1_4,4,supported,Supported,Supported
P0915,P0915_T1,P0915_T1_5,5,condition_contradicted,Not Supported,Not Supported
P0920,P0920_T1,P0920_T1_1,1,relation_contradicted,Not Supported,Not Supported
P0920,P0920_T1,P0920_T1_2,2,condition_replaced,Not Enough Evidence,Not Enough Evidence
P0920,P0920_T1,P0920_T1_3,3,condition_removed,Not Enough Evidence,Not Enough Evidence
P0920,P0920_T1,P0920_T1_4,4,supported,Supported,Supported
P0920,P0920_T1,P0920_T1_5,5,condition_contradicted,Not Supported,Not Supported
P0922,P0922_T1,P0922_T1_1,1,relation_contradicted,Not Supported,Not Supported
P0922,P0922_T1,P0922_T1_2,2,condition_replaced,Not Enough Evidence,Not Enough Evidence
P0922,P0922_T1,P0922_T1_3,3,condition_removed,Not Enough Evidence,Not Enough Evidence
P0922,P0922_T1,P0922_T1_4,4,supported,Supported,Supported
P0922,P0922_T1,P0922_T1_5,5,condition_contradicted,Not Supported,Not Supported
P0922,P0922_T2,P0922_T2_1,1,relation_contradicted,Not Supported,Not Supported
P0922,P0922_T2,P0922_T2_2,2,condition_replaced,Not Enough Evidence,Not Enough Evidence
P0922,P0922_T2,P0922_T2_3,3,condition_removed,Not Enough Evidence,Not Enough Evidence
P0922,P0922_T2,P0922_T2_4,4,supported,Supported,Supported
P0922,P0922_T2,P0922_T2_5,5,condition_contradicted,Not Supported,Not Supported
P0925,P0925_T1,P0925_T1_1,1,relation_contradicted,Not Supported,Not Supported
P0925,P0925_T1,P0925_T1_2,2,condition_replaced,Not Enough Evidence,Not Enough Evidence
P0925,P0925_T1,P0925_T1_3,3,condition_removed,Not Enough Evidence,Not Enough Evidence
P0925,P0925_T1,P0925_T1_4,4,supported,Supported,Supported
P0925,P0925_T1,P0925_T1_5,5,condition_contradicted,Not Supported,Not Supported
P0925,P0925_T2,P0925_T2_1,1,relation_contradicted,Not Supported,Not Supported
P0925,P0925_T2,P0925_T2_2,2,condition_replaced,Not Enough Evidence,Not Enough Evidence
P0925,P0925_T2,P0925_T2_3,3,condition_removed,Not Enough Evidence,Not Enough Evidence
P0925,P0925_T2,P0925_T2_4,4,supported,Supported,Supported
P0925,P0925_T2,P0925_T2_5,5,condition_contradicted,Not Supported,Not Supported
P0928,P0928_T1,P0928_T1_1,1,relation_contradicted,Not Supported,Not Supported
P0928,P0928_T1,P0928_T1_2,2,condition_replaced,Not Enough Evidence,Not Enough Evidence
P0928,P0928_T1,P0928_T1_3,3,condition_removed,Not Enough Evidence,Not Enough Evidence
P0928,P0928_T1,P0928_T1_4,4,supported,Supported,Supported
P0928,P0928_T1,P0928_T1_5,5,condition_contradicted,Not Supported,Not Supported
P0935,P0935_T1,P0935_T1_1,1,relation_contradicted,Not Supported,Not Supported
P0935,P0935_T1,P0935_T1_2,2,condition_replaced,Not Enough Evidence,Not Enough Evidence
P0935,P0935_T1,P0935_T1_3,3,condition_removed,Not Enough Evidence,Not Enough Evidence
P0935,P0935_T1,P0935_T1_4,4,supported,Supported,Supported
P0935,P0935_T1,P0935_T1_5,5,condition_contradicted,Not Supported,Not Supported
P0941,P0941_T1,P0941_T1_1,1,relation_contradicted,Not Supported,Not Supported
P0941,P0941_T1,P0941_T1_2,2,condition_replaced,Not Enough Evidence,Not Enough Evidence
P0941,P0941_T1,P0941_T1_3,3,condition_removed,Not Enough Evidence,Not Enough Evidence
P0941,P0941_T1,P0941_T1_4,4,supported,Supported,Supported
P0941,P0941_T1,P0941_T1_5,5,condition_contradicted,Not Supported,Not Supported
P0945,P0945_T1,P0945_T1_1,1,relation_contradicted,Not Supported,Not Supported
P0945,P0945_T1,P0945_T1_2,2,condition_replaced,Not Enough Evidence,Not Enough Evidence
P0945,P0945_T1,P0945_T1_3,3,condition_removed,Not Enough Evidence,Not Enough Evidence
P0945,P0945_T1,P0945_T1_4,4,supported,Supported,Supported
P0945,P0945_T1,P0945_T1_5,5,condition_contradicted,Not Supported,Not Supported
P0951,P0951_T1,P0951_T1_1,1,relation_contradicted,Not Supported,Not Supported
P0951,P0951_T1,P0951_T1_2,2,condition_replaced,Not Enough Evidence,Not Enough Evidence
P0951,P0951_T1,P0951_T1_3,3,condition_removed,Not Enough Evidence,Not Enough Evidence
P0951,P0951_T1,P0951_T1_4,4,supported,Supported,Supported
P0951,P0951_T1,P0951_T1_5,5,condition_contradicted,Not Supported,Not Supported
P0954,P0954_T1,P0954_T1_1,1,relation_contradicted,Not Supported,Not Supported
P0954,P0954_T1,P0954_T1_2,2,condition_replaced,Not Enough Evidence,Not Enough Evidence
P0954,P0954_T1,P0954_T1_3,3,condition_removed,Not Enough Evidence,Not Enough Evidence
P0954,P0954_T1,P0954_T1_4,4,supported,Supported,Supported
P0954,P0954_T1,P0954_T1_5,5,condition_contradicted,Not Supported,Not Supported
P0957,P0957_T1,P0957_T1_1,1,relation_contradicted,Not Supported,Not Supported
P0957,P0957_T1,P0957_T1_2,2,condition_replaced,Not Enough Evidence,Not Enough Evidence
P0957,P0957_T1,P0957_T1_3,3,condition_removed,Not Enough Evidence,Not Enough Evidence
P0957,P0957_T1,P0957_T1_4,4,supported,Supported,Supported
P0957,P0957_T1,P0957_T1_5,5,condition_contradicted,Not Supported,Not Supported
P0959,P0959_T1,P0959_T1_1,1,relation_contradicted,Not Supported,Not Supported
P0959,P0959_T1,P0959_T1_2,2,condition_replaced,Not Enough Evidence,Not Enough Evidence
P0959,P0959_T1,P0959_T1_3,3,condition_removed,Not Enough Evidence,Not Enough Evidence
P0959,P0959_T1,P0959_T1_4,4,supported,Supported,Supported
P0959,P0959_T1,P0959_T1_5,5,condition_contradicted,Not Supported,Not Supported
P0960,P0960_T1,P0960_T1_1,1,relation_contradicted,Not Supported,Not Supported
P0960,P0960_T1,P0960_T1_2,2,condition_replaced,Not Enough Evidence,Not Enough Evidence
P0960,P0960_T1,P0960_T1_3,3,condition_removed,Not Enough Evidence,Not Enough Evidence
P0960,P0960_T1,P0960_T1_4,4,supported,Supported,Supported
P0960,P0960_T1,P0960_T1_5,5,condition_contradicted,Not Supported,Not Supported
P0963,P0963_T1,P0963_T1_1,1,relation_contradicted,Not Supported,Not Supported
P0963,P0963_T1,P0963_T1_2,2,condition_replaced,Not Enough Evidence,Not Enough Evidence
P0963,P0963_T1,P0963_T1_3,3,condition_removed,Not Enough Evidence,Not Enough Evidence
P0963,P0963_T1,P0963_T1_4,4,supported,Supported,Supported
P0963,P0963_T1,P0963_T1_5,5,condition_contradicted,Not Supported,Not Supported
P0965,P0965_T1,P0965_T1_1,1,relation_contradicted,Not Supported,Not Supported
P0965,P0965_T1,P0965_T1_2,2,condition_replaced,Not Enough Evidence,Not Enough Evidence
P0965,P0965_T1,P0965_T1_3,3,condition_removed,Not Enough Evidence,Not Enough Evidence
P0965,P0965_T1,P0965_T1_4,4,supported,Supported,Supported
P0965,P0965_T1,P0965_T1_5,5,condition_contradicted,Not Supported,Not Supported
P0966,P0966_T1,P0966_T1_1,1,relation_contradicted,Not Supported,Not Supported
P0966,P0966_T1,P0966_T1_2,2,condition_replaced,Not Enough Evidence,Not Enough Evidence
P0966,P0966_T1,P0966_T1_3,3,condition_removed,Not Enough Evidence,Not Enough Evidence
P0966,P0966_T1,P0966_T1_4,4,supported,Supported,Supported
P0966,P0966_T1,P0966_T1_5,5,condition_contradicted,Not Supported,Not Supported
P0969,P0969_T1,P0969_T1_1,1,relation_contradicted,Not Supported,Not Supported
P0969,P0969_T1,P0969_T1_2,2,condition_replaced,Not Enough Evidence,Not Enough Evidence
P0969,P0969_T1,P0969_T1_3,3,condition_removed,Not Enough Evidence,Not Enough Evidence
P0969,P0969_T1,P0969_T1_4,4,supported,Supported,Supported
P0969,P0969_T1,P0969_T1_5,5,condition_contradicted,Not Supported,Not Supported
P0973,P0973_T1,P0973_T1_1,1,relation_contradicted,Not Supported,Not Supported
P0973,P0973_T1,P0973_T1_2,2,condition_replaced,Not Enough Evidence,Not Enough Evidence
P0973,P0973_T1,P0973_T1_3,3,condition_removed,Not Enough Evidence,Not Enough Evidence
P0973,P0973_T1,P0973_T1_4,4,supported,Supported,Supported
P0973,P0973_T1,P0973_T1_5,5,condition_contradicted,Not Supported,Not Supported
P0973,P0973_T2,P0973_T2_1,1,relation_contradicted,Not Supported,Not Supported
P0973,P0973_T2,P0973_T2_2,2,condition_replaced,Not Enough Evidence,Not Enough Evidence
P0973,P0973_T2,P0973_T2_3,3,condition_removed,Not Enough Evidence,Not Enough Evidence
P0973,P0973_T2,P0973_T2_4,4,supported,Supported,Supported
P0973,P0973_T2,P0973_T2_5,5,condition_contradicted,Not Supported,Not Supported
P0974,P0974_T1,P0974_T1_1,1,relation_contradicted,Not Supported,Not Supported
P0974,P0974_T1,P0974_T1_2,2,condition_replaced,Not Enough Evidence,Not Enough Evidence
P0974,P0974_T1,P0974_T1_3,3,condition_removed,Not Enough Evidence,Not Enough Evidence
P0974,P0974_T1,P0974_T1_4,4,supported,Supported,Supported
P0974,P0974_T1,P0974_T1_5,5,condition_contradicted,Not Supported,Not Supported
P0974,P0974_T2,P0974_T2_1,1,relation_contradicted,Not Supported,Not Supported
P0974,P0974_T2,P0974_T2_2,2,condition_replaced,Not Enough Evidence,Not Enough Evidence
P0974,P0974_T2,P0974_T2_3,3,condition_removed,Not Enough Evidence,Not Enough Evidence
P0974,P0974_T2,P0974_T2_4,4,supported,Supported,Supported
P0974,P0974_T2,P0974_T2_5,5,condition_contradicted,Not Supported,Not Supported
P0976,P0976_T1,P0976_T1_1,1,relation_contradicted,Not Supported,Not Supported
P0976,P0976_T1,P0976_T1_2,2,condition_replaced,Not Enough Evidence,Not Enough Evidence
P0976,P0976_T1,P0976_T1_3,3,condition_removed,Not Enough Evidence,Not Enough Evidence
P0976,P0976_T1,P0976_T1_4,4,supported,Supported,Supported
P0976,P0976_T1,P0976_T1_5,5,condition_contradicted,Not Supported,Not Supported
P0976,P0976_T2,P0976_T2_1,1,relation_contradicted,Not Supported,Not Supported
P0976,P0976_T2,P0976_T2_2,2,condition_replaced,Not Enough Evidence,Not Enough Evidence
P0976,P0976_T2,P0976_T2_3,3,condition_removed,Not Enough Evidence,Not Enough Evidence
P0976,P0976_T2,P0976_T2_4,4,supported,Supported,Supported
P0976,P0976_T2,P0976_T2_5,5,condition_contradicted,Not Supported,Not Supported
P0977,P0977_T1,P0977_T1_1,1,relation_contradicted,Not Supported,Not Supported
P0977,P0977_T1,P0977_T1_2,2,condition_replaced,Not Enough Evidence,Not Enough Evidence
P0977,P0977_T1,P0977_T1_3,3,condition_removed,Not Enough Evidence,Not Enough Evidence
P0977,P0977_T1,P0977_T1_4,4,supported,Supported,Supported
P0977,P0977_T1,P0977_T1_5,5,condition_contradicted,Not Supported,Not Supported
P0977,P0977_T2,P0977_T2_1,1,relation_contradicted,Not Supported,Not Supported
P0977,P0977_T2,P0977_T2_2,2,condition_replaced,Not Enough Evidence,Not Enough Evidence
P0977,P0977_T2,P0977_T2_3,3,condition_removed,Not Enough Evidence,Not Enough Evidence
P0977,P0977_T2,P0977_T2_4,4,supported,Supported,Supported
P0977,P0977_T2,P0977_T2_5,5,condition_contradicted,Not Supported,Not Supported
P0985,P0985_T1,P0985_T1_1,1,relation_contradicted,Not Supported,Not Supported
P0985,P0985_T1,P0985_T1_2,2,condition_replaced,Not Enough Evidence,Not Enough Evidence
P0985,P0985_T1,P0985_T1_3,3,condition_removed,Not Enough Evidence,Not Enough Evidence
P0985,P0985_T1,P0985_T1_4,4,supported,Supported,Supported
P0985,P0985_T1,P0985_T1_5,5,condition_contradicted,Not Supported,Not Supported
P0985,P0985_T2,P0985_T2_1,1,relation_contradicted,Not Supported,Not Supported
P0985,P0985_T2,P0985_T2_2,2,condition_replaced,Not Enough Evidence,Not Enough Evidence
P0985,P0985_T2,P0985_T2_3,3,condition_removed,Not Enough Evidence,Not Enough Evidence
P0985,P0985_T2,P0985_T2_4,4,supported,Supported,Supported
P0985,P0985_T2,P0985_T2_5,5,condition_contradicted,Not Supported,Not Supported
P0987,P0987_T1,P0987_T1_1,1,relation_contradicted,Not Supported,Not Supported
P0987,P0987_T1,P0987_T1_2,2,condition_replaced,Not Enough Evidence,Not Enough Evidence
P0987,P0987_T1,P0987_T1_3,3,condition_removed,Not Enough Evidence,Not Enough Evidence
P0987,P0987_T1,P0987_T1_4,4,supported,Supported,Supported
P0987,P0987_T1,P0987_T1_5,5,condition_contradicted,Not Supported,Not Supported
P0987,P0987_T2,P0987_T2_1,1,relation_contradicted,Not Supported,Not Supported
P0987,P0987_T2,P0987_T2_2,2,condition_replaced,Not Enough Evidence,Not Enough Evidence
P0987,P0987_T2,P0987_T2_3,3,condition_removed,Not Enough Evidence,Not Enough Evidence
P0987,P0987_T2,P0987_T2_4,4,supported,Supported,Supported
P0987,P0987_T2,P0987_T2_5,5,condition_contradicted,Not Supported,Not Supported
P0990,P0990_T1,P0990_T1_1,1,relation_contradicted,Not Supported,Not Supported
P0990,P0990_T1,P0990_T1_2,2,condition_replaced,Not Enough Evidence,Not Enough Evidence
P0990,P0990_T1,P0990_T1_3,3,condition_removed,Not Enough Evidence,Not Enough Evidence
P0990,P0990_T1,P0990_T1_4,4,supported,Supported,Supported
P0990,P0990_T1,P0990_T1_5,5,condition_contradicted,Not Supported,Not Supported
P0990,P0990_T2,P0990_T2_1,1,relation_contradicted,Not Supported,Not Supported
P0990,P0990_T2,P0990_T2_2,2,condition_replaced,Not Enough Evidence,Not Enough Evidence
P0990,P0990_T2,P0990_T2_3,3,condition_removed,Not Enough Evidence,Not Enough Evidence
P0990,P0990_T2,P0990_T2_4,4,supported,Supported,Supported
P0990,P0990_T2,P0990_T2_5,5,condition_contradicted,Not Supported,Not Supported
P0994,P0994_T1,P0994_T1_1,1,relation_contradicted,Not Supported,Not Supported
P0994,P0994_T1,P0994_T1_2,2,condition_replaced,Not Enough Evidence,Not Enough Evidence
P0994,P0994_T1,P0994_T1_3,3,condition_removed,Not Enough Evidence,Not Enough Evidence
P0994,P0994_T1,P0994_T1_4,4,supported,Supported,Supported
P0994,P0994_T1,P0994_T1_5,5,condition_contradicted,Not Supported,Not Supported
P0994,P0994_T2,P0994_T2_1,1,relation_contradicted,Not Supported,Not Supported
P0994,P0994_T2,P0994_T2_2,2,condition_replaced,Not Enough Evidence,Not Enough Evidence
P0994,P0994_T2,P0994_T2_3,3,condition_removed,Not Enough Evidence,Not Enough Evidence
P0994,P0994_T2,P0994_T2_4,4,supported,Supported,Supported
P0994,P0994_T2,P0994_T2_5,5,condition_contradicted,Not Supported,Not Supported
P0996,P0996_T1,P0996_T1_1,1,relation_contradicted,Not Supported,Not Supported
P0996,P0996_T1,P0996_T1_2,2,condition_replaced,Not Enough Evidence,Not Enough Evidence
P0996,P0996_T1,P0996_T1_3,3,condition_removed,Not Enough Evidence,Not Enough Evidence
P0996,P0996_T1,P0996_T1_4,4,supported,Supported,Supported
P0996,P0996_T1,P0996_T1_5,5,condition_contradicted,Not Supported,Not Supported
P0996,P0996_T2,P0996_T2_1,1,relation_contradicted,Not Supported,Not Supported
P0996,P0996_T2,P0996_T2_2,2,condition_replaced,Not Enough Evidence,Not Enough Evidence
P0996,P0996_T2,P0996_T2_3,3,condition_removed,Not Enough Evidence,Not Enough Evidence
P0996,P0996_T2,P0996_T2_4,4,supported,Supported,Supported
P0996,P0996_T2,P0996_T2_5,5,condition_contradicted,Not Supported,Not Supported
P0998,P0998_T1,P0998_T1_1,1,relation_contradicted,Not Supported,Not Supported
P0998,P0998_T1,P0998_T1_2,2,condition_replaced,Not Enough Evidence,Not Enough Evidence
P0998,P0998_T1,P0998_T1_3,3,condition_removed,Not Enough Evidence,Not Enough Evidence
P0998,P0998_T1,P0998_T1_4,4,supported,Supported,Supported
P0998,P0998_T1,P0998_T1_5,5,condition_contradicted,Not Supported,Not Supported
P0998,P0998_T2,P0998_T2_1,1,relation_contradicted,Not Supported,Not Supported
P0998,P0998_T2,P0998_T2_2,2,condition_replaced,Not Enough Evidence,Not Enough Evidence
P0998,P0998_T2,P0998_T2_3,3,condition_removed,Not Enough Evidence,Not Enough Evidence
P0998,P0998_T2,P0998_T2_4,4,supported,Supported,Supported
P0998,P0998_T2,P0998_T2_5,5,condition_contradicted,Not Supported,Not Supported
P0999,P0999_T1,P0999_T1_1,1,relation_contradicted,Not Supported,Not Supported
P0999,P0999_T1,P0999_T1_2,2,condition_replaced,Not Enough Evidence,Not Enough Evidence
P0999,P0999_T1,P0999_T1_3,3,condition_removed,Not Enough Evidence,Not Enough Evidence
P0999,P0999_T1,P0999_T1_4,4,supported,Supported,Supported
P0999,P0999_T1,P0999_T1_5,5,condition_contradicted,Not Supported,Not Supported
P0999,P0999_T2,P0999_T2_1,1,relation_contradicted,Not Supported,Not Supported
P0999,P0999_T2,P0999_T2_2,2,condition_replaced,Not Enough Evidence,Not Supported
P0999,P0999_T2,P0999_T2_3,3,condition_removed,Not Enough Evidence,Not Enough Evidence
P0999,P0999_T2,P0999_T2_4,4,supported,Supported,Supported
P0999,P0999_T2,P0999_T2_5,5,condition_contradicted,Not Supported,Not Supported
P1010,P1010_T1,P1010_T1_1,1,relation_contradicted,Not Supported,Not Supported
P1010,P1010_T1,P1010_T1_2,2,condition_replaced,Not Enough Evidence,Not Enough Evidence
P1010,P1010_T1,P1010_T1_3,3,condition_removed,Not Enough Evidence,Not Enough Evidence
P1010,P1010_T1,P1010_T1_4,4,supported,Supported,Supported
P1010,P1010_T1,P1010_T1_5,5,condition_contradicted,Not Supported,Not Supported
P1010,P1010_T2,P1010_T2_1,1,relation_contradicted,Not Supported,Not Supported
P1010,P1010_T2,P1010_T2_2,2,condition_replaced,Not Enough Evidence,Not Enough Evidence
P1010,P1010_T2,P1010_T2_3,3,condition_removed,Not Enough Evidence,Not Enough Evidence
P1010,P1010_T2,P1010_T2_4,4,supported,Supported,Supported
P1010,P1010_T2,P1010_T2_5,5,condition_contradicted,Not Supported,Not Supported
P1015,P1015_T1,P1015_T1_1,1,relation_contradicted,Not Supported,Not Supported
P1015,P1015_T1,P1015_T1_2,2,condition_replaced,Not Enough Evidence,Not Enough Evidence
P1015,P1015_T1,P1015_T1_3,3,condition_removed,Not Enough Evidence,Not Enough Evidence
P1015,P1015_T1,P1015_T1_4,4,supported,Supported,Supported
P1015,P1015_T1,P1015_T1_5,5,condition_contradicted,Not Supported,Not Supported
P1015,P1015_T2,P1015_T2_1,1,relation_contradicted,Not Supported,Not Supported
P1015,P1015_T2,P1015_T2_2,2,condition_replaced,Not Enough Evidence,Not Enough Evidence
P1015,P1015_T2,P1015_T2_3,3,condition_removed,Not Enough Evidence,Not Enough Evidence
P1015,P1015_T2,P1015_T2_4,4,supported,Supported,Supported
P1015,P1015_T2,P1015_T2_5,5,condition_contradicted,Not Supported,Not Supported
P1016,P1016_T1,P1016_T1_1,1,relation_contradicted,Not Supported,Not Supported
P1016,P1016_T1,P1016_T1_2,2,condition_replaced,Not Enough Evidence,Not Enough Evidence
P1016,P1016_T1,P1016_T1_3,3,condition_removed,Not Enough Evidence,Not Enough Evidence
P1016,P1016_T1,P1016_T1_4,4,supported,Supported,Supported
P1016,P1016_T1,P1016_T1_5,5,condition_contradicted,Not Supported,Not Supported
P1016,P1016_T2,P1016_T2_1,1,relation_contradicted,Not Supported,Not Supported
P1016,P1016_T2,P1016_T2_2,2,condition_replaced,Not Enough Evidence,Not Enough Evidence
P1016,P1016_T2,P1016_T2_3,3,condition_removed,Not Enough Evidence,Not Enough Evidence
P1016,P1016_T2,P1016_T2_4,4,supported,Supported,Supported
P1016,P1016_T2,P1016_T2_5,5,condition_contradicted,Not Supported,Not Supported
P1029,P1029_T1,P1029_T1_1,1,relation_contradicted,Not Supported,Not Supported
P1029,P1029_T1,P1029_T1_2,2,condition_replaced,Not Enough Evidence,Not Enough Evidence
P1029,P1029_T1,P1029_T1_3,3,condition_removed,Not Enough Evidence,Not Enough Evidence
P1029,P1029_T1,P1029_T1_4,4,supported,Supported,Supported
P1029,P1029_T1,P1029_T1_5,5,condition_contradicted,Not Supported,Not Supported
P1029,P1029_T2,P1029_T2_1,1,relation_contradicted,Not Supported,Not Supported
P1029,P1029_T2,P1029_T2_2,2,condition_replaced,Not Enough Evidence,Not Enough Evidence
P1029,P1029_T2,P1029_T2_3,3,condition_removed,Not Enough Evidence,Not Enough Evidence
P1029,P1029_T2,P1029_T2_4,4,supported,Supported,Supported
P1029,P1029_T2,P1029_T2_5,5,condition_contradicted,Not Supported,Not Supported
P1031,P1031_T1,P1031_T1_1,1,relation_contradicted,Not Supported,Not Supported
P1031,P1031_T1,P1031_T1_2,2,condition_replaced,Not Enough Evidence,Not Enough Evidence
P1031,P1031_T1,P1031_T1_3,3,condition_removed,Not Enough Evidence,Not Enough Evidence
P1031,P1031_T1,P1031_T1_4,4,supported,Supported,Supported
P1031,P1031_T1,P1031_T1_5,5,condition_contradicted,Not Supported,Not Supported
P1031,P1031_T2,P1031_T2_1,1,relation_contradicted,Not Supported,Not Supported
P1031,P1031_T2,P1031_T2_2,2,condition_replaced,Not Enough Evidence,Not Enough Evidence
P1031,P1031_T2,P1031_T2_3,3,condition_removed,Not Enough Evidence,Not Enough Evidence
P1031,P1031_T2,P1031_T2_4,4,supported,Supported,Supported
P1031,P1031_T2,P1031_T2_5,5,condition_contradicted,Not Supported,Not Supported
P1032,P1032_T1,P1032_T1_1,1,relation_contradicted,Not Supported,Not Supported
P1032,P1032_T1,P1032_T1_2,2,condition_replaced,Not Enough Evidence,Not Enough Evidence
P1032,P1032_T1,P1032_T1_3,3,condition_removed,Not Enough Evidence,Not Enough Evidence
P1032,P1032_T1,P1032_T1_4,4,supported,Supported,Supported
P1032,P1032_T1,P1032_T1_5,5,condition_contradicted,Not Supported,Not Supported
P1032,P1032_T2,P1032_T2_1,1,relation_contradicted,Not Supported,Not Supported
P1032,P1032_T2,P1032_T2_2,2,condition_replaced,Not Enough Evidence,Not Enough Evidence
P1032,P1032_T2,P1032_T2_3,3,condition_removed,Not Enough Evidence,Not Enough Evidence
P1032,P1032_T2,P1032_T2_4,4,supported,Supported,Supported
P1032,P1032_T2,P1032_T2_5,5,condition_contradicted,Not Supported,Not Supported
P1035,P1035_T1,P1035_T1_1,1,relation_contradicted,Not Supported,Not Supported
P1035,P1035_T1,P1035_T1_2,2,condition_replaced,Not Enough Evidence,Not Enough Evidence
P1035,P1035_T1,P1035_T1_3,3,condition_removed,Not Enough Evidence,Not Enough Evidence
P1035,P1035_T1,P1035_T1_4,4,supported,Supported,Supported
P1035,P1035_T1,P1035_T1_5,5,condition_contradicted,Not Supported,Not Supported
P1035,P1035_T2,P1035_T2_1,1,relation_contradicted,Not Supported,Not Supported
P1035,P1035_T2,P1035_T2_2,2,condition_replaced,Not Enough Evidence,Not Enough Evidence
P1035,P1035_T2,P1035_T2_3,3,condition_removed,Not Enough Evidence,Not Enough Evidence
P1035,P1035_T2,P1035_T2_4,4,supported,Supported,Supported
P1035,P1035_T2,P1035_T2_5,5,condition_contradicted,Not Supported,Not Supported
P1036,P1036_T1,P1036_T1_1,1,relation_contradicted,Not Supported,Not Supported
P1036,P1036_T1,P1036_T1_2,2,condition_replaced,Not Enough Evidence,Not Enough Evidence
P1036,P1036_T1,P1036_T1_3,3,condition_removed,Not Enough Evidence,Not Enough Evidence
P1036,P1036_T1,P1036_T1_4,4,supported,Supported,Supported
P1036,P1036_T1,P1036_T1_5,5,condition_contradicted,Not Supported,Not Supported
P1036,P1036_T2,P1036_T2_1,1,relation_contradicted,Not Supported,Not Supported
P1036,P1036_T2,P1036_T2_2,2,condition_replaced,Not Enough Evidence,Not Enough Evidence
P1036,P1036_T2,P1036_T2_3,3,condition_removed,Not Enough Evidence,Not Enough Evidence
P1036,P1036_T2,P1036_T2_4,4,supported,Supported,Supported
P1036,P1036_T2,P1036_T2_5,5,condition_contradicted,Not Supported,Not Supported
P1037,P1037_T1,P1037_T1_1,1,relation_contradicted,Not Supported,Not Supported
P1037,P1037_T1,P1037_T1_2,2,condition_replaced,Not Enough Evidence,Not Enough Evidence
P1037,P1037_T1,P1037_T1_3,3,condition_removed,Not Enough Evidence,Not Enough Evidence
P1037,P1037_T1,P1037_T1_4,4,supported,Supported,Supported
P1037,P1037_T1,P1037_T1_5,5,condition_contradicted,Not Supported,Not Supported
P1037,P1037_T2,P1037_T2_1,1,relation_contradicted,Not Supported,Not Supported
P1037,P1037_T2,P1037_T2_2,2,condition_replaced,Not Enough Evidence,Not Enough Evidence
P1037,P1037_T2,P1037_T2_3,3,condition_removed,Not Enough Evidence,Not Enough Evidence
P1037,P1037_T2,P1037_T2_4,4,supported,Supported,Supported
P1037,P1037_T2,P1037_T2_5,5,condition_contradicted,Not Supported,Not Supported
P1038,P1038_T1,P1038_T1_1,1,relation_contradicted,Not Supported,Not Supported
P1038,P1038_T1,P1038_T1_2,2,condition_replaced,Not Enough Evidence,Not Enough Evidence
P1038,P1038_T1,P1038_T1_3,3,condition_removed,Not Enough Evidence,Not Enough Evidence
P1038,P1038_T1,P1038_T1_4,4,supported,Supported,Supported
P1038,P1038_T1,P1038_T1_5,5,condition_contradicted,Not Supported,Not Supported
P1038,P1038_T2,P1038_T2_1,1,relation_contradicted,Not Supported,Not Supported
P1038,P1038_T2,P1038_T2_2,2,condition_replaced,Not Enough Evidence,Not Enough Evidence
P1038,P1038_T2,P1038_T2_3,3,condition_removed,Not Enough Evidence,Not Enough Evidence
P1038,P1038_T2,P1038_T2_4,4,supported,Supported,Supported
P1038,P1038_T2,P1038_T2_5,5,condition_contradicted,Not Supported,Not Supported
P1040,P1040_T1,P1040_T1_1,1,relation_contradicted,Not Supported,Not Supported
P1040,P1040_T1,P1040_T1_2,2,condition_replaced,Not Enough Evidence,Not Enough Evidence
P1040,P1040_T1,P1040_T1_3,3,condition_removed,Not Enough Evidence,Not Enough Evidence
P1040,P1040_T1,P1040_T1_4,4,supported,Supported,Supported
P1040,P1040_T1,P1040_T1_5,5,condition_contradicted,Not Supported,Not Supported
P1040,P1040_T2,P1040_T2_1,1,relation_contradicted,Not Supported,Not Supported
P1040,P1040_T2,P1040_T2_2,2,condition_replaced,Not Enough Evidence,Not Enough Evidence
P1040,P1040_T2,P1040_T2_3,3,condition_removed,Not Enough Evidence,Not Enough Evidence
P1040,P1040_T2,P1040_T2_4,4,supported,Supported,Supported
P1040,P1040_T2,P1040_T2_5,5,condition_contradicted,Not Supported,Not Supported
P1049,P1049_T1,P1049_T1_1,1,relation_contradicted,Not Supported,Not Supported
P1049,P1049_T1,P1049_T1_2,2,condition_replaced,Not Enough Evidence,Not Enough Evidence
P1049,P1049_T1,P1049_T1_3,3,condition_removed,Not Enough Evidence,Not Enough Evidence
P1049,P1049_T1,P1049_T1_4,4,supported,Supported,Supported
P1049,P1049_T1,P1049_T1_5,5,condition_contradicted,Not Supported,Not Supported
P1049,P1049_T2,P1049_T2_1,1,relation_contradicted,Not Supported,Not Supported
P1049,P1049_T2,P1049_T2_2,2,condition_replaced,Not Enough Evidence,Not Enough Evidence
P1049,P1049_T2,P1049_T2_3,3,condition_removed,Not Enough Evidence,Not Enough Evidence
P1049,P1049_T2,P1049_T2_4,4,supported,Supported,Supported
P1049,P1049_T2,P1049_T2_5,5,condition_contradicted,Not Supported,Not Supported
P1049,P1049_T3,P1049_T3_1,1,relation_contradicted,Not Supported,Not Supported
P1049,P1049_T3,P1049_T3_2,2,condition_replaced,Not Enough Evidence,Not Enough Evidence
P1049,P1049_T3,P1049_T3_3,3,condition_removed,Not Enough Evidence,Not Enough Evidence
P1049,P1049_T3,P1049_T3_4,4,supported,Supported,Supported
P1049,P1049_T3,P1049_T3_5,5,condition_contradicted,Not Supported,Not Supported
P1050,P1050_T1,P1050_T1_1,1,relation_contradicted,Not Supported,Not Supported
P1050,P1050_T1,P1050_T1_2,2,condition_replaced,Not Enough Evidence,Not Enough Evidence
P1050,P1050_T1,P1050_T1_3,3,condition_removed,Not Enough Evidence,Not Enough Evidence
P1050,P1050_T1,P1050_T1_4,4,supported,Supported,Supported
P1050,P1050_T1,P1050_T1_5,5,condition_contradicted,Not Supported,Not Supported
P1050,P1050_T2,P1050_T2_1,1,relation_contradicted,Not Supported,Not Supported
P1050,P1050_T2,P1050_T2_2,2,condition_replaced,Not Enough Evidence,Not Enough Evidence
P1050,P1050_T2,P1050_T2_3,3,condition_removed,Not Enough Evidence,Not Enough Evidence
P1050,P1050_T2,P1050_T2_4,4,supported,Supported,Supported
P1050,P1050_T2,P1050_T2_5,5,condition_contradicted,Not Supported,Not Supported
P1050,P1050_T3,P1050_T3_1,1,relation_contradicted,Not Supported,Not Supported
P1050,P1050_T3,P1050_T3_2,2,condition_replaced,Not Enough Evidence,Not Enough Evidence
P1050,P1050_T3,P1050_T3_3,3,condition_removed,Not Enough Evidence,Not Enough Evidence
P1050,P1050_T3,P1050_T3_4,4,supported,Supported,Supported
P1050,P1050_T3,P1050_T3_5,5,condition_contradicted,Not Supported,Not Supported
P1051,P1051_T1,P1051_T1_1,1,relation_contradicted,Not Supported,Not Supported
P1051,P1051_T1,P1051_T1_2,2,condition_replaced,Not Enough Evidence,Not Enough Evidence
P1051,P1051_T1,P1051_T1_3,3,condition_removed,Not Enough Evidence,Not Enough Evidence
P1051,P1051_T1,P1051_T1_4,4,supported,Supported,Supported
P1051,P1051_T1,P1051_T1_5,5,condition_contradicted,Not Supported,Not Supported
P1051,P1051_T2,P1051_T2_1,1,relation_contradicted,Not Supported,Not Supported
P1051,P1051_T2,P1051_T2_2,2,condition_replaced,Not Enough Evidence,Not Enough Evidence
P1051,P1051_T2,P1051_T2_3,3,condition_removed,Not Enough Evidence,Not Enough Evidence
P1051,P1051_T2,P1051_T2_4,4,supported,Supported,Supported
P1051,P1051_T2,P1051_T2_5,5,condition_contradicted,Not Supported,Not Supported
P1052,P1052_T1,P1052_T1_1,1,relation_contradicted,Not Supported,Not Supported
P1052,P1052_T1,P1052_T1_2,2,condition_replaced,Not Enough Evidence,Not Enough Evidence
P1052,P1052_T1,P1052_T1_3,3,condition_removed,Not Enough Evidence,Not Enough Evidence
P1052,P1052_T1,P1052_T1_4,4,supported,Supported,Supported
P1052,P1052_T1,P1052_T1_5,5,condition_contradicted,Not Supported,Not Supported
P1052,P1052_T2,P1052_T2_1,1,relation_contradicted,Not Supported,Not Supported
P1052,P1052_T2,P1052_T2_2,2,condition_replaced,Not Enough Evidence,Not Enough Evidence
P1052,P1052_T2,P1052_T2_3,3,condition_removed,Not Enough Evidence,Not Enough Evidence
P1052,P1052_T2,P1052_T2_4,4,supported,Supported,Supported
P1052,P1052_T2,P1052_T2_5,5,condition_contradicted,Not Supported,Not Supported
P1053,P1053_T1,P1053_T1_1,1,relation_contradicted,Not Supported,Not Supported
P1053,P1053_T1,P1053_T1_2,2,condition_replaced,Not Enough Evidence,Not Enough Evidence
P1053,P1053_T1,P1053_T1_3,3,condition_removed,Not Enough Evidence,Not Enough Evidence
P1053,P1053_T1,P1053_T1_4,4,supported,Supported,Supported
P1053,P1053_T1,P1053_T1_5,5,condition_contradicted,Not Supported,Not Supported
P1053,P1053_T2,P1053_T2_1,1,relation_contradicted,Not Supported,Not Supported
P1053,P1053_T2,P1053_T2_2,2,condition_replaced,Not Enough Evidence,Not Enough Evidence
P1053,P1053_T2,P1053_T2_3,3,condition_removed,Not Enough Evidence,Not Enough Evidence
P1053,P1053_T2,P1053_T2_4,4,supported,Supported,Supported
P1053,P1053_T2,P1053_T2_5,5,condition_contradicted,Not Supported,Not Supported
P1056,P1056_T1,P1056_T1_1,1,relation_contradicted,Not Supported,Not Supported
P1056,P1056_T1,P1056_T1_2,2,condition_replaced,Not Enough Evidence,Not Enough Evidence
P1056,P1056_T1,P1056_T1_3,3,condition_removed,Not Enough Evidence,Not Enough Evidence
P1056,P1056_T1,P1056_T1_4,4,supported,Supported,Supported
P1056,P1056_T1,P1056_T1_5,5,condition_contradicted,Not Supported,Not Supported
P1056,P1056_T2,P1056_T2_1,1,relation_contradicted,Not Supported,Not Supported
P1056,P1056_T2,P1056_T2_2,2,condition_replaced,Not Enough Evidence,Not Enough Evidence
P1056,P1056_T2,P1056_T2_3,3,condition_removed,Not Enough Evidence,Not Enough Evidence
P1056,P1056_T2,P1056_T2_4,4,supported,Supported,Supported
P1056,P1056_T2,P1056_T2_5,5,condition_contradicted,Not Supported,Not Supported
P1058,P1058_T1,P1058_T1_1,1,relation_contradicted,Not Supported,Not Supported
P1058,P1058_T1,P1058_T1_2,2,condition_replaced,Not Enough Evidence,Not Enough Evidence
P1058,P1058_T1,P1058_T1_3,3,condition_removed,Not Enough Evidence,Not Enough Evidence
P1058,P1058_T1,P1058_T1_4,4,supported,Supported,Supported
P1058,P1058_T1,P1058_T1_5,5,condition_contradicted,Not Supported,Not Supported
P1058,P1058_T2,P1058_T2_1,1,relation_contradicted,Not Supported,Not Supported
P1058,P1058_T2,P1058_T2_2,2,condition_replaced,Not Enough Evidence,Not Enough Evidence
P1058,P1058_T2,P1058_T2_3,3,condition_removed,Not Enough Evidence,Not Enough Evidence
P1058,P1058_T2,P1058_T2_4,4,supported,Supported,Supported
P1058,P1058_T2,P1058_T2_5,5,condition_contradicted,Not Supported,Not Supported
P1060,P1060_T1,P1060_T1_1,1,relation_contradicted,Not Supported,Not Supported
P1060,P1060_T1,P1060_T1_2,2,condition_replaced,Not Enough Evidence,Not Enough Evidence
P1060,P1060_T1,P1060_T1_3,3,condition_removed,Not Enough Evidence,Not Enough Evidence
P1060,P1060_T1,P1060_T1_4,4,supported,Supported,Supported
P1060,P1060_T1,P1060_T1_5,5,condition_contradicted,Not Supported,Not Supported
P1060,P1060_T2,P1060_T2_1,1,relation_contradicted,Not Supported,Not Supported
P1060,P1060_T2,P1060_T2_2,2,condition_replaced,Not Enough Evidence,Not Enough Evidence
P1060,P1060_T2,P1060_T2_3,3,condition_removed,Not Enough Evidence,Not Enough Evidence
P1060,P1060_T2,P1060_T2_4,4,supported,Supported,Supported
P1060,P1060_T2,P1060_T2_5,5,condition_contradicted,Not Supported,Not Supported
P1061,P1061_T1,P1061_T1_1,1,relation_contradicted,Not Supported,Not Supported
P1061,P1061_T1,P1061_T1_2,2,condition_replaced,Not Enough Evidence,Not Enough Evidence
P1061,P1061_T1,P1061_T1_3,3,condition_removed,Not Enough Evidence,Not Enough Evidence
P1061,P1061_T1,P1061_T1_4,4,supported,Supported,Supported
P1061,P1061_T1,P1061_T1_5,5,condition_contradicted,Not Supported,Not Supported
P1061,P1061_T2,P1061_T2_1,1,relation_contradicted,Not Supported,Not Supported
P1061,P1061_T2,P1061_T2_2,2,condition_replaced,Not Enough Evidence,Not Enough Evidence
P1061,P1061_T2,P1061_T2_3,3,condition_removed,Not Enough Evidence,Not Enough Evidence
P1061,P1061_T2,P1061_T2_4,4,supported,Supported,Supported
P1061,P1061_T2,P1061_T2_5,5,condition_contradicted,Not Supported,Not Supported
P1066,P1066_T1,P1066_T1_1,1,relation_contradicted,Not Supported,Not Supported
P1066,P1066_T1,P1066_T1_2,2,condition_replaced,Not Enough Evidence,Not Enough Evidence
P1066,P1066_T1,P1066_T1_3,3,condition_removed,Not Enough Evidence,Not Enough Evidence
P1066,P1066_T1,P1066_T1_4,4,supported,Supported,Supported
P1066,P1066_T1,P1066_T1_5,5,condition_contradicted,Not Supported,Not Supported
P1066,P1066_T2,P1066_T2_1,1,relation_contradicted,Not Supported,Not Supported
P1066,P1066_T2,P1066_T2_2,2,condition_replaced,Not Enough Evidence,Not Enough Evidence
P1066,P1066_T2,P1066_T2_3,3,condition_removed,Not Enough Evidence,Not Enough Evidence
P1066,P1066_T2,P1066_T2_4,4,supported,Supported,Supported
P1066,P1066_T2,P1066_T2_5,5,condition_contradicted,Not Supported,Not Enough Evidence
P1069,P1069_T1,P1069_T1_1,1,relation_contradicted,Not Supported,Not Supported
P1069,P1069_T1,P1069_T1_2,2,condition_replaced,Not Enough Evidence,Not Enough Evidence
P1069,P1069_T1,P1069_T1_3,3,condition_removed,Not Enough Evidence,Not Enough Evidence
P1069,P1069_T1,P1069_T1_4,4,supported,Supported,Supported
P1069,P1069_T1,P1069_T1_5,5,condition_contradicted,Not Supported,Not Supported
P1069,P1069_T2,P1069_T2_1,1,relation_contradicted,Not Supported,Not Supported
P1069,P1069_T2,P1069_T2_2,2,condition_replaced,Not Enough Evidence,Not Enough Evidence
P1069,P1069_T2,P1069_T2_3,3,condition_removed,Not Enough Evidence,Not Enough Evidence
P1069,P1069_T2,P1069_T2_4,4,supported,Supported,Supported
P1069,P1069_T2,P1069_T2_5,5,condition_contradicted,Not Supported,Not Supported
P1071,P1071_T1,P1071_T1_1,1,relation_contradicted,Not Supported,Not Supported
P1071,P1071_T1,P1071_T1_2,2,condition_replaced,Not Enough Evidence,Not Enough Evidence
P1071,P1071_T1,P1071_T1_3,3,condition_removed,Not Enough Evidence,Not Enough Evidence
P1071,P1071_T1,P1071_T1_4,4,supported,Supported,Supported
P1071,P1071_T1,P1071_T1_5,5,condition_contradicted,Not Supported,Not Supported
P1071,P1071_T2,P1071_T2_1,1,relation_contradicted,Not Supported,Not Supported
P1071,P1071_T2,P1071_T2_2,2,condition_replaced,Not Enough Evidence,Not Enough Evidence
P1071,P1071_T2,P1071_T2_3,3,condition_removed,Not Enough Evidence,Not Enough Evidence
P1071,P1071_T2,P1071_T2_4,4,supported,Supported,Supported
P1071,P1071_T2,P1071_T2_5,5,condition_contradicted,Not Supported,Not Supported
P1071,P1071_T3,P1071_T3_1,1,relation_contradicted,Not Supported,Not Supported
P1071,P1071_T3,P1071_T3_2,2,condition_replaced,Not Enough Evidence,Not Enough Evidence
P1071,P1071_T3,P1071_T3_3,3,condition_removed,Not Enough Evidence,Not Enough Evidence
P1071,P1071_T3,P1071_T3_4,4,supported,Supported,Supported
P1071,P1071_T3,P1071_T3_5,5,condition_contradicted,Not Supported,Not Supported
P1073,P1073_T1,P1073_T1_1,1,relation_contradicted,Not Supported,Not Supported
P1073,P1073_T1,P1073_T1_2,2,condition_replaced,Not Enough Evidence,Not Enough Evidence
P1073,P1073_T1,P1073_T1_3,3,condition_removed,Not Enough Evidence,Not Enough Evidence
P1073,P1073_T1,P1073_T1_4,4,supported,Supported,Supported
P1073,P1073_T1,P1073_T1_5,5,condition_contradicted,Not Supported,Not Supported
P1073,P1073_T2,P1073_T2_1,1,relation_contradicted,Not Supported,Not Supported
P1073,P1073_T2,P1073_T2_2,2,condition_replaced,Not Enough Evidence,Not Enough Evidence
P1073,P1073_T2,P1073_T2_3,3,condition_removed,Not Enough Evidence,Not Enough Evidence
P1073,P1073_T2,P1073_T2_4,4,supported,Supported,Supported
P1073,P1073_T2,P1073_T2_5,5,condition_contradicted,Not Supported,Not Supported
P1073,P1073_T3,P1073_T3_1,1,relation_contradicted,Not Supported,Not Supported
P1073,P1073_T3,P1073_T3_2,2,condition_replaced,Not Enough Evidence,Not Enough Evidence
P1073,P1073_T3,P1073_T3_3,3,condition_removed,Not Enough Evidence,Not Enough Evidence
P1073,P1073_T3,P1073_T3_4,4,supported,Supported,Supported
P1073,P1073_T3,P1073_T3_5,5,condition_contradicted,Not Supported,Not Supported
P1077,P1077_T1,P1077_T1_1,1,relation_contradicted,Not Supported,Not Supported
P1077,P1077_T1,P1077_T1_2,2,condition_replaced,Not Enough Evidence,Not Enough Evidence
P1077,P1077_T1,P1077_T1_3,3,condition_removed,Not Enough Evidence,Not Enough Evidence
P1077,P1077_T1,P1077_T1_4,4,supported,Supported,Supported
P1077,P1077_T1,P1077_T1_5,5,condition_contradicted,Not Supported,Not Supported
P1077,P1077_T2,P1077_T2_1,1,relation_contradicted,Not Supported,Not Supported
P1077,P1077_T2,P1077_T2_2,2,condition_replaced,Not Enough Evidence,Not Enough Evidence
P1077,P1077_T2,P1077_T2_3,3,condition_removed,Not Enough Evidence,Not Enough Evidence
P1077,P1077_T2,P1077_T2_4,4,supported,Supported,Supported
P1077,P1077_T2,P1077_T2_5,5,condition_contradicted,Not Supported,Not Supported
P1078,P1078_T1,P1078_T1_1,1,relation_contradicted,Not Supported,Not Supported
P1078,P1078_T1,P1078_T1_2,2,condition_replaced,Not Enough Evidence,Not Enough Evidence
P1078,P1078_T1,P1078_T1_3,3,condition_removed,Not Enough Evidence,Not Enough Evidence
P1078,P1078_T1,P1078_T1_4,4,supported,Supported,Supported
P1078,P1078_T1,P1078_T1_5,5,condition_contradicted,Not Supported,Not Supported
P1078,P1078_T2,P1078_T2_1,1,relation_contradicted,Not Supported,Not Supported
P1078,P1078_T2,P1078_T2_2,2,condition_replaced,Not Enough Evidence,Not Enough Evidence
P1078,P1078_T2,P1078_T2_3,3,condition_removed,Not Enough Evidence,Not Enough Evidence
P1078,P1078_T2,P1078_T2_4,4,supported,Supported,Supported
P1078,P1078_T2,P1078_T2_5,5,condition_contradicted,Not Supported,Not Supported
P1080,P1080_T1,P1080_T1_1,1,relation_contradicted,Not Supported,Not Supported
P1080,P1080_T1,P1080_T1_2,2,condition_replaced,Not Enough Evidence,Not Enough Evidence
P1080,P1080_T1,P1080_T1_3,3,condition_removed,Not Enough Evidence,Not Enough Evidence
P1080,P1080_T1,P1080_T1_4,4,supported,Supported,Supported
P1080,P1080_T1,P1080_T1_5,5,condition_contradicted,Not Supported,Not Supported
P1080,P1080_T2,P1080_T2_1,1,relation_contradicted,Not Supported,Not Supported
P1080,P1080_T2,P1080_T2_2,2,condition_replaced,Not Enough Evidence,Not Enough Evidence
P1080,P1080_T2,P1080_T2_3,3,condition_removed,Not Enough Evidence,Not Enough Evidence
P1080,P1080_T2,P1080_T2_4,4,supported,Supported,Supported
P1080,P1080_T2,P1080_T2_5,5,condition_contradicted,Not Supported,Not Supported
P1081,P1081_T1,P1081_T1_1,1,relation_contradicted,Not Supported,Not Supported
P1081,P1081_T1,P1081_T1_2,2,condition_replaced,Not Enough Evidence,Not Enough Evidence
P1081,P1081_T1,P1081_T1_3,3,condition_removed,Not Enough Evidence,Not Enough Evidence
P1081,P1081_T1,P1081_T1_4,4,supported,Supported,Supported
P1081,P1081_T1,P1081_T1_5,5,condition_contradicted,Not Supported,Not Supported
P1081,P1081_T2,P1081_T2_1,1,relation_contradicted,Not Supported,Not Supported
P1081,P1081_T2,P1081_T2_2,2,condition_replaced,Not Enough Evidence,Not Enough Evidence
P1081,P1081_T2,P1081_T2_3,3,condition_removed,Not Enough Evidence,Not Enough Evidence
P1081,P1081_T2,P1081_T2_4,4,supported,Supported,Supported
P1081,P1081_T2,P1081_T2_5,5,condition_contradicted,Not Supported,Not Supported
P1084,P1084_T1,P1084_T1_1,1,relation_contradicted,Not Supported,Not Supported
P1084,P1084_T1,P1084_T1_2,2,condition_replaced,Not Enough Evidence,Not Enough Evidence
P1084,P1084_T1,P1084_T1_3,3,condition_removed,Not Enough Evidence,Not Enough Evidence
P1084,P1084_T1,P1084_T1_4,4,supported,Supported,Supported
P1084,P1084_T1,P1084_T1_5,5,condition_contradicted,Not Supported,Not Supported
P1084,P1084_T2,P1084_T2_1,1,relation_contradicted,Not Supported,Not Supported
P1084,P1084_T2,P1084_T2_2,2,condition_replaced,Not Enough Evidence,Not Enough Evidence
P1084,P1084_T2,P1084_T2_3,3,condition_removed,Not Enough Evidence,Not Enough Evidence
P1084,P1084_T2,P1084_T2_4,4,supported,Supported,Supported
P1084,P1084_T2,P1084_T2_5,5,condition_contradicted,Not Supported,Not Supported
P1089,P1089_T1,P1089_T1_1,1,relation_contradicted,Not Supported,Not Supported
P1089,P1089_T1,P1089_T1_2,2,condition_replaced,Not Enough Evidence,Not Enough Evidence
P1089,P1089_T1,P1089_T1_3,3,condition_removed,Not Enough Evidence,Not Enough Evidence
P1089,P1089_T1,P1089_T1_4,4,supported,Supported,Supported
P1089,P1089_T1,P1089_T1_5,5,condition_contradicted,Not Supported,Not Supported
P1089,P1089_T2,P1089_T2_1,1,relation_contradicted,Not Supported,Not Supported
P1089,P1089_T2,P1089_T2_2,2,condition_replaced,Not Enough Evidence,Not Enough Evidence
P1089,P1089_T2,P1089_T2_3,3,condition_removed,Not Enough Evidence,Not Enough Evidence
P1089,P1089_T2,P1089_T2_4,4,supported,Supported,Supported
P1089,P1089_T2,P1089_T2_5,5,condition_contradicted,Not Supported,Not Supported
P1090,P1090_T1,P1090_T1_1,1,relation_contradicted,Not Supported,Not Supported
P1090,P1090_T1,P1090_T1_2,2,condition_replaced,Not Enough Evidence,Not Enough Evidence
P1090,P1090_T1,P1090_T1_3,3,condition_removed,Not Enough Evidence,Not Enough Evidence
P1090,P1090_T1,P1090_T1_4,4,supported,Supported,Supported
P1090,P1090_T1,P1090_T1_5,5,condition_contradicted,Not Supported,Not Supported
P1090,P1090_T2,P1090_T2_1,1,relation_contradicted,Not Supported,Not Supported
P1090,P1090_T2,P1090_T2_2,2,condition_replaced,Not Enough Evidence,Not Enough Evidence
P1090,P1090_T2,P1090_T2_3,3,condition_removed,Not Enough Evidence,Not Enough Evidence
P1090,P1090_T2,P1090_T2_4,4,supported,Supported,Supported
P1090,P1090_T2,P1090_T2_5,5,condition_contradicted,Not Supported,Not Supported
P1099,P1099_T1,P1099_T1_1,1,relation_contradicted,Not Supported,Not Supported
P1099,P1099_T1,P1099_T1_2,2,condition_replaced,Not Enough Evidence,Not Enough Evidence
P1099,P1099_T1,P1099_T1_3,3,condition_removed,Not Enough Evidence,Not Enough Evidence
P1099,P1099_T1,P1099_T1_4,4,supported,Supported,Supported
P1099,P1099_T1,P1099_T1_5,5,condition_contradicted,Not Supported,Not Supported
P1099,P1099_T2,P1099_T2_1,1,relation_contradicted,Not Supported,Not Supported
P1099,P1099_T2,P1099_T2_2,2,condition_replaced,Not Enough Evidence,Not Enough Evidence
P1099,P1099_T2,P1099_T2_3,3,condition_removed,Not Enough Evidence,Not Enough Evidence
P1099,P1099_T2,P1099_T2_4,4,supported,Supported,Supported
P1099,P1099_T2,P1099_T2_5,5,condition_contradicted,Not Supported,Not Supported
P1099,P1099_T3,P1099_T3_1,1,relation_contradicted,Not Supported,Not Supported
P1099,P1099_T3,P1099_T3_2,2,condition_replaced,Not Enough Evidence,Not Enough Evidence
P1099,P1099_T3,P1099_T3_3,3,condition_removed,Not Enough Evidence,Not Enough Evidence
P1099,P1099_T3,P1099_T3_4,4,supported,Supported,Supported
P1099,P1099_T3,P1099_T3_5,5,condition_contradicted,Not Supported,Not Supported
P1102,P1102_T1,P1102_T1_1,1,relation_contradicted,Not Supported,Not Supported
P1102,P1102_T1,P1102_T1_2,2,condition_replaced,Not Enough Evidence,Not Enough Evidence
P1102,P1102_T1,P1102_T1_3,3,condition_removed,Not Enough Evidence,Not Enough Evidence
P1102,P1102_T1,P1102_T1_4,4,supported,Supported,Supported
P1102,P1102_T1,P1102_T1_5,5,condition_contradicted,Not Supported,Not Supported
P1102,P1102_T2,P1102_T2_1,1,relation_contradicted,Not Supported,Not Supported
P1102,P1102_T2,P1102_T2_2,2,condition_replaced,Not Enough Evidence,Not Enough Evidence
P1102,P1102_T2,P1102_T2_3,3,condition_removed,Not Enough Evidence,Not Enough Evidence
P1102,P1102_T2,P1102_T2_4,4,supported,Supported,Supported
P1102,P1102_T2,P1102_T2_5,5,condition_contradicted,Not Supported,Not Supported
P1102,P1102_T3,P1102_T3_1,1,relation_contradicted,Not Supported,Not Supported
P1102,P1102_T3,P1102_T3_2,2,condition_replaced,Not Enough Evidence,Not Enough Evidence
P1102,P1102_T3,P1102_T3_3,3,condition_removed,Not Enough Evidence,Not Enough Evidence
P1102,P1102_T3,P1102_T3_4,4,supported,Supported,Supported
P1102,P1102_T3,P1102_T3_5,5,condition_contradicted,Not Supported,Not Supported
P1104,P1104_T1,P1104_T1_1,1,relation_contradicted,Not Supported,Not Supported
P1104,P1104_T1,P1104_T1_2,2,condition_replaced,Not Enough Evidence,Not Enough Evidence
P1104,P1104_T1,P1104_T1_3,3,condition_removed,Not Enough Evidence,Not Enough Evidence
P1104,P1104_T1,P1104_T1_4,4,supported,Supported,Supported
P1104,P1104_T1,P1104_T1_5,5,condition_contradicted,Not Supported,Not Supported
P1104,P1104_T2,P1104_T2_1,1,relation_contradicted,Not Supported,Not Supported
P1104,P1104_T2,P1104_T2_2,2,condition_replaced,Not Enough Evidence,Not Enough Evidence
P1104,P1104_T2,P1104_T2_3,3,condition_removed,Not Enough Evidence,Not Enough Evidence
P1104,P1104_T2,P1104_T2_4,4,supported,Supported,Supported
P1104,P1104_T2,P1104_T2_5,5,condition_contradicted,Not Supported,Not Supported
P1104,P1104_T3,P1104_T3_1,1,relation_contradicted,Not Supported,Not Supported
P1104,P1104_T3,P1104_T3_2,2,condition_replaced,Not Enough Evidence,Not Enough Evidence
P1104,P1104_T3,P1104_T3_3,3,condition_removed,Not Enough Evidence,Not Enough Evidence
P1104,P1104_T3,P1104_T3_4,4,supported,Supported,Supported
P1104,P1104_T3,P1104_T3_5,5,condition_contradicted,Not Supported,Not Supported
P1105,P1105_T1,P1105_T1_1,1,relation_contradicted,Not Supported,Not Supported
P1105,P1105_T1,P1105_T1_2,2,condition_replaced,Not Enough Evidence,Not Enough Evidence
P1105,P1105_T1,P1105_T1_3,3,condition_removed,Not Enough Evidence,Not Enough Evidence
P1105,P1105_T1,P1105_T1_4,4,supported,Supported,Supported
P1105,P1105_T1,P1105_T1_5,5,condition_contradicted,Not Supported,Not Supported
P1105,P1105_T2,P1105_T2_1,1,relation_contradicted,Not Supported,Not Supported
P1105,P1105_T2,P1105_T2_2,2,condition_replaced,Not Enough Evidence,Not Enough Evidence
P1105,P1105_T2,P1105_T2_3,3,condition_removed,Not Enough Evidence,Not Enough Evidence
P1105,P1105_T2,P1105_T2_4,4,supported,Supported,Supported
P1105,P1105_T2,P1105_T2_5,5,condition_contradicted,Not Supported,Not Supported
P1105,P1105_T3,P1105_T3_1,1,relation_contradicted,Not Supported,Not Supported
P1105,P1105_T3,P1105_T3_2,2,condition_replaced,Not Enough Evidence,Not Enough Evidence
P1105,P1105_T3,P1105_T3_3,3,condition_removed,Not Enough Evidence,Not Enough Evidence
P1105,P1105_T3,P1105_T3_4,4,supported,Supported,Supported
P1105,P1105_T3,P1105_T3_5,5,condition_contradicted,Not Supported,Not Supported
P1114,P1114_T1,P1114_T1_1,1,relation_contradicted,Not Supported,Not Supported
P1114,P1114_T1,P1114_T1_2,2,condition_replaced,Not Enough Evidence,Not Enough Evidence
P1114,P1114_T1,P1114_T1_3,3,condition_removed,Not Enough Evidence,Not Enough Evidence
P1114,P1114_T1,P1114_T1_4,4,supported,Supported,Supported
P1114,P1114_T1,P1114_T1_5,5,condition_contradicted,Not Supported,Not Supported
P1114,P1114_T2,P1114_T2_1,1,relation_contradicted,Not Supported,Not Supported
P1114,P1114_T2,P1114_T2_2,2,condition_replaced,Not Enough Evidence,Not Enough Evidence
P1114,P1114_T2,P1114_T2_3,3,condition_removed,Not Enough Evidence,Not Enough Evidence
P1114,P1114_T2,P1114_T2_4,4,supported,Supported,Supported
P1114,P1114_T2,P1114_T2_5,5,condition_contradicted,Not Supported,Not Supported
P1114,P1114_T3,P1114_T3_1,1,relation_contradicted,Not Supported,Not Supported
P1114,P1114_T3,P1114_T3_2,2,condition_replaced,Not Enough Evidence,Not Enough Evidence
P1114,P1114_T3,P1114_T3_3,3,condition_removed,Not Enough Evidence,Not Enough Evidence
P1114,P1114_T3,P1114_T3_4,4,supported,Supported,Supported
P1114,P1114_T3,P1114_T3_5,5,condition_contradicted,Not Supported,Not Supported
P1117,P1117_T1,P1117_T1_1,1,relation_contradicted,Not Supported,Not Supported
P1117,P1117_T1,P1117_T1_2,2,condition_replaced,Not Enough Evidence,Not Enough Evidence
P1117,P1117_T1,P1117_T1_3,3,condition_removed,Not Enough Evidence,Not Enough Evidence
P1117,P1117_T1,P1117_T1_4,4,supported,Supported,Supported
P1117,P1117_T1,P1117_T1_5,5,condition_contradicted,Not Supported,Not Supported
P1117,P1117_T2,P1117_T2_1,1,relation_contradicted,Not Supported,Not Supported
P1117,P1117_T2,P1117_T2_2,2,condition_replaced,Not Enough Evidence,Not Enough Evidence
P1117,P1117_T2,P1117_T2_3,3,condition_removed,Not Enough Evidence,Not Enough Evidence
P1117,P1117_T2,P1117_T2_4,4,supported,Supported,Supported
P1117,P1117_T2,P1117_T2_5,5,condition_contradicted,Not Supported,Not Supported
P1117,P1117_T3,P1117_T3_1,1,relation_contradicted,Not Supported,Not Supported
P1117,P1117_T3,P1117_T3_2,2,condition_replaced,Not Enough Evidence,Not Enough Evidence
P1117,P1117_T3,P1117_T3_3,3,condition_removed,Not Enough Evidence,Not Enough Evidence
P1117,P1117_T3,P1117_T3_4,4,supported,Supported,Supported
P1117,P1117_T3,P1117_T3_5,5,condition_contradicted,Not Supported,Not Supported
P1119,P1119_T1,P1119_T1_1,1,relation_contradicted,Not Supported,Not Supported
P1119,P1119_T1,P1119_T1_2,2,condition_replaced,Not Enough Evidence,Not Enough Evidence
P1119,P1119_T1,P1119_T1_3,3,condition_removed,Not Enough Evidence,Not Enough Evidence
P1119,P1119_T1,P1119_T1_4,4,supported,Supported,Supported
P1119,P1119_T1,P1119_T1_5,5,condition_contradicted,Not Supported,Not Supported
P1119,P1119_T2,P1119_T2_1,1,relation_contradicted,Not Supported,Not Supported
P1119,P1119_T2,P1119_T2_2,2,condition_replaced,Not Enough Evidence,Not Enough Evidence
P1119,P1119_T2,P1119_T2_3,3,condition_removed,Not Enough Evidence,Not Enough Evidence
P1119,P1119_T2,P1119_T2_4,4,supported,Supported,Supported
P1119,P1119_T2,P1119_T2_5,5,condition_contradicted,Not Supported,Not Supported
P1119,P1119_T3,P1119_T3_1,1,relation_contradicted,Not Supported,Not Supported
P1119,P1119_T3,P1119_T3_2,2,condition_replaced,Not Enough Evidence,Not Enough Evidence
P1119,P1119_T3,P1119_T3_3,3,condition_removed,Not Enough Evidence,Not Enough Evidence
P1119,P1119_T3,P1119_T3_4,4,supported,Supported,Supported
P1119,P1119_T3,P1119_T3_5,5,condition_contradicted,Not Supported,Not Supported
P1120,P1120_T1,P1120_T1_1,1,relation_contradicted,Not Supported,Not Supported
P1120,P1120_T1,P1120_T1_2,2,condition_replaced,Not Enough Evidence,Not Enough Evidence
P1120,P1120_T1,P1120_T1_3,3,condition_removed,Not Enough Evidence,Not Enough Evidence
P1120,P1120_T1,P1120_T1_4,4,supported,Supported,Supported
P1120,P1120_T1,P1120_T1_5,5,condition_contradicted,Not Supported,Not Supported
P1120,P1120_T2,P1120_T2_1,1,relation_contradicted,Not Supported,Not Supported
P1120,P1120_T2,P1120_T2_2,2,condition_replaced,Not Enough Evidence,Not Enough Evidence
P1120,P1120_T2,P1120_T2_3,3,condition_removed,Not Enough Evidence,Not Enough Evidence
P1120,P1120_T2,P1120_T2_4,4,supported,Supported,Supported
P1120,P1120_T2,P1120_T2_5,5,condition_contradicted,Not Supported,Not Supported
P1120,P1120_T3,P1120_T3_1,1,relation_contradicted,Not Supported,Not Supported
P1120,P1120_T3,P1120_T3_2,2,condition_replaced,Not Enough Evidence,Not Enough Evidence
P1120,P1120_T3,P1120_T3_3,3,condition_removed,Not Enough Evidence,Not Enough Evidence
P1120,P1120_T3,P1120_T3_4,4,supported,Supported,Supported
P1120,P1120_T3,P1120_T3_5,5,condition_contradicted,Not Supported,Not Supported
P1121,P1121_T1,P1121_T1_1,1,relation_contradicted,Not Supported,Not Supported
P1121,P1121_T1,P1121_T1_2,2,condition_replaced,Not Enough Evidence,Not Enough Evidence
P1121,P1121_T1,P1121_T1_3,3,condition_removed,Not Enough Evidence,Not Enough Evidence
P1121,P1121_T1,P1121_T1_4,4,supported,Supported,Supported
P1121,P1121_T1,P1121_T1_5,5,condition_contradicted,Not Supported,Not Supported
P1121,P1121_T2,P1121_T2_1,1,relation_contradicted,Not Supported,Not Supported
P1121,P1121_T2,P1121_T2_2,2,condition_replaced,Not Enough Evidence,Not Enough Evidence
P1121,P1121_T2,P1121_T2_3,3,condition_removed,Not Enough Evidence,Not Enough Evidence
P1121,P1121_T2,P1121_T2_4,4,supported,Supported,Supported
P1121,P1121_T2,P1121_T2_5,5,condition_contradicted,Not Supported,Not Supported
P1121,P1121_T3,P1121_T3_1,1,relation_contradicted,Not Supported,Not Supported
P1121,P1121_T3,P1121_T3_2,2,condition_replaced,Not Enough Evidence,Not Enough Evidence
P1121,P1121_T3,P1121_T3_3,3,condition_removed,Not Enough Evidence,Not Enough Evidence
P1121,P1121_T3,P1121_T3_4,4,supported,Supported,Supported
P1121,P1121_T3,P1121_T3_5,5,condition_contradicted,Not Supported,Not Supported
P1122,P1122_T1,P1122_T1_1,1,relation_contradicted,Not Supported,Not Supported
P1122,P1122_T1,P1122_T1_2,2,condition_replaced,Not Enough Evidence,Not Enough Evidence
P1122,P1122_T1,P1122_T1_3,3,condition_removed,Not Enough Evidence,Not Enough Evidence
P1122,P1122_T1,P1122_T1_4,4,supported,Supported,Supported
P1122,P1122_T1,P1122_T1_5,5,condition_contradicted,Not Supported,Not Supported
P1122,P1122_T2,P1122_T2_1,1,relation_contradicted,Not Supported,Not Supported
P1122,P1122_T2,P1122_T2_2,2,condition_replaced,Not Enough Evidence,Not Enough Evidence
P1122,P1122_T2,P1122_T2_3,3,condition_removed,Not Enough Evidence,Not Enough Evidence
P1122,P1122_T2,P1122_T2_4,4,supported,Supported,Supported
P1122,P1122_T2,P1122_T2_5,5,condition_contradicted,Not Supported,Not Supported
P1122,P1122_T3,P1122_T3_1,1,relation_contradicted,Not Supported,Not Supported
P1122,P1122_T3,P1122_T3_2,2,condition_replaced,Not Enough Evidence,Not Enough Evidence
P1122,P1122_T3,P1122_T3_3,3,condition_removed,Not Enough Evidence,Not Enough Evidence
P1122,P1122_T3,P1122_T3_4,4,supported,Supported,Supported
P1122,P1122_T3,P1122_T3_5,5,condition_contradicted,Not Supported,Not Supported
P1127,P1127_T1,P1127_T1_1,1,relation_contradicted,Not Supported,Not Supported
P1127,P1127_T1,P1127_T1_2,2,condition_replaced,Not Enough Evidence,Not Enough Evidence
P1127,P1127_T1,P1127_T1_3,3,condition_removed,Not Enough Evidence,Not Enough Evidence
P1127,P1127_T1,P1127_T1_4,4,supported,Supported,Supported
P1127,P1127_T1,P1127_T1_5,5,condition_contradicted,Not Supported,Not Supported
P1127,P1127_T2,P1127_T2_1,1,relation_contradicted,Not Supported,Not Supported
P1127,P1127_T2,P1127_T2_2,2,condition_replaced,Not Enough Evidence,Not Enough Evidence
P1127,P1127_T2,P1127_T2_3,3,condition_removed,Not Enough Evidence,Not Enough Evidence
P1127,P1127_T2,P1127_T2_4,4,supported,Supported,Supported
P1127,P1127_T2,P1127_T2_5,5,condition_contradicted,Not Supported,Not Supported
P1128,P1128_T1,P1128_T1_1,1,relation_contradicted,Not Supported,Not Supported
P1128,P1128_T1,P1128_T1_2,2,condition_replaced,Not Enough Evidence,Not Enough Evidence
P1128,P1128_T1,P1128_T1_3,3,condition_removed,Not Enough Evidence,Not Enough Evidence
P1128,P1128_T1,P1128_T1_4,4,supported,Supported,Supported
P1128,P1128_T1,P1128_T1_5,5,condition_contradicted,Not Supported,Not Supported
P1128,P1128_T2,P1128_T2_1,1,relation_contradicted,Not Supported,Not Supported
P1128,P1128_T2,P1128_T2_2,2,condition_replaced,Not Enough Evidence,Not Enough Evidence
P1128,P1128_T2,P1128_T2_3,3,condition_removed,Not Enough Evidence,Not Enough Evidence
P1128,P1128_T2,P1128_T2_4,4,supported,Supported,Supported
P1128,P1128_T2,P1128_T2_5,5,condition_contradicted,Not Supported,Not Supported
P1132,P1132_T1,P1132_T1_1,1,relation_contradicted,Not Supported,Not Supported
P1132,P1132_T1,P1132_T1_2,2,condition_replaced,Not Enough Evidence,Not Enough Evidence
P1132,P1132_T1,P1132_T1_3,3,condition_removed,Not Enough Evidence,Not Enough Evidence
P1132,P1132_T1,P1132_T1_4,4,supported,Supported,Supported
P1132,P1132_T1,P1132_T1_5,5,condition_contradicted,Not Supported,Not Supported
P1132,P1132_T2,P1132_T2_1,1,relation_contradicted,Not Supported,Not Supported
P1132,P1132_T2,P1132_T2_2,2,condition_replaced,Not Enough Evidence,Not Enough Evidence
P1132,P1132_T2,P1132_T2_3,3,condition_removed,Not Enough Evidence,Not Enough Evidence
P1132,P1132_T2,P1132_T2_4,4,supported,Supported,Supported
P1132,P1132_T2,P1132_T2_5,5,condition_contradicted,Not Supported,Not Supported
P1137,P1137_T1,P1137_T1_1,1,relation_contradicted,Not Supported,Not Supported
P1137,P1137_T1,P1137_T1_2,2,condition_replaced,Not Enough Evidence,Not Enough Evidence
P1137,P1137_T1,P1137_T1_3,3,condition_removed,Not Enough Evidence,Not Enough Evidence
P1137,P1137_T1,P1137_T1_4,4,supported,Supported,Supported
P1137,P1137_T1,P1137_T1_5,5,condition_contradicted,Not Supported,Not Supported
P1137,P1137_T2,P1137_T2_1,1,relation_contradicted,Not Supported,Not Supported
P1137,P1137_T2,P1137_T2_2,2,condition_replaced,Not Enough Evidence,Not Enough Evidence
P1137,P1137_T2,P1137_T2_3,3,condition_removed,Not Enough Evidence,Not Enough Evidence
P1137,P1137_T2,P1137_T2_4,4,supported,Supported,Supported
P1137,P1137_T2,P1137_T2_5,5,condition_contradicted,Not Supported,Not Supported
P1146,P1146_T1,P1146_T1_1,1,relation_contradicted,Not Supported,Not Supported
P1146,P1146_T1,P1146_T1_2,2,condition_replaced,Not Enough Evidence,Not Enough Evidence
P1146,P1146_T1,P1146_T1_3,3,condition_removed,Not Enough Evidence,Not Enough Evidence
P1146,P1146_T1,P1146_T1_4,4,supported,Supported,Supported
P1146,P1146_T1,P1146_T1_5,5,condition_contradicted,Not Supported,Not Supported
P1146,P1146_T2,P1146_T2_1,1,relation_contradicted,Not Supported,Not Supported
P1146,P1146_T2,P1146_T2_2,2,condition_replaced,Not Enough Evidence,Not Enough Evidence
P1146,P1146_T2,P1146_T2_3,3,condition_removed,Not Enough Evidence,Not Enough Evidence
P1146,P1146_T2,P1146_T2_4,4,supported,Supported,Supported
P1146,P1146_T2,P1146_T2_5,5,condition_contradicted,Not Supported,Not Supported
P1146,P1146_T3,P1146_T3_1,1,relation_contradicted,Not Supported,Not Supported
P1146,P1146_T3,P1146_T3_2,2,condition_replaced,Not Enough Evidence,Not Enough Evidence
P1146,P1146_T3,P1146_T3_3,3,condition_removed,Not Enough Evidence,Not Enough Evidence
P1146,P1146_T3,P1146_T3_4,4,supported,Supported,Supported
P1146,P1146_T3,P1146_T3_5,5,condition_contradicted,Not Supported,Not Supported
P1149,P1149_T1,P1149_T1_1,1,relation_contradicted,Not Supported,Not Supported
P1149,P1149_T1,P1149_T1_2,2,condition_replaced,Not Enough Evidence,Not Enough Evidence
P1149,P1149_T1,P1149_T1_3,3,condition_removed,Not Enough Evidence,Not Enough Evidence
P1149,P1149_T1,P1149_T1_4,4,supported,Supported,Supported
P1149,P1149_T1,P1149_T1_5,5,condition_contradicted,Not Supported,Not Supported
P1149,P1149_T2,P1149_T2_1,1,relation_contradicted,Not Supported,Not Supported
P1149,P1149_T2,P1149_T2_2,2,condition_replaced,Not Enough Evidence,Not Enough Evidence
P1149,P1149_T2,P1149_T2_3,3,condition_removed,Not Enough Evidence,Not Enough Evidence
P1149,P1149_T2,P1149_T2_4,4,supported,Supported,Supported
P1149,P1149_T2,P1149_T2_5,5,condition_contradicted,Not Supported,Not Supported
P1149,P1149_T3,P1149_T3_1,1,relation_contradicted,Not Supported,Not Supported
P1149,P1149_T3,P1149_T3_2,2,condition_replaced,Not Enough Evidence,Not Enough Evidence
P1149,P1149_T3,P1149_T3_3,3,condition_removed,Not Enough Evidence,Not Enough Evidence
P1149,P1149_T3,P1149_T3_4,4,supported,Supported,Supported
P1149,P1149_T3,P1149_T3_5,5,condition_contradicted,Not Supported,Not Supported
P1172,P1172_T1,P1172_T1_1,1,relation_contradicted,Not Supported,Not Supported
P1172,P1172_T1,P1172_T1_2,2,condition_replaced,Not Enough Evidence,Not Enough Evidence
P1172,P1172_T1,P1172_T1_3,3,condition_removed,Not Enough Evidence,Not Enough Evidence
P1172,P1172_T1,P1172_T1_4,4,supported,Supported,Supported
P1172,P1172_T1,P1172_T1_5,5,condition_contradicted,Not Supported,Not Supported
P1172,P1172_T2,P1172_T2_1,1,relation_contradicted,Not Supported,Not Supported
P1172,P1172_T2,P1172_T2_2,2,condition_replaced,Not Enough Evidence,Not Enough Evidence
P1172,P1172_T2,P1172_T2_3,3,condition_removed,Not Enough Evidence,Not Enough Evidence
P1172,P1172_T2,P1172_T2_4,4,supported,Supported,Supported
P1172,P1172_T2,P1172_T2_5,5,condition_contradicted,Not Supported,Not Supported
P1172,P1172_T3,P1172_T3_1,1,relation_contradicted,Not Supported,Not Supported
P1172,P1172_T3,P1172_T3_2,2,condition_replaced,Not Enough Evidence,Not Enough Evidence
P1172,P1172_T3,P1172_T3_3,3,condition_removed,Not Enough Evidence,Not Enough Evidence
P1172,P1172_T3,P1172_T3_4,4,supported,Supported,Supported
P1172,P1172_T3,P1172_T3_5,5,condition_contradicted,Not Supported,Not Supported
P1178,P1178_T1,P1178_T1_1,1,relation_contradicted,Not Supported,Not Supported
P1178,P1178_T1,P1178_T1_2,2,condition_replaced,Not Enough Evidence,Not Enough Evidence
P1178,P1178_T1,P1178_T1_3,3,condition_removed,Not Enough Evidence,Not Enough Evidence
P1178,P1178_T1,P1178_T1_4,4,supported,Supported,Supported
P1178,P1178_T1,P1178_T1_5,5,condition_contradicted,Not Supported,Not Supported
P1178,P1178_T2,P1178_T2_1,1,relation_contradicted,Not Supported,Not Supported
P1178,P1178_T2,P1178_T2_2,2,condition_replaced,Not Enough Evidence,Not Enough Evidence
P1178,P1178_T2,P1178_T2_3,3,condition_removed,Not Enough Evidence,Not Enough Evidence
P1178,P1178_T2,P1178_T2_4,4,supported,Supported,Supported
P1178,P1178_T2,P1178_T2_5,5,condition_contradicted,Not Supported,Not Supported
P1180,P1180_T1,P1180_T1_1,1,relation_contradicted,Not Supported,Not Supported
P1180,P1180_T1,P1180_T1_2,2,condition_replaced,Not Enough Evidence,Not Enough Evidence
P1180,P1180_T1,P1180_T1_3,3,condition_removed,Not Enough Evidence,Not Enough Evidence
P1180,P1180_T1,P1180_T1_4,4,supported,Supported,Supported
P1180,P1180_T1,P1180_T1_5,5,condition_contradicted,Not Supported,Not Supported
P1180,P1180_T2,P1180_T2_1,1,relation_contradicted,Not Supported,Not Supported
P1180,P1180_T2,P1180_T2_2,2,condition_replaced,Not Enough Evidence,Not Enough Evidence
P1180,P1180_T2,P1180_T2_3,3,condition_removed,Not Enough Evidence,Not Enough Evidence
P1180,P1180_T2,P1180_T2_4,4,supported,Supported,Supported
P1180,P1180_T2,P1180_T2_5,5,condition_contradicted,Not Supported,Not Supported
P1182,P1182_T1,P1182_T1_1,1,relation_contradicted,Not Supported,Not Supported
P1182,P1182_T1,P1182_T1_2,2,condition_replaced,Not Enough Evidence,Not Enough Evidence
P1182,P1182_T1,P1182_T1_3,3,condition_removed,Not Enough Evidence,Not Enough Evidence
P1182,P1182_T1,P1182_T1_4,4,supported,Supported,Supported
P1182,P1182_T1,P1182_T1_5,5,condition_contradicted,Not Supported,Not Supported
P1182,P1182_T2,P1182_T2_1,1,relation_contradicted,Not Supported,Not Supported
P1182,P1182_T2,P1182_T2_2,2,condition_replaced,Not Enough Evidence,Not Enough Evidence
P1182,P1182_T2,P1182_T2_3,3,condition_removed,Not Enough Evidence,Not Enough Evidence
P1182,P1182_T2,P1182_T2_4,4,supported,Supported,Supported
P1182,P1182_T2,P1182_T2_5,5,condition_contradicted,Not Supported,Not Supported
P1187,P1187_T1,P1187_T1_1,1,relation_contradicted,Not Supported,Not Supported
P1187,P1187_T1,P1187_T1_2,2,condition_replaced,Not Enough Evidence,Not Enough Evidence
P1187,P1187_T1,P1187_T1_3,3,condition_removed,Not Enough Evidence,Not Enough Evidence
P1187,P1187_T1,P1187_T1_4,4,supported,Supported,Supported
P1187,P1187_T1,P1187_T1_5,5,condition_contradicted,Not Supported,Not Supported
P1187,P1187_T2,P1187_T2_1,1,relation_contradicted,Not Supported,Not Supported
P1187,P1187_T2,P1187_T2_2,2,condition_replaced,Not Enough Evidence,Not Enough Evidence
P1187,P1187_T2,P1187_T2_3,3,condition_removed,Not Enough Evidence,Not Enough Evidence
P1187,P1187_T2,P1187_T2_4,4,supported,Supported,Supported
P1187,P1187_T2,P1187_T2_5,5,condition_contradicted,Not Supported,Not Supported
P1188,P1188_T1,P1188_T1_1,1,relation_contradicted,Not Supported,Not Supported
P1188,P1188_T1,P1188_T1_2,2,condition_replaced,Not Enough Evidence,Not Enough Evidence
P1188,P1188_T1,P1188_T1_3,3,condition_removed,Not Enough Evidence,Not Enough Evidence
P1188,P1188_T1,P1188_T1_4,4,supported,Supported,Supported
P1188,P1188_T1,P1188_T1_5,5,condition_contradicted,Not Supported,Not Supported
P1188,P1188_T2,P1188_T2_1,1,relation_contradicted,Not Supported,Not Supported
P1188,P1188_T2,P1188_T2_2,2,condition_replaced,Not Enough Evidence,Not Enough Evidence
P1188,P1188_T2,P1188_T2_3,3,condition_removed,Not Enough Evidence,Not Enough Evidence
P1188,P1188_T2,P1188_T2_4,4,supported,Supported,Supported
P1188,P1188_T2,P1188_T2_5,5,condition_contradicted,Not Supported,Not Supported
P1189,P1189_T1,P1189_T1_1,1,relation_contradicted,Not Supported,Not Supported
P1189,P1189_T1,P1189_T1_2,2,condition_replaced,Not Enough Evidence,Not Enough Evidence
P1189,P1189_T1,P1189_T1_3,3,condition_removed,Not Enough Evidence,Not Enough Evidence
P1189,P1189_T1,P1189_T1_4,4,supported,Supported,Supported
P1189,P1189_T1,P1189_T1_5,5,condition_contradicted,Not Supported,Not Supported
P1189,P1189_T2,P1189_T2_1,1,relation_contradicted,Not Supported,Not Supported
P1189,P1189_T2,P1189_T2_2,2,condition_replaced,Not Enough Evidence,Not Enough Evidence
P1189,P1189_T2,P1189_T2_3,3,condition_removed,Not Enough Evidence,Not Enough Evidence
P1189,P1189_T2,P1189_T2_4,4,supported,Supported,Supported
P1189,P1189_T2,P1189_T2_5,5,condition_contradicted,Not Supported,Not Supported
P1191,P1191_T1,P1191_T1_1,1,relation_contradicted,Not Supported,Not Supported
P1191,P1191_T1,P1191_T1_2,2,condition_replaced,Not Enough Evidence,Not Enough Evidence
P1191,P1191_T1,P1191_T1_3,3,condition_removed,Not Enough Evidence,Not Enough Evidence
P1191,P1191_T1,P1191_T1_4,4,supported,Supported,Supported
P1191,P1191_T1,P1191_T1_5,5,condition_contradicted,Not Supported,Not Supported
P1191,P1191_T2,P1191_T2_1,1,relation_contradicted,Not Supported,Not Supported
P1191,P1191_T2,P1191_T2_2,2,condition_replaced,Not Enough Evidence,Not Enough Evidence
P1191,P1191_T2,P1191_T2_3,3,condition_removed,Not Enough Evidence,Not Enough Evidence
P1191,P1191_T2,P1191_T2_4,4,supported,Supported,Supported
P1191,P1191_T2,P1191_T2_5,5,condition_contradicted,Not Supported,Not Supported
P1195,P1195_T1,P1195_T1_1,1,relation_contradicted,Not Supported,Not Supported
P1195,P1195_T1,P1195_T1_2,2,condition_replaced,Not Enough Evidence,Not Enough Evidence
P1195,P1195_T1,P1195_T1_3,3,condition_removed,Not Enough Evidence,Not Enough Evidence
P1195,P1195_T1,P1195_T1_4,4,supported,Supported,Supported
P1195,P1195_T1,P1195_T1_5,5,condition_contradicted,Not Supported,Not Supported
P1195,P1195_T2,P1195_T2_1,1,relation_contradicted,Not Supported,Not Supported
P1195,P1195_T2,P1195_T2_2,2,condition_replaced,Not Enough Evidence,Not Enough Evidence
P1195,P1195_T2,P1195_T2_3,3,condition_removed,Not Enough Evidence,Not Enough Evidence
P1195,P1195_T2,P1195_T2_4,4,supported,Supported,Supported
P1195,P1195_T2,P1195_T2_5,5,condition_contradicted,Not Supported,Not Supported
P1196,P1196_T1,P1196_T1_1,1,relation_contradicted,Not Supported,Not Supported
P1196,P1196_T1,P1196_T1_2,2,condition_replaced,Not Enough Evidence,Not Enough Evidence
P1196,P1196_T1,P1196_T1_3,3,condition_removed,Not Enough Evidence,Not Enough Evidence
P1196,P1196_T1,P1196_T1_4,4,supported,Supported,Supported
P1196,P1196_T1,P1196_T1_5,5,condition_contradicted,Not Supported,Not Supported
P1196,P1196_T2,P1196_T2_1,1,relation_contradicted,Not Supported,Not Supported
P1196,P1196_T2,P1196_T2_2,2,condition_replaced,Not Enough Evidence,Not Enough Evidence
P1196,P1196_T2,P1196_T2_3,3,condition_removed,Not Enough Evidence,Not Enough Evidence
P1196,P1196_T2,P1196_T2_4,4,supported,Supported,Supported
P1196,P1196_T2,P1196_T2_5,5,condition_contradicted,Not Supported,Not Supported
P1196,P1196_T3,P1196_T3_1,1,relation_contradicted,Not Supported,Not Supported
P1196,P1196_T3,P1196_T3_2,2,condition_replaced,Not Enough Evidence,Not Enough Evidence
P1196,P1196_T3,P1196_T3_3,3,condition_removed,Not Enough Evidence,Not Enough Evidence
P1196,P1196_T3,P1196_T3_4,4,supported,Supported,Supported
P1196,P1196_T3,P1196_T3_5,5,condition_contradicted,Not Supported,Not Supported
P1197,P1197_T1,P1197_T1_1,1,relation_contradicted,Not Supported,Not Supported
P1197,P1197_T1,P1197_T1_2,2,condition_replaced,Not Enough Evidence,Not Enough Evidence
P1197,P1197_T1,P1197_T1_3,3,condition_removed,Not Enough Evidence,Not Enough Evidence
P1197,P1197_T1,P1197_T1_4,4,supported,Supported,Supported
P1197,P1197_T1,P1197_T1_5,5,condition_contradicted,Not Supported,Not Supported
P1197,P1197_T2,P1197_T2_1,1,relation_contradicted,Not Supported,Not Supported
P1197,P1197_T2,P1197_T2_2,2,condition_replaced,Not Enough Evidence,Not Enough Evidence
P1197,P1197_T2,P1197_T2_3,3,condition_removed,Not Enough Evidence,Not Enough Evidence
P1197,P1197_T2,P1197_T2_4,4,supported,Supported,Supported
P1197,P1197_T2,P1197_T2_5,5,condition_contradicted,Not Supported,Not Supported
P1197,P1197_T3,P1197_T3_1,1,relation_contradicted,Not Supported,Not Supported
P1197,P1197_T3,P1197_T3_2,2,condition_replaced,Not Enough Evidence,Not Enough Evidence
P1197,P1197_T3,P1197_T3_3,3,condition_removed,Not Enough Evidence,Not Enough Evidence
P1197,P1197_T3,P1197_T3_4,4,supported,Supported,Supported
P1197,P1197_T3,P1197_T3_5,5,condition_contradicted,Not Supported,Not Supported
P1201,P1201_T1,P1201_T1_1,1,relation_contradicted,Not Supported,Not Supported
P1201,P1201_T1,P1201_T1_2,2,condition_replaced,Not Enough Evidence,Not Enough Evidence
P1201,P1201_T1,P1201_T1_3,3,condition_removed,Not Enough Evidence,Not Enough Evidence
P1201,P1201_T1,P1201_T1_4,4,supported,Supported,Supported
P1201,P1201_T1,P1201_T1_5,5,condition_contradicted,Not Supported,Not Supported
P1201,P1201_T2,P1201_T2_1,1,relation_contradicted,Not Supported,Not Supported
P1201,P1201_T2,P1201_T2_2,2,condition_replaced,Not Enough Evidence,Not Enough Evidence
P1201,P1201_T2,P1201_T2_3,3,condition_removed,Not Enough Evidence,Not Enough Evidence
P1201,P1201_T2,P1201_T2_4,4,supported,Supported,Supported
P1201,P1201_T2,P1201_T2_5,5,condition_contradicted,Not Supported,Not Supported
P1204,P1204_T1,P1204_T1_1,1,relation_contradicted,Not Supported,Not Supported
P1204,P1204_T1,P1204_T1_2,2,condition_replaced,Not Enough Evidence,Not Enough Evidence
P1204,P1204_T1,P1204_T1_3,3,condition_removed,Not Enough Evidence,Not Enough Evidence
P1204,P1204_T1,P1204_T1_4,4,supported,Supported,Supported
P1204,P1204_T1,P1204_T1_5,5,condition_contradicted,Not Supported,Not Supported
P1204,P1204_T2,P1204_T2_1,1,relation_contradicted,Not Supported,Not Supported
P1204,P1204_T2,P1204_T2_2,2,condition_replaced,Not Enough Evidence,Not Enough Evidence
P1204,P1204_T2,P1204_T2_3,3,condition_removed,Not Enough Evidence,Not Enough Evidence
P1204,P1204_T2,P1204_T2_4,4,supported,Supported,Supported
P1204,P1204_T2,P1204_T2_5,5,condition_contradicted,Not Supported,Not Supported
P1209,P1209_T1,P1209_T1_1,1,relation_contradicted,Not Supported,Not Supported
P1209,P1209_T1,P1209_T1_2,2,condition_replaced,Not Enough Evidence,Not Enough Evidence
P1209,P1209_T1,P1209_T1_3,3,condition_removed,Not Enough Evidence,Not Enough Evidence
P1209,P1209_T1,P1209_T1_4,4,supported,Supported,Supported
P1209,P1209_T1,P1209_T1_5,5,condition_contradicted,Not Supported,Not Supported
P1209,P1209_T2,P1209_T2_1,1,relation_contradicted,Not Supported,Not Supported
P1209,P1209_T2,P1209_T2_2,2,condition_replaced,Not Enough Evidence,Not Enough Evidence
P1209,P1209_T2,P1209_T2_3,3,condition_removed,Not Enough Evidence,Not Enough Evidence
P1209,P1209_T2,P1209_T2_4,4,supported,Supported,Supported
P1209,P1209_T2,P1209_T2_5,5,condition_contradicted,Not Supported,Not Supported
P1215,P1215_T1,P1215_T1_1,1,relation_contradicted,Not Supported,Not Supported
P1215,P1215_T1,P1215_T1_2,2,condition_replaced,Not Enough Evidence,Not Enough Evidence
P1215,P1215_T1,P1215_T1_3,3,condition_removed,Not Enough Evidence,Not Enough Evidence
P1215,P1215_T1,P1215_T1_4,4,supported,Supported,Supported
P1215,P1215_T1,P1215_T1_5,5,condition_contradicted,Not Supported,Not Supported
P1215,P1215_T2,P1215_T2_1,1,relation_contradicted,Not Supported,Not Supported
P1215,P1215_T2,P1215_T2_2,2,condition_replaced,Not Enough Evidence,Not Enough Evidence
P1215,P1215_T2,P1215_T2_3,3,condition_removed,Not Enough Evidence,Not Enough Evidence
P1215,P1215_T2,P1215_T2_4,4,supported,Supported,Supported
P1215,P1215_T2,P1215_T2_5,5,condition_contradicted,Not Supported,Not Supported
P1224,P1224_T1,P1224_T1_1,1,relation_contradicted,Not Supported,Not Supported
P1224,P1224_T1,P1224_T1_2,2,condition_replaced,Not Enough Evidence,Not Enough Evidence
P1224,P1224_T1,P1224_T1_3,3,condition_removed,Not Enough Evidence,Not Enough Evidence
P1224,P1224_T1,P1224_T1_4,4,supported,Supported,Supported
P1224,P1224_T1,P1224_T1_5,5,condition_contradicted,Not Supported,Not Supported
P1224,P1224_T2,P1224_T2_1,1,relation_contradicted,Not Supported,Not Supported
P1224,P1224_T2,P1224_T2_2,2,condition_replaced,Not Enough Evidence,Not Enough Evidence
P1224,P1224_T2,P1224_T2_3,3,condition_removed,Not Enough Evidence,Not Enough Evidence
P1224,P1224_T2,P1224_T2_4,4,supported,Supported,Supported
P1224,P1224_T2,P1224_T2_5,5,condition_contradicted,Not Supported,Not Supported
P1224,P1224_T3,P1224_T3_1,1,relation_contradicted,Not Supported,Not Supported
P1224,P1224_T3,P1224_T3_2,2,condition_replaced,Not Enough Evidence,Not Enough Evidence
P1224,P1224_T3,P1224_T3_3,3,condition_removed,Not Enough Evidence,Not Enough Evidence
P1224,P1224_T3,P1224_T3_4,4,supported,Supported,Supported
P1224,P1224_T3,P1224_T3_5,5,condition_contradicted,Not Supported,Not Supported
P1227,P1227_T1,P1227_T1_1,1,relation_contradicted,Not Supported,Not Supported
P1227,P1227_T1,P1227_T1_2,2,condition_replaced,Not Enough Evidence,Not Enough Evidence
P1227,P1227_T1,P1227_T1_3,3,condition_removed,Not Enough Evidence,Not Enough Evidence
P1227,P1227_T1,P1227_T1_4,4,supported,Supported,Supported
P1227,P1227_T1,P1227_T1_5,5,condition_contradicted,Not Supported,Not Supported
P1227,P1227_T2,P1227_T2_1,1,relation_contradicted,Not Supported,Not Supported
P1227,P1227_T2,P1227_T2_2,2,condition_replaced,Not Enough Evidence,Not Enough Evidence
P1227,P1227_T2,P1227_T2_3,3,condition_removed,Not Enough Evidence,Not Enough Evidence
P1227,P1227_T2,P1227_T2_4,4,supported,Supported,Supported
P1227,P1227_T2,P1227_T2_5,5,condition_contradicted,Not Supported,Not Supported
P1227,P1227_T3,P1227_T3_1,1,relation_contradicted,Not Supported,Not Supported
P1227,P1227_T3,P1227_T3_2,2,condition_replaced,Not Enough Evidence,Not Enough Evidence
P1227,P1227_T3,P1227_T3_3,3,condition_removed,Not Enough Evidence,Not Enough Evidence
P1227,P1227_T3,P1227_T3_4,4,supported,Supported,Supported
P1227,P1227_T3,P1227_T3_5,5,condition_contradicted,Not Supported,Not Supported
P1229,P1229_T1,P1229_T1_1,1,relation_contradicted,Not Supported,Not Supported
P1229,P1229_T1,P1229_T1_2,2,condition_replaced,Not Enough Evidence,Not Enough Evidence
P1229,P1229_T1,P1229_T1_3,3,condition_removed,Not Enough Evidence,Not Enough Evidence
P1229,P1229_T1,P1229_T1_4,4,supported,Supported,Supported
P1229,P1229_T1,P1229_T1_5,5,condition_contradicted,Not Supported,Not Supported
P1229,P1229_T2,P1229_T2_1,1,relation_contradicted,Not Supported,Not Supported
P1229,P1229_T2,P1229_T2_2,2,condition_replaced,Not Enough Evidence,Not Enough Evidence
P1229,P1229_T2,P1229_T2_3,3,condition_removed,Not Enough Evidence,Not Enough Evidence
P1229,P1229_T2,P1229_T2_4,4,supported,Supported,Supported
P1229,P1229_T2,P1229_T2_5,5,condition_contradicted,Not Supported,Not Supported
P1229,P1229_T3,P1229_T3_1,1,relation_contradicted,Not Supported,Not Supported
P1229,P1229_T3,P1229_T3_2,2,condition_replaced,Not Enough Evidence,Not Enough Evidence
P1229,P1229_T3,P1229_T3_3,3,condition_removed,Not Enough Evidence,Not Enough Evidence
P1229,P1229_T3,P1229_T3_4,4,supported,Supported,Supported
P1229,P1229_T3,P1229_T3_5,5,condition_contradicted,Not Supported,Not Supported
P1231,P1231_T1,P1231_T1_1,1,relation_contradicted,Not Supported,Not Supported
P1231,P1231_T1,P1231_T1_2,2,condition_replaced,Not Enough Evidence,Not Enough Evidence
P1231,P1231_T1,P1231_T1_3,3,condition_removed,Not Enough Evidence,Not Enough Evidence
P1231,P1231_T1,P1231_T1_4,4,supported,Supported,Supported
P1231,P1231_T1,P1231_T1_5,5,condition_contradicted,Not Supported,Not Supported
P1231,P1231_T2,P1231_T2_1,1,relation_contradicted,Not Supported,Not Supported
P1231,P1231_T2,P1231_T2_2,2,condition_replaced,Not Enough Evidence,Not Enough Evidence
P1231,P1231_T2,P1231_T2_3,3,condition_removed,Not Enough Evidence,Not Enough Evidence
P1231,P1231_T2,P1231_T2_4,4,supported,Supported,Supported
P1231,P1231_T2,P1231_T2_5,5,condition_contradicted,Not Supported,Not Supported
P1231,P1231_T3,P1231_T3_1,1,relation_contradicted,Not Supported,Not Supported
P1231,P1231_T3,P1231_T3_2,2,condition_replaced,Not Enough Evidence,Not Enough Evidence
P1231,P1231_T3,P1231_T3_3,3,condition_removed,Not Enough Evidence,Not Enough Evidence
P1231,P1231_T3,P1231_T3_4,4,supported,Supported,Supported
P1231,P1231_T3,P1231_T3_5,5,condition_contradicted,Not Supported,Not Supported
P1234,P1234_T1,P1234_T1_1,1,relation_contradicted,Not Supported,Not Supported
P1234,P1234_T1,P1234_T1_2,2,condition_replaced,Not Enough Evidence,Not Enough Evidence
P1234,P1234_T1,P1234_T1_3,3,condition_removed,Not Enough Evidence,Not Enough Evidence
P1234,P1234_T1,P1234_T1_4,4,supported,Supported,Supported
P1234,P1234_T1,P1234_T1_5,5,condition_contradicted,Not Supported,Not Supported
P1234,P1234_T2,P1234_T2_1,1,relation_contradicted,Not Supported,Not Supported
P1234,P1234_T2,P1234_T2_2,2,condition_replaced,Not Enough Evidence,Not Enough Evidence
P1234,P1234_T2,P1234_T2_3,3,condition_removed,Not Enough Evidence,Not Enough Evidence
P1234,P1234_T2,P1234_T2_4,4,supported,Supported,Supported
P1234,P1234_T2,P1234_T2_5,5,condition_contradicted,Not Supported,Not Supported
P1234,P1234_T3,P1234_T3_1,1,relation_contradicted,Not Supported,Not Supported
P1234,P1234_T3,P1234_T3_2,2,condition_replaced,Not Enough Evidence,Not Enough Evidence
P1234,P1234_T3,P1234_T3_3,3,condition_removed,Not Enough Evidence,Not Enough Evidence
P1234,P1234_T3,P1234_T3_4,4,supported,Supported,Supported
P1234,P1234_T3,P1234_T3_5,5,condition_contradicted,Not Supported,Not Supported
P1235,P1235_T1,P1235_T1_1,1,relation_contradicted,Not Supported,Not Supported
P1235,P1235_T1,P1235_T1_2,2,condition_replaced,Not Enough Evidence,Not Supported
P1235,P1235_T1,P1235_T1_3,3,condition_removed,Not Enough Evidence,Not Enough Evidence
P1235,P1235_T1,P1235_T1_4,4,supported,Supported,Supported
P1235,P1235_T1,P1235_T1_5,5,condition_contradicted,Not Supported,Not Supported
P1235,P1235_T2,P1235_T2_1,1,relation_contradicted,Not Supported,Not Supported
P1235,P1235_T2,P1235_T2_2,2,condition_replaced,Not Enough Evidence,Not Enough Evidence
P1235,P1235_T2,P1235_T2_3,3,condition_removed,Not Enough Evidence,Not Enough Evidence
P1235,P1235_T2,P1235_T2_4,4,supported,Supported,Supported
P1235,P1235_T2,P1235_T2_5,5,condition_contradicted,Not Supported,Not Supported
P1235,P1235_T3,P1235_T3_1,1,relation_contradicted,Not Supported,Not Supported
P1235,P1235_T3,P1235_T3_2,2,condition_replaced,Not Enough Evidence,Not Enough Evidence
P1235,P1235_T3,P1235_T3_3,3,condition_removed,Not Enough Evidence,Not Enough Evidence
P1235,P1235_T3,P1235_T3_4,4,supported,Supported,Supported
P1235,P1235_T3,P1235_T3_5,5,condition_contradicted,Not Supported,Not Supported
P1237,P1237_T1,P1237_T1_1,1,relation_contradicted,Not Supported,Not Supported
P1237,P1237_T1,P1237_T1_2,2,condition_replaced,Not Enough Evidence,Not Enough Evidence
P1237,P1237_T1,P1237_T1_3,3,condition_removed,Not Enough Evidence,Not Enough Evidence
P1237,P1237_T1,P1237_T1_4,4,supported,Supported,Supported
P1237,P1237_T1,P1237_T1_5,5,condition_contradicted,Not Supported,Not Supported
P1237,P1237_T2,P1237_T2_1,1,relation_contradicted,Not Supported,Not Supported
P1237,P1237_T2,P1237_T2_2,2,condition_replaced,Not Enough Evidence,Not Enough Evidence
P1237,P1237_T2,P1237_T2_3,3,condition_removed,Not Enough Evidence,Not Enough Evidence
P1237,P1237_T2,P1237_T2_4,4,supported,Supported,Supported
P1237,P1237_T2,P1237_T2_5,5,condition_contradicted,Not Supported,Not Supported
P1237,P1237_T3,P1237_T3_1,1,relation_contradicted,Not Supported,Not Supported
P1237,P1237_T3,P1237_T3_2,2,condition_replaced,Not Enough Evidence,Not Enough Evidence
P1237,P1237_T3,P1237_T3_3,3,condition_removed,Not Enough Evidence,Not Enough Evidence
P1237,P1237_T3,P1237_T3_4,4,supported,Supported,Supported
P1237,P1237_T3,P1237_T3_5,5,condition_contradicted,Not Supported,Not Supported
P1243,P1243_T1,P1243_T1_1,1,relation_contradicted,Not Supported,Not Supported
P1243,P1243_T1,P1243_T1_2,2,condition_replaced,Not Enough Evidence,Not Enough Evidence
P1243,P1243_T1,P1243_T1_3,3,condition_removed,Not Enough Evidence,Not Enough Evidence
P1243,P1243_T1,P1243_T1_4,4,supported,Supported,Supported
P1243,P1243_T1,P1243_T1_5,5,condition_contradicted,Not Supported,Not Supported
P1243,P1243_T2,P1243_T2_1,1,relation_contradicted,Not Supported,Not Supported
P1243,P1243_T2,P1243_T2_2,2,condition_replaced,Not Enough Evidence,Not Enough Evidence
P1243,P1243_T2,P1243_T2_3,3,condition_removed,Not Enough Evidence,Not Enough Evidence
P1243,P1243_T2,P1243_T2_4,4,supported,Supported,Supported
P1243,P1243_T2,P1243_T2_5,5,condition_contradicted,Not Supported,Not Supported
P1243,P1243_T3,P1243_T3_1,1,relation_contradicted,Not Supported,Not Supported
P1243,P1243_T3,P1243_T3_2,2,condition_replaced,Not Enough Evidence,Not Enough Evidence
P1243,P1243_T3,P1243_T3_3,3,condition_removed,Not Enough Evidence,Not Enough Evidence
P1243,P1243_T3,P1243_T3_4,4,supported,Supported,Supported
P1243,P1243_T3,P1243_T3_5,5,condition_contradicted,Not Supported,Not Supported
P1247,P1247_T1,P1247_T1_1,1,relation_contradicted,Not Supported,Not Supported
P1247,P1247_T1,P1247_T1_2,2,condition_replaced,Not Enough Evidence,Not Enough Evidence
P1247,P1247_T1,P1247_T1_3,3,condition_removed,Not Enough Evidence,Not Enough Evidence
P1247,P1247_T1,P1247_T1_4,4,supported,Supported,Supported
P1247,P1247_T1,P1247_T1_5,5,condition_contradicted,Not Supported,Not Supported
P1247,P1247_T2,P1247_T2_1,1,relation_contradicted,Not Supported,Not Supported
P1247,P1247_T2,P1247_T2_2,2,condition_replaced,Not Enough Evidence,Not Enough Evidence
P1247,P1247_T2,P1247_T2_3,3,condition_removed,Not Enough Evidence,Not Enough Evidence
P1247,P1247_T2,P1247_T2_4,4,supported,Supported,Supported
P1247,P1247_T2,P1247_T2_5,5,condition_contradicted,Not Supported,Not Supported
P1247,P1247_T3,P1247_T3_1,1,relation_contradicted,Not Supported,Not Supported
P1247,P1247_T3,P1247_T3_2,2,condition_replaced,Not Enough Evidence,Not Enough Evidence
P1247,P1247_T3,P1247_T3_3,3,condition_removed,Not Enough Evidence,Not Enough Evidence
P1247,P1247_T3,P1247_T3_4,4,supported,Supported,Supported
P1247,P1247_T3,P1247_T3_5,5,condition_contradicted,Not Supported,Not Supported
P1254,P1254_T1,P1254_T1_1,1,relation_contradicted,Not Supported,Not Supported
P1254,P1254_T1,P1254_T1_2,2,condition_replaced,Not Enough Evidence,Not Enough Evidence
P1254,P1254_T1,P1254_T1_3,3,condition_removed,Not Enough Evidence,Not Enough Evidence
P1254,P1254_T1,P1254_T1_4,4,supported,Supported,Supported
P1254,P1254_T1,P1254_T1_5,5,condition_contradicted,Not Supported,Not Supported
P1254,P1254_T2,P1254_T2_1,1,relation_contradicted,Not Supported,Not Supported
P1254,P1254_T2,P1254_T2_2,2,condition_replaced,Not Enough Evidence,Not Enough Evidence
P1254,P1254_T2,P1254_T2_3,3,condition_removed,Not Enough Evidence,Not Enough Evidence
P1254,P1254_T2,P1254_T2_4,4,supported,Supported,Supported
P1254,P1254_T2,P1254_T2_5,5,condition_contradicted,Not Supported,Not Supported
P1254,P1254_T3,P1254_T3_1,1,relation_contradicted,Not Supported,Not Supported
P1254,P1254_T3,P1254_T3_2,2,condition_replaced,Not Enough Evidence,Not Enough Evidence
P1254,P1254_T3,P1254_T3_3,3,condition_removed,Not Enough Evidence,Not Enough Evidence
P1254,P1254_T3,P1254_T3_4,4,supported,Supported,Supported
P1254,P1254_T3,P1254_T3_5,5,condition_contradicted,Not Supported,Not Supported
P1255,P1255_T1,P1255_T1_1,1,relation_contradicted,Not Supported,Not Supported
P1255,P1255_T1,P1255_T1_2,2,condition_replaced,Not Enough Evidence,Not Enough Evidence
P1255,P1255_T1,P1255_T1_3,3,condition_removed,Not Enough Evidence,Not Enough Evidence
P1255,P1255_T1,P1255_T1_4,4,supported,Supported,Supported
P1255,P1255_T1,P1255_T1_5,5,condition_contradicted,Not Supported,Not Supported
P1255,P1255_T2,P1255_T2_1,1,relation_contradicted,Not Supported,Not Supported
P1255,P1255_T2,P1255_T2_2,2,condition_replaced,Not Enough Evidence,Not Enough Evidence
P1255,P1255_T2,P1255_T2_3,3,condition_removed,Not Enough Evidence,Not Enough Evidence
P1255,P1255_T2,P1255_T2_4,4,supported,Supported,Supported
P1255,P1255_T2,P1255_T2_5,5,condition_contradicted,Not Supported,Not Supported
P1255,P1255_T3,P1255_T3_1,1,relation_contradicted,Not Supported,Not Supported
P1255,P1255_T3,P1255_T3_2,2,condition_replaced,Not Enough Evidence,Not Enough Evidence
P1255,P1255_T3,P1255_T3_3,3,condition_removed,Not Enough Evidence,Not Enough Evidence
P1255,P1255_T3,P1255_T3_4,4,supported,Supported,Supported
P1255,P1255_T3,P1255_T3_5,5,condition_contradicted,Not Supported,Not Supported
P1257,P1257_T1,P1257_T1_1,1,relation_contradicted,Not Supported,Not Supported
P1257,P1257_T1,P1257_T1_2,2,condition_replaced,Not Enough Evidence,Not Enough Evidence
P1257,P1257_T1,P1257_T1_3,3,condition_removed,Not Enough Evidence,Not Enough Evidence
P1257,P1257_T1,P1257_T1_4,4,supported,Supported,Supported
P1257,P1257_T1,P1257_T1_5,5,condition_contradicted,Not Supported,Not Supported
P1257,P1257_T2,P1257_T2_1,1,relation_contradicted,Not Supported,Not Supported
P1257,P1257_T2,P1257_T2_2,2,condition_replaced,Not Enough Evidence,Not Enough Evidence
P1257,P1257_T2,P1257_T2_3,3,condition_removed,Not Enough Evidence,Not Enough Evidence
P1257,P1257_T2,P1257_T2_4,4,supported,Supported,Supported
P1257,P1257_T2,P1257_T2_5,5,condition_contradicted,Not Supported,Not Supported
P1257,P1257_T3,P1257_T3_1,1,relation_contradicted,Not Supported,Not Supported
P1257,P1257_T3,P1257_T3_2,2,condition_replaced,Not Enough Evidence,Not Enough Evidence
P1257,P1257_T3,P1257_T3_3,3,condition_removed,Not Enough Evidence,Not Enough Evidence
P1257,P1257_T3,P1257_T3_4,4,supported,Supported,Supported
P1257,P1257_T3,P1257_T3_5,5,condition_contradicted,Not Supported,Not Supported
P1260,P1260_T1,P1260_T1_1,1,relation_contradicted,Not Supported,Not Supported
P1260,P1260_T1,P1260_T1_2,2,condition_replaced,Not Enough Evidence,Not Enough Evidence
P1260,P1260_T1,P1260_T1_3,3,condition_removed,Not Enough Evidence,Not Enough Evidence
P1260,P1260_T1,P1260_T1_4,4,supported,Supported,Supported
P1260,P1260_T1,P1260_T1_5,5,condition_contradicted,Not Supported,Not Supported
P1260,P1260_T2,P1260_T2_1,1,relation_contradicted,Not Supported,Not Supported
P1260,P1260_T2,P1260_T2_2,2,condition_replaced,Not Enough Evidence,Not Enough Evidence
P1260,P1260_T2,P1260_T2_3,3,condition_removed,Not Enough Evidence,Not Enough Evidence
P1260,P1260_T2,P1260_T2_4,4,supported,Supported,Supported
P1260,P1260_T2,P1260_T2_5,5,condition_contradicted,Not Supported,Not Supported
P1260,P1260_T3,P1260_T3_1,1,relation_contradicted,Not Supported,Not Supported
P1260,P1260_T3,P1260_T3_2,2,condition_replaced,Not Enough Evidence,Not Enough Evidence
P1260,P1260_T3,P1260_T3_3,3,condition_removed,Not Enough Evidence,Not Enough Evidence
P1260,P1260_T3,P1260_T3_4,4,supported,Supported,Supported
P1260,P1260_T3,P1260_T3_5,5,condition_contradicted,Not Supported,Not Supported
P1262,P1262_T1,P1262_T1_1,1,relation_contradicted,Not Supported,Not Supported
P1262,P1262_T1,P1262_T1_2,2,condition_replaced,Not Enough Evidence,Not Enough Evidence
P1262,P1262_T1,P1262_T1_3,3,condition_removed,Not Enough Evidence,Not Enough Evidence
P1262,P1262_T1,P1262_T1_4,4,supported,Supported,Supported
P1262,P1262_T1,P1262_T1_5,5,condition_contradicted,Not Supported,Not Supported
P1262,P1262_T2,P1262_T2_1,1,relation_contradicted,Not Supported,Not Supported
P1262,P1262_T2,P1262_T2_2,2,condition_replaced,Not Enough Evidence,Not Enough Evidence
P1262,P1262_T2,P1262_T2_3,3,condition_removed,Not Enough Evidence,Not Enough Evidence
P1262,P1262_T2,P1262_T2_4,4,supported,Supported,Supported
P1262,P1262_T2,P1262_T2_5,5,condition_contradicted,Not Supported,Not Supported
P1262,P1262_T3,P1262_T3_1,1,relation_contradicted,Not Supported,Not Supported
P1262,P1262_T3,P1262_T3_2,2,condition_replaced,Not Enough Evidence,Not Enough Evidence
P1262,P1262_T3,P1262_T3_3,3,condition_removed,Not Enough Evidence,Not Enough Evidence
P1262,P1262_T3,P1262_T3_4,4,supported,Supported,Supported
P1262,P1262_T3,P1262_T3_5,5,condition_contradicted,Not Supported,Not Supported
P1266,P1266_T1,P1266_T1_1,1,relation_contradicted,Not Supported,Not Supported
P1266,P1266_T1,P1266_T1_2,2,condition_replaced,Not Enough Evidence,Not Enough Evidence
P1266,P1266_T1,P1266_T1_3,3,condition_removed,Not Enough Evidence,Not Enough Evidence
P1266,P1266_T1,P1266_T1_4,4,supported,Supported,Supported
P1266,P1266_T1,P1266_T1_5,5,condition_contradicted,Not Supported,Not Supported
P1266,P1266_T2,P1266_T2_1,1,relation_contradicted,Not Supported,Not Supported
P1266,P1266_T2,P1266_T2_2,2,condition_replaced,Not Enough Evidence,Not Enough Evidence
P1266,P1266_T2,P1266_T2_3,3,condition_removed,Not Enough Evidence,Not Enough Evidence
P1266,P1266_T2,P1266_T2_4,4,supported,Supported,Supported
P1266,P1266_T2,P1266_T2_5,5,condition_contradicted,Not Supported,Not Supported
P1266,P1266_T3,P1266_T3_1,1,relation_contradicted,Not Supported,Not Supported
P1266,P1266_T3,P1266_T3_2,2,condition_replaced,Not Enough Evidence,Not Enough Evidence
P1266,P1266_T3,P1266_T3_3,3,condition_removed,Not Enough Evidence,Not Enough Evidence
P1266,P1266_T3,P1266_T3_4,4,supported,Supported,Supported
P1266,P1266_T3,P1266_T3_5,5,condition_contradicted,Not Supported,Not Supported
P1269,P1269_T1,P1269_T1_1,1,relation_contradicted,Not Supported,Not Supported
P1269,P1269_T1,P1269_T1_2,2,condition_replaced,Not Enough Evidence,Not Enough Evidence
P1269,P1269_T1,P1269_T1_3,3,condition_removed,Not Enough Evidence,Not Enough Evidence
P1269,P1269_T1,P1269_T1_4,4,supported,Supported,Supported
P1269,P1269_T1,P1269_T1_5,5,condition_contradicted,Not Supported,Not Supported
P1269,P1269_T2,P1269_T2_1,1,relation_contradicted,Not Supported,Not Supported
P1269,P1269_T2,P1269_T2_2,2,condition_replaced,Not Enough Evidence,Not Enough Evidence
P1269,P1269_T2,P1269_T2_3,3,condition_removed,Not Enough Evidence,Not Enough Evidence
P1269,P1269_T2,P1269_T2_4,4,supported,Supported,Supported
P1269,P1269_T2,P1269_T2_5,5,condition_contradicted,Not Supported,Not Supported
P1269,P1269_T3,P1269_T3_1,1,relation_contradicted,Not Supported,Not Supported
P1269,P1269_T3,P1269_T3_2,2,condition_replaced,Not Enough Evidence,Not Enough Evidence
P1269,P1269_T3,P1269_T3_3,3,condition_removed,Not Enough Evidence,Not Enough Evidence
P1269,P1269_T3,P1269_T3_4,4,supported,Supported,Supported
P1269,P1269_T3,P1269_T3_5,5,condition_contradicted,Not Supported,Not Supported
P1270,P1270_T1,P1270_T1_1,1,relation_contradicted,Not Supported,Not Supported
P1270,P1270_T1,P1270_T1_2,2,condition_replaced,Not Enough Evidence,Not Enough Evidence
P1270,P1270_T1,P1270_T1_3,3,condition_removed,Not Enough Evidence,Not Enough Evidence
P1270,P1270_T1,P1270_T1_4,4,supported,Supported,Supported
P1270,P1270_T1,P1270_T1_5,5,condition_contradicted,Not Supported,Not Supported
P1270,P1270_T2,P1270_T2_1,1,relation_contradicted,Not Supported,Not Supported
P1270,P1270_T2,P1270_T2_2,2,condition_replaced,Not Enough Evidence,Not Enough Evidence
P1270,P1270_T2,P1270_T2_3,3,condition_removed,Not Enough Evidence,Not Enough Evidence
P1270,P1270_T2,P1270_T2_4,4,supported,Supported,Supported
P1270,P1270_T2,P1270_T2_5,5,condition_contradicted,Not Supported,Not Supported
P1270,P1270_T3,P1270_T3_1,1,relation_contradicted,Not Supported,Not Supported
P1270,P1270_T3,P1270_T3_2,2,condition_replaced,Not Enough Evidence,Not Enough Evidence
P1270,P1270_T3,P1270_T3_3,3,condition_removed,Not Enough Evidence,Not Enough Evidence
P1270,P1270_T3,P1270_T3_4,4,supported,Supported,Supported
P1270,P1270_T3,P1270_T3_5,5,condition_contradicted,Not Supported,Not Supported
P1271,P1271_T1,P1271_T1_1,1,relation_contradicted,Not Supported,Not Supported
P1271,P1271_T1,P1271_T1_2,2,condition_replaced,Not Enough Evidence,Not Enough Evidence
P1271,P1271_T1,P1271_T1_3,3,condition_removed,Not Enough Evidence,Not Enough Evidence
P1271,P1271_T1,P1271_T1_4,4,supported,Supported,Supported
P1271,P1271_T1,P1271_T1_5,5,condition_contradicted,Not Supported,Not Supported
P1271,P1271_T2,P1271_T2_1,1,relation_contradicted,Not Supported,Not Supported
P1271,P1271_T2,P1271_T2_2,2,condition_replaced,Not Enough Evidence,Not Enough Evidence
P1271,P1271_T2,P1271_T2_3,3,condition_removed,Not Enough Evidence,Not Enough Evidence
P1271,P1271_T2,P1271_T2_4,4,supported,Supported,Supported
P1271,P1271_T2,P1271_T2_5,5,condition_contradicted,Not Supported,Not Supported
P1271,P1271_T3,P1271_T3_1,1,relation_contradicted,Not Supported,Not Supported
P1271,P1271_T3,P1271_T3_2,2,condition_replaced,Not Enough Evidence,Not Enough Evidence
P1271,P1271_T3,P1271_T3_3,3,condition_removed,Not Enough Evidence,Not Enough Evidence
P1271,P1271_T3,P1271_T3_4,4,supported,Supported,Supported
P1271,P1271_T3,P1271_T3_5,5,condition_contradicted,Not Supported,Not Supported
P1271,P1271_T4,P1271_T4_1,1,relation_contradicted,Not Supported,Not Supported
P1271,P1271_T4,P1271_T4_2,2,condition_replaced,Not Enough Evidence,Not Enough Evidence
P1271,P1271_T4,P1271_T4_3,3,condition_removed,Not Enough Evidence,Not Enough Evidence
P1271,P1271_T4,P1271_T4_4,4,supported,Supported,Supported
P1271,P1271_T4,P1271_T4_5,5,condition_contradicted,Not Supported,Not Supported
P1278,P1278_T1,P1278_T1_1,1,relation_contradicted,Not Supported,Not Supported
P1278,P1278_T1,P1278_T1_2,2,condition_replaced,Not Enough Evidence,Not Enough Evidence
P1278,P1278_T1,P1278_T1_3,3,condition_removed,Not Enough Evidence,Not Enough Evidence
P1278,P1278_T1,P1278_T1_4,4,supported,Supported,Supported
P1278,P1278_T1,P1278_T1_5,5,condition_contradicted,Not Supported,Not Supported
P1278,P1278_T2,P1278_T2_1,1,relation_contradicted,Not Supported,Not Supported
P1278,P1278_T2,P1278_T2_2,2,condition_replaced,Not Enough Evidence,Not Enough Evidence
P1278,P1278_T2,P1278_T2_3,3,condition_removed,Not Enough Evidence,Not Enough Evidence
P1278,P1278_T2,P1278_T2_4,4,supported,Supported,Supported
P1278,P1278_T2,P1278_T2_5,5,condition_contradicted,Not Supported,Not Supported
P1278,P1278_T3,P1278_T3_1,1,relation_contradicted,Not Supported,Not Supported
P1278,P1278_T3,P1278_T3_2,2,condition_replaced,Not Enough Evidence,Not Enough Evidence
P1278,P1278_T3,P1278_T3_3,3,condition_removed,Not Enough Evidence,Not Enough Evidence
P1278,P1278_T3,P1278_T3_4,4,supported,Supported,Supported
P1278,P1278_T3,P1278_T3_5,5,condition_contradicted,Not Supported,Not Supported
P1282,P1282_T1,P1282_T1_1,1,relation_contradicted,Not Supported,Not Supported
P1282,P1282_T1,P1282_T1_2,2,condition_replaced,Not Enough Evidence,Not Enough Evidence
P1282,P1282_T1,P1282_T1_3,3,condition_removed,Not Enough Evidence,Not Enough Evidence
P1282,P1282_T1,P1282_T1_4,4,supported,Supported,Supported
P1282,P1282_T1,P1282_T1_5,5,condition_contradicted,Not Supported,Not Supported
P1282,P1282_T2,P1282_T2_1,1,relation_contradicted,Not Supported,Not Supported
P1282,P1282_T2,P1282_T2_2,2,condition_replaced,Not Enough Evidence,Not Enough Evidence
P1282,P1282_T2,P1282_T2_3,3,condition_removed,Not Enough Evidence,Not Enough Evidence
P1282,P1282_T2,P1282_T2_4,4,supported,Supported,Supported
P1282,P1282_T2,P1282_T2_5,5,condition_contradicted,Not Supported,Not Supported
P1282,P1282_T3,P1282_T3_1,1,relation_contradicted,Not Supported,Not Supported
P1282,P1282_T3,P1282_T3_2,2,condition_replaced,Not Enough Evidence,Not Enough Evidence
P1282,P1282_T3,P1282_T3_3,3,condition_removed,Not Enough Evidence,Not Enough Evidence
P1282,P1282_T3,P1282_T3_4,4,supported,Supported,Supported
P1282,P1282_T3,P1282_T3_5,5,condition_contradicted,Not Supported,Not Supported
P1290,P1290_T1,P1290_T1_1,1,relation_contradicted,Not Supported,Not Supported
P1290,P1290_T1,P1290_T1_2,2,condition_replaced,Not Enough Evidence,Not Enough Evidence
P1290,P1290_T1,P1290_T1_3,3,condition_removed,Not Enough Evidence,Not Enough Evidence
P1290,P1290_T1,P1290_T1_4,4,supported,Supported,Supported
P1290,P1290_T1,P1290_T1_5,5,condition_contradicted,Not Supported,Not Supported
P1290,P1290_T2,P1290_T2_1,1,relation_contradicted,Not Supported,Not Supported
P1290,P1290_T2,P1290_T2_2,2,condition_replaced,Not Enough Evidence,Not Enough Evidence
P1290,P1290_T2,P1290_T2_3,3,condition_removed,Not Enough Evidence,Not Enough Evidence
P1290,P1290_T2,P1290_T2_4,4,supported,Supported,Supported
P1290,P1290_T2,P1290_T2_5,5,condition_contradicted,Not Supported,Not Supported
P1290,P1290_T3,P1290_T3_1,1,relation_contradicted,Not Supported,Not Supported
P1290,P1290_T3,P1290_T3_2,2,condition_replaced,Not Enough Evidence,Not Enough Evidence
P1290,P1290_T3,P1290_T3_3,3,condition_removed,Not Enough Evidence,Not Enough Evidence
P1290,P1290_T3,P1290_T3_4,4,supported,Supported,Supported
P1290,P1290_T3,P1290_T3_5,5,condition_contradicted,Not Supported,Not Supported
P1291,P1291_T1,P1291_T1_1,1,relation_contradicted,Not Supported,Not Supported
P1291,P1291_T1,P1291_T1_2,2,condition_replaced,Not Enough Evidence,Not Enough Evidence
P1291,P1291_T1,P1291_T1_3,3,condition_removed,Not Enough Evidence,Not Enough Evidence
P1291,P1291_T1,P1291_T1_4,4,supported,Supported,Supported
P1291,P1291_T1,P1291_T1_5,5,condition_contradicted,Not Supported,Not Supported
P1291,P1291_T2,P1291_T2_1,1,relation_contradicted,Not Supported,Not Supported
P1291,P1291_T2,P1291_T2_2,2,condition_replaced,Not Enough Evidence,Not Enough Evidence
P1291,P1291_T2,P1291_T2_3,3,condition_removed,Not Enough Evidence,Not Enough Evidence
P1291,P1291_T2,P1291_T2_4,4,supported,Supported,Supported
P1291,P1291_T2,P1291_T2_5,5,condition_contradicted,Not Supported,Not Supported
P1291,P1291_T3,P1291_T3_1,1,relation_contradicted,Not Supported,Not Supported
P1291,P1291_T3,P1291_T3_2,2,condition_replaced,Not Enough Evidence,Not Enough Evidence
P1291,P1291_T3,P1291_T3_3,3,condition_removed,Not Enough Evidence,Not Enough Evidence
P1291,P1291_T3,P1291_T3_4,4,supported,Supported,Supported
P1291,P1291_T3,P1291_T3_5,5,condition_contradicted,Not Supported,Not Supported
P1292,P1292_T1,P1292_T1_1,1,relation_contradicted,Not Supported,Not Supported
P1292,P1292_T1,P1292_T1_2,2,condition_replaced,Not Enough Evidence,Not Enough Evidence
P1292,P1292_T1,P1292_T1_3,3,condition_removed,Not Enough Evidence,Not Enough Evidence
P1292,P1292_T1,P1292_T1_4,4,supported,Supported,Supported
P1292,P1292_T1,P1292_T1_5,5,condition_contradicted,Not Supported,Not Supported
P1292,P1292_T2,P1292_T2_1,1,relation_contradicted,Not Supported,Not Supported
P1292,P1292_T2,P1292_T2_2,2,condition_replaced,Not Enough Evidence,Not Enough Evidence
P1292,P1292_T2,P1292_T2_3,3,condition_removed,Not Enough Evidence,Not Enough Evidence
P1292,P1292_T2,P1292_T2_4,4,supported,Supported,Supported
P1292,P1292_T2,P1292_T2_5,5,condition_contradicted,Not Supported,Not Supported
P1292,P1292_T3,P1292_T3_1,1,relation_contradicted,Not Supported,Not Supported
P1292,P1292_T3,P1292_T3_2,2,condition_replaced,Not Enough Evidence,Not Enough Evidence
P1292,P1292_T3,P1292_T3_3,3,condition_removed,Not Enough Evidence,Not Enough Evidence
P1292,P1292_T3,P1292_T3_4,4,supported,Supported,Supported
P1292,P1292_T3,P1292_T3_5,5,condition_contradicted,Not Supported,Not Supported
P1299,P1299_T1,P1299_T1_1,1,relation_contradicted,Not Supported,Not Supported
P1299,P1299_T1,P1299_T1_2,2,condition_replaced,Not Enough Evidence,Not Enough Evidence
P1299,P1299_T1,P1299_T1_3,3,condition_removed,Not Enough Evidence,Not Enough Evidence
P1299,P1299_T1,P1299_T1_4,4,supported,Supported,Supported
P1299,P1299_T1,P1299_T1_5,5,condition_contradicted,Not Supported,Not Supported
P1299,P1299_T2,P1299_T2_1,1,relation_contradicted,Not Supported,Not Supported
P1299,P1299_T2,P1299_T2_2,2,condition_replaced,Not Enough Evidence,Not Enough Evidence
P1299,P1299_T2,P1299_T2_3,3,condition_removed,Not Enough Evidence,Not Enough Evidence
P1299,P1299_T2,P1299_T2_4,4,supported,Supported,Supported
P1299,P1299_T2,P1299_T2_5,5,condition_contradicted,Not Supported,Not Supported
P1299,P1299_T3,P1299_T3_1,1,relation_contradicted,Not Supported,Not Supported
P1299,P1299_T3,P1299_T3_2,2,condition_replaced,Not Enough Evidence,Not Enough Evidence
P1299,P1299_T3,P1299_T3_3,3,condition_removed,Not Enough Evidence,Not Enough Evidence
P1299,P1299_T3,P1299_T3_4,4,supported,Supported,Supported
P1299,P1299_T3,P1299_T3_5,5,condition_contradicted,Not Supported,Not Supported
P1299,P1299_T4,P1299_T4_1,1,relation_contradicted,Not Supported,Not Supported
P1299,P1299_T4,P1299_T4_2,2,condition_replaced,Not Enough Evidence,Not Enough Evidence
P1299,P1299_T4,P1299_T4_3,3,condition_removed,Not Enough Evidence,Not Enough Evidence
P1299,P1299_T4,P1299_T4_4,4,supported,Supported,Supported
P1299,P1299_T4,P1299_T4_5,5,condition_contradicted,Not Supported,Not Supported
P1301,P1301_T1,P1301_T1_1,1,relation_contradicted,Not Supported,Not Supported
P1301,P1301_T1,P1301_T1_2,2,condition_replaced,Not Enough Evidence,Not Enough Evidence
P1301,P1301_T1,P1301_T1_3,3,condition_removed,Not Enough Evidence,Not Enough Evidence
P1301,P1301_T1,P1301_T1_4,4,supported,Supported,Supported
P1301,P1301_T1,P1301_T1_5,5,condition_contradicted,Not Supported,Not Supported
P1301,P1301_T2,P1301_T2_1,1,relation_contradicted,Not Supported,Not Supported
P1301,P1301_T2,P1301_T2_2,2,condition_replaced,Not Enough Evidence,Not Enough Evidence
P1301,P1301_T2,P1301_T2_3,3,condition_removed,Not Enough Evidence,Not Enough Evidence
P1301,P1301_T2,P1301_T2_4,4,supported,Supported,Supported
P1301,P1301_T2,P1301_T2_5,5,condition_contradicted,Not Supported,Not Supported
P1301,P1301_T3,P1301_T3_1,1,relation_contradicted,Not Supported,Not Supported
P1301,P1301_T3,P1301_T3_2,2,condition_replaced,Not Enough Evidence,Not Enough Evidence
P1301,P1301_T3,P1301_T3_3,3,condition_removed,Not Enough Evidence,Not Enough Evidence
P1301,P1301_T3,P1301_T3_4,4,supported,Supported,Supported
P1301,P1301_T3,P1301_T3_5,5,condition_contradicted,Not Supported,Not Supported
P1303,P1303_T1,P1303_T1_1,1,relation_contradicted,Not Supported,Not Supported
P1303,P1303_T1,P1303_T1_2,2,condition_replaced,Not Enough Evidence,Not Enough Evidence
P1303,P1303_T1,P1303_T1_3,3,condition_removed,Not Enough Evidence,Not Enough Evidence
P1303,P1303_T1,P1303_T1_4,4,supported,Supported,Supported
P1303,P1303_T1,P1303_T1_5,5,condition_contradicted,Not Supported,Not Supported
P1303,P1303_T2,P1303_T2_1,1,relation_contradicted,Not Supported,Not Supported
P1303,P1303_T2,P1303_T2_2,2,condition_replaced,Not Enough Evidence,Not Enough Evidence
P1303,P1303_T2,P1303_T2_3,3,condition_removed,Not Enough Evidence,Not Enough Evidence
P1303,P1303_T2,P1303_T2_4,4,supported,Supported,Supported
P1303,P1303_T2,P1303_T2_5,5,condition_contradicted,Not Supported,Not Supported
P1303,P1303_T3,P1303_T3_1,1,relation_contradicted,Not Supported,Not Supported
P1303,P1303_T3,P1303_T3_2,2,condition_replaced,Not Enough Evidence,Not Enough Evidence
P1303,P1303_T3,P1303_T3_3,3,condition_removed,Not Enough Evidence,Not Enough Evidence
P1303,P1303_T3,P1303_T3_4,4,supported,Supported,Supported
P1303,P1303_T3,P1303_T3_5,5,condition_contradicted,Not Supported,Not Supported
P1308,P1308_T1,P1308_T1_1,1,relation_contradicted,Not Supported,Not Supported
P1308,P1308_T1,P1308_T1_2,2,condition_replaced,Not Enough Evidence,Not Enough Evidence
P1308,P1308_T1,P1308_T1_3,3,condition_removed,Not Enough Evidence,Not Enough Evidence
P1308,P1308_T1,P1308_T1_4,4,supported,Supported,Supported
P1308,P1308_T1,P1308_T1_5,5,condition_contradicted,Not Supported,Not Supported
P1308,P1308_T2,P1308_T2_1,1,relation_contradicted,Not Supported,Not Supported
P1308,P1308_T2,P1308_T2_2,2,condition_replaced,Not Enough Evidence,Not Enough Evidence
P1308,P1308_T2,P1308_T2_3,3,condition_removed,Not Enough Evidence,Not Enough Evidence
P1308,P1308_T2,P1308_T2_4,4,supported,Supported,Supported
P1308,P1308_T2,P1308_T2_5,5,condition_contradicted,Not Supported,Not Supported
P1308,P1308_T3,P1308_T3_1,1,relation_contradicted,Not Supported,Not Supported
P1308,P1308_T3,P1308_T3_2,2,condition_replaced,Not Enough Evidence,Not Enough Evidence
P1308,P1308_T3,P1308_T3_3,3,condition_removed,Not Enough Evidence,Not Enough Evidence
P1308,P1308_T3,P1308_T3_4,4,supported,Supported,Supported
P1308,P1308_T3,P1308_T3_5,5,condition_contradicted,Not Supported,Not Supported
P1310,P1310_T1,P1310_T1_1,1,relation_contradicted,Not Supported,Not Supported
P1310,P1310_T1,P1310_T1_2,2,condition_replaced,Not Enough Evidence,Not Enough Evidence
P1310,P1310_T1,P1310_T1_3,3,condition_removed,Not Enough Evidence,Not Enough Evidence
P1310,P1310_T1,P1310_T1_4,4,supported,Supported,Supported
P1310,P1310_T1,P1310_T1_5,5,condition_contradicted,Not Supported,Not Supported
P1310,P1310_T2,P1310_T2_1,1,relation_contradicted,Not Supported,Not Supported
P1310,P1310_T2,P1310_T2_2,2,condition_replaced,Not Enough Evidence,Not Enough Evidence
P1310,P1310_T2,P1310_T2_3,3,condition_removed,Not Enough Evidence,Not Enough Evidence
P1310,P1310_T2,P1310_T2_4,4,supported,Supported,Supported
P1310,P1310_T2,P1310_T2_5,5,condition_contradicted,Not Supported,Not Supported
P1310,P1310_T3,P1310_T3_1,1,relation_contradicted,Not Supported,Not Supported
P1310,P1310_T3,P1310_T3_2,2,condition_replaced,Not Enough Evidence,Not Enough Evidence
P1310,P1310_T3,P1310_T3_3,3,condition_removed,Not Enough Evidence,Not Enough Evidence
P1310,P1310_T3,P1310_T3_4,4,supported,Supported,Supported
P1310,P1310_T3,P1310_T3_5,5,condition_contradicted,Not Supported,Not Supported
P1311,P1311_T1,P1311_T1_1,1,relation_contradicted,Not Supported,Not Supported
P1311,P1311_T1,P1311_T1_2,2,condition_replaced,Not Enough Evidence,Not Enough Evidence
P1311,P1311_T1,P1311_T1_3,3,condition_removed,Not Enough Evidence,Not Enough Evidence
P1311,P1311_T1,P1311_T1_4,4,supported,Supported,Supported
P1311,P1311_T1,P1311_T1_5,5,condition_contradicted,Not Supported,Not Supported
P1311,P1311_T2,P1311_T2_1,1,relation_contradicted,Not Supported,Not Supported
P1311,P1311_T2,P1311_T2_2,2,condition_replaced,Not Enough Evidence,Not Enough Evidence
P1311,P1311_T2,P1311_T2_3,3,condition_removed,Not Enough Evidence,Not Enough Evidence
P1311,P1311_T2,P1311_T2_4,4,supported,Supported,Supported
P1311,P1311_T2,P1311_T2_5,5,condition_contradicted,Not Supported,Not Supported
P1311,P1311_T3,P1311_T3_1,1,relation_contradicted,Not Supported,Not Supported
P1311,P1311_T3,P1311_T3_2,2,condition_replaced,Not Enough Evidence,Not Enough Evidence
P1311,P1311_T3,P1311_T3_3,3,condition_removed,Not Enough Evidence,Not Enough Evidence
P1311,P1311_T3,P1311_T3_4,4,supported,Supported,Supported
P1311,P1311_T3,P1311_T3_5,5,condition_contradicted,Not Supported,Not Supported
P1312,P1312_T1,P1312_T1_1,1,relation_contradicted,Not Supported,Not Supported
P1312,P1312_T1,P1312_T1_2,2,condition_replaced,Not Enough Evidence,Not Enough Evidence
P1312,P1312_T1,P1312_T1_3,3,condition_removed,Not Enough Evidence,Not Enough Evidence
P1312,P1312_T1,P1312_T1_4,4,supported,Supported,Supported
P1312,P1312_T1,P1312_T1_5,5,condition_contradicted,Not Supported,Not Supported
P1312,P1312_T2,P1312_T2_1,1,relation_contradicted,Not Supported,Not Supported
P1312,P1312_T2,P1312_T2_2,2,condition_replaced,Not Enough Evidence,Not Enough Evidence
P1312,P1312_T2,P1312_T2_3,3,condition_removed,Not Enough Evidence,Not Enough Evidence
P1312,P1312_T2,P1312_T2_4,4,supported,Supported,Supported
P1312,P1312_T2,P1312_T2_5,5,condition_contradicted,Not Supported,Not Supported
P1312,P1312_T3,P1312_T3_1,1,relation_contradicted,Not Supported,Not Supported
P1312,P1312_T3,P1312_T3_2,2,condition_replaced,Not Enough Evidence,Not Enough Evidence
P1312,P1312_T3,P1312_T3_3,3,condition_removed,Not Enough Evidence,Not Enough Evidence
P1312,P1312_T3,P1312_T3_4,4,supported,Supported,Supported
P1312,P1312_T3,P1312_T3_5,5,condition_contradicted,Not Supported,Not Supported
P1314,P1314_T1,P1314_T1_1,1,relation_contradicted,Not Supported,Not Supported
P1314,P1314_T1,P1314_T1_2,2,condition_replaced,Not Enough Evidence,Not Enough Evidence
P1314,P1314_T1,P1314_T1_3,3,condition_removed,Not Enough Evidence,Not Enough Evidence
P1314,P1314_T1,P1314_T1_4,4,supported,Supported,Supported
P1314,P1314_T1,P1314_T1_5,5,condition_contradicted,Not Supported,Not Supported
P1314,P1314_T2,P1314_T2_1,1,relation_contradicted,Not Supported,Not Supported
P1314,P1314_T2,P1314_T2_2,2,condition_replaced,Not Enough Evidence,Not Enough Evidence
P1314,P1314_T2,P1314_T2_3,3,condition_removed,Not Enough Evidence,Not Enough Evidence
P1314,P1314_T2,P1314_T2_4,4,supported,Supported,Supported
P1314,P1314_T2,P1314_T2_5,5,condition_contradicted,Not Supported,Not Supported
P1314,P1314_T3,P1314_T3_1,1,relation_contradicted,Not Supported,Not Supported
P1314,P1314_T3,P1314_T3_2,2,condition_replaced,Not Enough Evidence,Not Enough Evidence
P1314,P1314_T3,P1314_T3_3,3,condition_removed,Not Enough Evidence,Not Enough Evidence
P1314,P1314_T3,P1314_T3_4,4,supported,Supported,Supported
P1314,P1314_T3,P1314_T3_5,5,condition_contradicted,Not Supported,Not Supported
P1319,P1319_T1,P1319_T1_1,1,relation_contradicted,Not Supported,Not Supported
P1319,P1319_T1,P1319_T1_2,2,condition_replaced,Not Enough Evidence,Not Enough Evidence
P1319,P1319_T1,P1319_T1_3,3,condition_removed,Not Enough Evidence,Not Enough Evidence
P1319,P1319_T1,P1319_T1_4,4,supported,Supported,Supported
P1319,P1319_T1,P1319_T1_5,5,condition_contradicted,Not Supported,Not Supported
P1319,P1319_T2,P1319_T2_1,1,relation_contradicted,Not Supported,Not Supported
P1319,P1319_T2,P1319_T2_2,2,condition_replaced,Not Enough Evidence,Not Enough Evidence
P1319,P1319_T2,P1319_T2_3,3,condition_removed,Not Enough Evidence,Not Enough Evidence
P1319,P1319_T2,P1319_T2_4,4,supported,Supported,Supported
P1319,P1319_T2,P1319_T2_5,5,condition_contradicted,Not Supported,Not Supported
P1319,P1319_T3,P1319_T3_1,1,relation_contradicted,Not Supported,Not Supported
P1319,P1319_T3,P1319_T3_2,2,condition_replaced,Not Enough Evidence,Not Enough Evidence
P1319,P1319_T3,P1319_T3_3,3,condition_removed,Not Enough Evidence,Not Enough Evidence
P1319,P1319_T3,P1319_T3_4,4,supported,Supported,Supported
P1319,P1319_T3,P1319_T3_5,5,condition_contradicted,Not Supported,Not Supported
P1327,P1327_T1,P1327_T1_1,1,relation_contradicted,Not Supported,Not Supported
P1327,P1327_T1,P1327_T1_2,2,condition_replaced,Not Enough Evidence,Not Enough Evidence
P1327,P1327_T1,P1327_T1_3,3,condition_removed,Not Enough Evidence,Not Enough Evidence
P1327,P1327_T1,P1327_T1_4,4,supported,Supported,Supported
P1327,P1327_T1,P1327_T1_5,5,condition_contradicted,Not Supported,Not Supported
P1327,P1327_T2,P1327_T2_1,1,relation_contradicted,Not Supported,Not Supported
P1327,P1327_T2,P1327_T2_2,2,condition_replaced,Not Enough Evidence,Not Enough Evidence
P1327,P1327_T2,P1327_T2_3,3,condition_removed,Not Enough Evidence,Not Enough Evidence
P1327,P1327_T2,P1327_T2_4,4,supported,Supported,Supported
P1327,P1327_T2,P1327_T2_5,5,condition_contradicted,Not Supported,Not Supported
P1327,P1327_T3,P1327_T3_1,1,relation_contradicted,Not Supported,Not Supported
P1327,P1327_T3,P1327_T3_2,2,condition_replaced,Not Enough Evidence,Not Enough Evidence
P1327,P1327_T3,P1327_T3_3,3,condition_removed,Not Enough Evidence,Not Enough Evidence
P1327,P1327_T3,P1327_T3_4,4,supported,Supported,Supported
P1327,P1327_T3,P1327_T3_5,5,condition_contradicted,Not Supported,Not Supported
P1328,P1328_T1,P1328_T1_1,1,relation_contradicted,Not Supported,Not Supported
P1328,P1328_T1,P1328_T1_2,2,condition_replaced,Not Enough Evidence,Not Enough Evidence
P1328,P1328_T1,P1328_T1_3,3,condition_removed,Not Enough Evidence,Not Enough Evidence
P1328,P1328_T1,P1328_T1_4,4,supported,Supported,Supported
P1328,P1328_T1,P1328_T1_5,5,condition_contradicted,Not Supported,Not Supported
P1328,P1328_T2,P1328_T2_1,1,relation_contradicted,Not Supported,Not Supported
P1328,P1328_T2,P1328_T2_2,2,condition_replaced,Not Enough Evidence,Not Enough Evidence
P1328,P1328_T2,P1328_T2_3,3,condition_removed,Not Enough Evidence,Not Enough Evidence
P1328,P1328_T2,P1328_T2_4,4,supported,Supported,Supported
P1328,P1328_T2,P1328_T2_5,5,condition_contradicted,Not Supported,Not Supported
P1328,P1328_T3,P1328_T3_1,1,relation_contradicted,Not Supported,Not Supported
P1328,P1328_T3,P1328_T3_2,2,condition_replaced,Not Enough Evidence,Not Enough Evidence
P1328,P1328_T3,P1328_T3_3,3,condition_removed,Not Enough Evidence,Not Enough Evidence
P1328,P1328_T3,P1328_T3_4,4,supported,Supported,Supported
P1328,P1328_T3,P1328_T3_5,5,condition_contradicted,Not Supported,Not Supported
P1330,P1330_T1,P1330_T1_1,1,relation_contradicted,Not Supported,Not Supported
P1330,P1330_T1,P1330_T1_2,2,condition_replaced,Not Enough Evidence,Not Enough Evidence
P1330,P1330_T1,P1330_T1_3,3,condition_removed,Not Enough Evidence,Not Enough Evidence
P1330,P1330_T1,P1330_T1_4,4,supported,Supported,Supported
P1330,P1330_T1,P1330_T1_5,5,condition_contradicted,Not Supported,Not Supported
P1330,P1330_T2,P1330_T2_1,1,relation_contradicted,Not Supported,Not Supported
P1330,P1330_T2,P1330_T2_2,2,condition_replaced,Not Enough Evidence,Not Enough Evidence
P1330,P1330_T2,P1330_T2_3,3,condition_removed,Not Enough Evidence,Not Enough Evidence
P1330,P1330_T2,P1330_T2_4,4,supported,Supported,Supported
P1330,P1330_T2,P1330_T2_5,5,condition_contradicted,Not Supported,Not Supported
P1330,P1330_T3,P1330_T3_1,1,relation_contradicted,Not Supported,Not Supported
P1330,P1330_T3,P1330_T3_2,2,condition_replaced,Not Enough Evidence,Not Enough Evidence
P1330,P1330_T3,P1330_T3_3,3,condition_removed,Not Enough Evidence,Not Enough Evidence
P1330,P1330_T3,P1330_T3_4,4,supported,Supported,Supported
P1330,P1330_T3,P1330_T3_5,5,condition_contradicted,Not Supported,Not Supported
P1341,P1341_T1,P1341_T1_1,1,relation_contradicted,Not Supported,Not Supported
P1341,P1341_T1,P1341_T1_2,2,condition_replaced,Not Enough Evidence,Not Enough Evidence
P1341,P1341_T1,P1341_T1_3,3,condition_removed,Not Enough Evidence,Not Enough Evidence
P1341,P1341_T1,P1341_T1_4,4,supported,Supported,Supported
P1341,P1341_T1,P1341_T1_5,5,condition_contradicted,Not Supported,Not Supported
P1341,P1341_T2,P1341_T2_1,1,relation_contradicted,Not Supported,Not Supported
P1341,P1341_T2,P1341_T2_2,2,condition_replaced,Not Enough Evidence,Not Enough Evidence
P1341,P1341_T2,P1341_T2_3,3,condition_removed,Not Enough Evidence,Not Enough Evidence
P1341,P1341_T2,P1341_T2_4,4,supported,Supported,Supported
P1341,P1341_T2,P1341_T2_5,5,condition_contradicted,Not Supported,Not Supported
P1341,P1341_T3,P1341_T3_1,1,relation_contradicted,Not Supported,Not Supported
P1341,P1341_T3,P1341_T3_2,2,condition_replaced,Not Enough Evidence,Not Enough Evidence
P1341,P1341_T3,P1341_T3_3,3,condition_removed,Not Enough Evidence,Not Enough Evidence
P1341,P1341_T3,P1341_T3_4,4,supported,Supported,Supported
P1341,P1341_T3,P1341_T3_5,5,condition_contradicted,Not Supported,Not Supported
P1343,P1343_T1,P1343_T1_1,1,relation_contradicted,Not Supported,Not Supported
P1343,P1343_T1,P1343_T1_2,2,condition_replaced,Not Enough Evidence,Not Enough Evidence
P1343,P1343_T1,P1343_T1_3,3,condition_removed,Not Enough Evidence,Not Enough Evidence
P1343,P1343_T1,P1343_T1_4,4,supported,Supported,Supported
P1343,P1343_T1,P1343_T1_5,5,condition_contradicted,Not Supported,Not Supported
P1343,P1343_T2,P1343_T2_1,1,relation_contradicted,Not Supported,Not Supported
P1343,P1343_T2,P1343_T2_2,2,condition_replaced,Not Enough Evidence,Not Enough Evidence
P1343,P1343_T2,P1343_T2_3,3,condition_removed,Not Enough Evidence,Not Enough Evidence
P1343,P1343_T2,P1343_T2_4,4,supported,Supported,Supported
P1343,P1343_T2,P1343_T2_5,5,condition_contradicted,Not Supported,Not Supported
P1343,P1343_T3,P1343_T3_1,1,relation_contradicted,Not Supported,Not Supported
P1343,P1343_T3,P1343_T3_2,2,condition_replaced,Not Enough Evidence,Not Enough Evidence
P1343,P1343_T3,P1343_T3_3,3,condition_removed,Not Enough Evidence,Not Enough Evidence
P1343,P1343_T3,P1343_T3_4,4,supported,Supported,Supported
P1343,P1343_T3,P1343_T3_5,5,condition_contradicted,Not Supported,Not Supported
P1350,P1350_T1,P1350_T1_1,1,relation_contradicted,Not Supported,Not Supported
P1350,P1350_T1,P1350_T1_2,2,condition_replaced,Not Enough Evidence,Not Enough Evidence
P1350,P1350_T1,P1350_T1_3,3,condition_removed,Not Enough Evidence,Not Enough Evidence
P1350,P1350_T1,P1350_T1_4,4,supported,Supported,Supported
P1350,P1350_T1,P1350_T1_5,5,condition_contradicted,Not Supported,Not Supported
P1350,P1350_T2,P1350_T2_1,1,relation_contradicted,Not Supported,Not Supported
P1350,P1350_T2,P1350_T2_2,2,condition_replaced,Not Enough Evidence,Not Enough Evidence
P1350,P1350_T2,P1350_T2_3,3,condition_removed,Not Enough Evidence,Not Enough Evidence
P1350,P1350_T2,P1350_T2_4,4,supported,Supported,Supported
P1350,P1350_T2,P1350_T2_5,5,condition_contradicted,Not Supported,Not Supported
P1350,P1350_T3,P1350_T3_1,1,relation_contradicted,Not Supported,Not Supported
P1350,P1350_T3,P1350_T3_2,2,condition_replaced,Not Enough Evidence,Not Enough Evidence
P1350,P1350_T3,P1350_T3_3,3,condition_removed,Not Enough Evidence,Not Enough Evidence
P1350,P1350_T3,P1350_T3_4,4,supported,Supported,Supported
P1350,P1350_T3,P1350_T3_5,5,condition_contradicted,Not Supported,Not Supported
P1350,P1350_T4,P1350_T4_1,1,relation_contradicted,Not Supported,Not Supported
P1350,P1350_T4,P1350_T4_2,2,condition_replaced,Not Enough Evidence,Not Enough Evidence
P1350,P1350_T4,P1350_T4_3,3,condition_removed,Not Enough Evidence,Not Enough Evidence
P1350,P1350_T4,P1350_T4_4,4,supported,Supported,Supported
P1350,P1350_T4,P1350_T4_5,5,condition_contradicted,Not Supported,Not Supported
P1357,P1357_T1,P1357_T1_1,1,relation_contradicted,Not Supported,Not Supported
P1357,P1357_T1,P1357_T1_2,2,condition_replaced,Not Enough Evidence,Not Enough Evidence
P1357,P1357_T1,P1357_T1_3,3,condition_removed,Not Enough Evidence,Not Enough Evidence
P1357,P1357_T1,P1357_T1_4,4,supported,Supported,Supported
P1357,P1357_T1,P1357_T1_5,5,condition_contradicted,Not Supported,Not Supported
P1357,P1357_T2,P1357_T2_1,1,relation_contradicted,Not Supported,Not Supported
P1357,P1357_T2,P1357_T2_2,2,condition_replaced,Not Enough Evidence,Not Enough Evidence
P1357,P1357_T2,P1357_T2_3,3,condition_removed,Not Enough Evidence,Not Enough Evidence
P1357,P1357_T2,P1357_T2_4,4,supported,Supported,Supported
P1357,P1357_T2,P1357_T2_5,5,condition_contradicted,Not Supported,Not Supported
P1357,P1357_T3,P1357_T3_1,1,relation_contradicted,Not Supported,Not Supported
P1357,P1357_T3,P1357_T3_2,2,condition_replaced,Not Enough Evidence,Not Enough Evidence
P1357,P1357_T3,P1357_T3_3,3,condition_removed,Not Enough Evidence,Not Enough Evidence
P1357,P1357_T3,P1357_T3_4,4,supported,Supported,Supported
P1357,P1357_T3,P1357_T3_5,5,condition_contradicted,Not Supported,Not Supported
P1357,P1357_T4,P1357_T4_1,1,relation_contradicted,Not Supported,Not Supported
P1357,P1357_T4,P1357_T4_2,2,condition_replaced,Not Enough Evidence,Not Enough Evidence
P1357,P1357_T4,P1357_T4_3,3,condition_removed,Not Enough Evidence,Not Enough Evidence
P1357,P1357_T4,P1357_T4_4,4,supported,Supported,Supported
P1357,P1357_T4,P1357_T4_5,5,condition_contradicted,Not Supported,Not Supported
P1357,P1357_T5,P1357_T5_1,1,relation_contradicted,Not Supported,Not Supported
P1357,P1357_T5,P1357_T5_2,2,condition_replaced,Not Enough Evidence,Not Enough Evidence
P1357,P1357_T5,P1357_T5_3,3,condition_removed,Not Enough Evidence,Not Enough Evidence
P1357,P1357_T5,P1357_T5_4,4,supported,Supported,Supported
P1357,P1357_T5,P1357_T5_5,5,condition_contradicted,Not Supported,Not Supported
P1358,P1358_T1,P1358_T1_1,1,relation_contradicted,Not Supported,Not Supported
P1358,P1358_T1,P1358_T1_2,2,condition_replaced,Not Enough Evidence,Not Enough Evidence
P1358,P1358_T1,P1358_T1_3,3,condition_removed,Not Enough Evidence,Not Enough Evidence
P1358,P1358_T1,P1358_T1_4,4,supported,Supported,Supported
P1358,P1358_T1,P1358_T1_5,5,condition_contradicted,Not Supported,Not Supported
P1358,P1358_T2,P1358_T2_1,1,relation_contradicted,Not Supported,Not Supported
P1358,P1358_T2,P1358_T2_2,2,condition_replaced,Not Enough Evidence,Not Enough Evidence
P1358,P1358_T2,P1358_T2_3,3,condition_removed,Not Enough Evidence,Not Enough Evidence
P1358,P1358_T2,P1358_T2_4,4,supported,Supported,Supported
P1358,P1358_T2,P1358_T2_5,5,condition_contradicted,Not Supported,Not Supported
P1358,P1358_T3,P1358_T3_1,1,relation_contradicted,Not Supported,Not Supported
P1358,P1358_T3,P1358_T3_2,2,condition_replaced,Not Enough Evidence,Not Enough Evidence
P1358,P1358_T3,P1358_T3_3,3,condition_removed,Not Enough Evidence,Not Enough Evidence
P1358,P1358_T3,P1358_T3_4,4,supported,Supported,Supported
P1358,P1358_T3,P1358_T3_5,5,condition_contradicted,Not Supported,Not Supported
P1358,P1358_T4,P1358_T4_1,1,relation_contradicted,Not Supported,Not Supported
P1358,P1358_T4,P1358_T4_2,2,condition_replaced,Not Enough Evidence,Not Enough Evidence
P1358,P1358_T4,P1358_T4_3,3,condition_removed,Not Enough Evidence,Not Enough Evidence
P1358,P1358_T4,P1358_T4_4,4,supported,Supported,Supported
P1358,P1358_T4,P1358_T4_5,5,condition_contradicted,Not Supported,Not Supported
P1358,P1358_T5,P1358_T5_1,1,relation_contradicted,Not Supported,Not Supported
P1358,P1358_T5,P1358_T5_2,2,condition_replaced,Not Enough Evidence,Not Enough Evidence
P1358,P1358_T5,P1358_T5_3,3,condition_removed,Not Enough Evidence,Not Enough Evidence
P1358,P1358_T5,P1358_T5_4,4,supported,Supported,Supported
P1358,P1358_T5,P1358_T5_5,5,condition_contradicted,Not Supported,Not Supported
P1360,P1360_T1,P1360_T1_1,1,relation_contradicted,Not Supported,Not Supported
P1360,P1360_T1,P1360_T1_2,2,condition_replaced,Not Enough Evidence,Not Enough Evidence
P1360,P1360_T1,P1360_T1_3,3,condition_removed,Not Enough Evidence,Not Enough Evidence
P1360,P1360_T1,P1360_T1_4,4,supported,Supported,Supported
P1360,P1360_T1,P1360_T1_5,5,condition_contradicted,Not Supported,Not Supported
P1360,P1360_T2,P1360_T2_1,1,relation_contradicted,Not Supported,Not Supported
P1360,P1360_T2,P1360_T2_2,2,condition_replaced,Not Enough Evidence,Not Enough Evidence
P1360,P1360_T2,P1360_T2_3,3,condition_removed,Not Enough Evidence,Not Enough Evidence
P1360,P1360_T2,P1360_T2_4,4,supported,Supported,Supported
P1360,P1360_T2,P1360_T2_5,5,condition_contradicted,Not Supported,Not Supported
P1360,P1360_T3,P1360_T3_1,1,relation_contradicted,Not Supported,Not Supported
P1360,P1360_T3,P1360_T3_2,2,condition_replaced,Not Enough Evidence,Not Enough Evidence
P1360,P1360_T3,P1360_T3_3,3,condition_removed,Not Enough Evidence,Not Enough Evidence
P1360,P1360_T3,P1360_T3_4,4,supported,Supported,Supported
P1360,P1360_T3,P1360_T3_5,5,condition_contradicted,Not Supported,Not Supported
P1360,P1360_T4,P1360_T4_1,1,relation_contradicted,Not Supported,Not Supported
P1360,P1360_T4,P1360_T4_2,2,condition_replaced,Not Enough Evidence,Not Enough Evidence
P1360,P1360_T4,P1360_T4_3,3,condition_removed,Not Enough Evidence,Not Enough Evidence
P1360,P1360_T4,P1360_T4_4,4,supported,Supported,Supported
P1360,P1360_T4,P1360_T4_5,5,condition_contradicted,Not Supported,Not Supported
P1360,P1360_T5,P1360_T5_1,1,relation_contradicted,Not Supported,Not Supported
P1360,P1360_T5,P1360_T5_2,2,condition_replaced,Not Enough Evidence,Not Enough Evidence
P1360,P1360_T5,P1360_T5_3,3,condition_removed,Not Enough Evidence,Not Enough Evidence
P1360,P1360_T5,P1360_T5_4,4,supported,Supported,Supported
P1360,P1360_T5,P1360_T5_5,5,condition_contradicted,Not Supported,Not Supported
P1364,P1364_T1,P1364_T1_1,1,relation_contradicted,Not Supported,Not Supported
P1364,P1364_T1,P1364_T1_2,2,condition_replaced,Not Enough Evidence,Not Enough Evidence
P1364,P1364_T1,P1364_T1_3,3,condition_removed,Not Enough Evidence,Not Enough Evidence
P1364,P1364_T1,P1364_T1_4,4,supported,Supported,Supported
P1364,P1364_T1,P1364_T1_5,5,condition_contradicted,Not Supported,Not Supported
P1364,P1364_T2,P1364_T2_1,1,relation_contradicted,Not Supported,Not Supported
P1364,P1364_T2,P1364_T2_2,2,condition_replaced,Not Enough Evidence,Not Enough Evidence
P1364,P1364_T2,P1364_T2_3,3,condition_removed,Not Enough Evidence,Not Enough Evidence
P1364,P1364_T2,P1364_T2_4,4,supported,Supported,Supported
P1364,P1364_T2,P1364_T2_5,5,condition_contradicted,Not Supported,Not Supported
P1364,P1364_T3,P1364_T3_1,1,relation_contradicted,Not Supported,Not Supported
P1364,P1364_T3,P1364_T3_2,2,condition_replaced,Not Enough Evidence,Not Enough Evidence
P1364,P1364_T3,P1364_T3_3,3,condition_removed,Not Enough Evidence,Not Enough Evidence
P1364,P1364_T3,P1364_T3_4,4,supported,Supported,Supported
P1364,P1364_T3,P1364_T3_5,5,condition_contradicted,Not Supported,Not Supported
P1364,P1364_T4,P1364_T4_1,1,relation_contradicted,Not Supported,Not Supported
P1364,P1364_T4,P1364_T4_2,2,condition_replaced,Not Enough Evidence,Not Enough Evidence
P1364,P1364_T4,P1364_T4_3,3,condition_removed,Not Enough Evidence,Not Enough Evidence
P1364,P1364_T4,P1364_T4_4,4,supported,Supported,Supported
P1364,P1364_T4,P1364_T4_5,5,condition_contradicted,Not Supported,Not Supported
P1364,P1364_T5,P1364_T5_1,1,relation_contradicted,Not Supported,Not Supported
P1364,P1364_T5,P1364_T5_2,2,condition_replaced,Not Enough Evidence,Not Enough Evidence
P1364,P1364_T5,P1364_T5_3,3,condition_removed,Not Enough Evidence,Not Enough Evidence
P1364,P1364_T5,P1364_T5_4,4,supported,Supported,Supported
P1364,P1364_T5,P1364_T5_5,5,condition_contradicted,Not Supported,Not Supported
P1367,P1367_T1,P1367_T1_1,1,relation_contradicted,Not Supported,Not Supported
P1367,P1367_T1,P1367_T1_2,2,condition_replaced,Not Enough Evidence,Not Enough Evidence
P1367,P1367_T1,P1367_T1_3,3,condition_removed,Not Enough Evidence,Not Enough Evidence
P1367,P1367_T1,P1367_T1_4,4,supported,Supported,Supported
P1367,P1367_T1,P1367_T1_5,5,condition_contradicted,Not Supported,Not Supported
P1367,P1367_T2,P1367_T2_1,1,relation_contradicted,Not Supported,Not Supported
P1367,P1367_T2,P1367_T2_2,2,condition_replaced,Not Enough Evidence,Not Enough Evidence
P1367,P1367_T2,P1367_T2_3,3,condition_removed,Not Enough Evidence,Not Enough Evidence
P1367,P1367_T2,P1367_T2_4,4,supported,Supported,Supported
P1367,P1367_T2,P1367_T2_5,5,condition_contradicted,Not Supported,Not Supported
P1367,P1367_T3,P1367_T3_1,1,relation_contradicted,Not Supported,Not Supported
P1367,P1367_T3,P1367_T3_2,2,condition_replaced,Not Enough Evidence,Not Enough Evidence
P1367,P1367_T3,P1367_T3_3,3,condition_removed,Not Enough Evidence,Not Enough Evidence
P1367,P1367_T3,P1367_T3_4,4,supported,Supported,Supported
P1367,P1367_T3,P1367_T3_5,5,condition_contradicted,Not Supported,Not Supported
P1367,P1367_T4,P1367_T4_1,1,relation_contradicted,Not Supported,Not Supported
P1367,P1367_T4,P1367_T4_2,2,condition_replaced,Not Enough Evidence,Not Enough Evidence
P1367,P1367_T4,P1367_T4_3,3,condition_removed,Not Enough Evidence,Not Enough Evidence
P1367,P1367_T4,P1367_T4_4,4,supported,Supported,Supported
P1367,P1367_T4,P1367_T4_5,5,condition_contradicted,Not Supported,Not Supported
P1367,P1367_T5,P1367_T5_1,1,relation_contradicted,Not Supported,Not Supported
P1367,P1367_T5,P1367_T5_2,2,condition_replaced,Not Enough Evidence,Not Enough Evidence
P1367,P1367_T5,P1367_T5_3,3,condition_removed,Not Enough Evidence,Not Enough Evidence
P1367,P1367_T5,P1367_T5_4,4,supported,Supported,Supported
P1367,P1367_T5,P1367_T5_5,5,condition_contradicted,Not Supported,Not Supported
P1368,P1368_T1,P1368_T1_1,1,relation_contradicted,Not Supported,Not Supported
P1368,P1368_T1,P1368_T1_2,2,condition_replaced,Not Enough Evidence,Not Enough Evidence
P1368,P1368_T1,P1368_T1_3,3,condition_removed,Not Enough Evidence,Not Enough Evidence
P1368,P1368_T1,P1368_T1_4,4,supported,Supported,Supported
P1368,P1368_T1,P1368_T1_5,5,condition_contradicted,Not Supported,Not Supported
P1368,P1368_T2,P1368_T2_1,1,relation_contradicted,Not Supported,Not Supported
P1368,P1368_T2,P1368_T2_2,2,condition_replaced,Not Enough Evidence,Not Enough Evidence
P1368,P1368_T2,P1368_T2_3,3,condition_removed,Not Enough Evidence,Not Enough Evidence
P1368,P1368_T2,P1368_T2_4,4,supported,Supported,Supported
P1368,P1368_T2,P1368_T2_5,5,condition_contradicted,Not Supported,Not Supported
P1368,P1368_T3,P1368_T3_1,1,relation_contradicted,Not Supported,Not Supported
P1368,P1368_T3,P1368_T3_2,2,condition_replaced,Not Enough Evidence,Not Enough Evidence
P1368,P1368_T3,P1368_T3_3,3,condition_removed,Not Enough Evidence,Not Enough Evidence
P1368,P1368_T3,P1368_T3_4,4,supported,Supported,Supported
P1368,P1368_T3,P1368_T3_5,5,condition_contradicted,Not Supported,Not Supported
P1368,P1368_T4,P1368_T4_1,1,relation_contradicted,Not Supported,Not Supported
P1368,P1368_T4,P1368_T4_2,2,condition_replaced,Not Enough Evidence,Not Enough Evidence
P1368,P1368_T4,P1368_T4_3,3,condition_removed,Not Enough Evidence,Not Enough Evidence
P1368,P1368_T4,P1368_T4_4,4,supported,Supported,Supported
P1368,P1368_T4,P1368_T4_5,5,condition_contradicted,Not Supported,Not Supported
P1368,P1368_T5,P1368_T5_1,1,relation_contradicted,Not Supported,Not Supported
P1368,P1368_T5,P1368_T5_2,2,condition_replaced,Not Enough Evidence,Not Enough Evidence
P1368,P1368_T5,P1368_T5_3,3,condition_removed,Not Enough Evidence,Not Enough Evidence
P1368,P1368_T5,P1368_T5_4,4,supported,Supported,Supported
P1368,P1368_T5,P1368_T5_5,5,condition_contradicted,Not Supported,Not Supported
P1370,P1370_T1,P1370_T1_1,1,relation_contradicted,Not Supported,Not Supported
P1370,P1370_T1,P1370_T1_2,2,condition_replaced,Not Enough Evidence,Not Enough Evidence
P1370,P1370_T1,P1370_T1_3,3,condition_removed,Not Enough Evidence,Not Enough Evidence
P1370,P1370_T1,P1370_T1_4,4,supported,Supported,Supported
P1370,P1370_T1,P1370_T1_5,5,condition_contradicted,Not Supported,Not Supported
P1370,P1370_T2,P1370_T2_1,1,relation_contradicted,Not Supported,Not Supported
P1370,P1370_T2,P1370_T2_2,2,condition_replaced,Not Enough Evidence,Not Enough Evidence
P1370,P1370_T2,P1370_T2_3,3,condition_removed,Not Enough Evidence,Not Enough Evidence
P1370,P1370_T2,P1370_T2_4,4,supported,Supported,Supported
P1370,P1370_T2,P1370_T2_5,5,condition_contradicted,Not Supported,Not Supported
P1370,P1370_T3,P1370_T3_1,1,relation_contradicted,Not Supported,Not Supported
P1370,P1370_T3,P1370_T3_2,2,condition_replaced,Not Enough Evidence,Not Enough Evidence
P1370,P1370_T3,P1370_T3_3,3,condition_removed,Not Enough Evidence,Not Enough Evidence
P1370,P1370_T3,P1370_T3_4,4,supported,Supported,Supported
P1370,P1370_T3,P1370_T3_5,5,condition_contradicted,Not Supported,Not Supported
P1370,P1370_T4,P1370_T4_1,1,relation_contradicted,Not Supported,Not Supported
P1370,P1370_T4,P1370_T4_2,2,condition_replaced,Not Enough Evidence,Not Enough Evidence
P1370,P1370_T4,P1370_T4_3,3,condition_removed,Not Enough Evidence,Not Enough Evidence
P1370,P1370_T4,P1370_T4_4,4,supported,Supported,Supported
P1370,P1370_T4,P1370_T4_5,5,condition_contradicted,Not Supported,Not Supported
P1370,P1370_T5,P1370_T5_1,1,relation_contradicted,Not Supported,Not Supported
P1370,P1370_T5,P1370_T5_2,2,condition_replaced,Not Enough Evidence,Not Enough Evidence
P1370,P1370_T5,P1370_T5_3,3,condition_removed,Not Enough Evidence,Not Enough Evidence
P1370,P1370_T5,P1370_T5_4,4,supported,Supported,Supported
P1370,P1370_T5,P1370_T5_5,5,condition_contradicted,Not Supported,Not Supported
P1371,P1371_T1,P1371_T1_1,1,relation_contradicted,Not Supported,Not Supported
P1371,P1371_T1,P1371_T1_2,2,condition_replaced,Not Enough Evidence,Not Enough Evidence
P1371,P1371_T1,P1371_T1_3,3,condition_removed,Not Enough Evidence,Not Enough Evidence
P1371,P1371_T1,P1371_T1_4,4,supported,Supported,Supported
P1371,P1371_T1,P1371_T1_5,5,condition_contradicted,Not Supported,Not Supported
P1371,P1371_T2,P1371_T2_1,1,relation_contradicted,Not Supported,Not Supported
P1371,P1371_T2,P1371_T2_2,2,condition_replaced,Not Enough Evidence,Not Enough Evidence
P1371,P1371_T2,P1371_T2_3,3,condition_removed,Not Enough Evidence,Not Enough Evidence
P1371,P1371_T2,P1371_T2_4,4,supported,Supported,Supported
P1371,P1371_T2,P1371_T2_5,5,condition_contradicted,Not Supported,Not Supported
P1371,P1371_T3,P1371_T3_1,1,relation_contradicted,Not Supported,Not Supported
P1371,P1371_T3,P1371_T3_2,2,condition_replaced,Not Enough Evidence,Not Enough Evidence
P1371,P1371_T3,P1371_T3_3,3,condition_removed,Not Enough Evidence,Not Enough Evidence
P1371,P1371_T3,P1371_T3_4,4,supported,Supported,Supported
P1371,P1371_T3,P1371_T3_5,5,condition_contradicted,Not Supported,Not Supported
P1371,P1371_T4,P1371_T4_1,1,relation_contradicted,Not Supported,Not Supported
P1371,P1371_T4,P1371_T4_2,2,condition_replaced,Not Enough Evidence,Not Enough Evidence
P1371,P1371_T4,P1371_T4_3,3,condition_removed,Not Enough Evidence,Not Enough Evidence
P1371,P1371_T4,P1371_T4_4,4,supported,Supported,Supported
P1371,P1371_T4,P1371_T4_5,5,condition_contradicted,Not Supported,Not Supported
P1371,P1371_T5,P1371_T5_1,1,relation_contradicted,Not Supported,Not Supported
P1371,P1371_T5,P1371_T5_2,2,condition_replaced,Not Enough Evidence,Not Enough Evidence
P1371,P1371_T5,P1371_T5_3,3,condition_removed,Not Enough Evidence,Not Enough Evidence
P1371,P1371_T5,P1371_T5_4,4,supported,Supported,Supported
P1371,P1371_T5,P1371_T5_5,5,condition_contradicted,Not Supported,Not Supported
P1374,P1374_T1,P1374_T1_1,1,relation_contradicted,Not Supported,Not Supported
P1374,P1374_T1,P1374_T1_2,2,condition_replaced,Not Enough Evidence,Not Enough Evidence
P1374,P1374_T1,P1374_T1_3,3,condition_removed,Not Enough Evidence,Not Enough Evidence
P1374,P1374_T1,P1374_T1_4,4,supported,Supported,Supported
P1374,P1374_T1,P1374_T1_5,5,condition_contradicted,Not Supported,Not Supported
P1374,P1374_T2,P1374_T2_1,1,relation_contradicted,Not Supported,Not Supported
P1374,P1374_T2,P1374_T2_2,2,condition_replaced,Not Enough Evidence,Not Enough Evidence
P1374,P1374_T2,P1374_T2_3,3,condition_removed,Not Enough Evidence,Not Enough Evidence
P1374,P1374_T2,P1374_T2_4,4,supported,Supported,Supported
P1374,P1374_T2,P1374_T2_5,5,condition_contradicted,Not Supported,Not Supported
P1374,P1374_T3,P1374_T3_1,1,relation_contradicted,Not Supported,Not Supported
P1374,P1374_T3,P1374_T3_2,2,condition_replaced,Not Enough Evidence,Not Enough Evidence
P1374,P1374_T3,P1374_T3_3,3,condition_removed,Not Enough Evidence,Not Enough Evidence
P1374,P1374_T3,P1374_T3_4,4,supported,Supported,Supported
P1374,P1374_T3,P1374_T3_5,5,condition_contradicted,Not Supported,Not Supported
P1374,P1374_T4,P1374_T4_1,1,relation_contradicted,Not Supported,Not Supported
P1374,P1374_T4,P1374_T4_2,2,condition_replaced,Not Enough Evidence,Not Enough Evidence
P1374,P1374_T4,P1374_T4_3,3,condition_removed,Not Enough Evidence,Not Enough Evidence
P1374,P1374_T4,P1374_T4_4,4,supported,Supported,Supported
P1374,P1374_T4,P1374_T4_5,5,condition_contradicted,Not Supported,Not Supported
P1374,P1374_T5,P1374_T5_1,1,relation_contradicted,Not Supported,Not Supported
P1374,P1374_T5,P1374_T5_2,2,condition_replaced,Not Enough Evidence,Not Enough Evidence
P1374,P1374_T5,P1374_T5_3,3,condition_removed,Not Enough Evidence,Not Enough Evidence
P1374,P1374_T5,P1374_T5_4,4,supported,Supported,Supported
P1374,P1374_T5,P1374_T5_5,5,condition_contradicted,Not Supported,Not Supported
P1375,P1375_T1,P1375_T1_1,1,relation_contradicted,Not Supported,Not Supported
P1375,P1375_T1,P1375_T1_2,2,condition_replaced,Not Enough Evidence,Not Enough Evidence
P1375,P1375_T1,P1375_T1_3,3,condition_removed,Not Enough Evidence,Not Enough Evidence
P1375,P1375_T1,P1375_T1_4,4,supported,Supported,Supported
P1375,P1375_T1,P1375_T1_5,5,condition_contradicted,Not Supported,Not Supported
P1375,P1375_T2,P1375_T2_1,1,relation_contradicted,Not Supported,Not Supported
P1375,P1375_T2,P1375_T2_2,2,condition_replaced,Not Enough Evidence,Not Enough Evidence
P1375,P1375_T2,P1375_T2_3,3,condition_removed,Not Enough Evidence,Not Enough Evidence
P1375,P1375_T2,P1375_T2_4,4,supported,Supported,Supported
P1375,P1375_T2,P1375_T2_5,5,condition_contradicted,Not Supported,Not Supported
P1375,P1375_T3,P1375_T3_1,1,relation_contradicted,Not Supported,Not Supported
P1375,P1375_T3,P1375_T3_2,2,condition_replaced,Not Enough Evidence,Not Enough Evidence
P1375,P1375_T3,P1375_T3_3,3,condition_removed,Not Enough Evidence,Not Enough Evidence
P1375,P1375_T3,P1375_T3_4,4,supported,Supported,Supported
P1375,P1375_T3,P1375_T3_5,5,condition_contradicted,Not Supported,Not Supported
P1375,P1375_T4,P1375_T4_1,1,relation_contradicted,Not Supported,Not Supported
P1375,P1375_T4,P1375_T4_2,2,condition_replaced,Not Enough Evidence,Not Enough Evidence
P1375,P1375_T4,P1375_T4_3,3,condition_removed,Not Enough Evidence,Not Enough Evidence
P1375,P1375_T4,P1375_T4_4,4,supported,Supported,Supported
P1375,P1375_T4,P1375_T4_5,5,condition_contradicted,Not Supported,Not Supported
P1375,P1375_T5,P1375_T5_1,1,relation_contradicted,Not Supported,Not Supported
P1375,P1375_T5,P1375_T5_2,2,condition_replaced,Not Enough Evidence,Not Enough Evidence
P1375,P1375_T5,P1375_T5_3,3,condition_removed,Not Enough Evidence,Not Enough Evidence
P1375,P1375_T5,P1375_T5_4,4,supported,Supported,Supported
P1375,P1375_T5,P1375_T5_5,5,condition_contradicted,Not Supported,Not Supported
P1383,P1383_T1,P1383_T1_1,1,relation_contradicted,Not Supported,Not Supported
P1383,P1383_T1,P1383_T1_2,2,condition_replaced,Not Enough Evidence,Not Enough Evidence
P1383,P1383_T1,P1383_T1_3,3,condition_removed,Not Enough Evidence,Not Enough Evidence
P1383,P1383_T1,P1383_T1_4,4,supported,Supported,Supported
P1383,P1383_T1,P1383_T1_5,5,condition_contradicted,Not Supported,Not Supported
P1385,P1385_T1,P1385_T1_1,1,relation_contradicted,Not Supported,Not Supported
P1385,P1385_T1,P1385_T1_2,2,condition_replaced,Not Enough Evidence,Not Enough Evidence
P1385,P1385_T1,P1385_T1_3,3,condition_removed,Not Enough Evidence,Not Enough Evidence
P1385,P1385_T1,P1385_T1_4,4,supported,Supported,Supported
P1385,P1385_T1,P1385_T1_5,5,condition_contradicted,Not Supported,Not Supported
P1386,P1386_T1,P1386_T1_1,1,relation_contradicted,Not Supported,Not Supported
P1386,P1386_T1,P1386_T1_2,2,condition_replaced,Not Enough Evidence,Not Enough Evidence
P1386,P1386_T1,P1386_T1_3,3,condition_removed,Not Enough Evidence,Not Enough Evidence
P1386,P1386_T1,P1386_T1_4,4,supported,Supported,Supported
P1386,P1386_T1,P1386_T1_5,5,condition_contradicted,Not Supported,Not Supported
P1388,P1388_T1,P1388_T1_1,1,relation_contradicted,Not Supported,Not Supported
P1388,P1388_T1,P1388_T1_2,2,condition_replaced,Not Enough Evidence,Not Enough Evidence
P1388,P1388_T1,P1388_T1_3,3,condition_removed,Not Enough Evidence,Not Enough Evidence
P1388,P1388_T1,P1388_T1_4,4,supported,Supported,Supported
P1388,P1388_T1,P1388_T1_5,5,condition_contradicted,Not Supported,Not Supported
P1390,P1390_T1,P1390_T1_1,1,relation_contradicted,Not Supported,Not Supported
P1390,P1390_T1,P1390_T1_2,2,condition_replaced,Not Enough Evidence,Not Enough Evidence
P1390,P1390_T1,P1390_T1_3,3,condition_removed,Not Enough Evidence,Not Enough Evidence
P1390,P1390_T1,P1390_T1_4,4,supported,Supported,Supported
P1390,P1390_T1,P1390_T1_5,5,condition_contradicted,Not Supported,Not Supported
P1392,P1392_T1,P1392_T1_1,1,relation_contradicted,Not Supported,Not Supported
P1392,P1392_T1,P1392_T1_2,2,condition_replaced,Not Enough Evidence,Not Enough Evidence
P1392,P1392_T1,P1392_T1_3,3,condition_removed,Not Enough Evidence,Not Enough Evidence
P1392,P1392_T1,P1392_T1_4,4,supported,Supported,Supported
P1392,P1392_T1,P1392_T1_5,5,condition_contradicted,Not Supported,Not Supported
P1393,P1393_T1,P1393_T1_1,1,relation_contradicted,Not Supported,Not Supported
P1393,P1393_T1,P1393_T1_2,2,condition_replaced,Not Enough Evidence,Not Enough Evidence
P1393,P1393_T1,P1393_T1_3,3,condition_removed,Not Enough Evidence,Not Enough Evidence
P1393,P1393_T1,P1393_T1_4,4,supported,Supported,Supported
P1393,P1393_T1,P1393_T1_5,5,condition_contradicted,Not Supported,Not Supported
P1397,P1397_T1,P1397_T1_1,1,relation_contradicted,Not Supported,Not Supported
P1397,P1397_T1,P1397_T1_2,2,condition_replaced,Not Enough Evidence,Not Enough Evidence
P1397,P1397_T1,P1397_T1_3,3,condition_removed,Not Enough Evidence,Not Enough Evidence
P1397,P1397_T1,P1397_T1_4,4,supported,Supported,Supported
P1397,P1397_T1,P1397_T1_5,5,condition_contradicted,Not Supported,Not Supported
P1397,P1397_T2,P1397_T2_1,1,relation_contradicted,Not Supported,Not Supported
P1397,P1397_T2,P1397_T2_2,2,condition_replaced,Not Enough Evidence,Not Enough Evidence
P1397,P1397_T2,P1397_T2_3,3,condition_removed,Not Enough Evidence,Not Enough Evidence
P1397,P1397_T2,P1397_T2_4,4,supported,Supported,Supported
P1397,P1397_T2,P1397_T2_5,5,condition_contradicted,Not Supported,Not Supported
P1402,P1402_T1,P1402_T1_1,1,relation_contradicted,Not Supported,Not Supported
P1402,P1402_T1,P1402_T1_2,2,condition_replaced,Not Enough Evidence,Not Enough Evidence
P1402,P1402_T1,P1402_T1_3,3,condition_removed,Not Enough Evidence,Not Enough Evidence
P1402,P1402_T1,P1402_T1_4,4,supported,Supported,Supported
P1402,P1402_T1,P1402_T1_5,5,condition_contradicted,Not Supported,Not Supported
P1405,P1405_T1,P1405_T1_1,1,relation_contradicted,Not Supported,Not Supported
P1405,P1405_T1,P1405_T1_2,2,condition_replaced,Not Enough Evidence,Not Enough Evidence
P1405,P1405_T1,P1405_T1_3,3,condition_removed,Not Enough Evidence,Not Enough Evidence
P1405,P1405_T1,P1405_T1_4,4,supported,Supported,Supported
P1405,P1405_T1,P1405_T1_5,5,condition_contradicted,Not Supported,Not Supported
P1411,P1411_T1,P1411_T1_1,1,relation_contradicted,Not Supported,Not Supported
P1411,P1411_T1,P1411_T1_2,2,condition_replaced,Not Enough Evidence,Not Enough Evidence
P1411,P1411_T1,P1411_T1_3,3,condition_removed,Not Enough Evidence,Not Enough Evidence
P1411,P1411_T1,P1411_T1_4,4,supported,Supported,Supported
P1411,P1411_T1,P1411_T1_5,5,condition_contradicted,Not Supported,Not Supported
P1419,P1419_T1,P1419_T1_1,1,relation_contradicted,Not Supported,Not Supported
P1419,P1419_T1,P1419_T1_2,2,condition_replaced,Not Enough Evidence,Not Enough Evidence
P1419,P1419_T1,P1419_T1_3,3,condition_removed,Not Enough Evidence,Not Enough Evidence
P1419,P1419_T1,P1419_T1_4,4,supported,Supported,Supported
P1419,P1419_T1,P1419_T1_5,5,condition_contradicted,Not Supported,Not Supported
P1423,P1423_T1,P1423_T1_1,1,relation_contradicted,Not Supported,Not Supported
P1423,P1423_T1,P1423_T1_2,2,condition_replaced,Not Enough Evidence,Not Enough Evidence
P1423,P1423_T1,P1423_T1_3,3,condition_removed,Not Enough Evidence,Not Enough Evidence
P1423,P1423_T1,P1423_T1_4,4,supported,Supported,Supported
P1423,P1423_T1,P1423_T1_5,5,condition_contradicted,Not Supported,Not Supported
P1423,P1423_T2,P1423_T2_1,1,relation_contradicted,Not Supported,Not Supported
P1423,P1423_T2,P1423_T2_2,2,condition_replaced,Not Enough Evidence,Not Enough Evidence
P1423,P1423_T2,P1423_T2_3,3,condition_removed,Not Enough Evidence,Not Enough Evidence
P1423,P1423_T2,P1423_T2_4,4,supported,Supported,Supported
P1423,P1423_T2,P1423_T2_5,5,condition_contradicted,Not Supported,Not Supported
P1430,P1430_T1,P1430_T1_1,1,relation_contradicted,Not Supported,Not Supported
P1430,P1430_T1,P1430_T1_2,2,condition_replaced,Not Enough Evidence,Not Enough Evidence
P1430,P1430_T1,P1430_T1_3,3,condition_removed,Not Enough Evidence,Not Enough Evidence
P1430,P1430_T1,P1430_T1_4,4,supported,Supported,Supported
P1430,P1430_T1,P1430_T1_5,5,condition_contradicted,Not Supported,Not Supported
P1431,P1431_T1,P1431_T1_1,1,relation_contradicted,Not Supported,Not Supported
P1431,P1431_T1,P1431_T1_2,2,condition_replaced,Not Enough Evidence,Not Enough Evidence
P1431,P1431_T1,P1431_T1_3,3,condition_removed,Not Enough Evidence,Not Enough Evidence
P1431,P1431_T1,P1431_T1_4,4,supported,Supported,Supported
P1431,P1431_T1,P1431_T1_5,5,condition_contradicted,Not Supported,Not Supported
P1432,P1432_T1,P1432_T1_1,1,relation_contradicted,Not Supported,Not Supported
P1432,P1432_T1,P1432_T1_2,2,condition_replaced,Not Enough Evidence,Not Enough Evidence
P1432,P1432_T1,P1432_T1_3,3,condition_removed,Not Enough Evidence,Not Enough Evidence
P1432,P1432_T1,P1432_T1_4,4,supported,Supported,Supported
P1432,P1432_T1,P1432_T1_5,5,condition_contradicted,Not Supported,Not Supported
P1435,P1435_T1,P1435_T1_1,1,relation_contradicted,Not Supported,Not Supported
P1435,P1435_T1,P1435_T1_2,2,condition_replaced,Not Enough Evidence,Not Enough Evidence
P1435,P1435_T1,P1435_T1_3,3,condition_removed,Not Enough Evidence,Not Enough Evidence
P1435,P1435_T1,P1435_T1_4,4,supported,Supported,Supported
P1435,P1435_T1,P1435_T1_5,5,condition_contradicted,Not Supported,Not Supported
P1438,P1438_T1,P1438_T1_1,1,relation_contradicted,Not Supported,Not Supported
P1438,P1438_T1,P1438_T1_2,2,condition_replaced,Not Enough Evidence,Not Enough Evidence
P1438,P1438_T1,P1438_T1_3,3,condition_removed,Not Enough Evidence,Not Enough Evidence
P1438,P1438_T1,P1438_T1_4,4,supported,Supported,Supported
P1438,P1438_T1,P1438_T1_5,5,condition_contradicted,Not Supported,Not Supported
P1439,P1439_T1,P1439_T1_1,1,relation_contradicted,Not Supported,Supported
P1439,P1439_T1,P1439_T1_2,2,condition_replaced,Not Enough Evidence,Not Enough Evidence
P1439,P1439_T1,P1439_T1_3,3,condition_removed,Not Enough Evidence,Not Enough Evidence
P1439,P1439_T1,P1439_T1_4,4,supported,Supported,Supported
P1439,P1439_T1,P1439_T1_5,5,condition_contradicted,Not Supported,Not Supported
P1447,P1447_T1,P1447_T1_1,1,relation_contradicted,Not Supported,Not Supported
P1447,P1447_T1,P1447_T1_2,2,condition_replaced,Not Enough Evidence,Not Enough Evidence
P1447,P1447_T1,P1447_T1_3,3,condition_removed,Not Enough Evidence,Not Enough Evidence
P1447,P1447_T1,P1447_T1_4,4,supported,Supported,Supported
P1447,P1447_T1,P1447_T1_5,5,condition_contradicted,Not Supported,Not Supported
P1447,P1447_T2,P1447_T2_1,1,relation_contradicted,Not Supported,Not Supported
P1447,P1447_T2,P1447_T2_2,2,condition_replaced,Not Enough Evidence,Not Enough Evidence
P1447,P1447_T2,P1447_T2_3,3,condition_removed,Not Enough Evidence,Not Enough Evidence
P1447,P1447_T2,P1447_T2_4,4,supported,Supported,Supported
P1447,P1447_T2,P1447_T2_5,5,condition_contradicted,Not Supported,Not Supported
P1451,P1451_T1,P1451_T1_1,1,relation_contradicted,Not Supported,Not Supported
P1451,P1451_T1,P1451_T1_2,2,condition_replaced,Not Enough Evidence,Not Enough Evidence
P1451,P1451_T1,P1451_T1_3,3,condition_removed,Not Enough Evidence,Not Enough Evidence
P1451,P1451_T1,P1451_T1_4,4,supported,Supported,Supported
P1451,P1451_T1,P1451_T1_5,5,condition_contradicted,Not Supported,Not Supported
P1463,P1463_T1,P1463_T1_1,1,relation_contradicted,Not Supported,Not Supported
P1463,P1463_T1,P1463_T1_2,2,condition_replaced,Not Enough Evidence,Not Enough Evidence
P1463,P1463_T1,P1463_T1_3,3,condition_removed,Not Enough Evidence,Not Enough Evidence
P1463,P1463_T1,P1463_T1_4,4,supported,Supported,Supported
P1463,P1463_T1,P1463_T1_5,5,condition_contradicted,Not Supported,Not Supported
P1464,P1464_T1,P1464_T1_1,1,relation_contradicted,Not Supported,Not Supported
P1464,P1464_T1,P1464_T1_2,2,condition_replaced,Not Enough Evidence,Not Enough Evidence
P1464,P1464_T1,P1464_T1_3,3,condition_removed,Not Enough Evidence,Not Enough Evidence
P1464,P1464_T1,P1464_T1_4,4,supported,Supported,Supported
P1464,P1464_T1,P1464_T1_5,5,condition_contradicted,Not Supported,Not Supported
P1465,P1465_T1,P1465_T1_1,1,relation_contradicted,Not Supported,Not Supported
P1465,P1465_T1,P1465_T1_2,2,condition_replaced,Not Enough Evidence,Not Enough Evidence
P1465,P1465_T1,P1465_T1_3,3,condition_removed,Not Enough Evidence,Not Enough Evidence
P1465,P1465_T1,P1465_T1_4,4,supported,Supported,Supported
P1465,P1465_T1,P1465_T1_5,5,condition_contradicted,Not Supported,Not Supported
P1468,P1468_T1,P1468_T1_1,1,relation_contradicted,Not Supported,Not Supported
P1468,P1468_T1,P1468_T1_2,2,condition_replaced,Not Enough Evidence,Not Enough Evidence
P1468,P1468_T1,P1468_T1_3,3,condition_removed,Not Enough Evidence,Not Enough Evidence
P1468,P1468_T1,P1468_T1_4,4,supported,Supported,Supported
P1468,P1468_T1,P1468_T1_5,5,condition_contradicted,Not Supported,Not Supported
P1471,P1471_T1,P1471_T1_1,1,relation_contradicted,Not Supported,Not Supported
P1471,P1471_T1,P1471_T1_2,2,condition_replaced,Not Enough Evidence,Not Enough Evidence
P1471,P1471_T1,P1471_T1_3,3,condition_removed,Not Enough Evidence,Not Enough Evidence
P1471,P1471_T1,P1471_T1_4,4,supported,Supported,Supported
P1471,P1471_T1,P1471_T1_5,5,condition_contradicted,Not Supported,Not Supported
P1473,P1473_T1,P1473_T1_1,1,relation_contradicted,Not Supported,Not Supported
P1473,P1473_T1,P1473_T1_2,2,condition_replaced,Not Enough Evidence,Not Enough Evidence
P1473,P1473_T1,P1473_T1_3,3,condition_removed,Not Enough Evidence,Not Enough Evidence
P1473,P1473_T1,P1473_T1_4,4,supported,Supported,Supported
P1473,P1473_T1,P1473_T1_5,5,condition_contradicted,Not Supported,Not Supported
P1474,P1474_T1,P1474_T1_1,1,relation_contradicted,Not Supported,Not Supported
P1474,P1474_T1,P1474_T1_2,2,condition_replaced,Not Enough Evidence,Not Enough Evidence
P1474,P1474_T1,P1474_T1_3,3,condition_removed,Not Enough Evidence,Not Enough Evidence
P1474,P1474_T1,P1474_T1_4,4,supported,Supported,Supported
P1474,P1474_T1,P1474_T1_5,5,condition_contradicted,Not Supported,Not Supported
P1475,P1475_T1,P1475_T1_1,1,relation_contradicted,Not Supported,Not Supported
P1475,P1475_T1,P1475_T1_2,2,condition_replaced,Not Enough Evidence,Not Enough Evidence
P1475,P1475_T1,P1475_T1_3,3,condition_removed,Not Enough Evidence,Not Enough Evidence
P1475,P1475_T1,P1475_T1_4,4,supported,Supported,Supported
P1475,P1475_T1,P1475_T1_5,5,condition_contradicted,Not Supported,Not Supported
P1477,P1477_T1,P1477_T1_1,1,relation_contradicted,Not Supported,Not Supported
P1477,P1477_T1,P1477_T1_2,2,condition_replaced,Not Enough Evidence,Not Enough Evidence
P1477,P1477_T1,P1477_T1_3,3,condition_removed,Not Enough Evidence,Not Enough Evidence
P1477,P1477_T1,P1477_T1_4,4,supported,Supported,Not Supported
P1477,P1477_T1,P1477_T1_5,5,condition_contradicted,Not Supported,Not Supported
P1477,P1477_T2,P1477_T2_1,1,relation_contradicted,Not Supported,Not Supported
P1477,P1477_T2,P1477_T2_2,2,condition_replaced,Not Enough Evidence,Not Enough Evidence
P1477,P1477_T2,P1477_T2_3,3,condition_removed,Not Enough Evidence,Not Enough Evidence
P1477,P1477_T2,P1477_T2_4,4,supported,Supported,Supported
P1477,P1477_T2,P1477_T2_5,5,condition_contradicted,Not Supported,Not Supported
P1479,P1479_T1,P1479_T1_1,1,relation_contradicted,Not Supported,Not Supported
P1479,P1479_T1,P1479_T1_2,2,condition_replaced,Not Enough Evidence,Not Enough Evidence
P1479,P1479_T1,P1479_T1_3,3,condition_removed,Not Enough Evidence,Not Enough Evidence
P1479,P1479_T1,P1479_T1_4,4,supported,Supported,Supported
P1479,P1479_T1,P1479_T1_5,5,condition_contradicted,Not Supported,Not Supported
P1479,P1479_T2,P1479_T2_1,1,relation_contradicted,Not Supported,Not Supported
P1479,P1479_T2,P1479_T2_2,2,condition_replaced,Not Enough Evidence,Not Enough Evidence
P1479,P1479_T2,P1479_T2_3,3,condition_removed,Not Enough Evidence,Not Enough Evidence
P1479,P1479_T2,P1479_T2_4,4,supported,Supported,Supported
P1479,P1479_T2,P1479_T2_5,5,condition_contradicted,Not Supported,Not Supported
P1481,P1481_T1,P1481_T1_1,1,relation_contradicted,Not Supported,Not Supported
P1481,P1481_T1,P1481_T1_2,2,condition_replaced,Not Enough Evidence,Not Enough Evidence
P1481,P1481_T1,P1481_T1_3,3,condition_removed,Not Enough Evidence,Not Enough Evidence
P1481,P1481_T1,P1481_T1_4,4,supported,Supported,Supported
P1481,P1481_T1,P1481_T1_5,5,condition_contradicted,Not Supported,Not Supported
P1481,P1481_T2,P1481_T2_1,1,relation_contradicted,Not Supported,Not Supported
P1481,P1481_T2,P1481_T2_2,2,condition_replaced,Not Enough Evidence,Not Enough Evidence
P1481,P1481_T2,P1481_T2_3,3,condition_removed,Not Enough Evidence,Not Enough Evidence
P1481,P1481_T2,P1481_T2_4,4,supported,Supported,Supported
P1481,P1481_T2,P1481_T2_5,5,condition_contradicted,Not Supported,Not Supported
P1484,P1484_T1,P1484_T1_1,1,relation_contradicted,Not Supported,Not Supported
P1484,P1484_T1,P1484_T1_2,2,condition_replaced,Not Enough Evidence,Not Enough Evidence
P1484,P1484_T1,P1484_T1_3,3,condition_removed,Not Enough Evidence,Not Enough Evidence
P1484,P1484_T1,P1484_T1_4,4,supported,Supported,Supported
P1484,P1484_T1,P1484_T1_5,5,condition_contradicted,Not Supported,Not Supported
P1484,P1484_T2,P1484_T2_1,1,relation_contradicted,Not Supported,Not Supported
P1484,P1484_T2,P1484_T2_2,2,condition_replaced,Not Enough Evidence,Not Enough Evidence
P1484,P1484_T2,P1484_T2_3,3,condition_removed,Not Enough Evidence,Not Enough Evidence
P1484,P1484_T2,P1484_T2_4,4,supported,Supported,Supported
P1484,P1484_T2,P1484_T2_5,5,condition_contradicted,Not Supported,Not Supported
P1486,P1486_T1,P1486_T1_1,1,relation_contradicted,Not Supported,Not Supported
P1486,P1486_T1,P1486_T1_2,2,condition_replaced,Not Enough Evidence,Not Enough Evidence
P1486,P1486_T1,P1486_T1_3,3,condition_removed,Not Enough Evidence,Not Enough Evidence
P1486,P1486_T1,P1486_T1_4,4,supported,Supported,Supported
P1486,P1486_T1,P1486_T1_5,5,condition_contradicted,Not Supported,Not Supported
P1487,P1487_T1,P1487_T1_1,1,relation_contradicted,Not Supported,Not Supported
P1487,P1487_T1,P1487_T1_2,2,condition_replaced,Not Enough Evidence,Not Enough Evidence
P1487,P1487_T1,P1487_T1_3,3,condition_removed,Not Enough Evidence,Not Enough Evidence
P1487,P1487_T1,P1487_T1_4,4,supported,Supported,Supported
P1487,P1487_T1,P1487_T1_5,5,condition_contradicted,Not Supported,Not Supported
P1487,P1487_T2,P1487_T2_1,1,relation_contradicted,Not Supported,Not Supported
P1487,P1487_T2,P1487_T2_2,2,condition_replaced,Not Enough Evidence,Not Enough Evidence
P1487,P1487_T2,P1487_T2_3,3,condition_removed,Not Enough Evidence,Not Enough Evidence
P1487,P1487_T2,P1487_T2_4,4,supported,Supported,Supported
P1487,P1487_T2,P1487_T2_5,5,condition_contradicted,Not Supported,Not Supported
P1488,P1488_T1,P1488_T1_1,1,relation_contradicted,Not Supported,Not Supported
P1488,P1488_T1,P1488_T1_2,2,condition_replaced,Not Enough Evidence,Not Enough Evidence
P1488,P1488_T1,P1488_T1_3,3,condition_removed,Not Enough Evidence,Not Enough Evidence
P1488,P1488_T1,P1488_T1_4,4,supported,Supported,Supported
P1488,P1488_T1,P1488_T1_5,5,condition_contradicted,Not Supported,Not Supported
P1488,P1488_T2,P1488_T2_1,1,relation_contradicted,Not Supported,Not Supported
P1488,P1488_T2,P1488_T2_2,2,condition_replaced,Not Enough Evidence,Not Enough Evidence
P1488,P1488_T2,P1488_T2_3,3,condition_removed,Not Enough Evidence,Not Enough Evidence
P1488,P1488_T2,P1488_T2_4,4,supported,Supported,Supported
P1488,P1488_T2,P1488_T2_5,5,condition_contradicted,Not Supported,Not Supported
P1490,P1490_T1,P1490_T1_1,1,relation_contradicted,Not Supported,Not Supported
P1490,P1490_T1,P1490_T1_2,2,condition_replaced,Not Enough Evidence,Not Enough Evidence
P1490,P1490_T1,P1490_T1_3,3,condition_removed,Not Enough Evidence,Not Enough Evidence
P1490,P1490_T1,P1490_T1_4,4,supported,Supported,Supported
P1490,P1490_T1,P1490_T1_5,5,condition_contradicted,Not Supported,Not Supported
P1490,P1490_T2,P1490_T2_1,1,relation_contradicted,Not Supported,Not Supported
P1490,P1490_T2,P1490_T2_2,2,condition_replaced,Not Enough Evidence,Not Enough Evidence
P1490,P1490_T2,P1490_T2_3,3,condition_removed,Not Enough Evidence,Not Enough Evidence
P1490,P1490_T2,P1490_T2_4,4,supported,Supported,Supported
P1490,P1490_T2,P1490_T2_5,5,condition_contradicted,Not Supported,Not Supported
P1497,P1497_T1,P1497_T1_1,1,relation_contradicted,Not Supported,Not Supported
P1497,P1497_T1,P1497_T1_2,2,condition_replaced,Not Enough Evidence,Not Enough Evidence
P1497,P1497_T1,P1497_T1_3,3,condition_removed,Not Enough Evidence,Not Enough Evidence
P1497,P1497_T1,P1497_T1_4,4,supported,Supported,Supported
P1497,P1497_T1,P1497_T1_5,5,condition_contradicted,Not Supported,Not Supported
P1497,P1497_T2,P1497_T2_1,1,relation_contradicted,Not Supported,Not Supported
P1497,P1497_T2,P1497_T2_2,2,condition_replaced,Not Enough Evidence,Not Enough Evidence
P1497,P1497_T2,P1497_T2_3,3,condition_removed,Not Enough Evidence,Not Enough Evidence
P1497,P1497_T2,P1497_T2_4,4,supported,Supported,Supported
P1497,P1497_T2,P1497_T2_5,5,condition_contradicted,Not Supported,Not Supported
P1502,P1502_T1,P1502_T1_1,1,relation_contradicted,Not Supported,Not Supported
P1502,P1502_T1,P1502_T1_2,2,condition_replaced,Not Enough Evidence,Not Enough Evidence
P1502,P1502_T1,P1502_T1_3,3,condition_removed,Not Enough Evidence,Not Enough Evidence
P1502,P1502_T1,P1502_T1_4,4,supported,Supported,Supported
P1502,P1502_T1,P1502_T1_5,5,condition_contradicted,Not Supported,Not Supported
P1502,P1502_T2,P1502_T2_1,1,relation_contradicted,Not Supported,Not Supported
P1502,P1502_T2,P1502_T2_2,2,condition_replaced,Not Enough Evidence,Not Enough Evidence
P1502,P1502_T2,P1502_T2_3,3,condition_removed,Not Enough Evidence,Not Enough Evidence
P1502,P1502_T2,P1502_T2_4,4,supported,Supported,Supported
P1502,P1502_T2,P1502_T2_5,5,condition_contradicted,Not Supported,Not Supported
P1502,P1502_T3,P1502_T3_1,1,relation_contradicted,Not Supported,Not Supported
P1502,P1502_T3,P1502_T3_2,2,condition_replaced,Not Enough Evidence,Not Enough Evidence
P1502,P1502_T3,P1502_T3_3,3,condition_removed,Not Enough Evidence,Not Enough Evidence
P1502,P1502_T3,P1502_T3_4,4,supported,Supported,Supported
P1502,P1502_T3,P1502_T3_5,5,condition_contradicted,Not Supported,Not Supported
P1505,P1505_T1,P1505_T1_1,1,relation_contradicted,Not Supported,Not Supported
P1505,P1505_T1,P1505_T1_2,2,condition_replaced,Not Enough Evidence,Not Enough Evidence
P1505,P1505_T1,P1505_T1_3,3,condition_removed,Not Enough Evidence,Not Enough Evidence
P1505,P1505_T1,P1505_T1_4,4,supported,Supported,Supported
P1505,P1505_T1,P1505_T1_5,5,condition_contradicted,Not Supported,Not Supported
P1505,P1505_T2,P1505_T2_1,1,relation_contradicted,Not Supported,Not Supported
P1505,P1505_T2,P1505_T2_2,2,condition_replaced,Not Enough Evidence,Not Enough Evidence
P1505,P1505_T2,P1505_T2_3,3,condition_removed,Not Enough Evidence,Not Enough Evidence
P1505,P1505_T2,P1505_T2_4,4,supported,Supported,Supported
P1505,P1505_T2,P1505_T2_5,5,condition_contradicted,Not Supported,Not Supported
P1505,P1505_T3,P1505_T3_1,1,relation_contradicted,Not Supported,Not Supported
P1505,P1505_T3,P1505_T3_2,2,condition_replaced,Not Enough Evidence,Not Enough Evidence
P1505,P1505_T3,P1505_T3_3,3,condition_removed,Not Enough Evidence,Not Enough Evidence
P1505,P1505_T3,P1505_T3_4,4,supported,Supported,Supported
P1505,P1505_T3,P1505_T3_5,5,condition_contradicted,Not Supported,Not Supported
P1509,P1509_T1,P1509_T1_1,1,relation_contradicted,Not Supported,Not Supported
P1509,P1509_T1,P1509_T1_2,2,condition_replaced,Not Enough Evidence,Not Enough Evidence
P1509,P1509_T1,P1509_T1_3,3,condition_removed,Not Enough Evidence,Not Enough Evidence
P1509,P1509_T1,P1509_T1_4,4,supported,Supported,Supported
P1509,P1509_T1,P1509_T1_5,5,condition_contradicted,Not Supported,Not Supported
P1509,P1509_T2,P1509_T2_1,1,relation_contradicted,Not Supported,Not Supported
P1509,P1509_T2,P1509_T2_2,2,condition_replaced,Not Enough Evidence,Not Enough Evidence
P1509,P1509_T2,P1509_T2_3,3,condition_removed,Not Enough Evidence,Not Enough Evidence
P1509,P1509_T2,P1509_T2_4,4,supported,Supported,Supported
P1509,P1509_T2,P1509_T2_5,5,condition_contradicted,Not Supported,Not Supported
P1509,P1509_T3,P1509_T3_1,1,relation_contradicted,Not Supported,Supported
P1509,P1509_T3,P1509_T3_2,2,condition_replaced,Not Enough Evidence,Not Enough Evidence
P1509,P1509_T3,P1509_T3_3,3,condition_removed,Not Enough Evidence,Not Enough Evidence
P1509,P1509_T3,P1509_T3_4,4,supported,Supported,Supported
P1509,P1509_T3,P1509_T3_5,5,condition_contradicted,Not Supported,Not Supported
P1514,P1514_T1,P1514_T1_1,1,relation_contradicted,Not Supported,Not Supported
P1514,P1514_T1,P1514_T1_2,2,condition_replaced,Not Enough Evidence,Not Enough Evidence
P1514,P1514_T1,P1514_T1_3,3,condition_removed,Not Enough Evidence,Not Enough Evidence
P1514,P1514_T1,P1514_T1_4,4,supported,Supported,Supported
P1514,P1514_T1,P1514_T1_5,5,condition_contradicted,Not Supported,Not Supported
P1514,P1514_T2,P1514_T2_1,1,relation_contradicted,Not Supported,Not Supported
P1514,P1514_T2,P1514_T2_2,2,condition_replaced,Not Enough Evidence,Not Enough Evidence
P1514,P1514_T2,P1514_T2_3,3,condition_removed,Not Enough Evidence,Not Enough Evidence
P1514,P1514_T2,P1514_T2_4,4,supported,Supported,Supported
P1514,P1514_T2,P1514_T2_5,5,condition_contradicted,Not Supported,Not Supported
P1514,P1514_T3,P1514_T3_1,1,relation_contradicted,Not Supported,Not Supported
P1514,P1514_T3,P1514_T3_2,2,condition_replaced,Not Enough Evidence,Not Enough Evidence
P1514,P1514_T3,P1514_T3_3,3,condition_removed,Not Enough Evidence,Not Enough Evidence
P1514,P1514_T3,P1514_T3_4,4,supported,Supported,Supported
P1514,P1514_T3,P1514_T3_5,5,condition_contradicted,Not Supported,Not Supported
P1515,P1515_T1,P1515_T1_1,1,relation_contradicted,Not Supported,Not Supported
P1515,P1515_T1,P1515_T1_2,2,condition_replaced,Not Enough Evidence,Not Enough Evidence
P1515,P1515_T1,P1515_T1_3,3,condition_removed,Not Enough Evidence,Not Enough Evidence
P1515,P1515_T1,P1515_T1_4,4,supported,Supported,Supported
P1515,P1515_T1,P1515_T1_5,5,condition_contradicted,Not Supported,Not Supported
P1515,P1515_T2,P1515_T2_1,1,relation_contradicted,Not Supported,Not Supported
P1515,P1515_T2,P1515_T2_2,2,condition_replaced,Not Enough Evidence,Not Enough Evidence
P1515,P1515_T2,P1515_T2_3,3,condition_removed,Not Enough Evidence,Not Enough Evidence
P1515,P1515_T2,P1515_T2_4,4,supported,Supported,Supported
P1515,P1515_T2,P1515_T2_5,5,condition_contradicted,Not Supported,Not Supported
P1515,P1515_T3,P1515_T3_1,1,relation_contradicted,Not Supported,Not Supported
P1515,P1515_T3,P1515_T3_2,2,condition_replaced,Not Enough Evidence,Not Enough Evidence
P1515,P1515_T3,P1515_T3_3,3,condition_removed,Not Enough Evidence,Not Enough Evidence
P1515,P1515_T3,P1515_T3_4,4,supported,Supported,Supported
P1515,P1515_T3,P1515_T3_5,5,condition_contradicted,Not Supported,Not Supported
P1516,P1516_T1,P1516_T1_1,1,relation_contradicted,Not Supported,Not Supported
P1516,P1516_T1,P1516_T1_2,2,condition_replaced,Not Enough Evidence,Not Enough Evidence
P1516,P1516_T1,P1516_T1_3,3,condition_removed,Not Enough Evidence,Not Enough Evidence
P1516,P1516_T1,P1516_T1_4,4,supported,Supported,Supported
P1516,P1516_T1,P1516_T1_5,5,condition_contradicted,Not Supported,Not Supported
P1516,P1516_T2,P1516_T2_1,1,relation_contradicted,Not Supported,Not Supported
P1516,P1516_T2,P1516_T2_2,2,condition_replaced,Not Enough Evidence,Not Enough Evidence
P1516,P1516_T2,P1516_T2_3,3,condition_removed,Not Enough Evidence,Not Enough Evidence
P1516,P1516_T2,P1516_T2_4,4,supported,Supported,Supported
P1516,P1516_T2,P1516_T2_5,5,condition_contradicted,Not Supported,Not Supported
P1516,P1516_T3,P1516_T3_1,1,relation_contradicted,Not Supported,Not Supported
P1516,P1516_T3,P1516_T3_2,2,condition_replaced,Not Enough Evidence,Not Enough Evidence
P1516,P1516_T3,P1516_T3_3,3,condition_removed,Not Enough Evidence,Not Enough Evidence
P1516,P1516_T3,P1516_T3_4,4,supported,Supported,Supported
P1516,P1516_T3,P1516_T3_5,5,condition_contradicted,Not Supported,Not Supported
P1528,P1528_T1,P1528_T1_1,1,relation_contradicted,Not Supported,Not Supported
P1528,P1528_T1,P1528_T1_2,2,condition_replaced,Not Enough Evidence,Not Enough Evidence
P1528,P1528_T1,P1528_T1_3,3,condition_removed,Not Enough Evidence,Not Enough Evidence
P1528,P1528_T1,P1528_T1_4,4,supported,Supported,Supported
P1528,P1528_T1,P1528_T1_5,5,condition_contradicted,Not Supported,Not Supported
P1528,P1528_T2,P1528_T2_1,1,relation_contradicted,Not Supported,Not Supported
P1528,P1528_T2,P1528_T2_2,2,condition_replaced,Not Enough Evidence,Not Enough Evidence
P1528,P1528_T2,P1528_T2_3,3,condition_removed,Not Enough Evidence,Not Enough Evidence
P1528,P1528_T2,P1528_T2_4,4,supported,Supported,Supported
P1528,P1528_T2,P1528_T2_5,5,condition_contradicted,Not Supported,Not Supported
P1528,P1528_T3,P1528_T3_1,1,relation_contradicted,Not Supported,Not Supported
P1528,P1528_T3,P1528_T3_2,2,condition_replaced,Not Enough Evidence,Not Enough Evidence
P1528,P1528_T3,P1528_T3_3,3,condition_removed,Not Enough Evidence,Not Enough Evidence
P1528,P1528_T3,P1528_T3_4,4,supported,Supported,Supported
P1528,P1528_T3,P1528_T3_5,5,condition_contradicted,Not Supported,Not Supported
P1529,P1529_T1,P1529_T1_1,1,relation_contradicted,Not Supported,Not Supported
P1529,P1529_T1,P1529_T1_2,2,condition_replaced,Not Enough Evidence,Not Enough Evidence
P1529,P1529_T1,P1529_T1_3,3,condition_removed,Not Enough Evidence,Not Enough Evidence
P1529,P1529_T1,P1529_T1_4,4,supported,Supported,Supported
P1529,P1529_T1,P1529_T1_5,5,condition_contradicted,Not Supported,Not Supported
P1529,P1529_T2,P1529_T2_1,1,relation_contradicted,Not Supported,Not Supported
P1529,P1529_T2,P1529_T2_2,2,condition_replaced,Not Enough Evidence,Not Enough Evidence
P1529,P1529_T2,P1529_T2_3,3,condition_removed,Not Enough Evidence,Not Enough Evidence
P1529,P1529_T2,P1529_T2_4,4,supported,Supported,Supported
P1529,P1529_T2,P1529_T2_5,5,condition_contradicted,Not Supported,Not Supported
P1529,P1529_T3,P1529_T3_1,1,relation_contradicted,Not Supported,Not Supported
P1529,P1529_T3,P1529_T3_2,2,condition_replaced,Not Enough Evidence,Not Enough Evidence
P1529,P1529_T3,P1529_T3_3,3,condition_removed,Not Enough Evidence,Not Enough Evidence
P1529,P1529_T3,P1529_T3_4,4,supported,Supported,Supported
P1529,P1529_T3,P1529_T3_5,5,condition_contradicted,Not Supported,Not Supported
P1530,P1530_T1,P1530_T1_1,1,relation_contradicted,Not Supported,Not Supported
P1530,P1530_T1,P1530_T1_2,2,condition_replaced,Not Enough Evidence,Not Enough Evidence
P1530,P1530_T1,P1530_T1_3,3,condition_removed,Not Enough Evidence,Not Enough Evidence
P1530,P1530_T1,P1530_T1_4,4,supported,Supported,Supported
P1530,P1530_T1,P1530_T1_5,5,condition_contradicted,Not Supported,Not Supported
P1530,P1530_T2,P1530_T2_1,1,relation_contradicted,Not Supported,Not Supported
P1530,P1530_T2,P1530_T2_2,2,condition_replaced,Not Enough Evidence,Not Enough Evidence
P1530,P1530_T2,P1530_T2_3,3,condition_removed,Not Enough Evidence,Not Enough Evidence
P1530,P1530_T2,P1530_T2_4,4,supported,Supported,Supported
P1530,P1530_T2,P1530_T2_5,5,condition_contradicted,Not Supported,Not Supported
P1530,P1530_T3,P1530_T3_1,1,relation_contradicted,Not Supported,Not Supported
P1530,P1530_T3,P1530_T3_2,2,condition_replaced,Not Enough Evidence,Not Enough Evidence
P1530,P1530_T3,P1530_T3_3,3,condition_removed,Not Enough Evidence,Not Enough Evidence
P1530,P1530_T3,P1530_T3_4,4,supported,Supported,Supported
P1530,P1530_T3,P1530_T3_5,5,condition_contradicted,Not Supported,Not Supported
P1532,P1532_T1,P1532_T1_1,1,relation_contradicted,Not Supported,Not Supported
P1532,P1532_T1,P1532_T1_2,2,condition_replaced,Not Enough Evidence,Not Enough Evidence
P1532,P1532_T1,P1532_T1_3,3,condition_removed,Not Enough Evidence,Not Enough Evidence
P1532,P1532_T1,P1532_T1_4,4,supported,Supported,Supported
P1532,P1532_T1,P1532_T1_5,5,condition_contradicted,Not Supported,Not Supported
P1532,P1532_T2,P1532_T2_1,1,relation_contradicted,Not Supported,Not Supported
P1532,P1532_T2,P1532_T2_2,2,condition_replaced,Not Enough Evidence,Not Enough Evidence
P1532,P1532_T2,P1532_T2_3,3,condition_removed,Not Enough Evidence,Not Enough Evidence
P1532,P1532_T2,P1532_T2_4,4,supported,Supported,Supported
P1532,P1532_T2,P1532_T2_5,5,condition_contradicted,Not Supported,Not Supported
P1532,P1532_T3,P1532_T3_1,1,relation_contradicted,Not Supported,Not Supported
P1532,P1532_T3,P1532_T3_2,2,condition_replaced,Not Enough Evidence,Not Enough Evidence
P1532,P1532_T3,P1532_T3_3,3,condition_removed,Not Enough Evidence,Not Enough Evidence
P1532,P1532_T3,P1532_T3_4,4,supported,Supported,Supported
P1532,P1532_T3,P1532_T3_5,5,condition_contradicted,Not Supported,Not Supported
P1538,P1538_T1,P1538_T1_1,1,relation_contradicted,Not Supported,Not Supported
P1538,P1538_T1,P1538_T1_2,2,condition_replaced,Not Enough Evidence,Not Enough Evidence
P1538,P1538_T1,P1538_T1_3,3,condition_removed,Not Enough Evidence,Not Enough Evidence
P1538,P1538_T1,P1538_T1_4,4,supported,Supported,Supported
P1538,P1538_T1,P1538_T1_5,5,condition_contradicted,Not Supported,Not Supported
P1538,P1538_T2,P1538_T2_1,1,relation_contradicted,Not Supported,Not Supported
P1538,P1538_T2,P1538_T2_2,2,condition_replaced,Not Enough Evidence,Not Enough Evidence
P1538,P1538_T2,P1538_T2_3,3,condition_removed,Not Enough Evidence,Not Enough Evidence
P1538,P1538_T2,P1538_T2_4,4,supported,Supported,Supported
P1538,P1538_T2,P1538_T2_5,5,condition_contradicted,Not Supported,Not Supported
P1538,P1538_T3,P1538_T3_1,1,relation_contradicted,Not Supported,Not Supported
P1538,P1538_T3,P1538_T3_2,2,condition_replaced,Not Enough Evidence,Not Enough Evidence
P1538,P1538_T3,P1538_T3_3,3,condition_removed,Not Enough Evidence,Not Enough Evidence
P1538,P1538_T3,P1538_T3_4,4,supported,Supported,Supported
P1538,P1538_T3,P1538_T3_5,5,condition_contradicted,Not Supported,Not Supported
P1539,P1539_T1,P1539_T1_1,1,relation_contradicted,Not Supported,Not Supported
P1539,P1539_T1,P1539_T1_2,2,condition_replaced,Not Enough Evidence,Not Enough Evidence
P1539,P1539_T1,P1539_T1_3,3,condition_removed,Not Enough Evidence,Not Enough Evidence
P1539,P1539_T1,P1539_T1_4,4,supported,Supported,Supported
P1539,P1539_T1,P1539_T1_5,5,condition_contradicted,Not Supported,Not Supported
P1539,P1539_T2,P1539_T2_1,1,relation_contradicted,Not Supported,Not Supported
P1539,P1539_T2,P1539_T2_2,2,condition_replaced,Not Enough Evidence,Not Enough Evidence
P1539,P1539_T2,P1539_T2_3,3,condition_removed,Not Enough Evidence,Not Enough Evidence
P1539,P1539_T2,P1539_T2_4,4,supported,Supported,Supported
P1539,P1539_T2,P1539_T2_5,5,condition_contradicted,Not Supported,Not Supported
P1539,P1539_T3,P1539_T3_1,1,relation_contradicted,Not Supported,Not Supported
P1539,P1539_T3,P1539_T3_2,2,condition_replaced,Not Enough Evidence,Not Enough Evidence
P1539,P1539_T3,P1539_T3_3,3,condition_removed,Not Enough Evidence,Not Enough Evidence
P1539,P1539_T3,P1539_T3_4,4,supported,Supported,Supported
P1539,P1539_T3,P1539_T3_5,5,condition_contradicted,Not Supported,Not Supported
P1541,P1541_T1,P1541_T1_1,1,relation_contradicted,Not Supported,Not Supported
P1541,P1541_T1,P1541_T1_2,2,condition_replaced,Not Enough Evidence,Not Enough Evidence
P1541,P1541_T1,P1541_T1_3,3,condition_removed,Not Enough Evidence,Not Enough Evidence
P1541,P1541_T1,P1541_T1_4,4,supported,Supported,Supported
P1541,P1541_T1,P1541_T1_5,5,condition_contradicted,Not Supported,Not Supported
P1541,P1541_T2,P1541_T2_1,1,relation_contradicted,Not Supported,Not Supported
P1541,P1541_T2,P1541_T2_2,2,condition_replaced,Not Enough Evidence,Not Enough Evidence
P1541,P1541_T2,P1541_T2_3,3,condition_removed,Not Enough Evidence,Not Enough Evidence
P1541,P1541_T2,P1541_T2_4,4,supported,Supported,Supported
P1541,P1541_T2,P1541_T2_5,5,condition_contradicted,Not Supported,Not Supported
P1541,P1541_T3,P1541_T3_1,1,relation_contradicted,Not Supported,Not Supported
P1541,P1541_T3,P1541_T3_2,2,condition_replaced,Not Enough Evidence,Not Enough Evidence
P1541,P1541_T3,P1541_T3_3,3,condition_removed,Not Enough Evidence,Not Enough Evidence
P1541,P1541_T3,P1541_T3_4,4,supported,Supported,Supported
P1541,P1541_T3,P1541_T3_5,5,condition_contradicted,Not Supported,Not Supported
P1545,P1545_T1,P1545_T1_1,1,relation_contradicted,Not Supported,Not Supported
P1545,P1545_T1,P1545_T1_2,2,condition_replaced,Not Enough Evidence,Not Enough Evidence
P1545,P1545_T1,P1545_T1_3,3,condition_removed,Not Enough Evidence,Not Enough Evidence
P1545,P1545_T1,P1545_T1_4,4,supported,Supported,Supported
P1545,P1545_T1,P1545_T1_5,5,condition_contradicted,Not Supported,Not Supported
P1545,P1545_T2,P1545_T2_1,1,relation_contradicted,Not Supported,Not Supported
P1545,P1545_T2,P1545_T2_2,2,condition_replaced,Not Enough Evidence,Not Enough Evidence
P1545,P1545_T2,P1545_T2_3,3,condition_removed,Not Enough Evidence,Not Enough Evidence
P1545,P1545_T2,P1545_T2_4,4,supported,Supported,Supported
P1545,P1545_T2,P1545_T2_5,5,condition_contradicted,Not Supported,Not Supported
P1545,P1545_T3,P1545_T3_1,1,relation_contradicted,Not Supported,Not Supported
P1545,P1545_T3,P1545_T3_2,2,condition_replaced,Not Enough Evidence,Not Enough Evidence
P1545,P1545_T3,P1545_T3_3,3,condition_removed,Not Enough Evidence,Not Enough Evidence
P1545,P1545_T3,P1545_T3_4,4,supported,Supported,Supported
P1545,P1545_T3,P1545_T3_5,5,condition_contradicted,Not Supported,Not Supported
P1548,P1548_T1,P1548_T1_1,1,relation_contradicted,Not Supported,Not Supported
P1548,P1548_T1,P1548_T1_2,2,condition_replaced,Not Enough Evidence,Not Enough Evidence
P1548,P1548_T1,P1548_T1_3,3,condition_removed,Not Enough Evidence,Not Enough Evidence
P1548,P1548_T1,P1548_T1_4,4,supported,Supported,Supported
P1548,P1548_T1,P1548_T1_5,5,condition_contradicted,Not Supported,Not Supported
P1548,P1548_T2,P1548_T2_1,1,relation_contradicted,Not Supported,Not Supported
P1548,P1548_T2,P1548_T2_2,2,condition_replaced,Not Enough Evidence,Not Enough Evidence
P1548,P1548_T2,P1548_T2_3,3,condition_removed,Not Enough Evidence,Not Enough Evidence
P1548,P1548_T2,P1548_T2_4,4,supported,Supported,Supported
P1548,P1548_T2,P1548_T2_5,5,condition_contradicted,Not Supported,Not Supported
P1548,P1548_T3,P1548_T3_1,1,relation_contradicted,Not Supported,Not Supported
P1548,P1548_T3,P1548_T3_2,2,condition_replaced,Not Enough Evidence,Not Enough Evidence
P1548,P1548_T3,P1548_T3_3,3,condition_removed,Not Enough Evidence,Not Enough Evidence
P1548,P1548_T3,P1548_T3_4,4,supported,Supported,Supported
P1548,P1548_T3,P1548_T3_5,5,condition_contradicted,Not Supported,Not Supported
P1550,P1550_T1,P1550_T1_1,1,relation_contradicted,Not Supported,Not Supported
P1550,P1550_T1,P1550_T1_2,2,condition_replaced,Not Enough Evidence,Not Enough Evidence
P1550,P1550_T1,P1550_T1_3,3,condition_removed,Not Enough Evidence,Not Enough Evidence
P1550,P1550_T1,P1550_T1_4,4,supported,Supported,Supported
P1550,P1550_T1,P1550_T1_5,5,condition_contradicted,Not Supported,Not Supported
P1550,P1550_T2,P1550_T2_1,1,relation_contradicted,Not Supported,Not Supported
P1550,P1550_T2,P1550_T2_2,2,condition_replaced,Not Enough Evidence,Not Enough Evidence
P1550,P1550_T2,P1550_T2_3,3,condition_removed,Not Enough Evidence,Not Enough Evidence
P1550,P1550_T2,P1550_T2_4,4,supported,Supported,Supported
P1550,P1550_T2,P1550_T2_5,5,condition_contradicted,Not Supported,Not Supported
P1550,P1550_T3,P1550_T3_1,1,relation_contradicted,Not Supported,Not Supported
P1550,P1550_T3,P1550_T3_2,2,condition_replaced,Not Enough Evidence,Not Enough Evidence
P1550,P1550_T3,P1550_T3_3,3,condition_removed,Not Enough Evidence,Not Enough Evidence
P1550,P1550_T3,P1550_T3_4,4,supported,Supported,Supported
P1550,P1550_T3,P1550_T3_5,5,condition_contradicted,Not Supported,Not Supported
P1553,P1553_T1,P1553_T1_1,1,relation_contradicted,Not Supported,Not Supported
P1553,P1553_T1,P1553_T1_2,2,condition_replaced,Not Enough Evidence,Not Enough Evidence
P1553,P1553_T1,P1553_T1_3,3,condition_removed,Not Enough Evidence,Not Enough Evidence
P1553,P1553_T1,P1553_T1_4,4,supported,Supported,Supported
P1553,P1553_T1,P1553_T1_5,5,condition_contradicted,Not Supported,Not Supported
P1553,P1553_T2,P1553_T2_1,1,relation_contradicted,Not Supported,Not Supported
P1553,P1553_T2,P1553_T2_2,2,condition_replaced,Not Enough Evidence,Not Enough Evidence
P1553,P1553_T2,P1553_T2_3,3,condition_removed,Not Enough Evidence,Not Enough Evidence
P1553,P1553_T2,P1553_T2_4,4,supported,Supported,Supported
P1553,P1553_T2,P1553_T2_5,5,condition_contradicted,Not Supported,Not Supported
P1553,P1553_T3,P1553_T3_1,1,relation_contradicted,Not Supported,Not Supported
P1553,P1553_T3,P1553_T3_2,2,condition_replaced,Not Enough Evidence,Not Enough Evidence
P1553,P1553_T3,P1553_T3_3,3,condition_removed,Not Enough Evidence,Not Enough Evidence
P1553,P1553_T3,P1553_T3_4,4,supported,Supported,Supported
P1553,P1553_T3,P1553_T3_5,5,condition_contradicted,Not Supported,Not Supported
P1555,P1555_T1,P1555_T1_1,1,relation_contradicted,Not Supported,Not Supported
P1555,P1555_T1,P1555_T1_2,2,condition_replaced,Not Enough Evidence,Not Enough Evidence
P1555,P1555_T1,P1555_T1_3,3,condition_removed,Not Enough Evidence,Not Enough Evidence
P1555,P1555_T1,P1555_T1_4,4,supported,Supported,Supported
P1555,P1555_T1,P1555_T1_5,5,condition_contradicted,Not Supported,Not Supported
P1555,P1555_T2,P1555_T2_1,1,relation_contradicted,Not Supported,Not Supported
P1555,P1555_T2,P1555_T2_2,2,condition_replaced,Not Enough Evidence,Not Enough Evidence
P1555,P1555_T2,P1555_T2_3,3,condition_removed,Not Enough Evidence,Not Enough Evidence
P1555,P1555_T2,P1555_T2_4,4,supported,Supported,Supported
P1555,P1555_T2,P1555_T2_5,5,condition_contradicted,Not Supported,Not Supported
P1555,P1555_T3,P1555_T3_1,1,relation_contradicted,Not Supported,Not Supported
P1555,P1555_T3,P1555_T3_2,2,condition_replaced,Not Enough Evidence,Not Enough Evidence
P1555,P1555_T3,P1555_T3_3,3,condition_removed,Not Enough Evidence,Not Enough Evidence
P1555,P1555_T3,P1555_T3_4,4,supported,Supported,Supported
P1555,P1555_T3,P1555_T3_5,5,condition_contradicted,Not Supported,Not Supported
P1561,P1561_T1,P1561_T1_1,1,relation_contradicted,Not Supported,Not Supported
P1561,P1561_T1,P1561_T1_2,2,condition_replaced,Not Enough Evidence,Not Enough Evidence
P1561,P1561_T1,P1561_T1_3,3,condition_removed,Not Enough Evidence,Not Enough Evidence
P1561,P1561_T1,P1561_T1_4,4,supported,Supported,Supported
P1561,P1561_T1,P1561_T1_5,5,condition_contradicted,Not Supported,Not Supported
P1561,P1561_T2,P1561_T2_1,1,relation_contradicted,Not Supported,Not Supported
P1561,P1561_T2,P1561_T2_2,2,condition_replaced,Not Enough Evidence,Not Enough Evidence
P1561,P1561_T2,P1561_T2_3,3,condition_removed,Not Enough Evidence,Not Enough Evidence
P1561,P1561_T2,P1561_T2_4,4,supported,Supported,Supported
P1561,P1561_T2,P1561_T2_5,5,condition_contradicted,Not Supported,Not Supported
P1561,P1561_T3,P1561_T3_1,1,relation_contradicted,Not Supported,Not Supported
P1561,P1561_T3,P1561_T3_2,2,condition_replaced,Not Enough Evidence,Not Enough Evidence
P1561,P1561_T3,P1561_T3_3,3,condition_removed,Not Enough Evidence,Not Enough Evidence
P1561,P1561_T3,P1561_T3_4,4,supported,Supported,Supported
P1561,P1561_T3,P1561_T3_5,5,condition_contradicted,Not Supported,Not Supported
P1562,P1562_T1,P1562_T1_1,1,relation_contradicted,Not Supported,Not Supported
P1562,P1562_T1,P1562_T1_2,2,condition_replaced,Not Enough Evidence,Not Enough Evidence
P1562,P1562_T1,P1562_T1_3,3,condition_removed,Not Enough Evidence,Not Enough Evidence
P1562,P1562_T1,P1562_T1_4,4,supported,Supported,Supported
P1562,P1562_T1,P1562_T1_5,5,condition_contradicted,Not Supported,Not Supported
P1562,P1562_T2,P1562_T2_1,1,relation_contradicted,Not Supported,Not Supported
P1562,P1562_T2,P1562_T2_2,2,condition_replaced,Not Enough Evidence,Not Enough Evidence
P1562,P1562_T2,P1562_T2_3,3,condition_removed,Not Enough Evidence,Not Enough Evidence
P1562,P1562_T2,P1562_T2_4,4,supported,Supported,Supported
P1562,P1562_T2,P1562_T2_5,5,condition_contradicted,Not Supported,Not Supported
P1562,P1562_T3,P1562_T3_1,1,relation_contradicted,Not Supported,Not Supported
P1562,P1562_T3,P1562_T3_2,2,condition_replaced,Not Enough Evidence,Not Enough Evidence
P1562,P1562_T3,P1562_T3_3,3,condition_removed,Not Enough Evidence,Not Enough Evidence
P1562,P1562_T3,P1562_T3_4,4,supported,Supported,Supported
P1562,P1562_T3,P1562_T3_5,5,condition_contradicted,Not Supported,Not Supported
P1563,P1563_T1,P1563_T1_1,1,relation_contradicted,Not Supported,Not Supported
P1563,P1563_T1,P1563_T1_2,2,condition_replaced,Not Enough Evidence,Not Enough Evidence
P1563,P1563_T1,P1563_T1_3,3,condition_removed,Not Enough Evidence,Not Enough Evidence
P1563,P1563_T1,P1563_T1_4,4,supported,Supported,Supported
P1563,P1563_T1,P1563_T1_5,5,condition_contradicted,Not Supported,Not Supported
P1563,P1563_T2,P1563_T2_1,1,relation_contradicted,Not Supported,Not Supported
P1563,P1563_T2,P1563_T2_2,2,condition_replaced,Not Enough Evidence,Not Enough Evidence
P1563,P1563_T2,P1563_T2_3,3,condition_removed,Not Enough Evidence,Not Enough Evidence
P1563,P1563_T2,P1563_T2_4,4,supported,Supported,Supported
P1563,P1563_T2,P1563_T2_5,5,condition_contradicted,Not Supported,Not Supported
P1563,P1563_T3,P1563_T3_1,1,relation_contradicted,Not Supported,Not Supported
P1563,P1563_T3,P1563_T3_2,2,condition_replaced,Not Enough Evidence,Not Enough Evidence
P1563,P1563_T3,P1563_T3_3,3,condition_removed,Not Enough Evidence,Not Enough Evidence
P1563,P1563_T3,P1563_T3_4,4,supported,Supported,Supported
P1563,P1563_T3,P1563_T3_5,5,condition_contradicted,Not Supported,Not Supported
P1566,P1566_T1,P1566_T1_1,1,relation_contradicted,Not Supported,Not Supported
P1566,P1566_T1,P1566_T1_2,2,condition_replaced,Not Enough Evidence,Not Enough Evidence
P1566,P1566_T1,P1566_T1_3,3,condition_removed,Not Enough Evidence,Not Enough Evidence
P1566,P1566_T1,P1566_T1_4,4,supported,Supported,Supported
P1566,P1566_T1,P1566_T1_5,5,condition_contradicted,Not Supported,Not Supported
P1566,P1566_T2,P1566_T2_1,1,relation_contradicted,Not Supported,Not Supported
P1566,P1566_T2,P1566_T2_2,2,condition_replaced,Not Enough Evidence,Not Enough Evidence
P1566,P1566_T2,P1566_T2_3,3,condition_removed,Not Enough Evidence,Not Enough Evidence
P1566,P1566_T2,P1566_T2_4,4,supported,Supported,Supported
P1566,P1566_T2,P1566_T2_5,5,condition_contradicted,Not Supported,Not Supported
P1566,P1566_T3,P1566_T3_1,1,relation_contradicted,Not Supported,Not Supported
P1566,P1566_T3,P1566_T3_2,2,condition_replaced,Not Enough Evidence,Not Enough Evidence
P1566,P1566_T3,P1566_T3_3,3,condition_removed,Not Enough Evidence,Not Enough Evidence
P1566,P1566_T3,P1566_T3_4,4,supported,Supported,Supported
P1566,P1566_T3,P1566_T3_5,5,condition_contradicted,Not Supported,Not Supported
P1567,P1567_T1,P1567_T1_1,1,relation_contradicted,Not Supported,Not Supported
P1567,P1567_T1,P1567_T1_2,2,condition_replaced,Not Enough Evidence,Not Enough Evidence
P1567,P1567_T1,P1567_T1_3,3,condition_removed,Not Enough Evidence,Not Enough Evidence
P1567,P1567_T1,P1567_T1_4,4,supported,Supported,Supported
P1567,P1567_T1,P1567_T1_5,5,condition_contradicted,Not Supported,Not Supported
P1567,P1567_T2,P1567_T2_1,1,relation_contradicted,Not Supported,Not Supported
P1567,P1567_T2,P1567_T2_2,2,condition_replaced,Not Enough Evidence,Not Enough Evidence
P1567,P1567_T2,P1567_T2_3,3,condition_removed,Not Enough Evidence,Not Enough Evidence
P1567,P1567_T2,P1567_T2_4,4,supported,Supported,Supported
P1567,P1567_T2,P1567_T2_5,5,condition_contradicted,Not Supported,Not Supported
P1567,P1567_T3,P1567_T3_1,1,relation_contradicted,Not Supported,Not Supported
P1567,P1567_T3,P1567_T3_2,2,condition_replaced,Not Enough Evidence,Not Enough Evidence
P1567,P1567_T3,P1567_T3_3,3,condition_removed,Not Enough Evidence,Not Enough Evidence
P1567,P1567_T3,P1567_T3_4,4,supported,Supported,Supported
P1567,P1567_T3,P1567_T3_5,5,condition_contradicted,Not Supported,Not Supported
P1569,P1569_T1,P1569_T1_1,1,relation_contradicted,Not Supported,Not Supported
P1569,P1569_T1,P1569_T1_2,2,condition_replaced,Not Enough Evidence,Not Enough Evidence
P1569,P1569_T1,P1569_T1_3,3,condition_removed,Not Enough Evidence,Not Enough Evidence
P1569,P1569_T1,P1569_T1_4,4,supported,Supported,Supported
P1569,P1569_T1,P1569_T1_5,5,condition_contradicted,Not Supported,Not Supported
P1569,P1569_T2,P1569_T2_1,1,relation_contradicted,Not Supported,Not Supported
P1569,P1569_T2,P1569_T2_2,2,condition_replaced,Not Enough Evidence,Not Enough Evidence
P1569,P1569_T2,P1569_T2_3,3,condition_removed,Not Enough Evidence,Not Enough Evidence
P1569,P1569_T2,P1569_T2_4,4,supported,Supported,Supported
P1569,P1569_T2,P1569_T2_5,5,condition_contradicted,Not Supported,Not Supported
P1569,P1569_T3,P1569_T3_1,1,relation_contradicted,Not Supported,Not Supported
P1569,P1569_T3,P1569_T3_2,2,condition_replaced,Not Enough Evidence,Not Enough Evidence
P1569,P1569_T3,P1569_T3_3,3,condition_removed,Not Enough Evidence,Not Enough Evidence
P1569,P1569_T3,P1569_T3_4,4,supported,Supported,Supported
P1569,P1569_T3,P1569_T3_5,5,condition_contradicted,Not Supported,Not Supported
P1572,P1572_T1,P1572_T1_1,1,relation_contradicted,Not Supported,Supported
P1572,P1572_T1,P1572_T1_2,2,condition_replaced,Not Enough Evidence,Not Enough Evidence
P1572,P1572_T1,P1572_T1_3,3,condition_removed,Not Enough Evidence,Not Enough Evidence
P1572,P1572_T1,P1572_T1_4,4,supported,Supported,Supported
P1572,P1572_T1,P1572_T1_5,5,condition_contradicted,Not Supported,Not Supported
P1572,P1572_T2,P1572_T2_1,1,relation_contradicted,Not Supported,Not Supported
P1572,P1572_T2,P1572_T2_2,2,condition_replaced,Not Enough Evidence,Not Enough Evidence
P1572,P1572_T2,P1572_T2_3,3,condition_removed,Not Enough Evidence,Not Enough Evidence
P1572,P1572_T2,P1572_T2_4,4,supported,Supported,Supported
P1572,P1572_T2,P1572_T2_5,5,condition_contradicted,Not Supported,Not Supported
P1572,P1572_T3,P1572_T3_1,1,relation_contradicted,Not Supported,Supported
P1572,P1572_T3,P1572_T3_2,2,condition_replaced,Not Enough Evidence,Not Enough Evidence
P1572,P1572_T3,P1572_T3_3,3,condition_removed,Not Enough Evidence,Not Enough Evidence
P1572,P1572_T3,P1572_T3_4,4,supported,Supported,Supported
P1572,P1572_T3,P1572_T3_5,5,condition_contradicted,Not Supported,Not Supported
P1580,P1580_T1,P1580_T1_1,1,relation_contradicted,Not Supported,Not Supported
P1580,P1580_T1,P1580_T1_2,2,condition_replaced,Not Enough Evidence,Not Enough Evidence
P1580,P1580_T1,P1580_T1_3,3,condition_removed,Not Enough Evidence,Not Enough Evidence
P1580,P1580_T1,P1580_T1_4,4,supported,Supported,Supported
P1580,P1580_T1,P1580_T1_5,5,condition_contradicted,Not Supported,Not Supported
P1580,P1580_T2,P1580_T2_1,1,relation_contradicted,Not Supported,Not Supported
P1580,P1580_T2,P1580_T2_2,2,condition_replaced,Not Enough Evidence,Not Enough Evidence
P1580,P1580_T2,P1580_T2_3,3,condition_removed,Not Enough Evidence,Not Enough Evidence
P1580,P1580_T2,P1580_T2_4,4,supported,Supported,Supported
P1580,P1580_T2,P1580_T2_5,5,condition_contradicted,Not Supported,Not Supported
P1580,P1580_T3,P1580_T3_1,1,relation_contradicted,Not Supported,Not Supported
P1580,P1580_T3,P1580_T3_2,2,condition_replaced,Not Enough Evidence,Not Enough Evidence
P1580,P1580_T3,P1580_T3_3,3,condition_removed,Not Enough Evidence,Not Enough Evidence
P1580,P1580_T3,P1580_T3_4,4,supported,Supported,Supported
P1580,P1580_T3,P1580_T3_5,5,condition_contradicted,Not Supported,Not Supported
P1584,P1584_T1,P1584_T1_1,1,relation_contradicted,Not Supported,Not Supported
P1584,P1584_T1,P1584_T1_2,2,condition_replaced,Not Enough Evidence,Not Enough Evidence
P1584,P1584_T1,P1584_T1_3,3,condition_removed,Not Enough Evidence,Not Enough Evidence
P1584,P1584_T1,P1584_T1_4,4,supported,Supported,Supported
P1584,P1584_T1,P1584_T1_5,5,condition_contradicted,Not Supported,Not Supported
P1584,P1584_T2,P1584_T2_1,1,relation_contradicted,Not Supported,Not Supported
P1584,P1584_T2,P1584_T2_2,2,condition_replaced,Not Enough Evidence,Not Enough Evidence
P1584,P1584_T2,P1584_T2_3,3,condition_removed,Not Enough Evidence,Not Enough Evidence
P1584,P1584_T2,P1584_T2_4,4,supported,Supported,Supported
P1584,P1584_T2,P1584_T2_5,5,condition_contradicted,Not Supported,Not Supported
P1584,P1584_T3,P1584_T3_1,1,relation_contradicted,Not Supported,Not Supported
P1584,P1584_T3,P1584_T3_2,2,condition_replaced,Not Enough Evidence,Not Enough Evidence
P1584,P1584_T3,P1584_T3_3,3,condition_removed,Not Enough Evidence,Not Enough Evidence
P1584,P1584_T3,P1584_T3_4,4,supported,Supported,Supported
P1584,P1584_T3,P1584_T3_5,5,condition_contradicted,Not Supported,Not Supported
P1585,P1585_T1,P1585_T1_1,1,relation_contradicted,Not Supported,Not Supported
P1585,P1585_T1,P1585_T1_2,2,condition_replaced,Not Enough Evidence,Not Enough Evidence
P1585,P1585_T1,P1585_T1_3,3,condition_removed,Not Enough Evidence,Not Enough Evidence
P1585,P1585_T1,P1585_T1_4,4,supported,Supported,Supported
P1585,P1585_T1,P1585_T1_5,5,condition_contradicted,Not Supported,Not Supported
P1585,P1585_T2,P1585_T2_1,1,relation_contradicted,Not Supported,Not Supported
P1585,P1585_T2,P1585_T2_2,2,condition_replaced,Not Enough Evidence,Not Enough Evidence
P1585,P1585_T2,P1585_T2_3,3,condition_removed,Not Enough Evidence,Not Enough Evidence
P1585,P1585_T2,P1585_T2_4,4,supported,Supported,Supported
P1585,P1585_T2,P1585_T2_5,5,condition_contradicted,Not Supported,Not Supported
P1585,P1585_T3,P1585_T3_1,1,relation_contradicted,Not Supported,Not Supported
P1585,P1585_T3,P1585_T3_2,2,condition_replaced,Not Enough Evidence,Not Enough Evidence
P1585,P1585_T3,P1585_T3_3,3,condition_removed,Not Enough Evidence,Not Enough Evidence
P1585,P1585_T3,P1585_T3_4,4,supported,Supported,Supported
P1585,P1585_T3,P1585_T3_5,5,condition_contradicted,Not Supported,Not Supported
P1586,P1586_T1,P1586_T1_1,1,relation_contradicted,Not Supported,Not Supported
P1586,P1586_T1,P1586_T1_2,2,condition_replaced,Not Enough Evidence,Not Enough Evidence
P1586,P1586_T1,P1586_T1_3,3,condition_removed,Not Enough Evidence,Not Enough Evidence
P1586,P1586_T1,P1586_T1_4,4,supported,Supported,Supported
P1586,P1586_T1,P1586_T1_5,5,condition_contradicted,Not Supported,Not Supported
P1586,P1586_T2,P1586_T2_1,1,relation_contradicted,Not Supported,Not Supported
P1586,P1586_T2,P1586_T2_2,2,condition_replaced,Not Enough Evidence,Not Enough Evidence
P1586,P1586_T2,P1586_T2_3,3,condition_removed,Not Enough Evidence,Not Enough Evidence
P1586,P1586_T2,P1586_T2_4,4,supported,Supported,Supported
P1586,P1586_T2,P1586_T2_5,5,condition_contradicted,Not Supported,Not Supported
P1586,P1586_T3,P1586_T3_1,1,relation_contradicted,Not Supported,Not Supported
P1586,P1586_T3,P1586_T3_2,2,condition_replaced,Not Enough Evidence,Not Enough Evidence
P1586,P1586_T3,P1586_T3_3,3,condition_removed,Not Enough Evidence,Not Enough Evidence
P1586,P1586_T3,P1586_T3_4,4,supported,Supported,Supported
P1586,P1586_T3,P1586_T3_5,5,condition_contradicted,Not Supported,Not Supported
P1589,P1589_T1,P1589_T1_1,1,relation_contradicted,Not Supported,Not Supported
P1589,P1589_T1,P1589_T1_2,2,condition_replaced,Not Enough Evidence,Not Enough Evidence
P1589,P1589_T1,P1589_T1_3,3,condition_removed,Not Enough Evidence,Not Enough Evidence
P1589,P1589_T1,P1589_T1_4,4,supported,Supported,Supported
P1589,P1589_T1,P1589_T1_5,5,condition_contradicted,Not Supported,Not Supported
P1589,P1589_T2,P1589_T2_1,1,relation_contradicted,Not Supported,Not Supported
P1589,P1589_T2,P1589_T2_2,2,condition_replaced,Not Enough Evidence,Not Enough Evidence
P1589,P1589_T2,P1589_T2_3,3,condition_removed,Not Enough Evidence,Not Enough Evidence
P1589,P1589_T2,P1589_T2_4,4,supported,Supported,Supported
P1589,P1589_T2,P1589_T2_5,5,condition_contradicted,Not Supported,Not Supported
P1589,P1589_T3,P1589_T3_1,1,relation_contradicted,Not Supported,Not Supported
P1589,P1589_T3,P1589_T3_2,2,condition_replaced,Not Enough Evidence,Not Enough Evidence
P1589,P1589_T3,P1589_T3_3,3,condition_removed,Not Enough Evidence,Not Enough Evidence
P1589,P1589_T3,P1589_T3_4,4,supported,Supported,Supported
P1589,P1589_T3,P1589_T3_5,5,condition_contradicted,Not Supported,Not Supported
P1592,P1592_T1,P1592_T1_1,1,relation_contradicted,Not Supported,Not Supported
P1592,P1592_T1,P1592_T1_2,2,condition_replaced,Not Enough Evidence,Not Enough Evidence
P1592,P1592_T1,P1592_T1_3,3,condition_removed,Not Enough Evidence,Not Enough Evidence
P1592,P1592_T1,P1592_T1_4,4,supported,Supported,Supported
P1592,P1592_T1,P1592_T1_5,5,condition_contradicted,Not Supported,Not Supported
P1592,P1592_T2,P1592_T2_1,1,relation_contradicted,Not Supported,Not Supported
P1592,P1592_T2,P1592_T2_2,2,condition_replaced,Not Enough Evidence,Not Enough Evidence
P1592,P1592_T2,P1592_T2_3,3,condition_removed,Not Enough Evidence,Not Enough Evidence
P1592,P1592_T2,P1592_T2_4,4,supported,Supported,Supported
P1592,P1592_T2,P1592_T2_5,5,condition_contradicted,Not Supported,Not Supported
P1592,P1592_T3,P1592_T3_1,1,relation_contradicted,Not Supported,Not Supported
P1592,P1592_T3,P1592_T3_2,2,condition_replaced,Not Enough Evidence,Not Enough Evidence
P1592,P1592_T3,P1592_T3_3,3,condition_removed,Not Enough Evidence,Not Enough Evidence
P1592,P1592_T3,P1592_T3_4,4,supported,Supported,Supported
P1592,P1592_T3,P1592_T3_5,5,condition_contradicted,Not Supported,Not Supported
P1599,P1599_T1,P1599_T1_1,1,relation_contradicted,Not Supported,Not Supported
P1599,P1599_T1,P1599_T1_2,2,condition_replaced,Not Enough Evidence,Not Enough Evidence
P1599,P1599_T1,P1599_T1_3,3,condition_removed,Not Enough Evidence,Not Enough Evidence
P1599,P1599_T1,P1599_T1_4,4,supported,Supported,Supported
P1599,P1599_T1,P1599_T1_5,5,condition_contradicted,Not Supported,Not Supported
P1599,P1599_T2,P1599_T2_1,1,relation_contradicted,Not Supported,Not Supported
P1599,P1599_T2,P1599_T2_2,2,condition_replaced,Not Enough Evidence,Not Enough Evidence
P1599,P1599_T2,P1599_T2_3,3,condition_removed,Not Enough Evidence,Not Enough Evidence
P1599,P1599_T2,P1599_T2_4,4,supported,Supported,Supported
P1599,P1599_T2,P1599_T2_5,5,condition_contradicted,Not Supported,Not Supported
P1599,P1599_T3,P1599_T3_1,1,relation_contradicted,Not Supported,Not Supported
P1599,P1599_T3,P1599_T3_2,2,condition_replaced,Not Enough Evidence,Not Enough Evidence
P1599,P1599_T3,P1599_T3_3,3,condition_removed,Not Enough Evidence,Not Enough Evidence
P1599,P1599_T3,P1599_T3_4,4,supported,Supported,Supported
P1599,P1599_T3,P1599_T3_5,5,condition_contradicted,Not Supported,Not Supported
P1600,P1600_T1,P1600_T1_1,1,relation_contradicted,Not Supported,Not Supported
P1600,P1600_T1,P1600_T1_2,2,condition_replaced,Not Enough Evidence,Not Enough Evidence
P1600,P1600_T1,P1600_T1_3,3,condition_removed,Not Enough Evidence,Not Enough Evidence
P1600,P1600_T1,P1600_T1_4,4,supported,Supported,Supported
P1600,P1600_T1,P1600_T1_5,5,condition_contradicted,Not Supported,Not Supported
P1600,P1600_T2,P1600_T2_1,1,relation_contradicted,Not Supported,Not Supported
P1600,P1600_T2,P1600_T2_2,2,condition_replaced,Not Enough Evidence,Not Enough Evidence
P1600,P1600_T2,P1600_T2_3,3,condition_removed,Not Enough Evidence,Not Enough Evidence
P1600,P1600_T2,P1600_T2_4,4,supported,Supported,Supported
P1600,P1600_T2,P1600_T2_5,5,condition_contradicted,Not Supported,Not Supported
P1600,P1600_T3,P1600_T3_1,1,relation_contradicted,Not Supported,Not Supported
P1600,P1600_T3,P1600_T3_2,2,condition_replaced,Not Enough Evidence,Not Enough Evidence
P1600,P1600_T3,P1600_T3_3,3,condition_removed,Not Enough Evidence,Not Enough Evidence
P1600,P1600_T3,P1600_T3_4,4,supported,Supported,Supported
P1600,P1600_T3,P1600_T3_5,5,condition_contradicted,Not Supported,Not Supported
P1603,P1603_T1,P1603_T1_1,1,relation_contradicted,Not Supported,Not Supported
P1603,P1603_T1,P1603_T1_2,2,condition_replaced,Not Enough Evidence,Not Enough Evidence
P1603,P1603_T1,P1603_T1_3,3,condition_removed,Not Enough Evidence,Not Enough Evidence
P1603,P1603_T1,P1603_T1_4,4,supported,Supported,Supported
P1603,P1603_T1,P1603_T1_5,5,condition_contradicted,Not Supported,Not Supported
P1603,P1603_T2,P1603_T2_1,1,relation_contradicted,Not Supported,Not Supported
P1603,P1603_T2,P1603_T2_2,2,condition_replaced,Not Enough Evidence,Not Enough Evidence
P1603,P1603_T2,P1603_T2_3,3,condition_removed,Not Enough Evidence,Not Enough Evidence
P1603,P1603_T2,P1603_T2_4,4,supported,Supported,Supported
P1603,P1603_T2,P1603_T2_5,5,condition_contradicted,Not Supported,Not Supported
P1603,P1603_T3,P1603_T3_1,1,relation_contradicted,Not Supported,Not Supported
P1603,P1603_T3,P1603_T3_2,2,condition_replaced,Not Enough Evidence,Not Enough Evidence
P1603,P1603_T3,P1603_T3_3,3,condition_removed,Not Enough Evidence,Not Enough Evidence
P1603,P1603_T3,P1603_T3_4,4,supported,Supported,Supported
P1603,P1603_T3,P1603_T3_5,5,condition_contradicted,Not Supported,Not Supported
P1608,P1608_T1,P1608_T1_1,1,relation_contradicted,Not Supported,Not Supported
P1608,P1608_T1,P1608_T1_2,2,condition_replaced,Not Enough Evidence,Not Enough Evidence
P1608,P1608_T1,P1608_T1_3,3,condition_removed,Not Enough Evidence,Not Enough Evidence
P1608,P1608_T1,P1608_T1_4,4,supported,Supported,Supported
P1608,P1608_T1,P1608_T1_5,5,condition_contradicted,Not Supported,Not Supported
P1608,P1608_T2,P1608_T2_1,1,relation_contradicted,Not Supported,Not Supported
P1608,P1608_T2,P1608_T2_2,2,condition_replaced,Not Enough Evidence,Not Enough Evidence
P1608,P1608_T2,P1608_T2_3,3,condition_removed,Not Enough Evidence,Not Supported
P1608,P1608_T2,P1608_T2_4,4,supported,Supported,Supported
P1608,P1608_T2,P1608_T2_5,5,condition_contradicted,Not Supported,Not Supported
P1608,P1608_T3,P1608_T3_1,1,relation_contradicted,Not Supported,Not Supported
P1608,P1608_T3,P1608_T3_2,2,condition_replaced,Not Enough Evidence,Not Enough Evidence
P1608,P1608_T3,P1608_T3_3,3,condition_removed,Not Enough Evidence,Not Enough Evidence
P1608,P1608_T3,P1608_T3_4,4,supported,Supported,Not Supported
P1608,P1608_T3,P1608_T3_5,5,condition_contradicted,Not Supported,Not Supported
P1611,P1611_T1,P1611_T1_1,1,relation_contradicted,Not Supported,Not Supported
P1611,P1611_T1,P1611_T1_2,2,condition_replaced,Not Enough Evidence,Not Enough Evidence
P1611,P1611_T1,P1611_T1_3,3,condition_removed,Not Enough Evidence,Not Enough Evidence
P1611,P1611_T1,P1611_T1_4,4,supported,Supported,Supported
P1611,P1611_T1,P1611_T1_5,5,condition_contradicted,Not Supported,Not Supported
P1611,P1611_T2,P1611_T2_1,1,relation_contradicted,Not Supported,Not Supported
P1611,P1611_T2,P1611_T2_2,2,condition_replaced,Not Enough Evidence,Not Enough Evidence
P1611,P1611_T2,P1611_T2_3,3,condition_removed,Not Enough Evidence,Not Enough Evidence
P1611,P1611_T2,P1611_T2_4,4,supported,Supported,Supported
P1611,P1611_T2,P1611_T2_5,5,condition_contradicted,Not Supported,Not Supported
P1611,P1611_T3,P1611_T3_1,1,relation_contradicted,Not Supported,Not Supported
P1611,P1611_T3,P1611_T3_2,2,condition_replaced,Not Enough Evidence,Not Enough Evidence
P1611,P1611_T3,P1611_T3_3,3,condition_removed,Not Enough Evidence,Not Enough Evidence
P1611,P1611_T3,P1611_T3_4,4,supported,Supported,Supported
P1611,P1611_T3,P1611_T3_5,5,condition_contradicted,Not Supported,Not Supported
P1614,P1614_T1,P1614_T1_1,1,relation_contradicted,Not Supported,Not Supported
P1614,P1614_T1,P1614_T1_2,2,condition_replaced,Not Enough Evidence,Not Enough Evidence
P1614,P1614_T1,P1614_T1_3,3,condition_removed,Not Enough Evidence,Not Enough Evidence
P1614,P1614_T1,P1614_T1_4,4,supported,Supported,Supported
P1614,P1614_T1,P1614_T1_5,5,condition_contradicted,Not Supported,Not Supported
P1614,P1614_T2,P1614_T2_1,1,relation_contradicted,Not Supported,Not Supported
P1614,P1614_T2,P1614_T2_2,2,condition_replaced,Not Enough Evidence,Not Enough Evidence
P1614,P1614_T2,P1614_T2_3,3,condition_removed,Not Enough Evidence,Not Enough Evidence
P1614,P1614_T2,P1614_T2_4,4,supported,Supported,Supported
P1614,P1614_T2,P1614_T2_5,5,condition_contradicted,Not Supported,Not Supported
P1614,P1614_T3,P1614_T3_1,1,relation_contradicted,Not Supported,Not Supported
P1614,P1614_T3,P1614_T3_2,2,condition_replaced,Not Enough Evidence,Not Enough Evidence
P1614,P1614_T3,P1614_T3_3,3,condition_removed,Not Enough Evidence,Not Enough Evidence
P1614,P1614_T3,P1614_T3_4,4,supported,Supported,Supported
P1614,P1614_T3,P1614_T3_5,5,condition_contradicted,Not Supported,Not Supported
P1619,P1619_T1,P1619_T1_1,1,relation_contradicted,Not Supported,Not Supported
P1619,P1619_T1,P1619_T1_2,2,condition_replaced,Not Enough Evidence,Not Enough Evidence
P1619,P1619_T1,P1619_T1_3,3,condition_removed,Not Enough Evidence,Not Enough Evidence
P1619,P1619_T1,P1619_T1_4,4,supported,Supported,Not Supported
P1619,P1619_T1,P1619_T1_5,5,condition_contradicted,Not Supported,Not Supported
P1619,P1619_T2,P1619_T2_1,1,relation_contradicted,Not Supported,Not Supported
P1619,P1619_T2,P1619_T2_2,2,condition_replaced,Not Enough Evidence,Not Enough Evidence
P1619,P1619_T2,P1619_T2_3,3,condition_removed,Not Enough Evidence,Not Enough Evidence
P1619,P1619_T2,P1619_T2_4,4,supported,Supported,Supported
P1619,P1619_T2,P1619_T2_5,5,condition_contradicted,Not Supported,Not Supported
P1619,P1619_T3,P1619_T3_1,1,relation_contradicted,Not Supported,Not Supported
P1619,P1619_T3,P1619_T3_2,2,condition_replaced,Not Enough Evidence,Not Enough Evidence
P1619,P1619_T3,P1619_T3_3,3,condition_removed,Not Enough Evidence,Not Enough Evidence
P1619,P1619_T3,P1619_T3_4,4,supported,Supported,Supported
P1619,P1619_T3,P1619_T3_5,5,condition_contradicted,Not Supported,Not Supported
P1627,P1627_T1,P1627_T1_1,1,relation_contradicted,Not Supported,Not Supported
P1627,P1627_T1,P1627_T1_2,2,condition_replaced,Not Enough Evidence,Not Enough Evidence
P1627,P1627_T1,P1627_T1_3,3,condition_removed,Not Enough Evidence,Not Enough Evidence
P1627,P1627_T1,P1627_T1_4,4,supported,Supported,Supported
P1627,P1627_T1,P1627_T1_5,5,condition_contradicted,Not Supported,Not Supported
P1627,P1627_T2,P1627_T2_1,1,relation_contradicted,Not Supported,Not Supported
P1627,P1627_T2,P1627_T2_2,2,condition_replaced,Not Enough Evidence,Not Enough Evidence
P1627,P1627_T2,P1627_T2_3,3,condition_removed,Not Enough Evidence,Not Enough Evidence
P1627,P1627_T2,P1627_T2_4,4,supported,Supported,Supported
P1627,P1627_T2,P1627_T2_5,5,condition_contradicted,Not Supported,Not Supported
P1627,P1627_T3,P1627_T3_1,1,relation_contradicted,Not Supported,Not Supported
P1627,P1627_T3,P1627_T3_2,2,condition_replaced,Not Enough Evidence,Not Enough Evidence
P1627,P1627_T3,P1627_T3_3,3,condition_removed,Not Enough Evidence,Not Enough Evidence
P1627,P1627_T3,P1627_T3_4,4,supported,Supported,Supported
P1627,P1627_T3,P1627_T3_5,5,condition_contradicted,Not Supported,Not Supported
P1627,P1627_T4,P1627_T4_1,1,relation_contradicted,Not Supported,Not Supported
P1627,P1627_T4,P1627_T4_2,2,condition_replaced,Not Enough Evidence,Not Enough Evidence
P1627,P1627_T4,P1627_T4_3,3,condition_removed,Not Enough Evidence,Not Enough Evidence
P1627,P1627_T4,P1627_T4_4,4,supported,Supported,Supported
P1627,P1627_T4,P1627_T4_5,5,condition_contradicted,Not Supported,Not Supported
P1634,P1634_T1,P1634_T1_1,1,relation_contradicted,Not Supported,Not Supported
P1634,P1634_T1,P1634_T1_2,2,condition_replaced,Not Enough Evidence,Not Enough Evidence
P1634,P1634_T1,P1634_T1_3,3,condition_removed,Not Enough Evidence,Not Enough Evidence
P1634,P1634_T1,P1634_T1_4,4,supported,Supported,Supported
P1634,P1634_T1,P1634_T1_5,5,condition_contradicted,Not Supported,Not Supported
P1634,P1634_T2,P1634_T2_1,1,relation_contradicted,Not Supported,Not Supported
P1634,P1634_T2,P1634_T2_2,2,condition_replaced,Not Enough Evidence,Not Enough Evidence
P1634,P1634_T2,P1634_T2_3,3,condition_removed,Not Enough Evidence,Not Enough Evidence
P1634,P1634_T2,P1634_T2_4,4,supported,Supported,Supported
P1634,P1634_T2,P1634_T2_5,5,condition_contradicted,Not Supported,Not Supported
P1634,P1634_T3,P1634_T3_1,1,relation_contradicted,Not Supported,Not Supported
P1634,P1634_T3,P1634_T3_2,2,condition_replaced,Not Enough Evidence,Not Enough Evidence
P1634,P1634_T3,P1634_T3_3,3,condition_removed,Not Enough Evidence,Not Enough Evidence
P1634,P1634_T3,P1634_T3_4,4,supported,Supported,Supported
P1634,P1634_T3,P1634_T3_5,5,condition_contradicted,Not Supported,Not Supported
P1634,P1634_T4,P1634_T4_1,1,relation_contradicted,Not Supported,Not Supported
P1634,P1634_T4,P1634_T4_2,2,condition_replaced,Not Enough Evidence,Not Enough Evidence
P1634,P1634_T4,P1634_T4_3,3,condition_removed,Not Enough Evidence,Not Enough Evidence
P1634,P1634_T4,P1634_T4_4,4,supported,Supported,Supported
P1634,P1634_T4,P1634_T4_5,5,condition_contradicted,Not Supported,Not Supported
P1635,P1635_T1,P1635_T1_1,1,relation_contradicted,Not Supported,Not Supported
P1635,P1635_T1,P1635_T1_2,2,condition_replaced,Not Enough Evidence,Not Enough Evidence
P1635,P1635_T1,P1635_T1_3,3,condition_removed,Not Enough Evidence,Not Enough Evidence
P1635,P1635_T1,P1635_T1_4,4,supported,Supported,Supported
P1635,P1635_T1,P1635_T1_5,5,condition_contradicted,Not Supported,Not Supported
P1635,P1635_T2,P1635_T2_1,1,relation_contradicted,Not Supported,Not Supported
P1635,P1635_T2,P1635_T2_2,2,condition_replaced,Not Enough Evidence,Not Enough Evidence
P1635,P1635_T2,P1635_T2_3,3,condition_removed,Not Enough Evidence,Not Enough Evidence
P1635,P1635_T2,P1635_T2_4,4,supported,Supported,Supported
P1635,P1635_T2,P1635_T2_5,5,condition_contradicted,Not Supported,Not Supported
P1635,P1635_T3,P1635_T3_1,1,relation_contradicted,Not Supported,Not Supported
P1635,P1635_T3,P1635_T3_2,2,condition_replaced,Not Enough Evidence,Not Enough Evidence
P1635,P1635_T3,P1635_T3_3,3,condition_removed,Not Enough Evidence,Not Enough Evidence
P1635,P1635_T3,P1635_T3_4,4,supported,Supported,Supported
P1635,P1635_T3,P1635_T3_5,5,condition_contradicted,Not Supported,Not Supported
P1635,P1635_T4,P1635_T4_1,1,relation_contradicted,Not Supported,Not Supported
P1635,P1635_T4,P1635_T4_2,2,condition_replaced,Not Enough Evidence,Not Enough Evidence
P1635,P1635_T4,P1635_T4_3,3,condition_removed,Not Enough Evidence,Not Enough Evidence
P1635,P1635_T4,P1635_T4_4,4,supported,Supported,Supported
P1635,P1635_T4,P1635_T4_5,5,condition_contradicted,Not Supported,Not Supported
P1640,P1640_T1,P1640_T1_1,1,relation_contradicted,Not Supported,Not Supported
P1640,P1640_T1,P1640_T1_2,2,condition_replaced,Not Enough Evidence,Not Enough Evidence
P1640,P1640_T1,P1640_T1_3,3,condition_removed,Not Enough Evidence,Not Enough Evidence
P1640,P1640_T1,P1640_T1_4,4,supported,Supported,Supported
P1640,P1640_T1,P1640_T1_5,5,condition_contradicted,Not Supported,Not Supported
P1640,P1640_T2,P1640_T2_1,1,relation_contradicted,Not Supported,Not Supported
P1640,P1640_T2,P1640_T2_2,2,condition_replaced,Not Enough Evidence,Not Enough Evidence
P1640,P1640_T2,P1640_T2_3,3,condition_removed,Not Enough Evidence,Not Enough Evidence
P1640,P1640_T2,P1640_T2_4,4,supported,Supported,Supported
P1640,P1640_T2,P1640_T2_5,5,condition_contradicted,Not Supported,Not Supported
P1640,P1640_T3,P1640_T3_1,1,relation_contradicted,Not Supported,Not Supported
P1640,P1640_T3,P1640_T3_2,2,condition_replaced,Not Enough Evidence,Not Enough Evidence
P1640,P1640_T3,P1640_T3_3,3,condition_removed,Not Enough Evidence,Not Enough Evidence
P1640,P1640_T3,P1640_T3_4,4,supported,Supported,Supported
P1640,P1640_T3,P1640_T3_5,5,condition_contradicted,Not Supported,Not Supported
P1640,P1640_T4,P1640_T4_1,1,relation_contradicted,Not Supported,Not Supported
P1640,P1640_T4,P1640_T4_2,2,condition_replaced,Not Enough Evidence,Not Enough Evidence
P1640,P1640_T4,P1640_T4_3,3,condition_removed,Not Enough Evidence,Not Enough Evidence
P1640,P1640_T4,P1640_T4_4,4,supported,Supported,Supported
P1640,P1640_T4,P1640_T4_5,5,condition_contradicted,Not Supported,Not Supported
P1650,P1650_T1,P1650_T1_1,1,relation_contradicted,Not Supported,Not Supported
P1650,P1650_T1,P1650_T1_2,2,condition_replaced,Not Enough Evidence,Not Enough Evidence
P1650,P1650_T1,P1650_T1_3,3,condition_removed,Not Enough Evidence,Not Enough Evidence
P1650,P1650_T1,P1650_T1_4,4,supported,Supported,Supported
P1650,P1650_T1,P1650_T1_5,5,condition_contradicted,Not Supported,Not Supported
P1650,P1650_T2,P1650_T2_1,1,relation_contradicted,Not Supported,Not Supported
P1650,P1650_T2,P1650_T2_2,2,condition_replaced,Not Enough Evidence,Not Enough Evidence
P1650,P1650_T2,P1650_T2_3,3,condition_removed,Not Enough Evidence,Not Enough Evidence
P1650,P1650_T2,P1650_T2_4,4,supported,Supported,Supported
P1650,P1650_T2,P1650_T2_5,5,condition_contradicted,Not Supported,Not Supported
P1650,P1650_T3,P1650_T3_1,1,relation_contradicted,Not Supported,Not Supported
P1650,P1650_T3,P1650_T3_2,2,condition_replaced,Not Enough Evidence,Not Enough Evidence
P1650,P1650_T3,P1650_T3_3,3,condition_removed,Not Enough Evidence,Not Enough Evidence
P1650,P1650_T3,P1650_T3_4,4,supported,Supported,Supported
P1650,P1650_T3,P1650_T3_5,5,condition_contradicted,Not Supported,Not Supported
P1650,P1650_T4,P1650_T4_1,1,relation_contradicted,Not Supported,Not Supported
P1650,P1650_T4,P1650_T4_2,2,condition_replaced,Not Enough Evidence,Not Enough Evidence
P1650,P1650_T4,P1650_T4_3,3,condition_removed,Not Enough Evidence,Not Enough Evidence
P1650,P1650_T4,P1650_T4_4,4,supported,Supported,Supported
P1650,P1650_T4,P1650_T4_5,5,condition_contradicted,Not Supported,Not Supported
P1653,P1653_T1,P1653_T1_1,1,relation_contradicted,Not Supported,Not Supported
P1653,P1653_T1,P1653_T1_2,2,condition_replaced,Not Enough Evidence,Not Enough Evidence
P1653,P1653_T1,P1653_T1_3,3,condition_removed,Not Enough Evidence,Not Enough Evidence
P1653,P1653_T1,P1653_T1_4,4,supported,Supported,Supported
P1653,P1653_T1,P1653_T1_5,5,condition_contradicted,Not Supported,Not Supported
P1653,P1653_T2,P1653_T2_1,1,relation_contradicted,Not Supported,Not Supported
P1653,P1653_T2,P1653_T2_2,2,condition_replaced,Not Enough Evidence,Not Enough Evidence
P1653,P1653_T2,P1653_T2_3,3,condition_removed,Not Enough Evidence,Not Enough Evidence
P1653,P1653_T2,P1653_T2_4,4,supported,Supported,Supported
P1653,P1653_T2,P1653_T2_5,5,condition_contradicted,Not Supported,Not Supported
P1653,P1653_T3,P1653_T3_1,1,relation_contradicted,Not Supported,Not Supported
P1653,P1653_T3,P1653_T3_2,2,condition_replaced,Not Enough Evidence,Not Enough Evidence
P1653,P1653_T3,P1653_T3_3,3,condition_removed,Not Enough Evidence,Not Enough Evidence
P1653,P1653_T3,P1653_T3_4,4,supported,Supported,Supported
P1653,P1653_T3,P1653_T3_5,5,condition_contradicted,Not Supported,Not Supported
P1653,P1653_T4,P1653_T4_1,1,relation_contradicted,Not Supported,Not Supported
P1653,P1653_T4,P1653_T4_2,2,condition_replaced,Not Enough Evidence,Not Enough Evidence
P1653,P1653_T4,P1653_T4_3,3,condition_removed,Not Enough Evidence,Not Enough Evidence
P1653,P1653_T4,P1653_T4_4,4,supported,Supported,Supported
P1653,P1653_T4,P1653_T4_5,5,condition_contradicted,Not Supported,Not Supported
P1660,P1660_T1,P1660_T1_1,1,relation_contradicted,Not Supported,Not Supported
P1660,P1660_T1,P1660_T1_2,2,condition_replaced,Not Enough Evidence,Not Enough Evidence
P1660,P1660_T1,P1660_T1_3,3,condition_removed,Not Enough Evidence,Not Enough Evidence
P1660,P1660_T1,P1660_T1_4,4,supported,Supported,Supported
P1660,P1660_T1,P1660_T1_5,5,condition_contradicted,Not Supported,Not Supported
P1660,P1660_T2,P1660_T2_1,1,relation_contradicted,Not Supported,Supported
P1660,P1660_T2,P1660_T2_2,2,condition_replaced,Not Enough Evidence,Not Enough Evidence
P1660,P1660_T2,P1660_T2_3,3,condition_removed,Not Enough Evidence,Not Enough Evidence
P1660,P1660_T2,P1660_T2_4,4,supported,Supported,Supported
P1660,P1660_T2,P1660_T2_5,5,condition_contradicted,Not Supported,Not Supported
P1660,P1660_T3,P1660_T3_1,1,relation_contradicted,Not Supported,Not Supported
P1660,P1660_T3,P1660_T3_2,2,condition_replaced,Not Enough Evidence,Not Enough Evidence
P1660,P1660_T3,P1660_T3_3,3,condition_removed,Not Enough Evidence,Not Enough Evidence
P1660,P1660_T3,P1660_T3_4,4,supported,Supported,Supported
P1660,P1660_T3,P1660_T3_5,5,condition_contradicted,Not Supported,Not Supported
P1660,P1660_T4,P1660_T4_1,1,relation_contradicted,Not Supported,Not Supported
P1660,P1660_T4,P1660_T4_2,2,condition_replaced,Not Enough Evidence,Not Enough Evidence
P1660,P1660_T4,P1660_T4_3,3,condition_removed,Not Enough Evidence,Not Enough Evidence
P1660,P1660_T4,P1660_T4_4,4,supported,Supported,Supported
P1660,P1660_T4,P1660_T4_5,5,condition_contradicted,Not Supported,Not Supported
P1662,P1662_T1,P1662_T1_1,1,relation_contradicted,Not Supported,Not Supported
P1662,P1662_T1,P1662_T1_2,2,condition_replaced,Not Enough Evidence,Not Enough Evidence
P1662,P1662_T1,P1662_T1_3,3,condition_removed,Not Enough Evidence,Not Enough Evidence
P1662,P1662_T1,P1662_T1_4,4,supported,Supported,Supported
P1662,P1662_T1,P1662_T1_5,5,condition_contradicted,Not Supported,Not Supported
P1662,P1662_T2,P1662_T2_1,1,relation_contradicted,Not Supported,Not Supported
P1662,P1662_T2,P1662_T2_2,2,condition_replaced,Not Enough Evidence,Not Enough Evidence
P1662,P1662_T2,P1662_T2_3,3,condition_removed,Not Enough Evidence,Not Enough Evidence
P1662,P1662_T2,P1662_T2_4,4,supported,Supported,Supported
P1662,P1662_T2,P1662_T2_5,5,condition_contradicted,Not Supported,Not Supported
P1662,P1662_T3,P1662_T3_1,1,relation_contradicted,Not Supported,Not Supported
P1662,P1662_T3,P1662_T3_2,2,condition_replaced,Not Enough Evidence,Not Enough Evidence
P1662,P1662_T3,P1662_T3_3,3,condition_removed,Not Enough Evidence,Not Enough Evidence
P1662,P1662_T3,P1662_T3_4,4,supported,Supported,Supported
P1662,P1662_T3,P1662_T3_5,5,condition_contradicted,Not Supported,Not Supported
P1662,P1662_T4,P1662_T4_1,1,relation_contradicted,Not Supported,Not Supported
P1662,P1662_T4,P1662_T4_2,2,condition_replaced,Not Enough Evidence,Not Enough Evidence
P1662,P1662_T4,P1662_T4_3,3,condition_removed,Not Enough Evidence,Not Enough Evidence
P1662,P1662_T4,P1662_T4_4,4,supported,Supported,Supported
P1662,P1662_T4,P1662_T4_5,5,condition_contradicted,Not Supported,Not Supported
P1666,P1666_T1,P1666_T1_1,1,relation_contradicted,Not Supported,Not Supported
P1666,P1666_T1,P1666_T1_2,2,condition_replaced,Not Enough Evidence,Not Enough Evidence
P1666,P1666_T1,P1666_T1_3,3,condition_removed,Not Enough Evidence,Not Enough Evidence
P1666,P1666_T1,P1666_T1_4,4,supported,Supported,Supported
P1666,P1666_T1,P1666_T1_5,5,condition_contradicted,Not Supported,Not Supported
P1666,P1666_T2,P1666_T2_1,1,relation_contradicted,Not Supported,Not Supported
P1666,P1666_T2,P1666_T2_2,2,condition_replaced,Not Enough Evidence,Not Enough Evidence
P1666,P1666_T2,P1666_T2_3,3,condition_removed,Not Enough Evidence,Not Enough Evidence
P1666,P1666_T2,P1666_T2_4,4,supported,Supported,Supported
P1666,P1666_T2,P1666_T2_5,5,condition_contradicted,Not Supported,Not Supported
P1666,P1666_T3,P1666_T3_1,1,relation_contradicted,Not Supported,Not Supported
P1666,P1666_T3,P1666_T3_2,2,condition_replaced,Not Enough Evidence,Not Enough Evidence
P1666,P1666_T3,P1666_T3_3,3,condition_removed,Not Enough Evidence,Not Enough Evidence
P1666,P1666_T3,P1666_T3_4,4,supported,Supported,Supported
P1666,P1666_T3,P1666_T3_5,5,condition_contradicted,Not Supported,Not Supported
P1666,P1666_T4,P1666_T4_1,1,relation_contradicted,Not Supported,Not Supported
P1666,P1666_T4,P1666_T4_2,2,condition_replaced,Not Enough Evidence,Not Enough Evidence
P1666,P1666_T4,P1666_T4_3,3,condition_removed,Not Enough Evidence,Not Enough Evidence
P1666,P1666_T4,P1666_T4_4,4,supported,Supported,Supported
P1666,P1666_T4,P1666_T4_5,5,condition_contradicted,Not Supported,Not Supported
P1668,P1668_T1,P1668_T1_1,1,relation_contradicted,Not Supported,Not Supported
P1668,P1668_T1,P1668_T1_2,2,condition_replaced,Not Enough Evidence,Not Enough Evidence
P1668,P1668_T1,P1668_T1_3,3,condition_removed,Not Enough Evidence,Not Enough Evidence
P1668,P1668_T1,P1668_T1_4,4,supported,Supported,Supported
P1668,P1668_T1,P1668_T1_5,5,condition_contradicted,Not Supported,Not Supported
P1668,P1668_T2,P1668_T2_1,1,relation_contradicted,Not Supported,Not Supported
P1668,P1668_T2,P1668_T2_2,2,condition_replaced,Not Enough Evidence,Not Enough Evidence
P1668,P1668_T2,P1668_T2_3,3,condition_removed,Not Enough Evidence,Not Enough Evidence
P1668,P1668_T2,P1668_T2_4,4,supported,Supported,Supported
P1668,P1668_T2,P1668_T2_5,5,condition_contradicted,Not Supported,Not Supported
P1668,P1668_T3,P1668_T3_1,1,relation_contradicted,Not Supported,Not Supported
P1668,P1668_T3,P1668_T3_2,2,condition_replaced,Not Enough Evidence,Not Enough Evidence
P1668,P1668_T3,P1668_T3_3,3,condition_removed,Not Enough Evidence,Not Enough Evidence
P1668,P1668_T3,P1668_T3_4,4,supported,Supported,Supported
P1668,P1668_T3,P1668_T3_5,5,condition_contradicted,Not Supported,Not Supported
P1668,P1668_T4,P1668_T4_1,1,relation_contradicted,Not Supported,Not Supported
P1668,P1668_T4,P1668_T4_2,2,condition_replaced,Not Enough Evidence,Not Enough Evidence
P1668,P1668_T4,P1668_T4_3,3,condition_removed,Not Enough Evidence,Not Enough Evidence
P1668,P1668_T4,P1668_T4_4,4,supported,Supported,Supported
P1668,P1668_T4,P1668_T4_5,5,condition_contradicted,Not Supported,Not Supported
P1670,P1670_T1,P1670_T1_1,1,relation_contradicted,Not Supported,Not Supported
P1670,P1670_T1,P1670_T1_2,2,condition_replaced,Not Enough Evidence,Not Enough Evidence
P1670,P1670_T1,P1670_T1_3,3,condition_removed,Not Enough Evidence,Not Enough Evidence
P1670,P1670_T1,P1670_T1_4,4,supported,Supported,Supported
P1670,P1670_T1,P1670_T1_5,5,condition_contradicted,Not Supported,Not Supported
P1670,P1670_T2,P1670_T2_1,1,relation_contradicted,Not Supported,Not Supported
P1670,P1670_T2,P1670_T2_2,2,condition_replaced,Not Enough Evidence,Not Enough Evidence
P1670,P1670_T2,P1670_T2_3,3,condition_removed,Not Enough Evidence,Not Enough Evidence
P1670,P1670_T2,P1670_T2_4,4,supported,Supported,Supported
P1670,P1670_T2,P1670_T2_5,5,condition_contradicted,Not Supported,Not Supported
P1670,P1670_T3,P1670_T3_1,1,relation_contradicted,Not Supported,Not Supported
P1670,P1670_T3,P1670_T3_2,2,condition_replaced,Not Enough Evidence,Not Enough Evidence
P1670,P1670_T3,P1670_T3_3,3,condition_removed,Not Enough Evidence,Not Enough Evidence
P1670,P1670_T3,P1670_T3_4,4,supported,Supported,Supported
P1670,P1670_T3,P1670_T3_5,5,condition_contradicted,Not Supported,Not Supported
P1670,P1670_T4,P1670_T4_1,1,relation_contradicted,Not Supported,Not Supported
P1670,P1670_T4,P1670_T4_2,2,condition_replaced,Not Enough Evidence,Not Enough Evidence
P1670,P1670_T4,P1670_T4_3,3,condition_removed,Not Enough Evidence,Not Enough Evidence
P1670,P1670_T4,P1670_T4_4,4,supported,Supported,Supported
P1670,P1670_T4,P1670_T4_5,5,condition_contradicted,Not Supported,Not Supported
P1671,P1671_T1,P1671_T1_1,1,relation_contradicted,Not Supported,Not Supported
P1671,P1671_T1,P1671_T1_2,2,condition_replaced,Not Enough Evidence,Not Enough Evidence
P1671,P1671_T1,P1671_T1_3,3,condition_removed,Not Enough Evidence,Not Enough Evidence
P1671,P1671_T1,P1671_T1_4,4,supported,Supported,Supported
P1671,P1671_T1,P1671_T1_5,5,condition_contradicted,Not Supported,Not Supported
P1671,P1671_T2,P1671_T2_1,1,relation_contradicted,Not Supported,Not Supported
P1671,P1671_T2,P1671_T2_2,2,condition_replaced,Not Enough Evidence,Not Enough Evidence
P1671,P1671_T2,P1671_T2_3,3,condition_removed,Not Enough Evidence,Not Enough Evidence
P1671,P1671_T2,P1671_T2_4,4,supported,Supported,Supported
P1671,P1671_T2,P1671_T2_5,5,condition_contradicted,Not Supported,Not Supported
P1671,P1671_T3,P1671_T3_1,1,relation_contradicted,Not Supported,Not Supported
P1671,P1671_T3,P1671_T3_2,2,condition_replaced,Not Enough Evidence,Not Enough Evidence
P1671,P1671_T3,P1671_T3_3,3,condition_removed,Not Enough Evidence,Not Enough Evidence
P1671,P1671_T3,P1671_T3_4,4,supported,Supported,Supported
P1671,P1671_T3,P1671_T3_5,5,condition_contradicted,Not Supported,Not Supported
P1671,P1671_T4,P1671_T4_1,1,relation_contradicted,Not Supported,Not Supported
P1671,P1671_T4,P1671_T4_2,2,condition_replaced,Not Enough Evidence,Not Enough Evidence
P1671,P1671_T4,P1671_T4_3,3,condition_removed,Not Enough Evidence,Not Enough Evidence
P1671,P1671_T4,P1671_T4_4,4,supported,Supported,Supported
P1671,P1671_T4,P1671_T4_5,5,condition_contradicted,Not Supported,Not Supported
P1676,P1676_T1,P1676_T1_1,1,relation_contradicted,Not Supported,Not Supported
P1676,P1676_T1,P1676_T1_2,2,condition_replaced,Not Enough Evidence,Not Enough Evidence
P1676,P1676_T1,P1676_T1_3,3,condition_removed,Not Enough Evidence,Not Enough Evidence
P1676,P1676_T1,P1676_T1_4,4,supported,Supported,Supported
P1676,P1676_T1,P1676_T1_5,5,condition_contradicted,Not Supported,Not Supported
P1676,P1676_T2,P1676_T2_1,1,relation_contradicted,Not Supported,Not Supported
P1676,P1676_T2,P1676_T2_2,2,condition_replaced,Not Enough Evidence,Not Enough Evidence
P1676,P1676_T2,P1676_T2_3,3,condition_removed,Not Enough Evidence,Not Enough Evidence
P1676,P1676_T2,P1676_T2_4,4,supported,Supported,Supported
P1676,P1676_T2,P1676_T2_5,5,condition_contradicted,Not Supported,Not Supported
P1676,P1676_T3,P1676_T3_1,1,relation_contradicted,Not Supported,Not Supported
P1676,P1676_T3,P1676_T3_2,2,condition_replaced,Not Enough Evidence,Not Enough Evidence
P1676,P1676_T3,P1676_T3_3,3,condition_removed,Not Enough Evidence,Not Enough Evidence
P1676,P1676_T3,P1676_T3_4,4,supported,Supported,Supported
P1676,P1676_T3,P1676_T3_5,5,condition_contradicted,Not Supported,Not Supported
P1676,P1676_T4,P1676_T4_1,1,relation_contradicted,Not Supported,Not Supported
P1676,P1676_T4,P1676_T4_2,2,condition_replaced,Not Enough Evidence,Not Enough Evidence
P1676,P1676_T4,P1676_T4_3,3,condition_removed,Not Enough Evidence,Not Enough Evidence
P1676,P1676_T4,P1676_T4_4,4,supported,Supported,Supported
P1676,P1676_T4,P1676_T4_5,5,condition_contradicted,Not Supported,Not Supported
P1678,P1678_T1,P1678_T1_1,1,relation_contradicted,Not Supported,Not Supported
P1678,P1678_T1,P1678_T1_2,2,condition_replaced,Not Enough Evidence,Not Enough Evidence
P1678,P1678_T1,P1678_T1_3,3,condition_removed,Not Enough Evidence,Not Enough Evidence
P1678,P1678_T1,P1678_T1_4,4,supported,Supported,Supported
P1678,P1678_T1,P1678_T1_5,5,condition_contradicted,Not Supported,Not Supported
P1678,P1678_T2,P1678_T2_1,1,relation_contradicted,Not Supported,Not Supported
P1678,P1678_T2,P1678_T2_2,2,condition_replaced,Not Enough Evidence,Not Enough Evidence
P1678,P1678_T2,P1678_T2_3,3,condition_removed,Not Enough Evidence,Not Enough Evidence
P1678,P1678_T2,P1678_T2_4,4,supported,Supported,Supported
P1678,P1678_T2,P1678_T2_5,5,condition_contradicted,Not Supported,Not Supported
P1678,P1678_T3,P1678_T3_1,1,relation_contradicted,Not Supported,Not Supported
P1678,P1678_T3,P1678_T3_2,2,condition_replaced,Not Enough Evidence,Not Enough Evidence
P1678,P1678_T3,P1678_T3_3,3,condition_removed,Not Enough Evidence,Not Enough Evidence
P1678,P1678_T3,P1678_T3_4,4,supported,Supported,Supported
P1678,P1678_T3,P1678_T3_5,5,condition_contradicted,Not Supported,Not Supported
P1678,P1678_T4,P1678_T4_1,1,relation_contradicted,Not Supported,Not Supported
P1678,P1678_T4,P1678_T4_2,2,condition_replaced,Not Enough Evidence,Not Enough Evidence
P1678,P1678_T4,P1678_T4_3,3,condition_removed,Not Enough Evidence,Not Enough Evidence
P1678,P1678_T4,P1678_T4_4,4,supported,Supported,Supported
P1678,P1678_T4,P1678_T4_5,5,condition_contradicted,Not Supported,Not Supported
P1682,P1682_T1,P1682_T1_1,1,relation_contradicted,Not Supported,Not Supported
P1682,P1682_T1,P1682_T1_2,2,condition_replaced,Not Enough Evidence,Not Enough Evidence
P1682,P1682_T1,P1682_T1_3,3,condition_removed,Not Enough Evidence,Not Enough Evidence
P1682,P1682_T1,P1682_T1_4,4,supported,Supported,Supported
P1682,P1682_T1,P1682_T1_5,5,condition_contradicted,Not Supported,Not Supported
P1682,P1682_T2,P1682_T2_1,1,relation_contradicted,Not Supported,Not Supported
P1682,P1682_T2,P1682_T2_2,2,condition_replaced,Not Enough Evidence,Not Enough Evidence
P1682,P1682_T2,P1682_T2_3,3,condition_removed,Not Enough Evidence,Not Enough Evidence
P1682,P1682_T2,P1682_T2_4,4,supported,Supported,Supported
P1682,P1682_T2,P1682_T2_5,5,condition_contradicted,Not Supported,Not Supported
P1682,P1682_T3,P1682_T3_1,1,relation_contradicted,Not Supported,Not Supported
P1682,P1682_T3,P1682_T3_2,2,condition_replaced,Not Enough Evidence,Not Enough Evidence
P1682,P1682_T3,P1682_T3_3,3,condition_removed,Not Enough Evidence,Not Enough Evidence
P1682,P1682_T3,P1682_T3_4,4,supported,Supported,Supported
P1682,P1682_T3,P1682_T3_5,5,condition_contradicted,Not Supported,Not Supported
P1682,P1682_T4,P1682_T4_1,1,relation_contradicted,Not Supported,Not Supported
P1682,P1682_T4,P1682_T4_2,2,condition_replaced,Not Enough Evidence,Not Enough Evidence
P1682,P1682_T4,P1682_T4_3,3,condition_removed,Not Enough Evidence,Not Enough Evidence
P1682,P1682_T4,P1682_T4_4,4,supported,Supported,Supported
P1682,P1682_T4,P1682_T4_5,5,condition_contradicted,Not Supported,Not Supported
P1684,P1684_T1,P1684_T1_1,1,relation_contradicted,Not Supported,Not Supported
P1684,P1684_T1,P1684_T1_2,2,condition_replaced,Not Enough Evidence,Not Enough Evidence
P1684,P1684_T1,P1684_T1_3,3,condition_removed,Not Enough Evidence,Not Enough Evidence
P1684,P1684_T1,P1684_T1_4,4,supported,Supported,Supported
P1684,P1684_T1,P1684_T1_5,5,condition_contradicted,Not Supported,Not Supported
P1684,P1684_T2,P1684_T2_1,1,relation_contradicted,Not Supported,Not Supported
P1684,P1684_T2,P1684_T2_2,2,condition_replaced,Not Enough Evidence,Not Enough Evidence
P1684,P1684_T2,P1684_T2_3,3,condition_removed,Not Enough Evidence,Not Enough Evidence
P1684,P1684_T2,P1684_T2_4,4,supported,Supported,Supported
P1684,P1684_T2,P1684_T2_5,5,condition_contradicted,Not Supported,Not Supported
P1684,P1684_T3,P1684_T3_1,1,relation_contradicted,Not Supported,Not Supported
P1684,P1684_T3,P1684_T3_2,2,condition_replaced,Not Enough Evidence,Not Enough Evidence
P1684,P1684_T3,P1684_T3_3,3,condition_removed,Not Enough Evidence,Not Enough Evidence
P1684,P1684_T3,P1684_T3_4,4,supported,Supported,Supported
P1684,P1684_T3,P1684_T3_5,5,condition_contradicted,Not Supported,Not Supported
P1684,P1684_T4,P1684_T4_1,1,relation_contradicted,Not Supported,Not Supported
P1684,P1684_T4,P1684_T4_2,2,condition_replaced,Not Enough Evidence,Not Enough Evidence
P1684,P1684_T4,P1684_T4_3,3,condition_removed,Not Enough Evidence,Not Enough Evidence
P1684,P1684_T4,P1684_T4_4,4,supported,Supported,Supported
P1684,P1684_T4,P1684_T4_5,5,condition_contradicted,Not Supported,Not Supported
P1693,P1693_T1,P1693_T1_1,1,relation_contradicted,Not Supported,Not Supported
P1693,P1693_T1,P1693_T1_2,2,condition_replaced,Not Enough Evidence,Not Enough Evidence
P1693,P1693_T1,P1693_T1_3,3,condition_removed,Not Enough Evidence,Not Enough Evidence
P1693,P1693_T1,P1693_T1_4,4,supported,Supported,Supported
P1693,P1693_T1,P1693_T1_5,5,condition_contradicted,Not Supported,Not Supported
P1693,P1693_T2,P1693_T2_1,1,relation_contradicted,Not Supported,Not Supported
P1693,P1693_T2,P1693_T2_2,2,condition_replaced,Not Enough Evidence,Not Enough Evidence
P1693,P1693_T2,P1693_T2_3,3,condition_removed,Not Enough Evidence,Not Enough Evidence
P1693,P1693_T2,P1693_T2_4,4,supported,Supported,Supported
P1693,P1693_T2,P1693_T2_5,5,condition_contradicted,Not Supported,Not Supported
P1693,P1693_T3,P1693_T3_1,1,relation_contradicted,Not Supported,Not Supported
P1693,P1693_T3,P1693_T3_2,2,condition_replaced,Not Enough Evidence,Not Enough Evidence
P1693,P1693_T3,P1693_T3_3,3,condition_removed,Not Enough Evidence,Not Enough Evidence
P1693,P1693_T3,P1693_T3_4,4,supported,Supported,Supported
P1693,P1693_T3,P1693_T3_5,5,condition_contradicted,Not Supported,Not Supported
P1693,P1693_T4,P1693_T4_1,1,relation_contradicted,Not Supported,Not Supported
P1693,P1693_T4,P1693_T4_2,2,condition_replaced,Not Enough Evidence,Not Enough Evidence
P1693,P1693_T4,P1693_T4_3,3,condition_removed,Not Enough Evidence,Not Enough Evidence
P1693,P1693_T4,P1693_T4_4,4,supported,Supported,Supported
P1693,P1693_T4,P1693_T4_5,5,condition_contradicted,Not Supported,Not Supported
P1696,P1696_T1,P1696_T1_1,1,relation_contradicted,Not Supported,Not Supported
P1696,P1696_T1,P1696_T1_2,2,condition_replaced,Not Enough Evidence,Not Enough Evidence
P1696,P1696_T1,P1696_T1_3,3,condition_removed,Not Enough Evidence,Not Enough Evidence
P1696,P1696_T1,P1696_T1_4,4,supported,Supported,Supported
P1696,P1696_T1,P1696_T1_5,5,condition_contradicted,Not Supported,Not Supported
P1696,P1696_T2,P1696_T2_1,1,relation_contradicted,Not Supported,Not Supported
P1696,P1696_T2,P1696_T2_2,2,condition_replaced,Not Enough Evidence,Not Enough Evidence
P1696,P1696_T2,P1696_T2_3,3,condition_removed,Not Enough Evidence,Not Enough Evidence
P1696,P1696_T2,P1696_T2_4,4,supported,Supported,Supported
P1696,P1696_T2,P1696_T2_5,5,condition_contradicted,Not Supported,Not Supported
P1696,P1696_T3,P1696_T3_1,1,relation_contradicted,Not Supported,Not Supported
P1696,P1696_T3,P1696_T3_2,2,condition_replaced,Not Enough Evidence,Not Enough Evidence
P1696,P1696_T3,P1696_T3_3,3,condition_removed,Not Enough Evidence,Not Enough Evidence
P1696,P1696_T3,P1696_T3_4,4,supported,Supported,Supported
P1696,P1696_T3,P1696_T3_5,5,condition_contradicted,Not Supported,Not Supported
P1696,P1696_T4,P1696_T4_1,1,relation_contradicted,Not Supported,Not Supported
P1696,P1696_T4,P1696_T4_2,2,condition_replaced,Not Enough Evidence,Not Enough Evidence
P1696,P1696_T4,P1696_T4_3,3,condition_removed,Not Enough Evidence,Not Enough Evidence
P1696,P1696_T4,P1696_T4_4,4,supported,Supported,Supported
P1696,P1696_T4,P1696_T4_5,5,condition_contradicted,Not Supported,Not Supported
P1699,P1699_T1,P1699_T1_1,1,relation_contradicted,Not Supported,Not Supported
P1699,P1699_T1,P1699_T1_2,2,condition_replaced,Not Enough Evidence,Not Enough Evidence
P1699,P1699_T1,P1699_T1_3,3,condition_removed,Not Enough Evidence,Not Enough Evidence
P1699,P1699_T1,P1699_T1_4,4,supported,Supported,Supported
P1699,P1699_T1,P1699_T1_5,5,condition_contradicted,Not Supported,Not Supported
P1699,P1699_T2,P1699_T2_1,1,relation_contradicted,Not Supported,Supported
P1699,P1699_T2,P1699_T2_2,2,condition_replaced,Not Enough Evidence,Not Enough Evidence
P1699,P1699_T2,P1699_T2_3,3,condition_removed,Not Enough Evidence,Not Enough Evidence
P1699,P1699_T2,P1699_T2_4,4,supported,Supported,Supported
P1699,P1699_T2,P1699_T2_5,5,condition_contradicted,Not Supported,Not Supported
P1699,P1699_T3,P1699_T3_1,1,relation_contradicted,Not Supported,Not Supported
P1699,P1699_T3,P1699_T3_2,2,condition_replaced,Not Enough Evidence,Not Enough Evidence
P1699,P1699_T3,P1699_T3_3,3,condition_removed,Not Enough Evidence,Not Enough Evidence
P1699,P1699_T3,P1699_T3_4,4,supported,Supported,Supported
P1699,P1699_T3,P1699_T3_5,5,condition_contradicted,Not Supported,Not Supported
P1699,P1699_T4,P1699_T4_1,1,relation_contradicted,Not Supported,Not Supported
P1699,P1699_T4,P1699_T4_2,2,condition_replaced,Not Enough Evidence,Not Enough Evidence
P1699,P1699_T4,P1699_T4_3,3,condition_removed,Not Enough Evidence,Not Enough Evidence
P1699,P1699_T4,P1699_T4_4,4,supported,Supported,Supported
P1699,P1699_T4,P1699_T4_5,5,condition_contradicted,Not Supported,Not Supported
P1700,P1700_T1,P1700_T1_1,1,relation_contradicted,Not Supported,Not Supported
P1700,P1700_T1,P1700_T1_2,2,condition_replaced,Not Enough Evidence,Not Enough Evidence
P1700,P1700_T1,P1700_T1_3,3,condition_removed,Not Enough Evidence,Not Enough Evidence
P1700,P1700_T1,P1700_T1_4,4,supported,Supported,Supported
P1700,P1700_T1,P1700_T1_5,5,condition_contradicted,Not Supported,Not Supported
P1700,P1700_T2,P1700_T2_1,1,relation_contradicted,Not Supported,Not Supported
P1700,P1700_T2,P1700_T2_2,2,condition_replaced,Not Enough Evidence,Not Enough Evidence
P1700,P1700_T2,P1700_T2_3,3,condition_removed,Not Enough Evidence,Not Enough Evidence
P1700,P1700_T2,P1700_T2_4,4,supported,Supported,Supported
P1700,P1700_T2,P1700_T2_5,5,condition_contradicted,Not Supported,Not Supported
P1700,P1700_T3,P1700_T3_1,1,relation_contradicted,Not Supported,Not Supported
P1700,P1700_T3,P1700_T3_2,2,condition_replaced,Not Enough Evidence,Not Enough Evidence
P1700,P1700_T3,P1700_T3_3,3,condition_removed,Not Enough Evidence,Not Enough Evidence
P1700,P1700_T3,P1700_T3_4,4,supported,Supported,Supported
P1700,P1700_T3,P1700_T3_5,5,condition_contradicted,Not Supported,Not Supported
P1700,P1700_T4,P1700_T4_1,1,relation_contradicted,Not Supported,Not Supported
P1700,P1700_T4,P1700_T4_2,2,condition_replaced,Not Enough Evidence,Not Enough Evidence
P1700,P1700_T4,P1700_T4_3,3,condition_removed,Not Enough Evidence,Not Enough Evidence
P1700,P1700_T4,P1700_T4_4,4,supported,Supported,Supported
P1700,P1700_T4,P1700_T4_5,5,condition_contradicted,Not Supported,Not Supported
P1701,P1701_T1,P1701_T1_1,1,relation_contradicted,Not Supported,Not Supported
P1701,P1701_T1,P1701_T1_2,2,condition_replaced,Not Enough Evidence,Not Enough Evidence
P1701,P1701_T1,P1701_T1_3,3,condition_removed,Not Enough Evidence,Not Enough Evidence
P1701,P1701_T1,P1701_T1_4,4,supported,Supported,Supported
P1701,P1701_T1,P1701_T1_5,5,condition_contradicted,Not Supported,Not Supported
P1701,P1701_T2,P1701_T2_1,1,relation_contradicted,Not Supported,Not Supported
P1701,P1701_T2,P1701_T2_2,2,condition_replaced,Not Enough Evidence,Not Enough Evidence
P1701,P1701_T2,P1701_T2_3,3,condition_removed,Not Enough Evidence,Not Enough Evidence
P1701,P1701_T2,P1701_T2_4,4,supported,Supported,Supported
P1701,P1701_T2,P1701_T2_5,5,condition_contradicted,Not Supported,Not Supported
P1701,P1701_T3,P1701_T3_1,1,relation_contradicted,Not Supported,Not Supported
P1701,P1701_T3,P1701_T3_2,2,condition_replaced,Not Enough Evidence,Not Enough Evidence
P1701,P1701_T3,P1701_T3_3,3,condition_removed,Not Enough Evidence,Not Enough Evidence
P1701,P1701_T3,P1701_T3_4,4,supported,Supported,Supported
P1701,P1701_T3,P1701_T3_5,5,condition_contradicted,Not Supported,Not Supported
P1701,P1701_T4,P1701_T4_1,1,relation_contradicted,Not Supported,Not Supported
P1701,P1701_T4,P1701_T4_2,2,condition_replaced,Not Enough Evidence,Not Enough Evidence
P1701,P1701_T4,P1701_T4_3,3,condition_removed,Not Enough Evidence,Not Enough Evidence
P1701,P1701_T4,P1701_T4_4,4,supported,Supported,Supported
P1701,P1701_T4,P1701_T4_5,5,condition_contradicted,Not Supported,Not Supported
P1704,P1704_T1,P1704_T1_1,1,relation_contradicted,Not Supported,Not Supported
P1704,P1704_T1,P1704_T1_2,2,condition_replaced,Not Enough Evidence,Not Enough Evidence
P1704,P1704_T1,P1704_T1_3,3,condition_removed,Not Enough Evidence,Not Enough Evidence
P1704,P1704_T1,P1704_T1_4,4,supported,Supported,Supported
P1704,P1704_T1,P1704_T1_5,5,condition_contradicted,Not Supported,Not Supported
P1704,P1704_T2,P1704_T2_1,1,relation_contradicted,Not Supported,Not Supported
P1704,P1704_T2,P1704_T2_2,2,condition_replaced,Not Enough Evidence,Not Enough Evidence
P1704,P1704_T2,P1704_T2_3,3,condition_removed,Not Enough Evidence,Not Enough Evidence
P1704,P1704_T2,P1704_T2_4,4,supported,Supported,Supported
P1704,P1704_T2,P1704_T2_5,5,condition_contradicted,Not Supported,Not Supported
P1704,P1704_T3,P1704_T3_1,1,relation_contradicted,Not Supported,Not Supported
P1704,P1704_T3,P1704_T3_2,2,condition_replaced,Not Enough Evidence,Not Enough Evidence
P1704,P1704_T3,P1704_T3_3,3,condition_removed,Not Enough Evidence,Not Enough Evidence
P1704,P1704_T3,P1704_T3_4,4,supported,Supported,Supported
P1704,P1704_T3,P1704_T3_5,5,condition_contradicted,Not Supported,Not Supported
P1704,P1704_T4,P1704_T4_1,1,relation_contradicted,Not Supported,Not Supported
P1704,P1704_T4,P1704_T4_2,2,condition_replaced,Not Enough Evidence,Not Enough Evidence
P1704,P1704_T4,P1704_T4_3,3,condition_removed,Not Enough Evidence,Not Enough Evidence
P1704,P1704_T4,P1704_T4_4,4,supported,Supported,Supported
P1704,P1704_T4,P1704_T4_5,5,condition_contradicted,Not Supported,Not Supported
P1706,P1706_T1,P1706_T1_1,1,relation_contradicted,Not Supported,Not Supported
P1706,P1706_T1,P1706_T1_2,2,condition_replaced,Not Enough Evidence,Not Supported
P1706,P1706_T1,P1706_T1_3,3,condition_removed,Not Enough Evidence,Not Enough Evidence
P1706,P1706_T1,P1706_T1_4,4,supported,Supported,Supported
P1706,P1706_T1,P1706_T1_5,5,condition_contradicted,Not Supported,Not Supported
P1706,P1706_T2,P1706_T2_1,1,relation_contradicted,Not Supported,Not Supported
P1706,P1706_T2,P1706_T2_2,2,condition_replaced,Not Enough Evidence,Not Supported
P1706,P1706_T2,P1706_T2_3,3,condition_removed,Not Enough Evidence,Not Enough Evidence
P1706,P1706_T2,P1706_T2_4,4,supported,Supported,Supported
P1706,P1706_T2,P1706_T2_5,5,condition_contradicted,Not Supported,Not Supported
P1706,P1706_T3,P1706_T3_1,1,relation_contradicted,Not Supported,Not Supported
P1706,P1706_T3,P1706_T3_2,2,condition_replaced,Not Enough Evidence,Not Enough Evidence
P1706,P1706_T3,P1706_T3_3,3,condition_removed,Not Enough Evidence,Not Enough Evidence
P1706,P1706_T3,P1706_T3_4,4,supported,Supported,Supported
P1706,P1706_T3,P1706_T3_5,5,condition_contradicted,Not Supported,Not Supported
P1706,P1706_T4,P1706_T4_1,1,relation_contradicted,Not Supported,Not Supported
P1706,P1706_T4,P1706_T4_2,2,condition_replaced,Not Enough Evidence,Not Enough Evidence
P1706,P1706_T4,P1706_T4_3,3,condition_removed,Not Enough Evidence,Not Enough Evidence
P1706,P1706_T4,P1706_T4_4,4,supported,Supported,Supported
P1706,P1706_T4,P1706_T4_5,5,condition_contradicted,Not Supported,Not Supported
P1707,P1707_T1,P1707_T1_1,1,relation_contradicted,Not Supported,Not Supported
P1707,P1707_T1,P1707_T1_2,2,condition_replaced,Not Enough Evidence,Not Enough Evidence
P1707,P1707_T1,P1707_T1_3,3,condition_removed,Not Enough Evidence,Not Enough Evidence
P1707,P1707_T1,P1707_T1_4,4,supported,Supported,Supported
P1707,P1707_T1,P1707_T1_5,5,condition_contradicted,Not Supported,Not Supported
P1707,P1707_T2,P1707_T2_1,1,relation_contradicted,Not Supported,Not Supported
P1707,P1707_T2,P1707_T2_2,2,condition_replaced,Not Enough Evidence,Not Enough Evidence
P1707,P1707_T2,P1707_T2_3,3,condition_removed,Not Enough Evidence,Not Enough Evidence
P1707,P1707_T2,P1707_T2_4,4,supported,Supported,Supported
P1707,P1707_T2,P1707_T2_5,5,condition_contradicted,Not Supported,Not Supported
P1707,P1707_T3,P1707_T3_1,1,relation_contradicted,Not Supported,Not Supported
P1707,P1707_T3,P1707_T3_2,2,condition_replaced,Not Enough Evidence,Not Enough Evidence
P1707,P1707_T3,P1707_T3_3,3,condition_removed,Not Enough Evidence,Not Enough Evidence
P1707,P1707_T3,P1707_T3_4,4,supported,Supported,Supported
P1707,P1707_T3,P1707_T3_5,5,condition_contradicted,Not Supported,Not Supported
P1707,P1707_T4,P1707_T4_1,1,relation_contradicted,Not Supported,Not Supported
P1707,P1707_T4,P1707_T4_2,2,condition_replaced,Not Enough Evidence,Not Enough Evidence
P1707,P1707_T4,P1707_T4_3,3,condition_removed,Not Enough Evidence,Not Enough Evidence
P1707,P1707_T4,P1707_T4_4,4,supported,Supported,Supported
P1707,P1707_T4,P1707_T4_5,5,condition_contradicted,Not Supported,Not Supported
P1713,P1713_T1,P1713_T1_1,1,relation_contradicted,Not Supported,Not Supported
P1713,P1713_T1,P1713_T1_2,2,condition_replaced,Not Enough Evidence,Not Enough Evidence
P1713,P1713_T1,P1713_T1_3,3,condition_removed,Not Enough Evidence,Not Enough Evidence
P1713,P1713_T1,P1713_T1_4,4,supported,Supported,Supported
P1713,P1713_T1,P1713_T1_5,5,condition_contradicted,Not Supported,Not Supported
P1713,P1713_T2,P1713_T2_1,1,relation_contradicted,Not Supported,Not Supported
P1713,P1713_T2,P1713_T2_2,2,condition_replaced,Not Enough Evidence,Not Enough Evidence
P1713,P1713_T2,P1713_T2_3,3,condition_removed,Not Enough Evidence,Not Enough Evidence
P1713,P1713_T2,P1713_T2_4,4,supported,Supported,Supported
P1713,P1713_T2,P1713_T2_5,5,condition_contradicted,Not Supported,Not Supported
P1713,P1713_T3,P1713_T3_1,1,relation_contradicted,Not Supported,Not Supported
P1713,P1713_T3,P1713_T3_2,2,condition_replaced,Not Enough Evidence,Not Enough Evidence
P1713,P1713_T3,P1713_T3_3,3,condition_removed,Not Enough Evidence,Not Enough Evidence
P1713,P1713_T3,P1713_T3_4,4,supported,Supported,Supported
P1713,P1713_T3,P1713_T3_5,5,condition_contradicted,Not Supported,Not Supported
P1713,P1713_T4,P1713_T4_1,1,relation_contradicted,Not Supported,Not Supported
P1713,P1713_T4,P1713_T4_2,2,condition_replaced,Not Enough Evidence,Not Enough Evidence
P1713,P1713_T4,P1713_T4_3,3,condition_removed,Not Enough Evidence,Not Enough Evidence
P1713,P1713_T4,P1713_T4_4,4,supported,Supported,Supported
P1713,P1713_T4,P1713_T4_5,5,condition_contradicted,Not Supported,Not Supported
P1716,P1716_T1,P1716_T1_1,1,relation_contradicted,Not Supported,Not Supported
P1716,P1716_T1,P1716_T1_2,2,condition_replaced,Not Enough Evidence,Not Enough Evidence
P1716,P1716_T1,P1716_T1_3,3,condition_removed,Not Enough Evidence,Not Enough Evidence
P1716,P1716_T1,P1716_T1_4,4,supported,Supported,Supported
P1716,P1716_T1,P1716_T1_5,5,condition_contradicted,Not Supported,Not Supported
P1716,P1716_T2,P1716_T2_1,1,relation_contradicted,Not Supported,Not Supported
P1716,P1716_T2,P1716_T2_2,2,condition_replaced,Not Enough Evidence,Not Enough Evidence
P1716,P1716_T2,P1716_T2_3,3,condition_removed,Not Enough Evidence,Not Enough Evidence
P1716,P1716_T2,P1716_T2_4,4,supported,Supported,Supported
P1716,P1716_T2,P1716_T2_5,5,condition_contradicted,Not Supported,Not Supported
P1716,P1716_T3,P1716_T3_1,1,relation_contradicted,Not Supported,Not Supported
P1716,P1716_T3,P1716_T3_2,2,condition_replaced,Not Enough Evidence,Not Enough Evidence
P1716,P1716_T3,P1716_T3_3,3,condition_removed,Not Enough Evidence,Not Enough Evidence
P1716,P1716_T3,P1716_T3_4,4,supported,Supported,Supported
P1716,P1716_T3,P1716_T3_5,5,condition_contradicted,Not Supported,Not Supported
P1716,P1716_T4,P1716_T4_1,1,relation_contradicted,Not Supported,Not Supported
P1716,P1716_T4,P1716_T4_2,2,condition_replaced,Not Enough Evidence,Not Enough Evidence
P1716,P1716_T4,P1716_T4_3,3,condition_removed,Not Enough Evidence,Not Enough Evidence
P1716,P1716_T4,P1716_T4_4,4,supported,Supported,Supported
P1716,P1716_T4,P1716_T4_5,5,condition_contradicted,Not Supported,Not Supported
P1717,P1717_T1,P1717_T1_1,1,relation_contradicted,Not Supported,Not Supported
P1717,P1717_T1,P1717_T1_2,2,condition_replaced,Not Enough Evidence,Not Enough Evidence
P1717,P1717_T1,P1717_T1_3,3,condition_removed,Not Enough Evidence,Not Enough Evidence
P1717,P1717_T1,P1717_T1_4,4,supported,Supported,Supported
P1717,P1717_T1,P1717_T1_5,5,condition_contradicted,Not Supported,Not Supported
P1717,P1717_T2,P1717_T2_1,1,relation_contradicted,Not Supported,Not Supported
P1717,P1717_T2,P1717_T2_2,2,condition_replaced,Not Enough Evidence,Not Enough Evidence
P1717,P1717_T2,P1717_T2_3,3,condition_removed,Not Enough Evidence,Not Enough Evidence
P1717,P1717_T2,P1717_T2_4,4,supported,Supported,Supported
P1717,P1717_T2,P1717_T2_5,5,condition_contradicted,Not Supported,Not Supported
P1717,P1717_T3,P1717_T3_1,1,relation_contradicted,Not Supported,Not Supported
P1717,P1717_T3,P1717_T3_2,2,condition_replaced,Not Enough Evidence,Not Enough Evidence
P1717,P1717_T3,P1717_T3_3,3,condition_removed,Not Enough Evidence,Not Enough Evidence
P1717,P1717_T3,P1717_T3_4,4,supported,Supported,Supported
P1717,P1717_T3,P1717_T3_5,5,condition_contradicted,Not Supported,Not Supported
P1717,P1717_T4,P1717_T4_1,1,relation_contradicted,Not Supported,Not Supported
P1717,P1717_T4,P1717_T4_2,2,condition_replaced,Not Enough Evidence,Not Enough Evidence
P1717,P1717_T4,P1717_T4_3,3,condition_removed,Not Enough Evidence,Not Enough Evidence
P1717,P1717_T4,P1717_T4_4,4,supported,Supported,Supported
P1717,P1717_T4,P1717_T4_5,5,condition_contradicted,Not Supported,Not Supported
P1718,P1718_T1,P1718_T1_1,1,relation_contradicted,Not Supported,Not Supported
P1718,P1718_T1,P1718_T1_2,2,condition_replaced,Not Enough Evidence,Not Enough Evidence
P1718,P1718_T1,P1718_T1_3,3,condition_removed,Not Enough Evidence,Not Enough Evidence
P1718,P1718_T1,P1718_T1_4,4,supported,Supported,Supported
P1718,P1718_T1,P1718_T1_5,5,condition_contradicted,Not Supported,Not Supported
P1718,P1718_T2,P1718_T2_1,1,relation_contradicted,Not Supported,Not Supported
P1718,P1718_T2,P1718_T2_2,2,condition_replaced,Not Enough Evidence,Not Enough Evidence
P1718,P1718_T2,P1718_T2_3,3,condition_removed,Not Enough Evidence,Not Enough Evidence
P1718,P1718_T2,P1718_T2_4,4,supported,Supported,Supported
P1718,P1718_T2,P1718_T2_5,5,condition_contradicted,Not Supported,Not Supported
P1718,P1718_T3,P1718_T3_1,1,relation_contradicted,Not Supported,Not Supported
P1718,P1718_T3,P1718_T3_2,2,condition_replaced,Not Enough Evidence,Not Enough Evidence
P1718,P1718_T3,P1718_T3_3,3,condition_removed,Not Enough Evidence,Not Enough Evidence
P1718,P1718_T3,P1718_T3_4,4,supported,Supported,Supported
P1718,P1718_T3,P1718_T3_5,5,condition_contradicted,Not Supported,Not Supported
P1718,P1718_T4,P1718_T4_1,1,relation_contradicted,Not Supported,Not Supported
P1718,P1718_T4,P1718_T4_2,2,condition_replaced,Not Enough Evidence,Not Enough Evidence
P1718,P1718_T4,P1718_T4_3,3,condition_removed,Not Enough Evidence,Not Enough Evidence
P1718,P1718_T4,P1718_T4_4,4,supported,Supported,Supported
P1718,P1718_T4,P1718_T4_5,5,condition_contradicted,Not Supported,Not Supported
P1722,P1722_T1,P1722_T1_1,1,relation_contradicted,Not Supported,Not Supported
P1722,P1722_T1,P1722_T1_2,2,condition_replaced,Not Enough Evidence,Not Enough Evidence
P1722,P1722_T1,P1722_T1_3,3,condition_removed,Not Enough Evidence,Not Enough Evidence
P1722,P1722_T1,P1722_T1_4,4,supported,Supported,Supported
P1722,P1722_T1,P1722_T1_5,5,condition_contradicted,Not Supported,Not Supported
P1722,P1722_T2,P1722_T2_1,1,relation_contradicted,Not Supported,Not Supported
P1722,P1722_T2,P1722_T2_2,2,condition_replaced,Not Enough Evidence,Not Enough Evidence
P1722,P1722_T2,P1722_T2_3,3,condition_removed,Not Enough Evidence,Not Enough Evidence
P1722,P1722_T2,P1722_T2_4,4,supported,Supported,Supported
P1722,P1722_T2,P1722_T2_5,5,condition_contradicted,Not Supported,Not Supported
P1722,P1722_T3,P1722_T3_1,1,relation_contradicted,Not Supported,Not Supported
P1722,P1722_T3,P1722_T3_2,2,condition_replaced,Not Enough Evidence,Not Enough Evidence
P1722,P1722_T3,P1722_T3_3,3,condition_removed,Not Enough Evidence,Not Enough Evidence
P1722,P1722_T3,P1722_T3_4,4,supported,Supported,Supported
P1722,P1722_T3,P1722_T3_5,5,condition_contradicted,Not Supported,Not Supported
P1722,P1722_T4,P1722_T4_1,1,relation_contradicted,Not Supported,Not Supported
P1722,P1722_T4,P1722_T4_2,2,condition_replaced,Not Enough Evidence,Not Enough Evidence
P1722,P1722_T4,P1722_T4_3,3,condition_removed,Not Enough Evidence,Not Enough Evidence
P1722,P1722_T4,P1722_T4_4,4,supported,Supported,Supported
P1722,P1722_T4,P1722_T4_5,5,condition_contradicted,Not Supported,Not Supported
P1725,P1725_T1,P1725_T1_1,1,relation_contradicted,Not Supported,Not Supported
P1725,P1725_T1,P1725_T1_2,2,condition_replaced,Not Enough Evidence,Not Enough Evidence
P1725,P1725_T1,P1725_T1_3,3,condition_removed,Not Enough Evidence,Not Enough Evidence
P1725,P1725_T1,P1725_T1_4,4,supported,Supported,Supported
P1725,P1725_T1,P1725_T1_5,5,condition_contradicted,Not Supported,Not Supported
P1725,P1725_T2,P1725_T2_1,1,relation_contradicted,Not Supported,Not Supported
P1725,P1725_T2,P1725_T2_2,2,condition_replaced,Not Enough Evidence,Not Enough Evidence
P1725,P1725_T2,P1725_T2_3,3,condition_removed,Not Enough Evidence,Not Enough Evidence
P1725,P1725_T2,P1725_T2_4,4,supported,Supported,Supported
P1725,P1725_T2,P1725_T2_5,5,condition_contradicted,Not Supported,Not Supported
P1725,P1725_T3,P1725_T3_1,1,relation_contradicted,Not Supported,Not Supported
P1725,P1725_T3,P1725_T3_2,2,condition_replaced,Not Enough Evidence,Not Enough Evidence
P1725,P1725_T3,P1725_T3_3,3,condition_removed,Not Enough Evidence,Not Enough Evidence
P1725,P1725_T3,P1725_T3_4,4,supported,Supported,Supported
P1725,P1725_T3,P1725_T3_5,5,condition_contradicted,Not Supported,Not Supported
P1725,P1725_T4,P1725_T4_1,1,relation_contradicted,Not Supported,Not Supported
P1725,P1725_T4,P1725_T4_2,2,condition_replaced,Not Enough Evidence,Not Enough Evidence
P1725,P1725_T4,P1725_T4_3,3,condition_removed,Not Enough Evidence,Not Enough Evidence
P1725,P1725_T4,P1725_T4_4,4,supported,Supported,Supported
P1725,P1725_T4,P1725_T4_5,5,condition_contradicted,Not Supported,Not Supported
P1728,P1728_T1,P1728_T1_1,1,relation_contradicted,Not Supported,Not Supported
P1728,P1728_T1,P1728_T1_2,2,condition_replaced,Not Enough Evidence,Not Enough Evidence
P1728,P1728_T1,P1728_T1_3,3,condition_removed,Not Enough Evidence,Not Enough Evidence
P1728,P1728_T1,P1728_T1_4,4,supported,Supported,Supported
P1728,P1728_T1,P1728_T1_5,5,condition_contradicted,Not Supported,Not Supported
P1728,P1728_T2,P1728_T2_1,1,relation_contradicted,Not Supported,Not Supported
P1728,P1728_T2,P1728_T2_2,2,condition_replaced,Not Enough Evidence,Not Enough Evidence
P1728,P1728_T2,P1728_T2_3,3,condition_removed,Not Enough Evidence,Not Enough Evidence
P1728,P1728_T2,P1728_T2_4,4,supported,Supported,Supported
P1728,P1728_T2,P1728_T2_5,5,condition_contradicted,Not Supported,Not Supported
P1728,P1728_T3,P1728_T3_1,1,relation_contradicted,Not Supported,Not Supported
P1728,P1728_T3,P1728_T3_2,2,condition_replaced,Not Enough Evidence,Not Enough Evidence
P1728,P1728_T3,P1728_T3_3,3,condition_removed,Not Enough Evidence,Not Enough Evidence
P1728,P1728_T3,P1728_T3_4,4,supported,Supported,Supported
P1728,P1728_T3,P1728_T3_5,5,condition_contradicted,Not Supported,Not Supported
P1733,P1733_T1,P1733_T1_1,1,relation_contradicted,Not Supported,Not Supported
P1733,P1733_T1,P1733_T1_2,2,condition_replaced,Not Enough Evidence,Not Enough Evidence
P1733,P1733_T1,P1733_T1_3,3,condition_removed,Not Enough Evidence,Not Enough Evidence
P1733,P1733_T1,P1733_T1_4,4,supported,Supported,Supported
P1733,P1733_T1,P1733_T1_5,5,condition_contradicted,Not Supported,Not Supported
P1733,P1733_T2,P1733_T2_1,1,relation_contradicted,Not Supported,Not Supported
P1733,P1733_T2,P1733_T2_2,2,condition_replaced,Not Enough Evidence,Not Enough Evidence
P1733,P1733_T2,P1733_T2_3,3,condition_removed,Not Enough Evidence,Not Enough Evidence
P1733,P1733_T2,P1733_T2_4,4,supported,Supported,Supported
P1733,P1733_T2,P1733_T2_5,5,condition_contradicted,Not Supported,Not Supported
P1733,P1733_T3,P1733_T3_1,1,relation_contradicted,Not Supported,Not Supported
P1733,P1733_T3,P1733_T3_2,2,condition_replaced,Not Enough Evidence,Not Enough Evidence
P1733,P1733_T3,P1733_T3_3,3,condition_removed,Not Enough Evidence,Not Enough Evidence
P1733,P1733_T3,P1733_T3_4,4,supported,Supported,Supported
P1733,P1733_T3,P1733_T3_5,5,condition_contradicted,Not Supported,Not Supported
P1734,P1734_T1,P1734_T1_1,1,relation_contradicted,Not Supported,Not Supported
P1734,P1734_T1,P1734_T1_2,2,condition_replaced,Not Enough Evidence,Not Enough Evidence
P1734,P1734_T1,P1734_T1_3,3,condition_removed,Not Enough Evidence,Not Enough Evidence
P1734,P1734_T1,P1734_T1_4,4,supported,Supported,Supported
P1734,P1734_T1,P1734_T1_5,5,condition_contradicted,Not Supported,Not Supported
P1734,P1734_T2,P1734_T2_1,1,relation_contradicted,Not Supported,Not Supported
P1734,P1734_T2,P1734_T2_2,2,condition_replaced,Not Enough Evidence,Not Enough Evidence
P1734,P1734_T2,P1734_T2_3,3,condition_removed,Not Enough Evidence,Not Enough Evidence
P1734,P1734_T2,P1734_T2_4,4,supported,Supported,Supported
P1734,P1734_T2,P1734_T2_5,5,condition_contradicted,Not Supported,Not Supported
P1734,P1734_T3,P1734_T3_1,1,relation_contradicted,Not Supported,Not Supported
P1734,P1734_T3,P1734_T3_2,2,condition_replaced,Not Enough Evidence,Not Enough Evidence
P1734,P1734_T3,P1734_T3_3,3,condition_removed,Not Enough Evidence,Not Enough Evidence
P1734,P1734_T3,P1734_T3_4,4,supported,Supported,Supported
P1734,P1734_T3,P1734_T3_5,5,condition_contradicted,Not Supported,Not Supported
P1735,P1735_T1,P1735_T1_1,1,relation_contradicted,Not Supported,Not Supported
P1735,P1735_T1,P1735_T1_2,2,condition_replaced,Not Enough Evidence,Not Enough Evidence
P1735,P1735_T1,P1735_T1_3,3,condition_removed,Not Enough Evidence,Not Enough Evidence
P1735,P1735_T1,P1735_T1_4,4,supported,Supported,Supported
P1735,P1735_T1,P1735_T1_5,5,condition_contradicted,Not Supported,Not Supported
P1735,P1735_T2,P1735_T2_1,1,relation_contradicted,Not Supported,Not Supported
P1735,P1735_T2,P1735_T2_2,2,condition_replaced,Not Enough Evidence,Not Enough Evidence
P1735,P1735_T2,P1735_T2_3,3,condition_removed,Not Enough Evidence,Not Enough Evidence
P1735,P1735_T2,P1735_T2_4,4,supported,Supported,Supported
P1735,P1735_T2,P1735_T2_5,5,condition_contradicted,Not Supported,Not Supported
P1735,P1735_T3,P1735_T3_1,1,relation_contradicted,Not Supported,Not Supported
P1735,P1735_T3,P1735_T3_2,2,condition_replaced,Not Enough Evidence,Not Enough Evidence
P1735,P1735_T3,P1735_T3_3,3,condition_removed,Not Enough Evidence,Not Enough Evidence
P1735,P1735_T3,P1735_T3_4,4,supported,Supported,Supported
P1735,P1735_T3,P1735_T3_5,5,condition_contradicted,Not Supported,Not Supported
P1739,P1739_T1,P1739_T1_1,1,relation_contradicted,Not Supported,Not Supported
P1739,P1739_T1,P1739_T1_2,2,condition_replaced,Not Enough Evidence,Not Enough Evidence
P1739,P1739_T1,P1739_T1_3,3,condition_removed,Not Enough Evidence,Not Enough Evidence
P1739,P1739_T1,P1739_T1_4,4,supported,Supported,Not Supported
P1739,P1739_T1,P1739_T1_5,5,condition_contradicted,Not Supported,Not Supported
P1739,P1739_T2,P1739_T2_1,1,relation_contradicted,Not Supported,Not Supported
P1739,P1739_T2,P1739_T2_2,2,condition_replaced,Not Enough Evidence,Not Enough Evidence
P1739,P1739_T2,P1739_T2_3,3,condition_removed,Not Enough Evidence,Not Enough Evidence
P1739,P1739_T2,P1739_T2_4,4,supported,Supported,Supported
P1739,P1739_T2,P1739_T2_5,5,condition_contradicted,Not Supported,Not Supported
P1739,P1739_T3,P1739_T3_1,1,relation_contradicted,Not Supported,Not Supported
P1739,P1739_T3,P1739_T3_2,2,condition_replaced,Not Enough Evidence,Not Enough Evidence
P1739,P1739_T3,P1739_T3_3,3,condition_removed,Not Enough Evidence,Not Enough Evidence
P1739,P1739_T3,P1739_T3_4,4,supported,Supported,Supported
P1739,P1739_T3,P1739_T3_5,5,condition_contradicted,Not Supported,Not Supported
P1751,P1751_T1,P1751_T1_1,1,relation_contradicted,Not Supported,Not Supported
P1751,P1751_T1,P1751_T1_2,2,condition_replaced,Not Enough Evidence,Not Enough Evidence
P1751,P1751_T1,P1751_T1_3,3,condition_removed,Not Enough Evidence,Not Enough Evidence
P1751,P1751_T1,P1751_T1_4,4,supported,Supported,Supported
P1751,P1751_T1,P1751_T1_5,5,condition_contradicted,Not Supported,Not Supported
P1751,P1751_T2,P1751_T2_1,1,relation_contradicted,Not Supported,Not Supported
P1751,P1751_T2,P1751_T2_2,2,condition_replaced,Not Enough Evidence,Not Enough Evidence
P1751,P1751_T2,P1751_T2_3,3,condition_removed,Not Enough Evidence,Not Enough Evidence
P1751,P1751_T2,P1751_T2_4,4,supported,Supported,Supported
P1751,P1751_T2,P1751_T2_5,5,condition_contradicted,Not Supported,Not Supported
P1751,P1751_T3,P1751_T3_1,1,relation_contradicted,Not Supported,Not Supported
P1751,P1751_T3,P1751_T3_2,2,condition_replaced,Not Enough Evidence,Not Enough Evidence
P1751,P1751_T3,P1751_T3_3,3,condition_removed,Not Enough Evidence,Not Enough Evidence
P1751,P1751_T3,P1751_T3_4,4,supported,Supported,Supported
P1751,P1751_T3,P1751_T3_5,5,condition_contradicted,Not Supported,Not Supported
P1751,P1751_T4,P1751_T4_1,1,relation_contradicted,Not Supported,Not Supported
P1751,P1751_T4,P1751_T4_2,2,condition_replaced,Not Enough Evidence,Not Enough Evidence
P1751,P1751_T4,P1751_T4_3,3,condition_removed,Not Enough Evidence,Not Enough Evidence
P1751,P1751_T4,P1751_T4_4,4,supported,Supported,Supported
P1751,P1751_T4,P1751_T4_5,5,condition_contradicted,Not Supported,Not Supported
P1760,P1760_T1,P1760_T1_1,1,relation_contradicted,Not Supported,Not Supported
P1760,P1760_T1,P1760_T1_2,2,condition_replaced,Not Enough Evidence,Not Enough Evidence
P1760,P1760_T1,P1760_T1_3,3,condition_removed,Not Enough Evidence,Not Enough Evidence
P1760,P1760_T1,P1760_T1_4,4,supported,Supported,Supported
P1760,P1760_T1,P1760_T1_5,5,condition_contradicted,Not Supported,Not Supported
P1760,P1760_T2,P1760_T2_1,1,relation_contradicted,Not Supported,Not Supported
P1760,P1760_T2,P1760_T2_2,2,condition_replaced,Not Enough Evidence,Not Enough Evidence
P1760,P1760_T2,P1760_T2_3,3,condition_removed,Not Enough Evidence,Not Enough Evidence
P1760,P1760_T2,P1760_T2_4,4,supported,Supported,Supported
P1760,P1760_T2,P1760_T2_5,5,condition_contradicted,Not Supported,Not Supported
P1760,P1760_T3,P1760_T3_1,1,relation_contradicted,Not Supported,Not Supported
P1760,P1760_T3,P1760_T3_2,2,condition_replaced,Not Enough Evidence,Not Enough Evidence
P1760,P1760_T3,P1760_T3_3,3,condition_removed,Not Enough Evidence,Not Enough Evidence
P1760,P1760_T3,P1760_T3_4,4,supported,Supported,Supported
P1760,P1760_T3,P1760_T3_5,5,condition_contradicted,Not Supported,Not Supported
P1760,P1760_T4,P1760_T4_1,1,relation_contradicted,Not Supported,Not Supported
P1760,P1760_T4,P1760_T4_2,2,condition_replaced,Not Enough Evidence,Not Enough Evidence
P1760,P1760_T4,P1760_T4_3,3,condition_removed,Not Enough Evidence,Not Enough Evidence
P1760,P1760_T4,P1760_T4_4,4,supported,Supported,Supported
P1760,P1760_T4,P1760_T4_5,5,condition_contradicted,Not Supported,Not Supported
P1762,P1762_T1,P1762_T1_1,1,relation_contradicted,Not Supported,Not Supported
P1762,P1762_T1,P1762_T1_2,2,condition_replaced,Not Enough Evidence,Not Enough Evidence
P1762,P1762_T1,P1762_T1_3,3,condition_removed,Not Enough Evidence,Not Enough Evidence
P1762,P1762_T1,P1762_T1_4,4,supported,Supported,Supported
P1762,P1762_T1,P1762_T1_5,5,condition_contradicted,Not Supported,Not Supported
P1762,P1762_T2,P1762_T2_1,1,relation_contradicted,Not Supported,Not Supported
P1762,P1762_T2,P1762_T2_2,2,condition_replaced,Not Enough Evidence,Not Enough Evidence
P1762,P1762_T2,P1762_T2_3,3,condition_removed,Not Enough Evidence,Not Enough Evidence
P1762,P1762_T2,P1762_T2_4,4,supported,Supported,Supported
P1762,P1762_T2,P1762_T2_5,5,condition_contradicted,Not Supported,Not Supported
P1762,P1762_T3,P1762_T3_1,1,relation_contradicted,Not Supported,Not Supported
P1762,P1762_T3,P1762_T3_2,2,condition_replaced,Not Enough Evidence,Not Enough Evidence
P1762,P1762_T3,P1762_T3_3,3,condition_removed,Not Enough Evidence,Not Enough Evidence
P1762,P1762_T3,P1762_T3_4,4,supported,Supported,Supported
P1762,P1762_T3,P1762_T3_5,5,condition_contradicted,Not Supported,Not Supported
P1762,P1762_T4,P1762_T4_1,1,relation_contradicted,Not Supported,Not Supported
P1762,P1762_T4,P1762_T4_2,2,condition_replaced,Not Enough Evidence,Not Enough Evidence
P1762,P1762_T4,P1762_T4_3,3,condition_removed,Not Enough Evidence,Not Enough Evidence
P1762,P1762_T4,P1762_T4_4,4,supported,Supported,Supported
P1762,P1762_T4,P1762_T4_5,5,condition_contradicted,Not Supported,Not Supported
P1763,P1763_T1,P1763_T1_1,1,relation_contradicted,Not Supported,Not Supported
P1763,P1763_T1,P1763_T1_2,2,condition_replaced,Not Enough Evidence,Not Enough Evidence
P1763,P1763_T1,P1763_T1_3,3,condition_removed,Not Enough Evidence,Not Enough Evidence
P1763,P1763_T1,P1763_T1_4,4,supported,Supported,Supported
P1763,P1763_T1,P1763_T1_5,5,condition_contradicted,Not Supported,Not Supported
P1763,P1763_T2,P1763_T2_1,1,relation_contradicted,Not Supported,Not Supported
P1763,P1763_T2,P1763_T2_2,2,condition_replaced,Not Enough Evidence,Not Enough Evidence
P1763,P1763_T2,P1763_T2_3,3,condition_removed,Not Enough Evidence,Not Enough Evidence
P1763,P1763_T2,P1763_T2_4,4,supported,Supported,Supported
P1763,P1763_T2,P1763_T2_5,5,condition_contradicted,Not Supported,Not Supported
P1763,P1763_T3,P1763_T3_1,1,relation_contradicted,Not Supported,Not Supported
P1763,P1763_T3,P1763_T3_2,2,condition_replaced,Not Enough Evidence,Not Enough Evidence
P1763,P1763_T3,P1763_T3_3,3,condition_removed,Not Enough Evidence,Not Enough Evidence
P1763,P1763_T3,P1763_T3_4,4,supported,Supported,Supported
P1763,P1763_T3,P1763_T3_5,5,condition_contradicted,Not Supported,Not Supported
P1763,P1763_T4,P1763_T4_1,1,relation_contradicted,Not Supported,Not Supported
P1763,P1763_T4,P1763_T4_2,2,condition_replaced,Not Enough Evidence,Not Enough Evidence
P1763,P1763_T4,P1763_T4_3,3,condition_removed,Not Enough Evidence,Not Enough Evidence
P1763,P1763_T4,P1763_T4_4,4,supported,Supported,Supported
P1763,P1763_T4,P1763_T4_5,5,condition_contradicted,Not Supported,Not Supported
P1766,P1766_T1,P1766_T1_1,1,relation_contradicted,Not Supported,Not Supported
P1766,P1766_T1,P1766_T1_2,2,condition_replaced,Not Enough Evidence,Not Enough Evidence
P1766,P1766_T1,P1766_T1_3,3,condition_removed,Not Enough Evidence,Not Enough Evidence
P1766,P1766_T1,P1766_T1_4,4,supported,Supported,Supported
P1766,P1766_T1,P1766_T1_5,5,condition_contradicted,Not Supported,Not Supported
P1766,P1766_T2,P1766_T2_1,1,relation_contradicted,Not Supported,Not Supported
P1766,P1766_T2,P1766_T2_2,2,condition_replaced,Not Enough Evidence,Not Enough Evidence
P1766,P1766_T2,P1766_T2_3,3,condition_removed,Not Enough Evidence,Not Enough Evidence
P1766,P1766_T2,P1766_T2_4,4,supported,Supported,Supported
P1766,P1766_T2,P1766_T2_5,5,condition_contradicted,Not Supported,Not Supported
P1766,P1766_T3,P1766_T3_1,1,relation_contradicted,Not Supported,Not Supported
P1766,P1766_T3,P1766_T3_2,2,condition_replaced,Not Enough Evidence,Not Enough Evidence
P1766,P1766_T3,P1766_T3_3,3,condition_removed,Not Enough Evidence,Not Enough Evidence
P1766,P1766_T3,P1766_T3_4,4,supported,Supported,Supported
P1766,P1766_T3,P1766_T3_5,5,condition_contradicted,Not Supported,Not Supported
P1766,P1766_T4,P1766_T4_1,1,relation_contradicted,Not Supported,Not Supported
P1766,P1766_T4,P1766_T4_2,2,condition_replaced,Not Enough Evidence,Not Enough Evidence
P1766,P1766_T4,P1766_T4_3,3,condition_removed,Not Enough Evidence,Not Enough Evidence
P1766,P1766_T4,P1766_T4_4,4,supported,Supported,Supported
P1766,P1766_T4,P1766_T4_5,5,condition_contradicted,Not Supported,Not Supported
P1773,P1773_T1,P1773_T1_1,1,relation_contradicted,Not Supported,Not Supported
P1773,P1773_T1,P1773_T1_2,2,condition_replaced,Not Enough Evidence,Not Enough Evidence
P1773,P1773_T1,P1773_T1_3,3,condition_removed,Not Enough Evidence,Not Enough Evidence
P1773,P1773_T1,P1773_T1_4,4,supported,Supported,Supported
P1773,P1773_T1,P1773_T1_5,5,condition_contradicted,Not Supported,Not Supported
P1773,P1773_T2,P1773_T2_1,1,relation_contradicted,Not Supported,Not Supported
P1773,P1773_T2,P1773_T2_2,2,condition_replaced,Not Enough Evidence,Not Enough Evidence
P1773,P1773_T2,P1773_T2_3,3,condition_removed,Not Enough Evidence,Not Enough Evidence
P1773,P1773_T2,P1773_T2_4,4,supported,Supported,Supported
P1773,P1773_T2,P1773_T2_5,5,condition_contradicted,Not Supported,Not Supported
P1773,P1773_T3,P1773_T3_1,1,relation_contradicted,Not Supported,Not Supported
P1773,P1773_T3,P1773_T3_2,2,condition_replaced,Not Enough Evidence,Not Enough Evidence
P1773,P1773_T3,P1773_T3_3,3,condition_removed,Not Enough Evidence,Not Enough Evidence
P1773,P1773_T3,P1773_T3_4,4,supported,Supported,Supported
P1773,P1773_T3,P1773_T3_5,5,condition_contradicted,Not Supported,Not Supported
P1773,P1773_T4,P1773_T4_1,1,relation_contradicted,Not Supported,Not Supported
P1773,P1773_T4,P1773_T4_2,2,condition_replaced,Not Enough Evidence,Not Enough Evidence
P1773,P1773_T4,P1773_T4_3,3,condition_removed,Not Enough Evidence,Not Enough Evidence
P1773,P1773_T4,P1773_T4_4,4,supported,Supported,Supported
P1773,P1773_T4,P1773_T4_5,5,condition_contradicted,Not Supported,Not Supported
P1777,P1777_T1,P1777_T1_1,1,relation_contradicted,Not Supported,Not Supported
P1777,P1777_T1,P1777_T1_2,2,condition_replaced,Not Enough Evidence,Not Enough Evidence
P1777,P1777_T1,P1777_T1_3,3,condition_removed,Not Enough Evidence,Not Enough Evidence
P1777,P1777_T1,P1777_T1_4,4,supported,Supported,Supported
P1777,P1777_T1,P1777_T1_5,5,condition_contradicted,Not Supported,Not Supported
P1777,P1777_T2,P1777_T2_1,1,relation_contradicted,Not Supported,Not Supported
P1777,P1777_T2,P1777_T2_2,2,condition_replaced,Not Enough Evidence,Not Enough Evidence
P1777,P1777_T2,P1777_T2_3,3,condition_removed,Not Enough Evidence,Not Enough Evidence
P1777,P1777_T2,P1777_T2_4,4,supported,Supported,Supported
P1777,P1777_T2,P1777_T2_5,5,condition_contradicted,Not Supported,Not Supported
P1777,P1777_T3,P1777_T3_1,1,relation_contradicted,Not Supported,Not Supported
P1777,P1777_T3,P1777_T3_2,2,condition_replaced,Not Enough Evidence,Not Enough Evidence
P1777,P1777_T3,P1777_T3_3,3,condition_removed,Not Enough Evidence,Not Enough Evidence
P1777,P1777_T3,P1777_T3_4,4,supported,Supported,Supported
P1777,P1777_T3,P1777_T3_5,5,condition_contradicted,Not Supported,Not Supported
P1777,P1777_T4,P1777_T4_1,1,relation_contradicted,Not Supported,Not Supported
P1777,P1777_T4,P1777_T4_2,2,condition_replaced,Not Enough Evidence,Not Enough Evidence
P1777,P1777_T4,P1777_T4_3,3,condition_removed,Not Enough Evidence,Not Enough Evidence
P1777,P1777_T4,P1777_T4_4,4,supported,Supported,Supported
P1777,P1777_T4,P1777_T4_5,5,condition_contradicted,Not Supported,Not Supported
P1783,P1783_T1,P1783_T1_1,1,relation_contradicted,Not Supported,Not Supported
P1783,P1783_T1,P1783_T1_2,2,condition_replaced,Not Enough Evidence,Not Enough Evidence
P1783,P1783_T1,P1783_T1_3,3,condition_removed,Not Enough Evidence,Not Enough Evidence
P1783,P1783_T1,P1783_T1_4,4,supported,Supported,Supported
P1783,P1783_T1,P1783_T1_5,5,condition_contradicted,Not Supported,Not Supported
P1783,P1783_T2,P1783_T2_1,1,relation_contradicted,Not Supported,Not Supported
P1783,P1783_T2,P1783_T2_2,2,condition_replaced,Not Enough Evidence,Not Enough Evidence
P1783,P1783_T2,P1783_T2_3,3,condition_removed,Not Enough Evidence,Not Enough Evidence
P1783,P1783_T2,P1783_T2_4,4,supported,Supported,Supported
P1783,P1783_T2,P1783_T2_5,5,condition_contradicted,Not Supported,Not Supported
P1783,P1783_T3,P1783_T3_1,1,relation_contradicted,Not Supported,Not Supported
P1783,P1783_T3,P1783_T3_2,2,condition_replaced,Not Enough Evidence,Not Enough Evidence
P1783,P1783_T3,P1783_T3_3,3,condition_removed,Not Enough Evidence,Not Enough Evidence
P1783,P1783_T3,P1783_T3_4,4,supported,Supported,Supported
P1783,P1783_T3,P1783_T3_5,5,condition_contradicted,Not Supported,Not Supported
P1783,P1783_T4,P1783_T4_1,1,relation_contradicted,Not Supported,Not Supported
P1783,P1783_T4,P1783_T4_2,2,condition_replaced,Not Enough Evidence,Not Enough Evidence
P1783,P1783_T4,P1783_T4_3,3,condition_removed,Not Enough Evidence,Not Enough Evidence
P1783,P1783_T4,P1783_T4_4,4,supported,Supported,Supported
P1783,P1783_T4,P1783_T4_5,5,condition_contradicted,Not Supported,Not Supported
P1784,P1784_T1,P1784_T1_1,1,relation_contradicted,Not Supported,Not Supported
P1784,P1784_T1,P1784_T1_2,2,condition_replaced,Not Enough Evidence,Not Enough Evidence
P1784,P1784_T1,P1784_T1_3,3,condition_removed,Not Enough Evidence,Not Enough Evidence
P1784,P1784_T1,P1784_T1_4,4,supported,Supported,Supported
P1784,P1784_T1,P1784_T1_5,5,condition_contradicted,Not Supported,Not Supported
P1784,P1784_T2,P1784_T2_1,1,relation_contradicted,Not Supported,Not Supported
P1784,P1784_T2,P1784_T2_2,2,condition_replaced,Not Enough Evidence,Not Enough Evidence
P1784,P1784_T2,P1784_T2_3,3,condition_removed,Not Enough Evidence,Not Enough Evidence
P1784,P1784_T2,P1784_T2_4,4,supported,Supported,Supported
P1784,P1784_T2,P1784_T2_5,5,condition_contradicted,Not Supported,Not Supported
P1784,P1784_T3,P1784_T3_1,1,relation_contradicted,Not Supported,Not Supported
P1784,P1784_T3,P1784_T3_2,2,condition_replaced,Not Enough Evidence,Not Enough Evidence
P1784,P1784_T3,P1784_T3_3,3,condition_removed,Not Enough Evidence,Not Enough Evidence
P1784,P1784_T3,P1784_T3_4,4,supported,Supported,Supported
P1784,P1784_T3,P1784_T3_5,5,condition_contradicted,Not Supported,Not Supported
P1784,P1784_T4,P1784_T4_1,1,relation_contradicted,Not Supported,Not Supported
P1784,P1784_T4,P1784_T4_2,2,condition_replaced,Not Enough Evidence,Not Enough Evidence
P1784,P1784_T4,P1784_T4_3,3,condition_removed,Not Enough Evidence,Not Enough Evidence
P1784,P1784_T4,P1784_T4_4,4,supported,Supported,Supported
P1784,P1784_T4,P1784_T4_5,5,condition_contradicted,Not Supported,Not Supported
P1787,P1787_T1,P1787_T1_1,1,relation_contradicted,Not Supported,Not Supported
P1787,P1787_T1,P1787_T1_2,2,condition_replaced,Not Enough Evidence,Not Enough Evidence
P1787,P1787_T1,P1787_T1_3,3,condition_removed,Not Enough Evidence,Not Enough Evidence
P1787,P1787_T1,P1787_T1_4,4,supported,Supported,Supported
P1787,P1787_T1,P1787_T1_5,5,condition_contradicted,Not Supported,Not Supported
P1787,P1787_T2,P1787_T2_1,1,relation_contradicted,Not Supported,Not Supported
P1787,P1787_T2,P1787_T2_2,2,condition_replaced,Not Enough Evidence,Not Enough Evidence
P1787,P1787_T2,P1787_T2_3,3,condition_removed,Not Enough Evidence,Not Enough Evidence
P1787,P1787_T2,P1787_T2_4,4,supported,Supported,Supported
P1787,P1787_T2,P1787_T2_5,5,condition_contradicted,Not Supported,Not Supported
P1787,P1787_T3,P1787_T3_1,1,relation_contradicted,Not Supported,Not Supported
P1787,P1787_T3,P1787_T3_2,2,condition_replaced,Not Enough Evidence,Not Enough Evidence
P1787,P1787_T3,P1787_T3_3,3,condition_removed,Not Enough Evidence,Not Enough Evidence
P1787,P1787_T3,P1787_T3_4,4,supported,Supported,Supported
P1787,P1787_T3,P1787_T3_5,5,condition_contradicted,Not Supported,Not Supported
P1787,P1787_T4,P1787_T4_1,1,relation_contradicted,Not Supported,Not Supported
P1787,P1787_T4,P1787_T4_2,2,condition_replaced,Not Enough Evidence,Not Enough Evidence
P1787,P1787_T4,P1787_T4_3,3,condition_removed,Not Enough Evidence,Not Enough Evidence
P1787,P1787_T4,P1787_T4_4,4,supported,Supported,Supported
P1787,P1787_T4,P1787_T4_5,5,condition_contradicted,Not Supported,Not Supported
P1789,P1789_T1,P1789_T1_1,1,relation_contradicted,Not Supported,Not Supported
P1789,P1789_T1,P1789_T1_2,2,condition_replaced,Not Enough Evidence,Not Enough Evidence
P1789,P1789_T1,P1789_T1_3,3,condition_removed,Not Enough Evidence,Not Enough Evidence
P1789,P1789_T1,P1789_T1_4,4,supported,Supported,Supported
P1789,P1789_T1,P1789_T1_5,5,condition_contradicted,Not Supported,Not Supported
P1789,P1789_T2,P1789_T2_1,1,relation_contradicted,Not Supported,Not Supported
P1789,P1789_T2,P1789_T2_2,2,condition_replaced,Not Enough Evidence,Not Enough Evidence
P1789,P1789_T2,P1789_T2_3,3,condition_removed,Not Enough Evidence,Not Enough Evidence
P1789,P1789_T2,P1789_T2_4,4,supported,Supported,Supported
P1789,P1789_T2,P1789_T2_5,5,condition_contradicted,Not Supported,Not Supported
P1789,P1789_T3,P1789_T3_1,1,relation_contradicted,Not Supported,Not Supported
P1789,P1789_T3,P1789_T3_2,2,condition_replaced,Not Enough Evidence,Not Enough Evidence
P1789,P1789_T3,P1789_T3_3,3,condition_removed,Not Enough Evidence,Not Enough Evidence
P1789,P1789_T3,P1789_T3_4,4,supported,Supported,Supported
P1789,P1789_T3,P1789_T3_5,5,condition_contradicted,Not Supported,Not Supported
P1789,P1789_T4,P1789_T4_1,1,relation_contradicted,Not Supported,Not Supported
P1789,P1789_T4,P1789_T4_2,2,condition_replaced,Not Enough Evidence,Not Enough Evidence
P1789,P1789_T4,P1789_T4_3,3,condition_removed,Not Enough Evidence,Not Enough Evidence
P1789,P1789_T4,P1789_T4_4,4,supported,Supported,Supported
P1789,P1789_T4,P1789_T4_5,5,condition_contradicted,Not Supported,Not Supported
P1791,P1791_T1,P1791_T1_1,1,relation_contradicted,Not Supported,Not Supported
P1791,P1791_T1,P1791_T1_2,2,condition_replaced,Not Enough Evidence,Not Enough Evidence
P1791,P1791_T1,P1791_T1_3,3,condition_removed,Not Enough Evidence,Not Enough Evidence
P1791,P1791_T1,P1791_T1_4,4,supported,Supported,Supported
P1791,P1791_T1,P1791_T1_5,5,condition_contradicted,Not Supported,Not Supported
P1791,P1791_T2,P1791_T2_1,1,relation_contradicted,Not Supported,Not Supported
P1791,P1791_T2,P1791_T2_2,2,condition_replaced,Not Enough Evidence,Not Enough Evidence
P1791,P1791_T2,P1791_T2_3,3,condition_removed,Not Enough Evidence,Not Enough Evidence
P1791,P1791_T2,P1791_T2_4,4,supported,Supported,Supported
P1791,P1791_T2,P1791_T2_5,5,condition_contradicted,Not Supported,Not Supported
P1791,P1791_T3,P1791_T3_1,1,relation_contradicted,Not Supported,Not Supported
P1791,P1791_T3,P1791_T3_2,2,condition_replaced,Not Enough Evidence,Not Enough Evidence
P1791,P1791_T3,P1791_T3_3,3,condition_removed,Not Enough Evidence,Not Enough Evidence
P1791,P1791_T3,P1791_T3_4,4,supported,Supported,Supported
P1791,P1791_T3,P1791_T3_5,5,condition_contradicted,Not Supported,Not Supported
P1791,P1791_T4,P1791_T4_1,1,relation_contradicted,Not Supported,Not Supported
P1791,P1791_T4,P1791_T4_2,2,condition_replaced,Not Enough Evidence,Not Enough Evidence
P1791,P1791_T4,P1791_T4_3,3,condition_removed,Not Enough Evidence,Not Enough Evidence
P1791,P1791_T4,P1791_T4_4,4,supported,Supported,Supported
P1791,P1791_T4,P1791_T4_5,5,condition_contradicted,Not Supported,Not Supported
P1792,P1792_T1,P1792_T1_1,1,relation_contradicted,Not Supported,Not Supported
P1792,P1792_T1,P1792_T1_2,2,condition_replaced,Not Enough Evidence,Not Enough Evidence
P1792,P1792_T1,P1792_T1_3,3,condition_removed,Not Enough Evidence,Not Enough Evidence
P1792,P1792_T1,P1792_T1_4,4,supported,Supported,Supported
P1792,P1792_T1,P1792_T1_5,5,condition_contradicted,Not Supported,Not Supported
P1792,P1792_T2,P1792_T2_1,1,relation_contradicted,Not Supported,Not Supported
P1792,P1792_T2,P1792_T2_2,2,condition_replaced,Not Enough Evidence,Not Enough Evidence
P1792,P1792_T2,P1792_T2_3,3,condition_removed,Not Enough Evidence,Not Enough Evidence
P1792,P1792_T2,P1792_T2_4,4,supported,Supported,Supported
P1792,P1792_T2,P1792_T2_5,5,condition_contradicted,Not Supported,Not Supported
P1792,P1792_T3,P1792_T3_1,1,relation_contradicted,Not Supported,Not Supported
P1792,P1792_T3,P1792_T3_2,2,condition_replaced,Not Enough Evidence,Not Enough Evidence
P1792,P1792_T3,P1792_T3_3,3,condition_removed,Not Enough Evidence,Not Enough Evidence
P1792,P1792_T3,P1792_T3_4,4,supported,Supported,Supported
P1792,P1792_T3,P1792_T3_5,5,condition_contradicted,Not Supported,Not Supported
P1792,P1792_T4,P1792_T4_1,1,relation_contradicted,Not Supported,Not Supported
P1792,P1792_T4,P1792_T4_2,2,condition_replaced,Not Enough Evidence,Not Enough Evidence
P1792,P1792_T4,P1792_T4_3,3,condition_removed,Not Enough Evidence,Not Enough Evidence
P1792,P1792_T4,P1792_T4_4,4,supported,Supported,Supported
P1792,P1792_T4,P1792_T4_5,5,condition_contradicted,Not Supported,Not Supported
P1793,P1793_T1,P1793_T1_1,1,relation_contradicted,Not Supported,Not Supported
P1793,P1793_T1,P1793_T1_2,2,condition_replaced,Not Enough Evidence,Not Enough Evidence
P1793,P1793_T1,P1793_T1_3,3,condition_removed,Not Enough Evidence,Not Enough Evidence
P1793,P1793_T1,P1793_T1_4,4,supported,Supported,Supported
P1793,P1793_T1,P1793_T1_5,5,condition_contradicted,Not Supported,Not Supported
P1793,P1793_T2,P1793_T2_1,1,relation_contradicted,Not Supported,Not Supported
P1793,P1793_T2,P1793_T2_2,2,condition_replaced,Not Enough Evidence,Not Enough Evidence
P1793,P1793_T2,P1793_T2_3,3,condition_removed,Not Enough Evidence,Not Enough Evidence
P1793,P1793_T2,P1793_T2_4,4,supported,Supported,Supported
P1793,P1793_T2,P1793_T2_5,5,condition_contradicted,Not Supported,Not Supported
P1793,P1793_T3,P1793_T3_1,1,relation_contradicted,Not Supported,Not Supported
P1793,P1793_T3,P1793_T3_2,2,condition_replaced,Not Enough Evidence,Not Enough Evidence
P1793,P1793_T3,P1793_T3_3,3,condition_removed,Not Enough Evidence,Not Enough Evidence
P1793,P1793_T3,P1793_T3_4,4,supported,Supported,Supported
P1793,P1793_T3,P1793_T3_5,5,condition_contradicted,Not Supported,Not Supported
P1793,P1793_T4,P1793_T4_1,1,relation_contradicted,Not Supported,Not Supported
P1793,P1793_T4,P1793_T4_2,2,condition_replaced,Not Enough Evidence,Not Enough Evidence
P1793,P1793_T4,P1793_T4_3,3,condition_removed,Not Enough Evidence,Not Enough Evidence
P1793,P1793_T4,P1793_T4_4,4,supported,Supported,Supported
P1793,P1793_T4,P1793_T4_5,5,condition_contradicted,Not Supported,Not Supported
P1796,P1796_T1,P1796_T1_1,1,relation_contradicted,Not Supported,Not Supported
P1796,P1796_T1,P1796_T1_2,2,condition_replaced,Not Enough Evidence,Not Enough Evidence
P1796,P1796_T1,P1796_T1_3,3,condition_removed,Not Enough Evidence,Not Enough Evidence
P1796,P1796_T1,P1796_T1_4,4,supported,Supported,Supported
P1796,P1796_T1,P1796_T1_5,5,condition_contradicted,Not Supported,Not Supported
P1796,P1796_T2,P1796_T2_1,1,relation_contradicted,Not Supported,Not Supported
P1796,P1796_T2,P1796_T2_2,2,condition_replaced,Not Enough Evidence,Not Enough Evidence
P1796,P1796_T2,P1796_T2_3,3,condition_removed,Not Enough Evidence,Not Enough Evidence
P1796,P1796_T2,P1796_T2_4,4,supported,Supported,Supported
P1796,P1796_T2,P1796_T2_5,5,condition_contradicted,Not Supported,Not Supported
P1796,P1796_T3,P1796_T3_1,1,relation_contradicted,Not Supported,Not Supported
P1796,P1796_T3,P1796_T3_2,2,condition_replaced,Not Enough Evidence,Not Enough Evidence
P1796,P1796_T3,P1796_T3_3,3,condition_removed,Not Enough Evidence,Not Enough Evidence
P1796,P1796_T3,P1796_T3_4,4,supported,Supported,Supported
P1796,P1796_T3,P1796_T3_5,5,condition_contradicted,Not Supported,Not Supported
P1796,P1796_T4,P1796_T4_1,1,relation_contradicted,Not Supported,Not Supported
P1796,P1796_T4,P1796_T4_2,2,condition_replaced,Not Enough Evidence,Not Enough Evidence
P1796,P1796_T4,P1796_T4_3,3,condition_removed,Not Enough Evidence,Not Enough Evidence
P1796,P1796_T4,P1796_T4_4,4,supported,Supported,Supported
P1796,P1796_T4,P1796_T4_5,5,condition_contradicted,Not Supported,Not Supported
P1797,P1797_T1,P1797_T1_1,1,relation_contradicted,Not Supported,Not Supported
P1797,P1797_T1,P1797_T1_2,2,condition_replaced,Not Enough Evidence,Not Enough Evidence
P1797,P1797_T1,P1797_T1_3,3,condition_removed,Not Enough Evidence,Not Enough Evidence
P1797,P1797_T1,P1797_T1_4,4,supported,Supported,Supported
P1797,P1797_T1,P1797_T1_5,5,condition_contradicted,Not Supported,Not Supported
P1797,P1797_T2,P1797_T2_1,1,relation_contradicted,Not Supported,Not Supported
P1797,P1797_T2,P1797_T2_2,2,condition_replaced,Not Enough Evidence,Not Enough Evidence
P1797,P1797_T2,P1797_T2_3,3,condition_removed,Not Enough Evidence,Not Enough Evidence
P1797,P1797_T2,P1797_T2_4,4,supported,Supported,Supported
P1797,P1797_T2,P1797_T2_5,5,condition_contradicted,Not Supported,Not Supported
P1797,P1797_T3,P1797_T3_1,1,relation_contradicted,Not Supported,Not Supported
P1797,P1797_T3,P1797_T3_2,2,condition_replaced,Not Enough Evidence,Not Enough Evidence
P1797,P1797_T3,P1797_T3_3,3,condition_removed,Not Enough Evidence,Not Enough Evidence
P1797,P1797_T3,P1797_T3_4,4,supported,Supported,Supported
P1797,P1797_T3,P1797_T3_5,5,condition_contradicted,Not Supported,Not Supported
P1797,P1797_T4,P1797_T4_1,1,relation_contradicted,Not Supported,Not Supported
P1797,P1797_T4,P1797_T4_2,2,condition_replaced,Not Enough Evidence,Not Enough Evidence
P1797,P1797_T4,P1797_T4_3,3,condition_removed,Not Enough Evidence,Not Enough Evidence
P1797,P1797_T4,P1797_T4_4,4,supported,Supported,Supported
P1797,P1797_T4,P1797_T4_5,5,condition_contradicted,Not Supported,Not Supported
P1807,P1807_T1,P1807_T1_1,1,relation_contradicted,Not Supported,Not Supported
P1807,P1807_T1,P1807_T1_2,2,condition_replaced,Not Enough Evidence,Not Enough Evidence
P1807,P1807_T1,P1807_T1_3,3,condition_removed,Not Enough Evidence,Not Enough Evidence
P1807,P1807_T1,P1807_T1_4,4,supported,Supported,Supported
P1807,P1807_T1,P1807_T1_5,5,condition_contradicted,Not Supported,Not Supported
P1807,P1807_T2,P1807_T2_1,1,relation_contradicted,Not Supported,Not Supported
P1807,P1807_T2,P1807_T2_2,2,condition_replaced,Not Enough Evidence,Not Enough Evidence
P1807,P1807_T2,P1807_T2_3,3,condition_removed,Not Enough Evidence,Not Enough Evidence
P1807,P1807_T2,P1807_T2_4,4,supported,Supported,Supported
P1807,P1807_T2,P1807_T2_5,5,condition_contradicted,Not Supported,Not Supported
P1807,P1807_T3,P1807_T3_1,1,relation_contradicted,Not Supported,Not Supported
P1807,P1807_T3,P1807_T3_2,2,condition_replaced,Not Enough Evidence,Not Enough Evidence
P1807,P1807_T3,P1807_T3_3,3,condition_removed,Not Enough Evidence,Not Enough Evidence
P1807,P1807_T3,P1807_T3_4,4,supported,Supported,Supported
P1807,P1807_T3,P1807_T3_5,5,condition_contradicted,Not Supported,Not Supported
P1807,P1807_T4,P1807_T4_1,1,relation_contradicted,Not Supported,Not Supported
P1807,P1807_T4,P1807_T4_2,2,condition_replaced,Not Enough Evidence,Not Enough Evidence
P1807,P1807_T4,P1807_T4_3,3,condition_removed,Not Enough Evidence,Not Enough Evidence
P1807,P1807_T4,P1807_T4_4,4,supported,Supported,Supported
P1807,P1807_T4,P1807_T4_5,5,condition_contradicted,Not Supported,Not Supported
P1811,P1811_T1,P1811_T1_1,1,relation_contradicted,Not Supported,Not Supported
P1811,P1811_T1,P1811_T1_2,2,condition_replaced,Not Enough Evidence,Not Enough Evidence
P1811,P1811_T1,P1811_T1_3,3,condition_removed,Not Enough Evidence,Not Enough Evidence
P1811,P1811_T1,P1811_T1_4,4,supported,Supported,Supported
P1811,P1811_T1,P1811_T1_5,5,condition_contradicted,Not Supported,Not Supported
P1811,P1811_T2,P1811_T2_1,1,relation_contradicted,Not Supported,Not Supported
P1811,P1811_T2,P1811_T2_2,2,condition_replaced,Not Enough Evidence,Not Enough Evidence
P1811,P1811_T2,P1811_T2_3,3,condition_removed,Not Enough Evidence,Not Enough Evidence
P1811,P1811_T2,P1811_T2_4,4,supported,Supported,Supported
P1811,P1811_T2,P1811_T2_5,5,condition_contradicted,Not Supported,Not Supported
P1811,P1811_T3,P1811_T3_1,1,relation_contradicted,Not Supported,Not Supported
P1811,P1811_T3,P1811_T3_2,2,condition_replaced,Not Enough Evidence,Not Enough Evidence
P1811,P1811_T3,P1811_T3_3,3,condition_removed,Not Enough Evidence,Not Enough Evidence
P1811,P1811_T3,P1811_T3_4,4,supported,Supported,Supported
P1811,P1811_T3,P1811_T3_5,5,condition_contradicted,Not Supported,Not Supported
P1811,P1811_T4,P1811_T4_1,1,relation_contradicted,Not Supported,Not Supported
P1811,P1811_T4,P1811_T4_2,2,condition_replaced,Not Enough Evidence,Not Enough Evidence
P1811,P1811_T4,P1811_T4_3,3,condition_removed,Not Enough Evidence,Not Enough Evidence
P1811,P1811_T4,P1811_T4_4,4,supported,Supported,Supported
P1811,P1811_T4,P1811_T4_5,5,condition_contradicted,Not Supported,Not Supported
P1812,P1812_T1,P1812_T1_1,1,relation_contradicted,Not Supported,Not Supported
P1812,P1812_T1,P1812_T1_2,2,condition_replaced,Not Enough Evidence,Not Enough Evidence
P1812,P1812_T1,P1812_T1_3,3,condition_removed,Not Enough Evidence,Not Enough Evidence
P1812,P1812_T1,P1812_T1_4,4,supported,Supported,Supported
P1812,P1812_T1,P1812_T1_5,5,condition_contradicted,Not Supported,Not Supported
P1812,P1812_T2,P1812_T2_1,1,relation_contradicted,Not Supported,Not Supported
P1812,P1812_T2,P1812_T2_2,2,condition_replaced,Not Enough Evidence,Not Enough Evidence
P1812,P1812_T2,P1812_T2_3,3,condition_removed,Not Enough Evidence,Not Enough Evidence
P1812,P1812_T2,P1812_T2_4,4,supported,Supported,Supported
P1812,P1812_T2,P1812_T2_5,5,condition_contradicted,Not Supported,Not Supported
P1812,P1812_T3,P1812_T3_1,1,relation_contradicted,Not Supported,Not Supported
P1812,P1812_T3,P1812_T3_2,2,condition_replaced,Not Enough Evidence,Not Enough Evidence
P1812,P1812_T3,P1812_T3_3,3,condition_removed,Not Enough Evidence,Not Enough Evidence
P1812,P1812_T3,P1812_T3_4,4,supported,Supported,Supported
P1812,P1812_T3,P1812_T3_5,5,condition_contradicted,Not Supported,Not Supported
P1812,P1812_T4,P1812_T4_1,1,relation_contradicted,Not Supported,Not Supported
P1812,P1812_T4,P1812_T4_2,2,condition_replaced,Not Enough Evidence,Not Enough Evidence
P1812,P1812_T4,P1812_T4_3,3,condition_removed,Not Enough Evidence,Not Enough Evidence
P1812,P1812_T4,P1812_T4_4,4,supported,Supported,Supported
P1812,P1812_T4,P1812_T4_5,5,condition_contradicted,Not Supported,Not Supported
P1813,P1813_T1,P1813_T1_1,1,relation_contradicted,Not Supported,Not Supported
P1813,P1813_T1,P1813_T1_2,2,condition_replaced,Not Enough Evidence,Not Enough Evidence
P1813,P1813_T1,P1813_T1_3,3,condition_removed,Not Enough Evidence,Not Enough Evidence
P1813,P1813_T1,P1813_T1_4,4,supported,Supported,Supported
P1813,P1813_T1,P1813_T1_5,5,condition_contradicted,Not Supported,Not Supported
P1813,P1813_T2,P1813_T2_1,1,relation_contradicted,Not Supported,Not Supported
P1813,P1813_T2,P1813_T2_2,2,condition_replaced,Not Enough Evidence,Not Enough Evidence
P1813,P1813_T2,P1813_T2_3,3,condition_removed,Not Enough Evidence,Not Enough Evidence
P1813,P1813_T2,P1813_T2_4,4,supported,Supported,Supported
P1813,P1813_T2,P1813_T2_5,5,condition_contradicted,Not Supported,Not Supported
P1813,P1813_T3,P1813_T3_1,1,relation_contradicted,Not Supported,Not Supported
P1813,P1813_T3,P1813_T3_2,2,condition_replaced,Not Enough Evidence,Not Enough Evidence
P1813,P1813_T3,P1813_T3_3,3,condition_removed,Not Enough Evidence,Not Enough Evidence
P1813,P1813_T3,P1813_T3_4,4,supported,Supported,Supported
P1813,P1813_T3,P1813_T3_5,5,condition_contradicted,Not Supported,Not Supported
P1813,P1813_T4,P1813_T4_1,1,relation_contradicted,Not Supported,Not Supported
P1813,P1813_T4,P1813_T4_2,2,condition_replaced,Not Enough Evidence,Not Enough Evidence
P1813,P1813_T4,P1813_T4_3,3,condition_removed,Not Enough Evidence,Not Enough Evidence
P1813,P1813_T4,P1813_T4_4,4,supported,Supported,Supported
P1813,P1813_T4,P1813_T4_5,5,condition_contradicted,Not Supported,Not Supported
P1815,P1815_T1,P1815_T1_1,1,relation_contradicted,Not Supported,Not Supported
P1815,P1815_T1,P1815_T1_2,2,condition_replaced,Not Enough Evidence,Not Enough Evidence
P1815,P1815_T1,P1815_T1_3,3,condition_removed,Not Enough Evidence,Not Enough Evidence
P1815,P1815_T1,P1815_T1_4,4,supported,Supported,Supported
P1815,P1815_T1,P1815_T1_5,5,condition_contradicted,Not Supported,Not Supported
P1815,P1815_T2,P1815_T2_1,1,relation_contradicted,Not Supported,Not Supported
P1815,P1815_T2,P1815_T2_2,2,condition_replaced,Not Enough Evidence,Not Enough Evidence
P1815,P1815_T2,P1815_T2_3,3,condition_removed,Not Enough Evidence,Not Enough Evidence
P1815,P1815_T2,P1815_T2_4,4,supported,Supported,Supported
P1815,P1815_T2,P1815_T2_5,5,condition_contradicted,Not Supported,Not Supported
P1815,P1815_T3,P1815_T3_1,1,relation_contradicted,Not Supported,Not Supported
P1815,P1815_T3,P1815_T3_2,2,condition_replaced,Not Enough Evidence,Not Enough Evidence
P1815,P1815_T3,P1815_T3_3,3,condition_removed,Not Enough Evidence,Not Enough Evidence
P1815,P1815_T3,P1815_T3_4,4,supported,Supported,Supported
P1815,P1815_T3,P1815_T3_5,5,condition_contradicted,Not Supported,Not Supported
P1815,P1815_T4,P1815_T4_1,1,relation_contradicted,Not Supported,Not Supported
P1815,P1815_T4,P1815_T4_2,2,condition_replaced,Not Enough Evidence,Not Enough Evidence
P1815,P1815_T4,P1815_T4_3,3,condition_removed,Not Enough Evidence,Not Enough Evidence
P1815,P1815_T4,P1815_T4_4,4,supported,Supported,Supported
P1815,P1815_T4,P1815_T4_5,5,condition_contradicted,Not Supported,Not Supported
P1816,P1816_T1,P1816_T1_1,1,relation_contradicted,Not Supported,Not Supported
P1816,P1816_T1,P1816_T1_2,2,condition_replaced,Not Enough Evidence,Not Enough Evidence
P1816,P1816_T1,P1816_T1_3,3,condition_removed,Not Enough Evidence,Not Enough Evidence
P1816,P1816_T1,P1816_T1_4,4,supported,Supported,Supported
P1816,P1816_T1,P1816_T1_5,5,condition_contradicted,Not Supported,Not Supported
P1816,P1816_T2,P1816_T2_1,1,relation_contradicted,Not Supported,Not Supported
P1816,P1816_T2,P1816_T2_2,2,condition_replaced,Not Enough Evidence,Not Enough Evidence
P1816,P1816_T2,P1816_T2_3,3,condition_removed,Not Enough Evidence,Not Enough Evidence
P1816,P1816_T2,P1816_T2_4,4,supported,Supported,Supported
P1816,P1816_T2,P1816_T2_5,5,condition_contradicted,Not Supported,Not Supported
P1816,P1816_T3,P1816_T3_1,1,relation_contradicted,Not Supported,Not Supported
P1816,P1816_T3,P1816_T3_2,2,condition_replaced,Not Enough Evidence,Not Enough Evidence
P1816,P1816_T3,P1816_T3_3,3,condition_removed,Not Enough Evidence,Not Enough Evidence
P1816,P1816_T3,P1816_T3_4,4,supported,Supported,Supported
P1816,P1816_T3,P1816_T3_5,5,condition_contradicted,Not Supported,Not Supported
P1816,P1816_T4,P1816_T4_1,1,relation_contradicted,Not Supported,Not Supported
P1816,P1816_T4,P1816_T4_2,2,condition_replaced,Not Enough Evidence,Not Enough Evidence
P1816,P1816_T4,P1816_T4_3,3,condition_removed,Not Enough Evidence,Not Enough Evidence
P1816,P1816_T4,P1816_T4_4,4,supported,Supported,Supported
P1816,P1816_T4,P1816_T4_5,5,condition_contradicted,Not Supported,Not Supported
P1817,P1817_T1,P1817_T1_1,1,relation_contradicted,Not Supported,Not Supported
P1817,P1817_T1,P1817_T1_2,2,condition_replaced,Not Enough Evidence,Not Enough Evidence
P1817,P1817_T1,P1817_T1_3,3,condition_removed,Not Enough Evidence,Not Enough Evidence
P1817,P1817_T1,P1817_T1_4,4,supported,Supported,Supported
P1817,P1817_T1,P1817_T1_5,5,condition_contradicted,Not Supported,Not Supported
P1817,P1817_T2,P1817_T2_1,1,relation_contradicted,Not Supported,Not Supported
P1817,P1817_T2,P1817_T2_2,2,condition_replaced,Not Enough Evidence,Not Enough Evidence
P1817,P1817_T2,P1817_T2_3,3,condition_removed,Not Enough Evidence,Not Enough Evidence
P1817,P1817_T2,P1817_T2_4,4,supported,Supported,Supported
P1817,P1817_T2,P1817_T2_5,5,condition_contradicted,Not Supported,Not Supported
P1817,P1817_T3,P1817_T3_1,1,relation_contradicted,Not Supported,Not Supported
P1817,P1817_T3,P1817_T3_2,2,condition_replaced,Not Enough Evidence,Not Enough Evidence
P1817,P1817_T3,P1817_T3_3,3,condition_removed,Not Enough Evidence,Not Enough Evidence
P1817,P1817_T3,P1817_T3_4,4,supported,Supported,Supported
P1817,P1817_T3,P1817_T3_5,5,condition_contradicted,Not Supported,Not Supported
P1817,P1817_T4,P1817_T4_1,1,relation_contradicted,Not Supported,Not Supported
P1817,P1817_T4,P1817_T4_2,2,condition_replaced,Not Enough Evidence,Not Enough Evidence
P1817,P1817_T4,P1817_T4_3,3,condition_removed,Not Enough Evidence,Not Enough Evidence
P1817,P1817_T4,P1817_T4_4,4,supported,Supported,Supported
P1817,P1817_T4,P1817_T4_5,5,condition_contradicted,Not Supported,Not Supported
P1820,P1820_T1,P1820_T1_1,1,relation_contradicted,Not Supported,Not Supported
P1820,P1820_T1,P1820_T1_2,2,condition_replaced,Not Enough Evidence,Not Enough Evidence
P1820,P1820_T1,P1820_T1_3,3,condition_removed,Not Enough Evidence,Not Enough Evidence
P1820,P1820_T1,P1820_T1_4,4,supported,Supported,Supported
P1820,P1820_T1,P1820_T1_5,5,condition_contradicted,Not Supported,Not Supported
P1820,P1820_T2,P1820_T2_1,1,relation_contradicted,Not Supported,Not Supported
P1820,P1820_T2,P1820_T2_2,2,condition_replaced,Not Enough Evidence,Not Enough Evidence
P1820,P1820_T2,P1820_T2_3,3,condition_removed,Not Enough Evidence,Not Enough Evidence
P1820,P1820_T2,P1820_T2_4,4,supported,Supported,Supported
P1820,P1820_T2,P1820_T2_5,5,condition_contradicted,Not Supported,Not Supported
P1820,P1820_T3,P1820_T3_1,1,relation_contradicted,Not Supported,Not Supported
P1820,P1820_T3,P1820_T3_2,2,condition_replaced,Not Enough Evidence,Not Enough Evidence
P1820,P1820_T3,P1820_T3_3,3,condition_removed,Not Enough Evidence,Not Enough Evidence
P1820,P1820_T3,P1820_T3_4,4,supported,Supported,Supported
P1820,P1820_T3,P1820_T3_5,5,condition_contradicted,Not Supported,Not Supported
P1820,P1820_T4,P1820_T4_1,1,relation_contradicted,Not Supported,Not Supported
P1820,P1820_T4,P1820_T4_2,2,condition_replaced,Not Enough Evidence,Not Enough Evidence
P1820,P1820_T4,P1820_T4_3,3,condition_removed,Not Enough Evidence,Not Enough Evidence
P1820,P1820_T4,P1820_T4_4,4,supported,Supported,Supported
P1820,P1820_T4,P1820_T4_5,5,condition_contradicted,Not Supported,Not Supported
P1823,P1823_T1,P1823_T1_1,1,relation_contradicted,Not Supported,Not Supported
P1823,P1823_T1,P1823_T1_2,2,condition_replaced,Not Enough Evidence,Not Enough Evidence
P1823,P1823_T1,P1823_T1_3,3,condition_removed,Not Enough Evidence,Not Enough Evidence
P1823,P1823_T1,P1823_T1_4,4,supported,Supported,Supported
P1823,P1823_T1,P1823_T1_5,5,condition_contradicted,Not Supported,Not Supported
P1823,P1823_T2,P1823_T2_1,1,relation_contradicted,Not Supported,Not Supported
P1823,P1823_T2,P1823_T2_2,2,condition_replaced,Not Enough Evidence,Not Enough Evidence
P1823,P1823_T2,P1823_T2_3,3,condition_removed,Not Enough Evidence,Not Enough Evidence
P1823,P1823_T2,P1823_T2_4,4,supported,Supported,Supported
P1823,P1823_T2,P1823_T2_5,5,condition_contradicted,Not Supported,Not Supported
P1823,P1823_T3,P1823_T3_1,1,relation_contradicted,Not Supported,Not Supported
P1823,P1823_T3,P1823_T3_2,2,condition_replaced,Not Enough Evidence,Not Enough Evidence
P1823,P1823_T3,P1823_T3_3,3,condition_removed,Not Enough Evidence,Not Enough Evidence
P1823,P1823_T3,P1823_T3_4,4,supported,Supported,Supported
P1823,P1823_T3,P1823_T3_5,5,condition_contradicted,Not Supported,Not Supported
P1823,P1823_T4,P1823_T4_1,1,relation_contradicted,Not Supported,Not Supported
P1823,P1823_T4,P1823_T4_2,2,condition_replaced,Not Enough Evidence,Not Enough Evidence
P1823,P1823_T4,P1823_T4_3,3,condition_removed,Not Enough Evidence,Not Enough Evidence
P1823,P1823_T4,P1823_T4_4,4,supported,Supported,Supported
P1823,P1823_T4,P1823_T4_5,5,condition_contradicted,Not Supported,Not Supported
P1826,P1826_T1,P1826_T1_1,1,relation_contradicted,Not Supported,Not Supported
P1826,P1826_T1,P1826_T1_2,2,condition_replaced,Not Enough Evidence,Not Enough Evidence
P1826,P1826_T1,P1826_T1_3,3,condition_removed,Not Enough Evidence,Not Enough Evidence
P1826,P1826_T1,P1826_T1_4,4,supported,Supported,Supported
P1826,P1826_T1,P1826_T1_5,5,condition_contradicted,Not Supported,Not Supported
P1826,P1826_T2,P1826_T2_1,1,relation_contradicted,Not Supported,Not Supported
P1826,P1826_T2,P1826_T2_2,2,condition_replaced,Not Enough Evidence,Not Enough Evidence
P1826,P1826_T2,P1826_T2_3,3,condition_removed,Not Enough Evidence,Not Enough Evidence
P1826,P1826_T2,P1826_T2_4,4,supported,Supported,Supported
P1826,P1826_T2,P1826_T2_5,5,condition_contradicted,Not Supported,Not Supported
P1826,P1826_T3,P1826_T3_1,1,relation_contradicted,Not Supported,Not Supported
P1826,P1826_T3,P1826_T3_2,2,condition_replaced,Not Enough Evidence,Not Enough Evidence
P1826,P1826_T3,P1826_T3_3,3,condition_removed,Not Enough Evidence,Not Enough Evidence
P1826,P1826_T3,P1826_T3_4,4,supported,Supported,Supported
P1826,P1826_T3,P1826_T3_5,5,condition_contradicted,Not Supported,Not Supported
P1826,P1826_T4,P1826_T4_1,1,relation_contradicted,Not Supported,Not Supported
P1826,P1826_T4,P1826_T4_2,2,condition_replaced,Not Enough Evidence,Not Enough Evidence
P1826,P1826_T4,P1826_T4_3,3,condition_removed,Not Enough Evidence,Not Enough Evidence
P1826,P1826_T4,P1826_T4_4,4,supported,Supported,Supported
P1826,P1826_T4,P1826_T4_5,5,condition_contradicted,Not Supported,Not Supported
P1833,P1833_T1,P1833_T1_1,1,relation_contradicted,Not Supported,Not Supported
P1833,P1833_T1,P1833_T1_2,2,condition_replaced,Not Enough Evidence,Not Enough Evidence
P1833,P1833_T1,P1833_T1_3,3,condition_removed,Not Enough Evidence,Not Enough Evidence
P1833,P1833_T1,P1833_T1_4,4,supported,Supported,Supported
P1833,P1833_T1,P1833_T1_5,5,condition_contradicted,Not Supported,Not Supported
P1833,P1833_T2,P1833_T2_1,1,relation_contradicted,Not Supported,Not Supported
P1833,P1833_T2,P1833_T2_2,2,condition_replaced,Not Enough Evidence,Not Enough Evidence
P1833,P1833_T2,P1833_T2_3,3,condition_removed,Not Enough Evidence,Not Enough Evidence
P1833,P1833_T2,P1833_T2_4,4,supported,Supported,Supported
P1833,P1833_T2,P1833_T2_5,5,condition_contradicted,Not Supported,Not Supported
P1833,P1833_T3,P1833_T3_1,1,relation_contradicted,Not Supported,Not Supported
P1833,P1833_T3,P1833_T3_2,2,condition_replaced,Not Enough Evidence,Not Enough Evidence
P1833,P1833_T3,P1833_T3_3,3,condition_removed,Not Enough Evidence,Not Enough Evidence
P1833,P1833_T3,P1833_T3_4,4,supported,Supported,Supported
P1833,P1833_T3,P1833_T3_5,5,condition_contradicted,Not Supported,Not Supported
P1833,P1833_T4,P1833_T4_1,1,relation_contradicted,Not Supported,Not Supported
P1833,P1833_T4,P1833_T4_2,2,condition_replaced,Not Enough Evidence,Not Enough Evidence
P1833,P1833_T4,P1833_T4_3,3,condition_removed,Not Enough Evidence,Not Enough Evidence
P1833,P1833_T4,P1833_T4_4,4,supported,Supported,Supported
P1833,P1833_T4,P1833_T4_5,5,condition_contradicted,Not Supported,Not Supported
P1835,P1835_T1,P1835_T1_1,1,relation_contradicted,Not Supported,Not Supported
P1835,P1835_T1,P1835_T1_2,2,condition_replaced,Not Enough Evidence,Not Enough Evidence
P1835,P1835_T1,P1835_T1_3,3,condition_removed,Not Enough Evidence,Not Enough Evidence
P1835,P1835_T1,P1835_T1_4,4,supported,Supported,Supported
P1835,P1835_T1,P1835_T1_5,5,condition_contradicted,Not Supported,Not Supported
P1835,P1835_T2,P1835_T2_1,1,relation_contradicted,Not Supported,Not Supported
P1835,P1835_T2,P1835_T2_2,2,condition_replaced,Not Enough Evidence,Not Enough Evidence
P1835,P1835_T2,P1835_T2_3,3,condition_removed,Not Enough Evidence,Not Enough Evidence
P1835,P1835_T2,P1835_T2_4,4,supported,Supported,Supported
P1835,P1835_T2,P1835_T2_5,5,condition_contradicted,Not Supported,Not Supported
P1835,P1835_T3,P1835_T3_1,1,relation_contradicted,Not Supported,Supported
P1835,P1835_T3,P1835_T3_2,2,condition_replaced,Not Enough Evidence,Not Enough Evidence
P1835,P1835_T3,P1835_T3_3,3,condition_removed,Not Enough Evidence,Not Enough Evidence
P1835,P1835_T3,P1835_T3_4,4,supported,Supported,Supported
P1835,P1835_T3,P1835_T3_5,5,condition_contradicted,Not Supported,Not Supported
P1835,P1835_T4,P1835_T4_1,1,relation_contradicted,Not Supported,Not Supported
P1835,P1835_T4,P1835_T4_2,2,condition_replaced,Not Enough Evidence,Not Enough Evidence
P1835,P1835_T4,P1835_T4_3,3,condition_removed,Not Enough Evidence,Not Enough Evidence
P1835,P1835_T4,P1835_T4_4,4,supported,Supported,Supported
P1835,P1835_T4,P1835_T4_5,5,condition_contradicted,Not Supported,Not Supported
P1837,P1837_T1,P1837_T1_1,1,relation_contradicted,Not Supported,Not Supported
P1837,P1837_T1,P1837_T1_2,2,condition_replaced,Not Enough Evidence,Not Enough Evidence
P1837,P1837_T1,P1837_T1_3,3,condition_removed,Not Enough Evidence,Not Enough Evidence
P1837,P1837_T1,P1837_T1_4,4,supported,Supported,Supported
P1837,P1837_T1,P1837_T1_5,5,condition_contradicted,Not Supported,Not Supported
P1837,P1837_T2,P1837_T2_1,1,relation_contradicted,Not Supported,Not Supported
P1837,P1837_T2,P1837_T2_2,2,condition_replaced,Not Enough Evidence,Not Enough Evidence
P1837,P1837_T2,P1837_T2_3,3,condition_removed,Not Enough Evidence,Not Enough Evidence
P1837,P1837_T2,P1837_T2_4,4,supported,Supported,Supported
P1837,P1837_T2,P1837_T2_5,5,condition_contradicted,Not Supported,Not Supported
P1837,P1837_T3,P1837_T3_1,1,relation_contradicted,Not Supported,Not Supported
P1837,P1837_T3,P1837_T3_2,2,condition_replaced,Not Enough Evidence,Not Enough Evidence
P1837,P1837_T3,P1837_T3_3,3,condition_removed,Not Enough Evidence,Not Enough Evidence
P1837,P1837_T3,P1837_T3_4,4,supported,Supported,Supported
P1837,P1837_T3,P1837_T3_5,5,condition_contradicted,Not Supported,Not Supported
P1837,P1837_T4,P1837_T4_1,1,relation_contradicted,Not Supported,Not Supported
P1837,P1837_T4,P1837_T4_2,2,condition_replaced,Not Enough Evidence,Not Enough Evidence
P1837,P1837_T4,P1837_T4_3,3,condition_removed,Not Enough Evidence,Not Enough Evidence
P1837,P1837_T4,P1837_T4_4,4,supported,Supported,Supported
P1837,P1837_T4,P1837_T4_5,5,condition_contradicted,Not Supported,Not Supported
P1838,P1838_T1,P1838_T1_1,1,relation_contradicted,Not Supported,Not Supported
P1838,P1838_T1,P1838_T1_2,2,condition_replaced,Not Enough Evidence,Not Enough Evidence
P1838,P1838_T1,P1838_T1_3,3,condition_removed,Not Enough Evidence,Not Enough Evidence
P1838,P1838_T1,P1838_T1_4,4,supported,Supported,Supported
P1838,P1838_T1,P1838_T1_5,5,condition_contradicted,Not Supported,Not Supported
P1838,P1838_T2,P1838_T2_1,1,relation_contradicted,Not Supported,Not Supported
P1838,P1838_T2,P1838_T2_2,2,condition_replaced,Not Enough Evidence,Not Enough Evidence
P1838,P1838_T2,P1838_T2_3,3,condition_removed,Not Enough Evidence,Not Enough Evidence
P1838,P1838_T2,P1838_T2_4,4,supported,Supported,Supported
P1838,P1838_T2,P1838_T2_5,5,condition_contradicted,Not Supported,Not Supported
P1838,P1838_T3,P1838_T3_1,1,relation_contradicted,Not Supported,Not Supported
P1838,P1838_T3,P1838_T3_2,2,condition_replaced,Not Enough Evidence,Not Enough Evidence
P1838,P1838_T3,P1838_T3_3,3,condition_removed,Not Enough Evidence,Not Enough Evidence
P1838,P1838_T3,P1838_T3_4,4,supported,Supported,Supported
P1838,P1838_T3,P1838_T3_5,5,condition_contradicted,Not Supported,Not Supported
P1838,P1838_T4,P1838_T4_1,1,relation_contradicted,Not Supported,Not Supported
P1838,P1838_T4,P1838_T4_2,2,condition_replaced,Not Enough Evidence,Not Enough Evidence
P1838,P1838_T4,P1838_T4_3,3,condition_removed,Not Enough Evidence,Not Enough Evidence
P1838,P1838_T4,P1838_T4_4,4,supported,Supported,Supported
P1838,P1838_T4,P1838_T4_5,5,condition_contradicted,Not Supported,Not Supported
P1841,P1841_T1,P1841_T1_1,1,relation_contradicted,Not Supported,Not Supported
P1841,P1841_T1,P1841_T1_2,2,condition_replaced,Not Enough Evidence,Not Enough Evidence
P1841,P1841_T1,P1841_T1_3,3,condition_removed,Not Enough Evidence,Not Enough Evidence
P1841,P1841_T1,P1841_T1_4,4,supported,Supported,Supported
P1841,P1841_T1,P1841_T1_5,5,condition_contradicted,Not Supported,Not Supported
P1841,P1841_T2,P1841_T2_1,1,relation_contradicted,Not Supported,Not Supported
P1841,P1841_T2,P1841_T2_2,2,condition_replaced,Not Enough Evidence,Not Enough Evidence
P1841,P1841_T2,P1841_T2_3,3,condition_removed,Not Enough Evidence,Not Enough Evidence
P1841,P1841_T2,P1841_T2_4,4,supported,Supported,Supported
P1841,P1841_T2,P1841_T2_5,5,condition_contradicted,Not Supported,Not Supported
P1843,P1843_T1,P1843_T1_1,1,relation_contradicted,Not Supported,Not Supported
P1843,P1843_T1,P1843_T1_2,2,condition_replaced,Not Enough Evidence,Not Enough Evidence
P1843,P1843_T1,P1843_T1_3,3,condition_removed,Not Enough Evidence,Not Enough Evidence
P1843,P1843_T1,P1843_T1_4,4,supported,Supported,Supported
P1843,P1843_T1,P1843_T1_5,5,condition_contradicted,Not Supported,Not Supported
P1843,P1843_T2,P1843_T2_1,1,relation_contradicted,Not Supported,Not Supported
P1843,P1843_T2,P1843_T2_2,2,condition_replaced,Not Enough Evidence,Not Enough Evidence
P1843,P1843_T2,P1843_T2_3,3,condition_removed,Not Enough Evidence,Not Enough Evidence
P1843,P1843_T2,P1843_T2_4,4,supported,Supported,Supported
P1843,P1843_T2,P1843_T2_5,5,condition_contradicted,Not Supported,Not Supported
P1843,P1843_T3,P1843_T3_1,1,relation_contradicted,Not Supported,Not Supported
P1843,P1843_T3,P1843_T3_2,2,condition_replaced,Not Enough Evidence,Not Enough Evidence
P1843,P1843_T3,P1843_T3_3,3,condition_removed,Not Enough Evidence,Not Enough Evidence
P1843,P1843_T3,P1843_T3_4,4,supported,Supported,Supported
P1843,P1843_T3,P1843_T3_5,5,condition_contradicted,Not Supported,Not Supported
P1843,P1843_T4,P1843_T4_1,1,relation_contradicted,Not Supported,Not Supported
P1843,P1843_T4,P1843_T4_2,2,condition_replaced,Not Enough Evidence,Not Enough Evidence
P1843,P1843_T4,P1843_T4_3,3,condition_removed,Not Enough Evidence,Not Enough Evidence
P1843,P1843_T4,P1843_T4_4,4,supported,Supported,Supported
P1843,P1843_T4,P1843_T4_5,5,condition_contradicted,Not Supported,Not Supported
P1846,P1846_T1,P1846_T1_1,1,relation_contradicted,Not Supported,Not Supported
P1846,P1846_T1,P1846_T1_2,2,condition_replaced,Not Enough Evidence,Not Enough Evidence
P1846,P1846_T1,P1846_T1_3,3,condition_removed,Not Enough Evidence,Not Enough Evidence
P1846,P1846_T1,P1846_T1_4,4,supported,Supported,Supported
P1846,P1846_T1,P1846_T1_5,5,condition_contradicted,Not Supported,Not Supported
P1846,P1846_T2,P1846_T2_1,1,relation_contradicted,Not Supported,Not Supported
P1846,P1846_T2,P1846_T2_2,2,condition_replaced,Not Enough Evidence,Not Enough Evidence
P1846,P1846_T2,P1846_T2_3,3,condition_removed,Not Enough Evidence,Not Enough Evidence
P1846,P1846_T2,P1846_T2_4,4,supported,Supported,Supported
P1846,P1846_T2,P1846_T2_5,5,condition_contradicted,Not Supported,Not Supported
P1846,P1846_T3,P1846_T3_1,1,relation_contradicted,Not Supported,Not Supported
P1846,P1846_T3,P1846_T3_2,2,condition_replaced,Not Enough Evidence,Not Enough Evidence
P1846,P1846_T3,P1846_T3_3,3,condition_removed,Not Enough Evidence,Not Enough Evidence
P1846,P1846_T3,P1846_T3_4,4,supported,Supported,Supported
P1846,P1846_T3,P1846_T3_5,5,condition_contradicted,Not Supported,Not Supported
P1846,P1846_T4,P1846_T4_1,1,relation_contradicted,Not Supported,Supported
P1846,P1846_T4,P1846_T4_2,2,condition_replaced,Not Enough Evidence,Not Enough Evidence
P1846,P1846_T4,P1846_T4_3,3,condition_removed,Not Enough Evidence,Not Enough Evidence
P1846,P1846_T4,P1846_T4_4,4,supported,Supported,Supported
P1846,P1846_T4,P1846_T4_5,5,condition_contradicted,Not Supported,Not Supported
P1854,P1854_T1,P1854_T1_1,1,relation_contradicted,Not Supported,Not Supported
P1854,P1854_T1,P1854_T1_2,2,condition_replaced,Not Enough Evidence,Not Enough Evidence
P1854,P1854_T1,P1854_T1_3,3,condition_removed,Not Enough Evidence,Not Enough Evidence
P1854,P1854_T1,P1854_T1_4,4,supported,Supported,Supported
P1854,P1854_T1,P1854_T1_5,5,condition_contradicted,Not Supported,Not Supported
P1854,P1854_T2,P1854_T2_1,1,relation_contradicted,Not Supported,Not Supported
P1854,P1854_T2,P1854_T2_2,2,condition_replaced,Not Enough Evidence,Not Enough Evidence
P1854,P1854_T2,P1854_T2_3,3,condition_removed,Not Enough Evidence,Not Enough Evidence
P1854,P1854_T2,P1854_T2_4,4,supported,Supported,Supported
P1854,P1854_T2,P1854_T2_5,5,condition_contradicted,Not Supported,Not Supported
P1854,P1854_T3,P1854_T3_1,1,relation_contradicted,Not Supported,Not Supported
P1854,P1854_T3,P1854_T3_2,2,condition_replaced,Not Enough Evidence,Not Enough Evidence
P1854,P1854_T3,P1854_T3_3,3,condition_removed,Not Enough Evidence,Not Enough Evidence
P1854,P1854_T3,P1854_T3_4,4,supported,Supported,Supported
P1854,P1854_T3,P1854_T3_5,5,condition_contradicted,Not Supported,Not Supported
P1854,P1854_T4,P1854_T4_1,1,relation_contradicted,Not Supported,Not Supported
P1854,P1854_T4,P1854_T4_2,2,condition_replaced,Not Enough Evidence,Not Enough Evidence
P1854,P1854_T4,P1854_T4_3,3,condition_removed,Not Enough Evidence,Not Enough Evidence
P1854,P1854_T4,P1854_T4_4,4,supported,Supported,Supported
P1854,P1854_T4,P1854_T4_5,5,condition_contradicted,Not Supported,Not Supported
P1855,P1855_T1,P1855_T1_1,1,relation_contradicted,Not Supported,Not Supported
P1855,P1855_T1,P1855_T1_2,2,condition_replaced,Not Enough Evidence,Not Enough Evidence
P1855,P1855_T1,P1855_T1_3,3,condition_removed,Not Enough Evidence,Not Enough Evidence
P1855,P1855_T1,P1855_T1_4,4,supported,Supported,Supported
P1855,P1855_T1,P1855_T1_5,5,condition_contradicted,Not Supported,Not Supported
P1855,P1855_T2,P1855_T2_1,1,relation_contradicted,Not Supported,Not Supported
P1855,P1855_T2,P1855_T2_2,2,condition_replaced,Not Enough Evidence,Not Enough Evidence
P1855,P1855_T2,P1855_T2_3,3,condition_removed,Not Enough Evidence,Not Enough Evidence
P1855,P1855_T2,P1855_T2_4,4,supported,Supported,Supported
P1855,P1855_T2,P1855_T2_5,5,condition_contradicted,Not Supported,Not Supported
P1855,P1855_T3,P1855_T3_1,1,relation_contradicted,Not Supported,Not Supported
P1855,P1855_T3,P1855_T3_2,2,condition_replaced,Not Enough Evidence,Not Enough Evidence
P1855,P1855_T3,P1855_T3_3,3,condition_removed,Not Enough Evidence,Not Enough Evidence
P1855,P1855_T3,P1855_T3_4,4,supported,Supported,Supported
P1855,P1855_T3,P1855_T3_5,5,condition_contradicted,Not Supported,Not Supported
P1855,P1855_T4,P1855_T4_1,1,relation_contradicted,Not Supported,Not Supported
P1855,P1855_T4,P1855_T4_2,2,condition_replaced,Not Enough Evidence,Not Enough Evidence
P1855,P1855_T4,P1855_T4_3,3,condition_removed,Not Enough Evidence,Not Enough Evidence
P1855,P1855_T4,P1855_T4_4,4,supported,Supported,Supported
P1855,P1855_T4,P1855_T4_5,5,condition_contradicted,Not Supported,Not Supported
P1863,P1863_T1,P1863_T1_1,1,relation_contradicted,Not Supported,Not Supported
P1863,P1863_T1,P1863_T1_2,2,condition_replaced,Not Enough Evidence,Not Enough Evidence
P1863,P1863_T1,P1863_T1_3,3,condition_removed,Not Enough Evidence,Not Enough Evidence
P1863,P1863_T1,P1863_T1_4,4,supported,Supported,Supported
P1863,P1863_T1,P1863_T1_5,5,condition_contradicted,Not Supported,Not Supported
P1863,P1863_T2,P1863_T2_1,1,relation_contradicted,Not Supported,Not Supported
P1863,P1863_T2,P1863_T2_2,2,condition_replaced,Not Enough Evidence,Not Enough Evidence
P1863,P1863_T2,P1863_T2_3,3,condition_removed,Not Enough Evidence,Not Enough Evidence
P1863,P1863_T2,P1863_T2_4,4,supported,Supported,Supported
P1863,P1863_T2,P1863_T2_5,5,condition_contradicted,Not Supported,Not Supported
P1863,P1863_T3,P1863_T3_1,1,relation_contradicted,Not Supported,Not Supported
P1863,P1863_T3,P1863_T3_2,2,condition_replaced,Not Enough Evidence,Not Enough Evidence
P1863,P1863_T3,P1863_T3_3,3,condition_removed,Not Enough Evidence,Not Enough Evidence
P1863,P1863_T3,P1863_T3_4,4,supported,Supported,Supported
P1863,P1863_T3,P1863_T3_5,5,condition_contradicted,Not Supported,Not Supported
P1863,P1863_T4,P1863_T4_1,1,relation_contradicted,Not Supported,Not Supported
P1863,P1863_T4,P1863_T4_2,2,condition_replaced,Not Enough Evidence,Not Enough Evidence
P1863,P1863_T4,P1863_T4_3,3,condition_removed,Not Enough Evidence,Not Enough Evidence
P1863,P1863_T4,P1863_T4_4,4,supported,Supported,Supported
P1863,P1863_T4,P1863_T4_5,5,condition_contradicted,Not Supported,Not Supported
P1864,P1864_T1,P1864_T1_1,1,relation_contradicted,Not Supported,Not Supported
P1864,P1864_T1,P1864_T1_2,2,condition_replaced,Not Enough Evidence,Not Enough Evidence
P1864,P1864_T1,P1864_T1_3,3,condition_removed,Not Enough Evidence,Not Enough Evidence
P1864,P1864_T1,P1864_T1_4,4,supported,Supported,Supported
P1864,P1864_T1,P1864_T1_5,5,condition_contradicted,Not Supported,Not Supported
P1864,P1864_T2,P1864_T2_1,1,relation_contradicted,Not Supported,Not Supported
P1864,P1864_T2,P1864_T2_2,2,condition_replaced,Not Enough Evidence,Not Enough Evidence
P1864,P1864_T2,P1864_T2_3,3,condition_removed,Not Enough Evidence,Not Enough Evidence
P1864,P1864_T2,P1864_T2_4,4,supported,Supported,Supported
P1864,P1864_T2,P1864_T2_5,5,condition_contradicted,Not Supported,Not Supported
P1864,P1864_T3,P1864_T3_1,1,relation_contradicted,Not Supported,Not Supported
P1864,P1864_T3,P1864_T3_2,2,condition_replaced,Not Enough Evidence,Not Enough Evidence
P1864,P1864_T3,P1864_T3_3,3,condition_removed,Not Enough Evidence,Not Enough Evidence
P1864,P1864_T3,P1864_T3_4,4,supported,Supported,Supported
P1864,P1864_T3,P1864_T3_5,5,condition_contradicted,Not Supported,Not Supported
P1864,P1864_T4,P1864_T4_1,1,relation_contradicted,Not Supported,Not Supported
P1864,P1864_T4,P1864_T4_2,2,condition_replaced,Not Enough Evidence,Not Enough Evidence
P1864,P1864_T4,P1864_T4_3,3,condition_removed,Not Enough Evidence,Not Enough Evidence
P1864,P1864_T4,P1864_T4_4,4,supported,Supported,Supported
P1864,P1864_T4,P1864_T4_5,5,condition_contradicted,Not Supported,Not Supported
P1866,P1866_T1,P1866_T1_1,1,relation_contradicted,Not Supported,Not Supported
P1866,P1866_T1,P1866_T1_2,2,condition_replaced,Not Enough Evidence,Not Enough Evidence
P1866,P1866_T1,P1866_T1_3,3,condition_removed,Not Enough Evidence,Not Enough Evidence
P1866,P1866_T1,P1866_T1_4,4,supported,Supported,Supported
P1866,P1866_T1,P1866_T1_5,5,condition_contradicted,Not Supported,Not Supported
P1866,P1866_T2,P1866_T2_1,1,relation_contradicted,Not Supported,Not Supported
P1866,P1866_T2,P1866_T2_2,2,condition_replaced,Not Enough Evidence,Not Enough Evidence
P1866,P1866_T2,P1866_T2_3,3,condition_removed,Not Enough Evidence,Not Enough Evidence
P1866,P1866_T2,P1866_T2_4,4,supported,Supported,Supported
P1866,P1866_T2,P1866_T2_5,5,condition_contradicted,Not Supported,Not Enough Evidence
P1866,P1866_T3,P1866_T3_1,1,relation_contradicted,Not Supported,Not Supported
P1866,P1866_T3,P1866_T3_2,2,condition_replaced,Not Enough Evidence,Not Enough Evidence
P1866,P1866_T3,P1866_T3_3,3,condition_removed,Not Enough Evidence,Not Enough Evidence
P1866,P1866_T3,P1866_T3_4,4,supported,Supported,Supported
P1866,P1866_T3,P1866_T3_5,5,condition_contradicted,Not Supported,Not Supported
P1866,P1866_T4,P1866_T4_1,1,relation_contradicted,Not Supported,Supported
P1866,P1866_T4,P1866_T4_2,2,condition_replaced,Not Enough Evidence,Not Enough Evidence
P1866,P1866_T4,P1866_T4_3,3,condition_removed,Not Enough Evidence,Not Enough Evidence
P1866,P1866_T4,P1866_T4_4,4,supported,Supported,Supported
P1866,P1866_T4,P1866_T4_5,5,condition_contradicted,Not Supported,Not Supported
P1868,P1868_T1,P1868_T1_1,1,relation_contradicted,Not Supported,Supported
P1868,P1868_T1,P1868_T1_2,2,condition_replaced,Not Enough Evidence,Not Enough Evidence
P1868,P1868_T1,P1868_T1_3,3,condition_removed,Not Enough Evidence,Not Enough Evidence
P1868,P1868_T1,P1868_T1_4,4,supported,Supported,Supported
P1868,P1868_T1,P1868_T1_5,5,condition_contradicted,Not Supported,Not Supported
P1868,P1868_T2,P1868_T2_1,1,relation_contradicted,Not Supported,Not Supported
P1868,P1868_T2,P1868_T2_2,2,condition_replaced,Not Enough Evidence,Not Enough Evidence
P1868,P1868_T2,P1868_T2_3,3,condition_removed,Not Enough Evidence,Not Enough Evidence
P1868,P1868_T2,P1868_T2_4,4,supported,Supported,Supported
P1868,P1868_T2,P1868_T2_5,5,condition_contradicted,Not Supported,Not Supported
P1868,P1868_T3,P1868_T3_1,1,relation_contradicted,Not Supported,Not Supported
P1868,P1868_T3,P1868_T3_2,2,condition_replaced,Not Enough Evidence,Not Enough Evidence
P1868,P1868_T3,P1868_T3_3,3,condition_removed,Not Enough Evidence,Not Enough Evidence
P1868,P1868_T3,P1868_T3_4,4,supported,Supported,Supported
P1868,P1868_T3,P1868_T3_5,5,condition_contradicted,Not Supported,Not Supported
P1868,P1868_T4,P1868_T4_1,1,relation_contradicted,Not Supported,Not Supported
P1868,P1868_T4,P1868_T4_2,2,condition_replaced,Not Enough Evidence,Not Enough Evidence
P1868,P1868_T4,P1868_T4_3,3,condition_removed,Not Enough Evidence,Not Enough Evidence
P1868,P1868_T4,P1868_T4_4,4,supported,Supported,Supported
P1868,P1868_T4,P1868_T4_5,5,condition_contradicted,Not Supported,Not Supported
P1872,P1872_T1,P1872_T1_1,1,relation_contradicted,Not Supported,Not Supported
P1872,P1872_T1,P1872_T1_2,2,condition_replaced,Not Enough Evidence,Not Enough Evidence
P1872,P1872_T1,P1872_T1_3,3,condition_removed,Not Enough Evidence,Not Enough Evidence
P1872,P1872_T1,P1872_T1_4,4,supported,Supported,Supported
P1872,P1872_T1,P1872_T1_5,5,condition_contradicted,Not Supported,Not Supported
P1872,P1872_T2,P1872_T2_1,1,relation_contradicted,Not Supported,Not Supported
P1872,P1872_T2,P1872_T2_2,2,condition_replaced,Not Enough Evidence,Not Enough Evidence
P1872,P1872_T2,P1872_T2_3,3,condition_removed,Not Enough Evidence,Not Enough Evidence
P1872,P1872_T2,P1872_T2_4,4,supported,Supported,Supported
P1872,P1872_T2,P1872_T2_5,5,condition_contradicted,Not Supported,Not Supported
P1872,P1872_T3,P1872_T3_1,1,relation_contradicted,Not Supported,Not Supported
P1872,P1872_T3,P1872_T3_2,2,condition_replaced,Not Enough Evidence,Not Enough Evidence
P1872,P1872_T3,P1872_T3_3,3,condition_removed,Not Enough Evidence,Not Enough Evidence
P1872,P1872_T3,P1872_T3_4,4,supported,Supported,Supported
P1872,P1872_T3,P1872_T3_5,5,condition_contradicted,Not Supported,Not Supported
P1872,P1872_T4,P1872_T4_1,1,relation_contradicted,Not Supported,Not Supported
P1872,P1872_T4,P1872_T4_2,2,condition_replaced,Not Enough Evidence,Not Enough Evidence
P1872,P1872_T4,P1872_T4_3,3,condition_removed,Not Enough Evidence,Not Enough Evidence
P1872,P1872_T4,P1872_T4_4,4,supported,Supported,Supported
P1872,P1872_T4,P1872_T4_5,5,condition_contradicted,Not Supported,Not Supported
P1873,P1873_T1,P1873_T1_1,1,relation_contradicted,Not Supported,Not Supported
P1873,P1873_T1,P1873_T1_2,2,condition_replaced,Not Enough Evidence,Not Enough Evidence
P1873,P1873_T1,P1873_T1_3,3,condition_removed,Not Enough Evidence,Not Enough Evidence
P1873,P1873_T1,P1873_T1_4,4,supported,Supported,Supported
P1873,P1873_T1,P1873_T1_5,5,condition_contradicted,Not Supported,Not Supported
P1873,P1873_T2,P1873_T2_1,1,relation_contradicted,Not Supported,Not Supported
P1873,P1873_T2,P1873_T2_2,2,condition_replaced,Not Enough Evidence,Not Enough Evidence
P1873,P1873_T2,P1873_T2_3,3,condition_removed,Not Enough Evidence,Not Enough Evidence
P1873,P1873_T2,P1873_T2_4,4,supported,Supported,Supported
P1873,P1873_T2,P1873_T2_5,5,condition_contradicted,Not Supported,Not Supported
P1873,P1873_T3,P1873_T3_1,1,relation_contradicted,Not Supported,Not Supported
P1873,P1873_T3,P1873_T3_2,2,condition_replaced,Not Enough Evidence,Not Enough Evidence
P1873,P1873_T3,P1873_T3_3,3,condition_removed,Not Enough Evidence,Not Enough Evidence
P1873,P1873_T3,P1873_T3_4,4,supported,Supported,Supported
P1873,P1873_T3,P1873_T3_5,5,condition_contradicted,Not Supported,Not Supported
P1873,P1873_T4,P1873_T4_1,1,relation_contradicted,Not Supported,Not Supported
P1873,P1873_T4,P1873_T4_2,2,condition_replaced,Not Enough Evidence,Not Enough Evidence
P1873,P1873_T4,P1873_T4_3,3,condition_removed,Not Enough Evidence,Not Enough Evidence
P1873,P1873_T4,P1873_T4_4,4,supported,Supported,Supported
P1873,P1873_T4,P1873_T4_5,5,condition_contradicted,Not Supported,Not Supported
P1880,P1880_T1,P1880_T1_1,1,relation_contradicted,Not Supported,Not Supported
P1880,P1880_T1,P1880_T1_2,2,condition_replaced,Not Enough Evidence,Not Enough Evidence
P1880,P1880_T1,P1880_T1_3,3,condition_removed,Not Enough Evidence,Not Enough Evidence
P1880,P1880_T1,P1880_T1_4,4,supported,Supported,Supported
P1880,P1880_T1,P1880_T1_5,5,condition_contradicted,Not Supported,Not Supported
P1880,P1880_T2,P1880_T2_1,1,relation_contradicted,Not Supported,Not Supported
P1880,P1880_T2,P1880_T2_2,2,condition_replaced,Not Enough Evidence,Not Enough Evidence
P1880,P1880_T2,P1880_T2_3,3,condition_removed,Not Enough Evidence,Not Enough Evidence
P1880,P1880_T2,P1880_T2_4,4,supported,Supported,Supported
P1880,P1880_T2,P1880_T2_5,5,condition_contradicted,Not Supported,Not Supported
P1882,P1882_T1,P1882_T1_1,1,relation_contradicted,Not Supported,Not Supported
P1882,P1882_T1,P1882_T1_2,2,condition_replaced,Not Enough Evidence,Not Enough Evidence
P1882,P1882_T1,P1882_T1_3,3,condition_removed,Not Enough Evidence,Not Enough Evidence
P1882,P1882_T1,P1882_T1_4,4,supported,Supported,Supported
P1882,P1882_T1,P1882_T1_5,5,condition_contradicted,Not Supported,Not Supported
P1882,P1882_T2,P1882_T2_1,1,relation_contradicted,Not Supported,Not Supported
P1882,P1882_T2,P1882_T2_2,2,condition_replaced,Not Enough Evidence,Not Enough Evidence
P1882,P1882_T2,P1882_T2_3,3,condition_removed,Not Enough Evidence,Not Enough Evidence
P1882,P1882_T2,P1882_T2_4,4,supported,Supported,Supported
P1882,P1882_T2,P1882_T2_5,5,condition_contradicted,Not Supported,Not Supported
P1883,P1883_T1,P1883_T1_1,1,relation_contradicted,Not Supported,Not Supported
P1883,P1883_T1,P1883_T1_2,2,condition_replaced,Not Enough Evidence,Not Enough Evidence
P1883,P1883_T1,P1883_T1_3,3,condition_removed,Not Enough Evidence,Not Enough Evidence
P1883,P1883_T1,P1883_T1_4,4,supported,Supported,Supported
P1883,P1883_T1,P1883_T1_5,5,condition_contradicted,Not Supported,Not Supported
P1883,P1883_T2,P1883_T2_1,1,relation_contradicted,Not Supported,Not Supported
P1883,P1883_T2,P1883_T2_2,2,condition_replaced,Not Enough Evidence,Not Enough Evidence
P1883,P1883_T2,P1883_T2_3,3,condition_removed,Not Enough Evidence,Not Enough Evidence
P1883,P1883_T2,P1883_T2_4,4,supported,Supported,Supported
P1883,P1883_T2,P1883_T2_5,5,condition_contradicted,Not Supported,Not Supported
P1884,P1884_T1,P1884_T1_1,1,relation_contradicted,Not Supported,Not Supported
P1884,P1884_T1,P1884_T1_2,2,condition_replaced,Not Enough Evidence,Not Enough Evidence
P1884,P1884_T1,P1884_T1_3,3,condition_removed,Not Enough Evidence,Not Enough Evidence
P1884,P1884_T1,P1884_T1_4,4,supported,Supported,Supported
P1884,P1884_T1,P1884_T1_5,5,condition_contradicted,Not Supported,Not Supported
P1884,P1884_T2,P1884_T2_1,1,relation_contradicted,Not Supported,Not Supported
P1884,P1884_T2,P1884_T2_2,2,condition_replaced,Not Enough Evidence,Not Enough Evidence
P1884,P1884_T2,P1884_T2_3,3,condition_removed,Not Enough Evidence,Not Enough Evidence
P1884,P1884_T2,P1884_T2_4,4,supported,Supported,Supported
P1884,P1884_T2,P1884_T2_5,5,condition_contradicted,Not Supported,Not Supported
P1895,P1895_T1,P1895_T1_1,1,relation_contradicted,Not Supported,Not Supported
P1895,P1895_T1,P1895_T1_2,2,condition_replaced,Not Enough Evidence,Not Enough Evidence
P1895,P1895_T1,P1895_T1_3,3,condition_removed,Not Enough Evidence,Not Enough Evidence
P1895,P1895_T1,P1895_T1_4,4,supported,Supported,Supported
P1895,P1895_T1,P1895_T1_5,5,condition_contradicted,Not Supported,Not Supported
P1895,P1895_T2,P1895_T2_1,1,relation_contradicted,Not Supported,Not Supported
P1895,P1895_T2,P1895_T2_2,2,condition_replaced,Not Enough Evidence,Not Enough Evidence
P1895,P1895_T2,P1895_T2_3,3,condition_removed,Not Enough Evidence,Not Enough Evidence
P1895,P1895_T2,P1895_T2_4,4,supported,Supported,Supported
P1895,P1895_T2,P1895_T2_5,5,condition_contradicted,Not Supported,Not Supported
P1896,P1896_T1,P1896_T1_1,1,relation_contradicted,Not Supported,Not Supported
P1896,P1896_T1,P1896_T1_2,2,condition_replaced,Not Enough Evidence,Not Enough Evidence
P1896,P1896_T1,P1896_T1_3,3,condition_removed,Not Enough Evidence,Not Enough Evidence
P1896,P1896_T1,P1896_T1_4,4,supported,Supported,Supported
P1896,P1896_T1,P1896_T1_5,5,condition_contradicted,Not Supported,Not Supported
P1896,P1896_T2,P1896_T2_1,1,relation_contradicted,Not Supported,Not Supported
P1896,P1896_T2,P1896_T2_2,2,condition_replaced,Not Enough Evidence,Not Enough Evidence
P1896,P1896_T2,P1896_T2_3,3,condition_removed,Not Enough Evidence,Not Enough Evidence
P1896,P1896_T2,P1896_T2_4,4,supported,Supported,Supported
P1896,P1896_T2,P1896_T2_5,5,condition_contradicted,Not Supported,Not Supported
P1898,P1898_T1,P1898_T1_1,1,relation_contradicted,Not Supported,Not Supported
P1898,P1898_T1,P1898_T1_2,2,condition_replaced,Not Enough Evidence,Not Enough Evidence
P1898,P1898_T1,P1898_T1_3,3,condition_removed,Not Enough Evidence,Not Enough Evidence
P1898,P1898_T1,P1898_T1_4,4,supported,Supported,Supported
P1898,P1898_T1,P1898_T1_5,5,condition_contradicted,Not Supported,Not Supported
P1898,P1898_T2,P1898_T2_1,1,relation_contradicted,Not Supported,Not Supported
P1898,P1898_T2,P1898_T2_2,2,condition_replaced,Not Enough Evidence,Not Enough Evidence
P1898,P1898_T2,P1898_T2_3,3,condition_removed,Not Enough Evidence,Not Enough Evidence
P1898,P1898_T2,P1898_T2_4,4,supported,Supported,Supported
P1898,P1898_T2,P1898_T2_5,5,condition_contradicted,Not Supported,Not Supported
P1904,P1904_T1,P1904_T1_1,1,relation_contradicted,Not Supported,Not Supported
P1904,P1904_T1,P1904_T1_2,2,condition_replaced,Not Enough Evidence,Not Enough Evidence
P1904,P1904_T1,P1904_T1_3,3,condition_removed,Not Enough Evidence,Not Enough Evidence
P1904,P1904_T1,P1904_T1_4,4,supported,Supported,Supported
P1904,P1904_T1,P1904_T1_5,5,condition_contradicted,Not Supported,Not Supported
P1904,P1904_T2,P1904_T2_1,1,relation_contradicted,Not Supported,Not Supported
P1904,P1904_T2,P1904_T2_2,2,condition_replaced,Not Enough Evidence,Not Enough Evidence
P1904,P1904_T2,P1904_T2_3,3,condition_removed,Not Enough Evidence,Not Enough Evidence
P1904,P1904_T2,P1904_T2_4,4,supported,Supported,Supported
P1904,P1904_T2,P1904_T2_5,5,condition_contradicted,Not Supported,Not Supported
P1908,P1908_T1,P1908_T1_1,1,relation_contradicted,Not Supported,Not Supported
P1908,P1908_T1,P1908_T1_2,2,condition_replaced,Not Enough Evidence,Not Enough Evidence
P1908,P1908_T1,P1908_T1_3,3,condition_removed,Not Enough Evidence,Not Enough Evidence
P1908,P1908_T1,P1908_T1_4,4,supported,Supported,Supported
P1908,P1908_T1,P1908_T1_5,5,condition_contradicted,Not Supported,Not Supported
P1908,P1908_T2,P1908_T2_1,1,relation_contradicted,Not Supported,Not Supported
P1908,P1908_T2,P1908_T2_2,2,condition_replaced,Not Enough Evidence,Not Enough Evidence
P1908,P1908_T2,P1908_T2_3,3,condition_removed,Not Enough Evidence,Not Enough Evidence
P1908,P1908_T2,P1908_T2_4,4,supported,Supported,Supported
P1908,P1908_T2,P1908_T2_5,5,condition_contradicted,Not Supported,Not Supported
P1915,P1915_T1,P1915_T1_1,1,relation_contradicted,Not Supported,Not Supported
P1915,P1915_T1,P1915_T1_2,2,condition_replaced,Not Enough Evidence,Not Enough Evidence
P1915,P1915_T1,P1915_T1_3,3,condition_removed,Not Enough Evidence,Not Enough Evidence
P1915,P1915_T1,P1915_T1_4,4,supported,Supported,Supported
P1915,P1915_T1,P1915_T1_5,5,condition_contradicted,Not Supported,Not Supported
P1915,P1915_T2,P1915_T2_1,1,relation_contradicted,Not Supported,Not Supported
P1915,P1915_T2,P1915_T2_2,2,condition_replaced,Not Enough Evidence,Not Enough Evidence
P1915,P1915_T2,P1915_T2_3,3,condition_removed,Not Enough Evidence,Not Enough Evidence
P1915,P1915_T2,P1915_T2_4,4,supported,Supported,Supported
P1915,P1915_T2,P1915_T2_5,5,condition_contradicted,Not Supported,Not Supported
P1917,P1917_T1,P1917_T1_1,1,relation_contradicted,Not Supported,Not Supported
P1917,P1917_T1,P1917_T1_2,2,condition_replaced,Not Enough Evidence,Not Enough Evidence
P1917,P1917_T1,P1917_T1_3,3,condition_removed,Not Enough Evidence,Not Enough Evidence
P1917,P1917_T1,P1917_T1_4,4,supported,Supported,Not Supported
P1917,P1917_T1,P1917_T1_5,5,condition_contradicted,Not Supported,Not Supported
P1917,P1917_T2,P1917_T2_1,1,relation_contradicted,Not Supported,Not Supported
P1917,P1917_T2,P1917_T2_2,2,condition_replaced,Not Enough Evidence,Not Enough Evidence
P1917,P1917_T2,P1917_T2_3,3,condition_removed,Not Enough Evidence,Not Enough Evidence
P1917,P1917_T2,P1917_T2_4,4,supported,Supported,Supported
P1917,P1917_T2,P1917_T2_5,5,condition_contradicted,Not Supported,Not Supported
P1919,P1919_T1,P1919_T1_1,1,relation_contradicted,Not Supported,Not Supported
P1919,P1919_T1,P1919_T1_2,2,condition_replaced,Not Enough Evidence,Not Enough Evidence
P1919,P1919_T1,P1919_T1_3,3,condition_removed,Not Enough Evidence,Not Enough Evidence
P1919,P1919_T1,P1919_T1_4,4,supported,Supported,Supported
P1919,P1919_T1,P1919_T1_5,5,condition_contradicted,Not Supported,Not Supported
P1919,P1919_T2,P1919_T2_1,1,relation_contradicted,Not Supported,Not Supported
P1919,P1919_T2,P1919_T2_2,2,condition_replaced,Not Enough Evidence,Not Enough Evidence
P1919,P1919_T2,P1919_T2_3,3,condition_removed,Not Enough Evidence,Not Enough Evidence
P1919,P1919_T2,P1919_T2_4,4,supported,Supported,Supported
P1919,P1919_T2,P1919_T2_5,5,condition_contradicted,Not Supported,Not Supported
P1925,P1925_T1,P1925_T1_1,1,relation_contradicted,Not Supported,Not Supported
P1925,P1925_T1,P1925_T1_2,2,condition_replaced,Not Enough Evidence,Not Enough Evidence
P1925,P1925_T1,P1925_T1_3,3,condition_removed,Not Enough Evidence,Not Enough Evidence
P1925,P1925_T1,P1925_T1_4,4,supported,Supported,Supported
P1925,P1925_T1,P1925_T1_5,5,condition_contradicted,Not Supported,Not Supported
P1925,P1925_T2,P1925_T2_1,1,relation_contradicted,Not Supported,Supported
P1925,P1925_T2,P1925_T2_2,2,condition_replaced,Not Enough Evidence,Not Enough Evidence
P1925,P1925_T2,P1925_T2_3,3,condition_removed,Not Enough Evidence,Not Enough Evidence
P1925,P1925_T2,P1925_T2_4,4,supported,Supported,Supported
P1925,P1925_T2,P1925_T2_5,5,condition_contradicted,Not Supported,Not Supported
P1927,P1927_T1,P1927_T1_1,1,relation_contradicted,Not Supported,Not Supported
P1927,P1927_T1,P1927_T1_2,2,condition_replaced,Not Enough Evidence,Not Enough Evidence
P1927,P1927_T1,P1927_T1_3,3,condition_removed,Not Enough Evidence,Not Enough Evidence
P1927,P1927_T1,P1927_T1_4,4,supported,Supported,Supported
P1927,P1927_T1,P1927_T1_5,5,condition_contradicted,Not Supported,Not Supported
P1927,P1927_T2,P1927_T2_1,1,relation_contradicted,Not Supported,Not Supported
P1927,P1927_T2,P1927_T2_2,2,condition_replaced,Not Enough Evidence,Not Enough Evidence
P1927,P1927_T2,P1927_T2_3,3,condition_removed,Not Enough Evidence,Not Enough Evidence
P1927,P1927_T2,P1927_T2_4,4,supported,Supported,Supported
P1927,P1927_T2,P1927_T2_5,5,condition_contradicted,Not Supported,Not Supported
P1928,P1928_T1,P1928_T1_1,1,relation_contradicted,Not Supported,Not Supported
P1928,P1928_T1,P1928_T1_2,2,condition_replaced,Not Enough Evidence,Not Enough Evidence
P1928,P1928_T1,P1928_T1_3,3,condition_removed,Not Enough Evidence,Not Enough Evidence
P1928,P1928_T1,P1928_T1_4,4,supported,Supported,Supported
P1928,P1928_T1,P1928_T1_5,5,condition_contradicted,Not Supported,Not Supported
P1928,P1928_T2,P1928_T2_1,1,relation_contradicted,Not Supported,Not Supported
P1928,P1928_T2,P1928_T2_2,2,condition_replaced,Not Enough Evidence,Not Enough Evidence
P1928,P1928_T2,P1928_T2_3,3,condition_removed,Not Enough Evidence,Not Enough Evidence
P1928,P1928_T2,P1928_T2_4,4,supported,Supported,Supported
P1928,P1928_T2,P1928_T2_5,5,condition_contradicted,Not Supported,Not Supported
P1937,P1937_T1,P1937_T1_1,1,relation_contradicted,Not Supported,Not Supported
P1937,P1937_T1,P1937_T1_2,2,condition_replaced,Not Enough Evidence,Not Enough Evidence
P1937,P1937_T1,P1937_T1_3,3,condition_removed,Not Enough Evidence,Not Enough Evidence
P1937,P1937_T1,P1937_T1_4,4,supported,Supported,Supported
P1937,P1937_T1,P1937_T1_5,5,condition_contradicted,Not Supported,Not Supported
P1937,P1937_T2,P1937_T2_1,1,relation_contradicted,Not Supported,Not Supported
P1937,P1937_T2,P1937_T2_2,2,condition_replaced,Not Enough Evidence,Not Enough Evidence
P1937,P1937_T2,P1937_T2_3,3,condition_removed,Not Enough Evidence,Not Enough Evidence
P1937,P1937_T2,P1937_T2_4,4,supported,Supported,Supported
P1937,P1937_T2,P1937_T2_5,5,condition_contradicted,Not Supported,Not Supported
P1940,P1940_T1,P1940_T1_1,1,relation_contradicted,Not Supported,Not Supported
P1940,P1940_T1,P1940_T1_2,2,condition_replaced,Not Enough Evidence,Not Enough Evidence
P1940,P1940_T1,P1940_T1_3,3,condition_removed,Not Enough Evidence,Not Enough Evidence
P1940,P1940_T1,P1940_T1_4,4,supported,Supported,Supported
P1940,P1940_T1,P1940_T1_5,5,condition_contradicted,Not Supported,Not Supported
P1940,P1940_T2,P1940_T2_1,1,relation_contradicted,Not Supported,Not Supported
P1940,P1940_T2,P1940_T2_2,2,condition_replaced,Not Enough Evidence,Not Enough Evidence
P1940,P1940_T2,P1940_T2_3,3,condition_removed,Not Enough Evidence,Not Enough Evidence
P1940,P1940_T2,P1940_T2_4,4,supported,Supported,Supported
P1940,P1940_T2,P1940_T2_5,5,condition_contradicted,Not Supported,Not Supported
P1942,P1942_T1,P1942_T1_1,1,relation_contradicted,Not Supported,Supported
P1942,P1942_T1,P1942_T1_2,2,condition_replaced,Not Enough Evidence,Not Enough Evidence
P1942,P1942_T1,P1942_T1_3,3,condition_removed,Not Enough Evidence,Not Enough Evidence
P1942,P1942_T1,P1942_T1_4,4,supported,Supported,Supported
P1942,P1942_T1,P1942_T1_5,5,condition_contradicted,Not Supported,Not Supported
P1942,P1942_T2,P1942_T2_1,1,relation_contradicted,Not Supported,Not Supported
P1942,P1942_T2,P1942_T2_2,2,condition_replaced,Not Enough Evidence,Not Enough Evidence
P1942,P1942_T2,P1942_T2_3,3,condition_removed,Not Enough Evidence,Not Enough Evidence
P1942,P1942_T2,P1942_T2_4,4,supported,Supported,Supported
P1942,P1942_T2,P1942_T2_5,5,condition_contradicted,Not Supported,Not Supported
P1946,P1946_T1,P1946_T1_1,1,relation_contradicted,Not Supported,Supported
P1946,P1946_T1,P1946_T1_2,2,condition_replaced,Not Enough Evidence,Not Enough Evidence
P1946,P1946_T1,P1946_T1_3,3,condition_removed,Not Enough Evidence,Not Enough Evidence
P1946,P1946_T1,P1946_T1_4,4,supported,Supported,Supported
P1946,P1946_T1,P1946_T1_5,5,condition_contradicted,Not Supported,Not Supported
P1946,P1946_T2,P1946_T2_1,1,relation_contradicted,Not Supported,Not Supported
P1946,P1946_T2,P1946_T2_2,2,condition_replaced,Not Enough Evidence,Not Enough Evidence
P1946,P1946_T2,P1946_T2_3,3,condition_removed,Not Enough Evidence,Not Enough Evidence
P1946,P1946_T2,P1946_T2_4,4,supported,Supported,Supported
P1946,P1946_T2,P1946_T2_5,5,condition_contradicted,Not Supported,Not Supported
P1950,P1950_T1,P1950_T1_1,1,relation_contradicted,Not Supported,Not Supported
P1950,P1950_T1,P1950_T1_2,2,condition_replaced,Not Enough Evidence,Not Enough Evidence
P1950,P1950_T1,P1950_T1_3,3,condition_removed,Not Enough Evidence,Not Enough Evidence
P1950,P1950_T1,P1950_T1_4,4,supported,Supported,Supported
P1950,P1950_T1,P1950_T1_5,5,condition_contradicted,Not Supported,Not Supported
P1950,P1950_T2,P1950_T2_1,1,relation_contradicted,Not Supported,Not Supported
P1950,P1950_T2,P1950_T2_2,2,condition_replaced,Not Enough Evidence,Not Enough Evidence
P1950,P1950_T2,P1950_T2_3,3,condition_removed,Not Enough Evidence,Not Enough Evidence
P1950,P1950_T2,P1950_T2_4,4,supported,Supported,Supported
P1950,P1950_T2,P1950_T2_5,5,condition_contradicted,Not Supported,Not Supported
P1951,P1951_T1,P1951_T1_1,1,relation_contradicted,Not Supported,Not Supported
P1951,P1951_T1,P1951_T1_2,2,condition_replaced,Not Enough Evidence,Not Enough Evidence
P1951,P1951_T1,P1951_T1_3,3,condition_removed,Not Enough Evidence,Not Enough Evidence
P1951,P1951_T1,P1951_T1_4,4,supported,Supported,Supported
P1951,P1951_T1,P1951_T1_5,5,condition_contradicted,Not Supported,Not Supported
P1951,P1951_T2,P1951_T2_1,1,relation_contradicted,Not Supported,Not Supported
P1951,P1951_T2,P1951_T2_2,2,condition_replaced,Not Enough Evidence,Not Enough Evidence
P1951,P1951_T2,P1951_T2_3,3,condition_removed,Not Enough Evidence,Not Enough Evidence
P1951,P1951_T2,P1951_T2_4,4,supported,Supported,Supported
P1951,P1951_T2,P1951_T2_5,5,condition_contradicted,Not Supported,Not Supported
P1954,P1954_T1,P1954_T1_1,1,relation_contradicted,Not Supported,Not Supported
P1954,P1954_T1,P1954_T1_2,2,condition_replaced,Not Enough Evidence,Not Enough Evidence
P1954,P1954_T1,P1954_T1_3,3,condition_removed,Not Enough Evidence,Not Enough Evidence
P1954,P1954_T1,P1954_T1_4,4,supported,Supported,Supported
P1954,P1954_T1,P1954_T1_5,5,condition_contradicted,Not Supported,Not Supported
P1954,P1954_T2,P1954_T2_1,1,relation_contradicted,Not Supported,Not Supported
P1954,P1954_T2,P1954_T2_2,2,condition_replaced,Not Enough Evidence,Not Enough Evidence
P1954,P1954_T2,P1954_T2_3,3,condition_removed,Not Enough Evidence,Not Enough Evidence
P1954,P1954_T2,P1954_T2_4,4,supported,Supported,Supported
P1954,P1954_T2,P1954_T2_5,5,condition_contradicted,Not Supported,Not Supported
P1955,P1955_T1,P1955_T1_1,1,relation_contradicted,Not Supported,Not Supported
P1955,P1955_T1,P1955_T1_2,2,condition_replaced,Not Enough Evidence,Not Enough Evidence
P1955,P1955_T1,P1955_T1_3,3,condition_removed,Not Enough Evidence,Not Enough Evidence
P1955,P1955_T1,P1955_T1_4,4,supported,Supported,Supported
P1955,P1955_T1,P1955_T1_5,5,condition_contradicted,Not Supported,Not Supported
P1955,P1955_T2,P1955_T2_1,1,relation_contradicted,Not Supported,Not Supported
P1955,P1955_T2,P1955_T2_2,2,condition_replaced,Not Enough Evidence,Not Enough Evidence
P1955,P1955_T2,P1955_T2_3,3,condition_removed,Not Enough Evidence,Not Enough Evidence
P1955,P1955_T2,P1955_T2_4,4,supported,Supported,Supported
P1955,P1955_T2,P1955_T2_5,5,condition_contradicted,Not Supported,Not Supported
P1956,P1956_T1,P1956_T1_1,1,relation_contradicted,Not Supported,Not Supported
P1956,P1956_T1,P1956_T1_2,2,condition_replaced,Not Enough Evidence,Not Enough Evidence
P1956,P1956_T1,P1956_T1_3,3,condition_removed,Not Enough Evidence,Not Enough Evidence
P1956,P1956_T1,P1956_T1_4,4,supported,Supported,Supported
P1956,P1956_T1,P1956_T1_5,5,condition_contradicted,Not Supported,Not Supported
P1956,P1956_T2,P1956_T2_1,1,relation_contradicted,Not Supported,Not Supported
P1956,P1956_T2,P1956_T2_2,2,condition_replaced,Not Enough Evidence,Not Enough Evidence
P1956,P1956_T2,P1956_T2_3,3,condition_removed,Not Enough Evidence,Not Enough Evidence
P1956,P1956_T2,P1956_T2_4,4,supported,Supported,Supported
P1956,P1956_T2,P1956_T2_5,5,condition_contradicted,Not Supported,Not Supported
P1962,P1962_T1,P1962_T1_1,1,relation_contradicted,Not Supported,Not Supported
P1962,P1962_T1,P1962_T1_2,2,condition_replaced,Not Enough Evidence,Not Enough Evidence
P1962,P1962_T1,P1962_T1_3,3,condition_removed,Not Enough Evidence,Not Enough Evidence
P1962,P1962_T1,P1962_T1_4,4,supported,Supported,Supported
P1962,P1962_T1,P1962_T1_5,5,condition_contradicted,Not Supported,Not Supported
P1962,P1962_T2,P1962_T2_1,1,relation_contradicted,Not Supported,Not Supported
P1962,P1962_T2,P1962_T2_2,2,condition_replaced,Not Enough Evidence,Not Enough Evidence
P1962,P1962_T2,P1962_T2_3,3,condition_removed,Not Enough Evidence,Not Enough Evidence
P1962,P1962_T2,P1962_T2_4,4,supported,Supported,Supported
P1962,P1962_T2,P1962_T2_5,5,condition_contradicted,Not Supported,Not Supported
P1963,P1963_T1,P1963_T1_1,1,relation_contradicted,Not Supported,Not Supported
P1963,P1963_T1,P1963_T1_2,2,condition_replaced,Not Enough Evidence,Not Enough Evidence
P1963,P1963_T1,P1963_T1_3,3,condition_removed,Not Enough Evidence,Not Enough Evidence
P1963,P1963_T1,P1963_T1_4,4,supported,Supported,Supported
P1963,P1963_T1,P1963_T1_5,5,condition_contradicted,Not Supported,Not Supported
P1963,P1963_T2,P1963_T2_1,1,relation_contradicted,Not Supported,Not Supported
P1963,P1963_T2,P1963_T2_2,2,condition_replaced,Not Enough Evidence,Not Enough Evidence
P1963,P1963_T2,P1963_T2_3,3,condition_removed,Not Enough Evidence,Not Enough Evidence
P1963,P1963_T2,P1963_T2_4,4,supported,Supported,Supported
P1963,P1963_T2,P1963_T2_5,5,condition_contradicted,Not Supported,Not Supported
P1965,P1965_T1,P1965_T1_1,1,relation_contradicted,Not Supported,Not Supported
P1965,P1965_T1,P1965_T1_2,2,condition_replaced,Not Enough Evidence,Not Enough Evidence
P1965,P1965_T1,P1965_T1_3,3,condition_removed,Not Enough Evidence,Not Enough Evidence
P1965,P1965_T1,P1965_T1_4,4,supported,Supported,Supported
P1965,P1965_T1,P1965_T1_5,5,condition_contradicted,Not Supported,Not Supported
P1965,P1965_T2,P1965_T2_1,1,relation_contradicted,Not Supported,Not Supported
P1965,P1965_T2,P1965_T2_2,2,condition_replaced,Not Enough Evidence,Not Enough Evidence
P1965,P1965_T2,P1965_T2_3,3,condition_removed,Not Enough Evidence,Not Enough Evidence
P1965,P1965_T2,P1965_T2_4,4,supported,Supported,Supported
P1965,P1965_T2,P1965_T2_5,5,condition_contradicted,Not Supported,Not Supported
P1966,P1966_T1,P1966_T1_1,1,relation_contradicted,Not Supported,Not Supported
P1966,P1966_T1,P1966_T1_2,2,condition_replaced,Not Enough Evidence,Not Enough Evidence
P1966,P1966_T1,P1966_T1_3,3,condition_removed,Not Enough Evidence,Not Enough Evidence
P1966,P1966_T1,P1966_T1_4,4,supported,Supported,Supported
P1966,P1966_T1,P1966_T1_5,5,condition_contradicted,Not Supported,Not Supported
P1966,P1966_T2,P1966_T2_1,1,relation_contradicted,Not Supported,Not Supported
P1966,P1966_T2,P1966_T2_2,2,condition_replaced,Not Enough Evidence,Not Enough Evidence
P1966,P1966_T2,P1966_T2_3,3,condition_removed,Not Enough Evidence,Not Enough Evidence
P1966,P1966_T2,P1966_T2_4,4,supported,Supported,Supported
P1966,P1966_T2,P1966_T2_5,5,condition_contradicted,Not Supported,Not Supported
P1969,P1969_T1,P1969_T1_1,1,relation_contradicted,Not Supported,Not Supported
P1969,P1969_T1,P1969_T1_2,2,condition_replaced,Not Enough Evidence,Not Enough Evidence
P1969,P1969_T1,P1969_T1_3,3,condition_removed,Not Enough Evidence,Not Enough Evidence
P1969,P1969_T1,P1969_T1_4,4,supported,Supported,Supported
P1969,P1969_T1,P1969_T1_5,5,condition_contradicted,Not Supported,Not Supported
P1969,P1969_T2,P1969_T2_1,1,relation_contradicted,Not Supported,Not Supported
P1969,P1969_T2,P1969_T2_2,2,condition_replaced,Not Enough Evidence,Not Enough Evidence
P1969,P1969_T2,P1969_T2_3,3,condition_removed,Not Enough Evidence,Not Enough Evidence
P1969,P1969_T2,P1969_T2_4,4,supported,Supported,Supported
P1969,P1969_T2,P1969_T2_5,5,condition_contradicted,Not Supported,Not Supported
P1971,P1971_T1,P1971_T1_1,1,relation_contradicted,Not Supported,Not Supported
P1971,P1971_T1,P1971_T1_2,2,condition_replaced,Not Enough Evidence,Not Enough Evidence
P1971,P1971_T1,P1971_T1_3,3,condition_removed,Not Enough Evidence,Not Enough Evidence
P1971,P1971_T1,P1971_T1_4,4,supported,Supported,Supported
P1971,P1971_T1,P1971_T1_5,5,condition_contradicted,Not Supported,Not Supported
P1971,P1971_T2,P1971_T2_1,1,relation_contradicted,Not Supported,Not Supported
P1971,P1971_T2,P1971_T2_2,2,condition_replaced,Not Enough Evidence,Not Enough Evidence
P1971,P1971_T2,P1971_T2_3,3,condition_removed,Not Enough Evidence,Not Enough Evidence
P1971,P1971_T2,P1971_T2_4,4,supported,Supported,Supported
P1971,P1971_T2,P1971_T2_5,5,condition_contradicted,Not Supported,Not Supported
P1972,P1972_T1,P1972_T1_1,1,relation_contradicted,Not Supported,Supported
P1972,P1972_T1,P1972_T1_2,2,condition_replaced,Not Enough Evidence,Not Enough Evidence
P1972,P1972_T1,P1972_T1_3,3,condition_removed,Not Enough Evidence,Not Enough Evidence
P1972,P1972_T1,P1972_T1_4,4,supported,Supported,Supported
P1972,P1972_T1,P1972_T1_5,5,condition_contradicted,Not Supported,Not Supported
P1972,P1972_T2,P1972_T2_1,1,relation_contradicted,Not Supported,Not Supported
P1972,P1972_T2,P1972_T2_2,2,condition_replaced,Not Enough Evidence,Not Enough Evidence
P1972,P1972_T2,P1972_T2_3,3,condition_removed,Not Enough Evidence,Not Enough Evidence
P1972,P1972_T2,P1972_T2_4,4,supported,Supported,Supported
P1972,P1972_T2,P1972_T2_5,5,condition_contradicted,Not Supported,Not Supported
P1974,P1974_T1,P1974_T1_1,1,relation_contradicted,Not Supported,Not Supported
P1974,P1974_T1,P1974_T1_2,2,condition_replaced,Not Enough Evidence,Not Enough Evidence
P1974,P1974_T1,P1974_T1_3,3,condition_removed,Not Enough Evidence,Not Enough Evidence
P1974,P1974_T1,P1974_T1_4,4,supported,Supported,Supported
P1974,P1974_T1,P1974_T1_5,5,condition_contradicted,Not Supported,Not Supported
P1974,P1974_T2,P1974_T2_1,1,relation_contradicted,Not Supported,Not Supported
P1974,P1974_T2,P1974_T2_2,2,condition_replaced,Not Enough Evidence,Not Enough Evidence
P1974,P1974_T2,P1974_T2_3,3,condition_removed,Not Enough Evidence,Not Enough Evidence
P1974,P1974_T2,P1974_T2_4,4,supported,Supported,Supported
P1974,P1974_T2,P1974_T2_5,5,condition_contradicted,Not Supported,Not Supported
P1975,P1975_T1,P1975_T1_1,1,relation_contradicted,Not Supported,Not Supported
P1975,P1975_T1,P1975_T1_2,2,condition_replaced,Not Enough Evidence,Not Enough Evidence
P1975,P1975_T1,P1975_T1_3,3,condition_removed,Not Enough Evidence,Not Enough Evidence
P1975,P1975_T1,P1975_T1_4,4,supported,Supported,Supported
P1975,P1975_T1,P1975_T1_5,5,condition_contradicted,Not Supported,Not Supported
P1975,P1975_T2,P1975_T2_1,1,relation_contradicted,Not Supported,Not Supported
P1975,P1975_T2,P1975_T2_2,2,condition_replaced,Not Enough Evidence,Not Enough Evidence
P1975,P1975_T2,P1975_T2_3,3,condition_removed,Not Enough Evidence,Not Enough Evidence
P1975,P1975_T2,P1975_T2_4,4,supported,Supported,Supported
P1975,P1975_T2,P1975_T2_5,5,condition_contradicted,Not Supported,Not Supported
P1978,P1978_T1,P1978_T1_1,1,relation_contradicted,Not Supported,Not Supported
P1978,P1978_T1,P1978_T1_2,2,condition_replaced,Not Enough Evidence,Not Enough Evidence
P1978,P1978_T1,P1978_T1_3,3,condition_removed,Not Enough Evidence,Not Enough Evidence
P1978,P1978_T1,P1978_T1_4,4,supported,Supported,Supported
P1978,P1978_T1,P1978_T1_5,5,condition_contradicted,Not Supported,Not Supported
P1978,P1978_T2,P1978_T2_1,1,relation_contradicted,Not Supported,Not Supported
P1978,P1978_T2,P1978_T2_2,2,condition_replaced,Not Enough Evidence,Not Enough Evidence
P1978,P1978_T2,P1978_T2_3,3,condition_removed,Not Enough Evidence,Not Enough Evidence
P1978,P1978_T2,P1978_T2_4,4,supported,Supported,Supported
P1978,P1978_T2,P1978_T2_5,5,condition_contradicted,Not Supported,Not Supported
P1980,P1980_T1,P1980_T1_1,1,relation_contradicted,Not Supported,Not Supported
P1980,P1980_T1,P1980_T1_2,2,condition_replaced,Not Enough Evidence,Not Enough Evidence
P1980,P1980_T1,P1980_T1_3,3,condition_removed,Not Enough Evidence,Not Enough Evidence
P1980,P1980_T1,P1980_T1_4,4,supported,Supported,Supported
P1980,P1980_T1,P1980_T1_5,5,condition_contradicted,Not Supported,Not Supported
P1980,P1980_T2,P1980_T2_1,1,relation_contradicted,Not Supported,Not Supported
P1980,P1980_T2,P1980_T2_2,2,condition_replaced,Not Enough Evidence,Not Enough Evidence
P1980,P1980_T2,P1980_T2_3,3,condition_removed,Not Enough Evidence,Not Enough Evidence
P1980,P1980_T2,P1980_T2_4,4,supported,Supported,Supported
P1980,P1980_T2,P1980_T2_5,5,condition_contradicted,Not Supported,Not Supported
P1982,P1982_T1,P1982_T1_1,1,relation_contradicted,Not Supported,Not Supported
P1982,P1982_T1,P1982_T1_2,2,condition_replaced,Not Enough Evidence,Not Enough Evidence
P1982,P1982_T1,P1982_T1_3,3,condition_removed,Not Enough Evidence,Not Enough Evidence
P1982,P1982_T1,P1982_T1_4,4,supported,Supported,Supported
P1982,P1982_T1,P1982_T1_5,5,condition_contradicted,Not Supported,Not Supported
P1982,P1982_T2,P1982_T2_1,1,relation_contradicted,Not Supported,Not Supported
P1982,P1982_T2,P1982_T2_2,2,condition_replaced,Not Enough Evidence,Not Enough Evidence
P1982,P1982_T2,P1982_T2_3,3,condition_removed,Not Enough Evidence,Not Enough Evidence
P1982,P1982_T2,P1982_T2_4,4,supported,Supported,Supported
P1982,P1982_T2,P1982_T2_5,5,condition_contradicted,Not Supported,Not Supported
P1983,P1983_T1,P1983_T1_1,1,relation_contradicted,Not Supported,Not Supported
P1983,P1983_T1,P1983_T1_2,2,condition_replaced,Not Enough Evidence,Not Enough Evidence
P1983,P1983_T1,P1983_T1_3,3,condition_removed,Not Enough Evidence,Not Enough Evidence
P1983,P1983_T1,P1983_T1_4,4,supported,Supported,Supported
P1983,P1983_T1,P1983_T1_5,5,condition_contradicted,Not Supported,Not Supported
P1983,P1983_T2,P1983_T2_1,1,relation_contradicted,Not Supported,Not Supported
P1983,P1983_T2,P1983_T2_2,2,condition_replaced,Not Enough Evidence,Not Enough Evidence
P1983,P1983_T2,P1983_T2_3,3,condition_removed,Not Enough Evidence,Not Enough Evidence
P1983,P1983_T2,P1983_T2_4,4,supported,Supported,Supported
P1983,P1983_T2,P1983_T2_5,5,condition_contradicted,Not Supported,Not Supported
P1988,P1988_T1,P1988_T1_1,1,relation_contradicted,Not Supported,Not Supported
P1988,P1988_T1,P1988_T1_2,2,condition_replaced,Not Enough Evidence,Not Enough Evidence
P1988,P1988_T1,P1988_T1_3,3,condition_removed,Not Enough Evidence,Not Enough Evidence
P1988,P1988_T1,P1988_T1_4,4,supported,Supported,Supported
P1988,P1988_T1,P1988_T1_5,5,condition_contradicted,Not Supported,Not Supported
P1988,P1988_T2,P1988_T2_1,1,relation_contradicted,Not Supported,Not Supported
P1988,P1988_T2,P1988_T2_2,2,condition_replaced,Not Enough Evidence,Not Enough Evidence
P1988,P1988_T2,P1988_T2_3,3,condition_removed,Not Enough Evidence,Not Enough Evidence
P1988,P1988_T2,P1988_T2_4,4,supported,Supported,Supported
P1988,P1988_T2,P1988_T2_5,5,condition_contradicted,Not Supported,Not Supported
P1990,P1990_T1,P1990_T1_1,1,relation_contradicted,Not Supported,Not Supported
P1990,P1990_T1,P1990_T1_2,2,condition_replaced,Not Enough Evidence,Not Enough Evidence
P1990,P1990_T1,P1990_T1_3,3,condition_removed,Not Enough Evidence,Not Enough Evidence
P1990,P1990_T1,P1990_T1_4,4,supported,Supported,Supported
P1990,P1990_T1,P1990_T1_5,5,condition_contradicted,Not Supported,Not Supported
P1990,P1990_T2,P1990_T2_1,1,relation_contradicted,Not Supported,Not Supported
P1990,P1990_T2,P1990_T2_2,2,condition_replaced,Not Enough Evidence,Not Enough Evidence
P1990,P1990_T2,P1990_T2_3,3,condition_removed,Not Enough Evidence,Not Enough Evidence
P1990,P1990_T2,P1990_T2_4,4,supported,Supported,Supported
P1990,P1990_T2,P1990_T2_5,5,condition_contradicted,Not Supported,Not Supported
P1994,P1994_T1,P1994_T1_1,1,relation_contradicted,Not Supported,Not Supported
P1994,P1994_T1,P1994_T1_2,2,condition_replaced,Not Enough Evidence,Not Enough Evidence
P1994,P1994_T1,P1994_T1_3,3,condition_removed,Not Enough Evidence,Not Enough Evidence
P1994,P1994_T1,P1994_T1_4,4,supported,Supported,Supported
P1994,P1994_T1,P1994_T1_5,5,condition_contradicted,Not Supported,Not Supported
P1994,P1994_T2,P1994_T2_1,1,relation_contradicted,Not Supported,Not Supported
P1994,P1994_T2,P1994_T2_2,2,condition_replaced,Not Enough Evidence,Not Enough Evidence
P1994,P1994_T2,P1994_T2_3,3,condition_removed,Not Enough Evidence,Not Enough Evidence
P1994,P1994_T2,P1994_T2_4,4,supported,Supported,Not Supported
P1994,P1994_T2,P1994_T2_5,5,condition_contradicted,Not Supported,Not Supported
P1996,P1996_T1,P1996_T1_1,1,relation_contradicted,Not Supported,Not Supported
P1996,P1996_T1,P1996_T1_2,2,condition_replaced,Not Enough Evidence,Not Enough Evidence
P1996,P1996_T1,P1996_T1_3,3,condition_removed,Not Enough Evidence,Not Enough Evidence
P1996,P1996_T1,P1996_T1_4,4,supported,Supported,Supported
P1996,P1996_T1,P1996_T1_5,5,condition_contradicted,Not Supported,Not Supported
P1996,P1996_T2,P1996_T2_1,1,relation_contradicted,Not Supported,Not Supported
P1996,P1996_T2,P1996_T2_2,2,condition_replaced,Not Enough Evidence,Not Enough Evidence
P1996,P1996_T2,P1996_T2_3,3,condition_removed,Not Enough Evidence,Not Enough Evidence
P1996,P1996_T2,P1996_T2_4,4,supported,Supported,Supported
P1996,P1996_T2,P1996_T2_5,5,condition_contradicted,Not Supported,Not Supported
P1998,P1998_T1,P1998_T1_1,1,relation_contradicted,Not Supported,Not Supported
P1998,P1998_T1,P1998_T1_2,2,condition_replaced,Not Enough Evidence,Not Enough Evidence
P1998,P1998_T1,P1998_T1_3,3,condition_removed,Not Enough Evidence,Not Enough Evidence
P1998,P1998_T1,P1998_T1_4,4,supported,Supported,Supported
P1998,P1998_T1,P1998_T1_5,5,condition_contradicted,Not Supported,Not Supported
P1998,P1998_T2,P1998_T2_1,1,relation_contradicted,Not Supported,Not Supported
P1998,P1998_T2,P1998_T2_2,2,condition_replaced,Not Enough Evidence,Not Enough Evidence
P1998,P1998_T2,P1998_T2_3,3,condition_removed,Not Enough Evidence,Not Enough Evidence
P1998,P1998_T2,P1998_T2_4,4,supported,Supported,Supported
P1998,P1998_T2,P1998_T2_5,5,condition_contradicted,Not Supported,Not Supported
P1999,P1999_T1,P1999_T1_1,1,relation_contradicted,Not Supported,Not Supported
P1999,P1999_T1,P1999_T1_2,2,condition_replaced,Not Enough Evidence,Not Enough Evidence
P1999,P1999_T1,P1999_T1_3,3,condition_removed,Not Enough Evidence,Not Enough Evidence
P1999,P1999_T1,P1999_T1_4,4,supported,Supported,Supported
P1999,P1999_T1,P1999_T1_5,5,condition_contradicted,Not Supported,Not Supported
P1999,P1999_T2,P1999_T2_1,1,relation_contradicted,Not Supported,Not Supported
P1999,P1999_T2,P1999_T2_2,2,condition_replaced,Not Enough Evidence,Not Enough Evidence
P1999,P1999_T2,P1999_T2_3,3,condition_removed,Not Enough Evidence,Not Enough Evidence
P1999,P1999_T2,P1999_T2_4,4,supported,Supported,Supported
P1999,P1999_T2,P1999_T2_5,5,condition_contradicted,Not Supported,Not Supported
P2001,P2001_T1,P2001_T1_1,1,relation_contradicted,Not Supported,Not Supported
P2001,P2001_T1,P2001_T1_2,2,condition_replaced,Not Enough Evidence,Not Enough Evidence
P2001,P2001_T1,P2001_T1_3,3,condition_removed,Not Enough Evidence,Not Enough Evidence
P2001,P2001_T1,P2001_T1_4,4,supported,Supported,Supported
P2001,P2001_T1,P2001_T1_5,5,condition_contradicted,Not Supported,Not Supported
P2001,P2001_T2,P2001_T2_1,1,relation_contradicted,Not Supported,Not Supported
P2001,P2001_T2,P2001_T2_2,2,condition_replaced,Not Enough Evidence,Not Enough Evidence
P2001,P2001_T2,P2001_T2_3,3,condition_removed,Not Enough Evidence,Not Enough Evidence
P2001,P2001_T2,P2001_T2_4,4,supported,Supported,Supported
P2001,P2001_T2,P2001_T2_5,5,condition_contradicted,Not Supported,Not Supported
P2003,P2003_T1,P2003_T1_1,1,relation_contradicted,Not Supported,Not Supported
P2003,P2003_T1,P2003_T1_2,2,condition_replaced,Not Enough Evidence,Not Enough Evidence
P2003,P2003_T1,P2003_T1_3,3,condition_removed,Not Enough Evidence,Not Enough Evidence
P2003,P2003_T1,P2003_T1_4,4,supported,Supported,Supported
P2003,P2003_T1,P2003_T1_5,5,condition_contradicted,Not Supported,Not Supported
P2003,P2003_T2,P2003_T2_1,1,relation_contradicted,Not Supported,Not Supported
P2003,P2003_T2,P2003_T2_2,2,condition_replaced,Not Enough Evidence,Not Enough Evidence
P2003,P2003_T2,P2003_T2_3,3,condition_removed,Not Enough Evidence,Not Enough Evidence
P2003,P2003_T2,P2003_T2_4,4,supported,Supported,Supported
P2003,P2003_T2,P2003_T2_5,5,condition_contradicted,Not Supported,Not Supported
P2004,P2004_T1,P2004_T1_1,1,relation_contradicted,Not Supported,Not Supported
P2004,P2004_T1,P2004_T1_2,2,condition_replaced,Not Enough Evidence,Not Enough Evidence
P2004,P2004_T1,P2004_T1_3,3,condition_removed,Not Enough Evidence,Not Enough Evidence
P2004,P2004_T1,P2004_T1_4,4,supported,Supported,Supported
P2004,P2004_T1,P2004_T1_5,5,condition_contradicted,Not Supported,Not Supported
P2004,P2004_T2,P2004_T2_1,1,relation_contradicted,Not Supported,Not Supported
P2004,P2004_T2,P2004_T2_2,2,condition_replaced,Not Enough Evidence,Not Enough Evidence
P2004,P2004_T2,P2004_T2_3,3,condition_removed,Not Enough Evidence,Not Enough Evidence
P2004,P2004_T2,P2004_T2_4,4,supported,Supported,Supported
P2004,P2004_T2,P2004_T2_5,5,condition_contradicted,Not Supported,Not Supported
P2006,P2006_T1,P2006_T1_1,1,relation_contradicted,Not Supported,Not Supported
P2006,P2006_T1,P2006_T1_2,2,condition_replaced,Not Enough Evidence,Not Enough Evidence
P2006,P2006_T1,P2006_T1_3,3,condition_removed,Not Enough Evidence,Not Enough Evidence
P2006,P2006_T1,P2006_T1_4,4,supported,Supported,Supported
P2006,P2006_T1,P2006_T1_5,5,condition_contradicted,Not Supported,Not Supported
P2006,P2006_T2,P2006_T2_1,1,relation_contradicted,Not Supported,Not Supported
P2006,P2006_T2,P2006_T2_2,2,condition_replaced,Not Enough Evidence,Not Enough Evidence
P2006,P2006_T2,P2006_T2_3,3,condition_removed,Not Enough Evidence,Not Enough Evidence
P2006,P2006_T2,P2006_T2_4,4,supported,Supported,Supported
P2006,P2006_T2,P2006_T2_5,5,condition_contradicted,Not Supported,Not Supported
P2010,P2010_T1,P2010_T1_1,1,relation_contradicted,Not Supported,Not Supported
P2010,P2010_T1,P2010_T1_2,2,condition_replaced,Not Enough Evidence,Not Enough Evidence
P2010,P2010_T1,P2010_T1_3,3,condition_removed,Not Enough Evidence,Not Enough Evidence
P2010,P2010_T1,P2010_T1_4,4,supported,Supported,Supported
P2010,P2010_T1,P2010_T1_5,5,condition_contradicted,Not Supported,Not Supported
P2010,P2010_T2,P2010_T2_1,1,relation_contradicted,Not Supported,Not Supported
P2010,P2010_T2,P2010_T2_2,2,condition_replaced,Not Enough Evidence,Not Enough Evidence
P2010,P2010_T2,P2010_T2_3,3,condition_removed,Not Enough Evidence,Not Enough Evidence
P2010,P2010_T2,P2010_T2_4,4,supported,Supported,Supported
P2010,P2010_T2,P2010_T2_5,5,condition_contradicted,Not Supported,Not Supported
P2014,P2014_T1,P2014_T1_1,1,relation_contradicted,Not Supported,Not Supported
P2014,P2014_T1,P2014_T1_2,2,condition_replaced,Not Enough Evidence,Not Enough Evidence
P2014,P2014_T1,P2014_T1_3,3,condition_removed,Not Enough Evidence,Not Enough Evidence
P2014,P2014_T1,P2014_T1_4,4,supported,Supported,Supported
P2014,P2014_T1,P2014_T1_5,5,condition_contradicted,Not Supported,Not Supported
P2014,P2014_T2,P2014_T2_1,1,relation_contradicted,Not Supported,Not Supported
P2014,P2014_T2,P2014_T2_2,2,condition_replaced,Not Enough Evidence,Not Enough Evidence
P2014,P2014_T2,P2014_T2_3,3,condition_removed,Not Enough Evidence,Not Enough Evidence
P2014,P2014_T2,P2014_T2_4,4,supported,Supported,Supported
P2014,P2014_T2,P2014_T2_5,5,condition_contradicted,Not Supported,Not Supported
P2016,P2016_T1,P2016_T1_1,1,relation_contradicted,Not Supported,Not Supported
P2016,P2016_T1,P2016_T1_2,2,condition_replaced,Not Enough Evidence,Not Enough Evidence
P2016,P2016_T1,P2016_T1_3,3,condition_removed,Not Enough Evidence,Not Enough Evidence
P2016,P2016_T1,P2016_T1_4,4,supported,Supported,Supported
P2016,P2016_T1,P2016_T1_5,5,condition_contradicted,Not Supported,Not Supported
P2016,P2016_T2,P2016_T2_1,1,relation_contradicted,Not Supported,Not Supported
P2016,P2016_T2,P2016_T2_2,2,condition_replaced,Not Enough Evidence,Not Enough Evidence
P2016,P2016_T2,P2016_T2_3,3,condition_removed,Not Enough Evidence,Not Enough Evidence
P2016,P2016_T2,P2016_T2_4,4,supported,Supported,Supported
P2016,P2016_T2,P2016_T2_5,5,condition_contradicted,Not Supported,Not Supported
P2017,P2017_T1,P2017_T1_1,1,relation_contradicted,Not Supported,Not Supported
P2017,P2017_T1,P2017_T1_2,2,condition_replaced,Not Enough Evidence,Not Enough Evidence
P2017,P2017_T1,P2017_T1_3,3,condition_removed,Not Enough Evidence,Not Enough Evidence
P2017,P2017_T1,P2017_T1_4,4,supported,Supported,Supported
P2017,P2017_T1,P2017_T1_5,5,condition_contradicted,Not Supported,Not Supported
P2017,P2017_T2,P2017_T2_1,1,relation_contradicted,Not Supported,Not Supported
P2017,P2017_T2,P2017_T2_2,2,condition_replaced,Not Enough Evidence,Not Enough Evidence
P2017,P2017_T2,P2017_T2_3,3,condition_removed,Not Enough Evidence,Not Enough Evidence
P2017,P2017_T2,P2017_T2_4,4,supported,Supported,Supported
P2017,P2017_T2,P2017_T2_5,5,condition_contradicted,Not Supported,Not Supported
P2020,P2020_T1,P2020_T1_1,1,relation_contradicted,Not Supported,Not Supported
P2020,P2020_T1,P2020_T1_2,2,condition_replaced,Not Enough Evidence,Not Enough Evidence
P2020,P2020_T1,P2020_T1_3,3,condition_removed,Not Enough Evidence,Not Enough Evidence
P2020,P2020_T1,P2020_T1_4,4,supported,Supported,Supported
P2020,P2020_T1,P2020_T1_5,5,condition_contradicted,Not Supported,Not Supported
P2020,P2020_T2,P2020_T2_1,1,relation_contradicted,Not Supported,Not Supported
P2020,P2020_T2,P2020_T2_2,2,condition_replaced,Not Enough Evidence,Not Enough Evidence
P2020,P2020_T2,P2020_T2_3,3,condition_removed,Not Enough Evidence,Not Enough Evidence
P2020,P2020_T2,P2020_T2_4,4,supported,Supported,Supported
P2020,P2020_T2,P2020_T2_5,5,condition_contradicted,Not Supported,Not Supported
P2027,P2027_T1,P2027_T1_1,1,relation_contradicted,Not Supported,Not Supported
P2027,P2027_T1,P2027_T1_2,2,condition_replaced,Not Enough Evidence,Not Enough Evidence
P2027,P2027_T1,P2027_T1_3,3,condition_removed,Not Enough Evidence,Not Enough Evidence
P2027,P2027_T1,P2027_T1_4,4,supported,Supported,Supported
P2027,P2027_T1,P2027_T1_5,5,condition_contradicted,Not Supported,Not Supported
P2027,P2027_T2,P2027_T2_1,1,relation_contradicted,Not Supported,Not Supported
P2027,P2027_T2,P2027_T2_2,2,condition_replaced,Not Enough Evidence,Not Enough Evidence
P2027,P2027_T2,P2027_T2_3,3,condition_removed,Not Enough Evidence,Not Enough Evidence
P2027,P2027_T2,P2027_T2_4,4,supported,Supported,Supported
P2027,P2027_T2,P2027_T2_5,5,condition_contradicted,Not Supported,Not Supported
P2028,P2028_T1,P2028_T1_1,1,relation_contradicted,Not Supported,Not Supported
P2028,P2028_T1,P2028_T1_2,2,condition_replaced,Not Enough Evidence,Not Enough Evidence
P2028,P2028_T1,P2028_T1_3,3,condition_removed,Not Enough Evidence,Not Enough Evidence
P2028,P2028_T1,P2028_T1_4,4,supported,Supported,Supported
P2028,P2028_T1,P2028_T1_5,5,condition_contradicted,Not Supported,Not Supported
P2028,P2028_T2,P2028_T2_1,1,relation_contradicted,Not Supported,Not Supported
P2028,P2028_T2,P2028_T2_2,2,condition_replaced,Not Enough Evidence,Not Enough Evidence
P2028,P2028_T2,P2028_T2_3,3,condition_removed,Not Enough Evidence,Not Enough Evidence
P2028,P2028_T2,P2028_T2_4,4,supported,Supported,Supported
P2028,P2028_T2,P2028_T2_5,5,condition_contradicted,Not Supported,Not Supported
P2031,P2031_T1,P2031_T1_1,1,relation_contradicted,Not Supported,Not Supported
P2031,P2031_T1,P2031_T1_2,2,condition_replaced,Not Enough Evidence,Not Enough Evidence
P2031,P2031_T1,P2031_T1_3,3,condition_removed,Not Enough Evidence,Not Enough Evidence
P2031,P2031_T1,P2031_T1_4,4,supported,Supported,Supported
P2031,P2031_T1,P2031_T1_5,5,condition_contradicted,Not Supported,Not Supported
P2031,P2031_T2,P2031_T2_1,1,relation_contradicted,Not Supported,Not Supported
P2031,P2031_T2,P2031_T2_2,2,condition_replaced,Not Enough Evidence,Not Enough Evidence
P2031,P2031_T2,P2031_T2_3,3,condition_removed,Not Enough Evidence,Not Enough Evidence
P2031,P2031_T2,P2031_T2_4,4,supported,Supported,Supported
P2031,P2031_T2,P2031_T2_5,5,condition_contradicted,Not Supported,Not Supported
P2032,P2032_T1,P2032_T1_1,1,relation_contradicted,Not Supported,Not Supported
P2032,P2032_T1,P2032_T1_2,2,condition_replaced,Not Enough Evidence,Not Enough Evidence
P2032,P2032_T1,P2032_T1_3,3,condition_removed,Not Enough Evidence,Not Enough Evidence
P2032,P2032_T1,P2032_T1_4,4,supported,Supported,Supported
P2032,P2032_T1,P2032_T1_5,5,condition_contradicted,Not Supported,Not Supported
P2032,P2032_T2,P2032_T2_1,1,relation_contradicted,Not Supported,Not Supported
P2032,P2032_T2,P2032_T2_2,2,condition_replaced,Not Enough Evidence,Not Enough Evidence
P2032,P2032_T2,P2032_T2_3,3,condition_removed,Not Enough Evidence,Not Enough Evidence
P2032,P2032_T2,P2032_T2_4,4,supported,Supported,Supported
P2032,P2032_T2,P2032_T2_5,5,condition_contradicted,Not Supported,Not Supported
P2033,P2033_T1,P2033_T1_1,1,relation_contradicted,Not Supported,Not Supported
P2033,P2033_T1,P2033_T1_2,2,condition_replaced,Not Enough Evidence,Not Enough Evidence
P2033,P2033_T1,P2033_T1_3,3,condition_removed,Not Enough Evidence,Not Enough Evidence
P2033,P2033_T1,P2033_T1_4,4,supported,Supported,Supported
P2033,P2033_T1,P2033_T1_5,5,condition_contradicted,Not Supported,Not Supported
P2033,P2033_T2,P2033_T2_1,1,relation_contradicted,Not Supported,Not Supported
P2033,P2033_T2,P2033_T2_2,2,condition_replaced,Not Enough Evidence,Not Enough Evidence
P2033,P2033_T2,P2033_T2_3,3,condition_removed,Not Enough Evidence,Not Enough Evidence
P2033,P2033_T2,P2033_T2_4,4,supported,Supported,Supported
P2033,P2033_T2,P2033_T2_5,5,condition_contradicted,Not Supported,Not Supported
P2040,P2040_T1,P2040_T1_1,1,relation_contradicted,Not Supported,Not Supported
P2040,P2040_T1,P2040_T1_2,2,condition_replaced,Not Enough Evidence,Not Enough Evidence
P2040,P2040_T1,P2040_T1_3,3,condition_removed,Not Enough Evidence,Not Enough Evidence
P2040,P2040_T1,P2040_T1_4,4,supported,Supported,Supported
P2040,P2040_T1,P2040_T1_5,5,condition_contradicted,Not Supported,Not Supported
P2040,P2040_T2,P2040_T2_1,1,relation_contradicted,Not Supported,Not Supported
P2040,P2040_T2,P2040_T2_2,2,condition_replaced,Not Enough Evidence,Not Enough Evidence
P2040,P2040_T2,P2040_T2_3,3,condition_removed,Not Enough Evidence,Not Enough Evidence
P2040,P2040_T2,P2040_T2_4,4,supported,Supported,Supported
P2040,P2040_T2,P2040_T2_5,5,condition_contradicted,Not Supported,Not Supported
P2045,P2045_T1,P2045_T1_1,1,relation_contradicted,Not Supported,Not Supported
P2045,P2045_T1,P2045_T1_2,2,condition_replaced,Not Enough Evidence,Not Enough Evidence
P2045,P2045_T1,P2045_T1_3,3,condition_removed,Not Enough Evidence,Not Enough Evidence
P2045,P2045_T1,P2045_T1_4,4,supported,Supported,Supported
P2045,P2045_T1,P2045_T1_5,5,condition_contradicted,Not Supported,Not Supported
P2045,P2045_T2,P2045_T2_1,1,relation_contradicted,Not Supported,Not Supported
P2045,P2045_T2,P2045_T2_2,2,condition_replaced,Not Enough Evidence,Not Enough Evidence
P2045,P2045_T2,P2045_T2_3,3,condition_removed,Not Enough Evidence,Not Enough Evidence
P2045,P2045_T2,P2045_T2_4,4,supported,Supported,Supported
P2045,P2045_T2,P2045_T2_5,5,condition_contradicted,Not Supported,Not Supported
P2047,P2047_T1,P2047_T1_1,1,relation_contradicted,Not Supported,Not Supported
P2047,P2047_T1,P2047_T1_2,2,condition_replaced,Not Enough Evidence,Not Enough Evidence
P2047,P2047_T1,P2047_T1_3,3,condition_removed,Not Enough Evidence,Not Enough Evidence
P2047,P2047_T1,P2047_T1_4,4,supported,Supported,Supported
P2047,P2047_T1,P2047_T1_5,5,condition_contradicted,Not Supported,Not Supported
P2047,P2047_T2,P2047_T2_1,1,relation_contradicted,Not Supported,Not Supported
P2047,P2047_T2,P2047_T2_2,2,condition_replaced,Not Enough Evidence,Not Enough Evidence
P2047,P2047_T2,P2047_T2_3,3,condition_removed,Not Enough Evidence,Not Enough Evidence
P2047,P2047_T2,P2047_T2_4,4,supported,Supported,Supported
P2047,P2047_T2,P2047_T2_5,5,condition_contradicted,Not Supported,Not Supported
P2047,P2047_T3,P2047_T3_1,1,relation_contradicted,Not Supported,Not Supported
P2047,P2047_T3,P2047_T3_2,2,condition_replaced,Not Enough Evidence,Not Enough Evidence
P2047,P2047_T3,P2047_T3_3,3,condition_removed,Not Enough Evidence,Not Enough Evidence
P2047,P2047_T3,P2047_T3_4,4,supported,Supported,Supported
P2047,P2047_T3,P2047_T3_5,5,condition_contradicted,Not Supported,Not Supported
P2048,P2048_T1,P2048_T1_1,1,relation_contradicted,Not Supported,Not Supported
P2048,P2048_T1,P2048_T1_2,2,condition_replaced,Not Enough Evidence,Not Enough Evidence
P2048,P2048_T1,P2048_T1_3,3,condition_removed,Not Enough Evidence,Not Enough Evidence
P2048,P2048_T1,P2048_T1_4,4,supported,Supported,Supported
P2048,P2048_T1,P2048_T1_5,5,condition_contradicted,Not Supported,Not Supported
P2048,P2048_T2,P2048_T2_1,1,relation_contradicted,Not Supported,Not Supported
P2048,P2048_T2,P2048_T2_2,2,condition_replaced,Not Enough Evidence,Not Enough Evidence
P2048,P2048_T2,P2048_T2_3,3,condition_removed,Not Enough Evidence,Not Enough Evidence
P2048,P2048_T2,P2048_T2_4,4,supported,Supported,Supported
P2048,P2048_T2,P2048_T2_5,5,condition_contradicted,Not Supported,Not Supported
P2048,P2048_T3,P2048_T3_1,1,relation_contradicted,Not Supported,Not Supported
P2048,P2048_T3,P2048_T3_2,2,condition_replaced,Not Enough Evidence,Not Enough Evidence
P2048,P2048_T3,P2048_T3_3,3,condition_removed,Not Enough Evidence,Not Enough Evidence
P2048,P2048_T3,P2048_T3_4,4,supported,Supported,Supported
P2048,P2048_T3,P2048_T3_5,5,condition_contradicted,Not Supported,Not Supported
P2053,P2053_T1,P2053_T1_1,1,relation_contradicted,Not Supported,Not Supported
P2053,P2053_T1,P2053_T1_2,2,condition_replaced,Not Enough Evidence,Not Enough Evidence
P2053,P2053_T1,P2053_T1_3,3,condition_removed,Not Enough Evidence,Not Enough Evidence
P2053,P2053_T1,P2053_T1_4,4,supported,Supported,Supported
P2053,P2053_T1,P2053_T1_5,5,condition_contradicted,Not Supported,Not Supported
P2053,P2053_T2,P2053_T2_1,1,relation_contradicted,Not Supported,Not Supported
P2053,P2053_T2,P2053_T2_2,2,condition_replaced,Not Enough Evidence,Not Enough Evidence
P2053,P2053_T2,P2053_T2_3,3,condition_removed,Not Enough Evidence,Not Enough Evidence
P2053,P2053_T2,P2053_T2_4,4,supported,Supported,Supported
P2053,P2053_T2,P2053_T2_5,5,condition_contradicted,Not Supported,Not Supported
P2055,P2055_T1,P2055_T1_1,1,relation_contradicted,Not Supported,Not Supported
P2055,P2055_T1,P2055_T1_2,2,condition_replaced,Not Enough Evidence,Not Enough Evidence
P2055,P2055_T1,P2055_T1_3,3,condition_removed,Not Enough Evidence,Not Enough Evidence
P2055,P2055_T1,P2055_T1_4,4,supported,Supported,Supported
P2055,P2055_T1,P2055_T1_5,5,condition_contradicted,Not Supported,Not Supported
P2055,P2055_T2,P2055_T2_1,1,relation_contradicted,Not Supported,Not Supported
P2055,P2055_T2,P2055_T2_2,2,condition_replaced,Not Enough Evidence,Not Enough Evidence
P2055,P2055_T2,P2055_T2_3,3,condition_removed,Not Enough Evidence,Not Enough Evidence
P2055,P2055_T2,P2055_T2_4,4,supported,Supported,Supported
P2055,P2055_T2,P2055_T2_5,5,condition_contradicted,Not Supported,Not Supported
P2060,P2060_T1,P2060_T1_1,1,relation_contradicted,Not Supported,Not Supported
P2060,P2060_T1,P2060_T1_2,2,condition_replaced,Not Enough Evidence,Not Enough Evidence
P2060,P2060_T1,P2060_T1_3,3,condition_removed,Not Enough Evidence,Not Enough Evidence
P2060,P2060_T1,P2060_T1_4,4,supported,Supported,Supported
P2060,P2060_T1,P2060_T1_5,5,condition_contradicted,Not Supported,Not Supported
P2060,P2060_T2,P2060_T2_1,1,relation_contradicted,Not Supported,Not Supported
P2060,P2060_T2,P2060_T2_2,2,condition_replaced,Not Enough Evidence,Not Enough Evidence
P2060,P2060_T2,P2060_T2_3,3,condition_removed,Not Enough Evidence,Not Enough Evidence
P2060,P2060_T2,P2060_T2_4,4,supported,Supported,Supported
P2060,P2060_T2,P2060_T2_5,5,condition_contradicted,Not Supported,Not Supported
P2062,P2062_T1,P2062_T1_1,1,relation_contradicted,Not Supported,Not Supported
P2062,P2062_T1,P2062_T1_2,2,condition_replaced,Not Enough Evidence,Not Enough Evidence
P2062,P2062_T1,P2062_T1_3,3,condition_removed,Not Enough Evidence,Not Enough Evidence
P2062,P2062_T1,P2062_T1_4,4,supported,Supported,Supported
P2062,P2062_T1,P2062_T1_5,5,condition_contradicted,Not Supported,Not Supported
P2062,P2062_T2,P2062_T2_1,1,relation_contradicted,Not Supported,Not Supported
P2062,P2062_T2,P2062_T2_2,2,condition_replaced,Not Enough Evidence,Not Enough Evidence
P2062,P2062_T2,P2062_T2_3,3,condition_removed,Not Enough Evidence,Not Enough Evidence
P2062,P2062_T2,P2062_T2_4,4,supported,Supported,Supported
P2062,P2062_T2,P2062_T2_5,5,condition_contradicted,Not Supported,Not Supported
P2069,P2069_T1,P2069_T1_1,1,relation_contradicted,Not Supported,Not Supported
P2069,P2069_T1,P2069_T1_2,2,condition_replaced,Not Enough Evidence,Not Enough Evidence
P2069,P2069_T1,P2069_T1_3,3,condition_removed,Not Enough Evidence,Not Enough Evidence
P2069,P2069_T1,P2069_T1_4,4,supported,Supported,Supported
P2069,P2069_T1,P2069_T1_5,5,condition_contradicted,Not Supported,Not Supported
P2069,P2069_T2,P2069_T2_1,1,relation_contradicted,Not Supported,Not Supported
P2069,P2069_T2,P2069_T2_2,2,condition_replaced,Not Enough Evidence,Not Enough Evidence
P2069,P2069_T2,P2069_T2_3,3,condition_removed,Not Enough Evidence,Not Enough Evidence
P2069,P2069_T2,P2069_T2_4,4,supported,Supported,Supported
P2069,P2069_T2,P2069_T2_5,5,condition_contradicted,Not Supported,Not Supported
P2070,P2070_T1,P2070_T1_1,1,relation_contradicted,Not Supported,Not Supported
P2070,P2070_T1,P2070_T1_2,2,condition_replaced,Not Enough Evidence,Not Enough Evidence
P2070,P2070_T1,P2070_T1_3,3,condition_removed,Not Enough Evidence,Not Enough Evidence
P2070,P2070_T1,P2070_T1_4,4,supported,Supported,Supported
P2070,P2070_T1,P2070_T1_5,5,condition_contradicted,Not Supported,Not Supported
P2070,P2070_T2,P2070_T2_1,1,relation_contradicted,Not Supported,Not Supported
P2070,P2070_T2,P2070_T2_2,2,condition_replaced,Not Enough Evidence,Not Enough Evidence
P2070,P2070_T2,P2070_T2_3,3,condition_removed,Not Enough Evidence,Not Enough Evidence
P2070,P2070_T2,P2070_T2_4,4,supported,Supported,Supported
P2070,P2070_T2,P2070_T2_5,5,condition_contradicted,Not Supported,Not Supported
P2076,P2076_T1,P2076_T1_1,1,relation_contradicted,Not Supported,Not Supported
P2076,P2076_T1,P2076_T1_2,2,condition_replaced,Not Enough Evidence,Not Enough Evidence
P2076,P2076_T1,P2076_T1_3,3,condition_removed,Not Enough Evidence,Not Enough Evidence
P2076,P2076_T1,P2076_T1_4,4,supported,Supported,Supported
P2076,P2076_T1,P2076_T1_5,5,condition_contradicted,Not Supported,Not Supported
P2076,P2076_T2,P2076_T2_1,1,relation_contradicted,Not Supported,Not Supported
P2076,P2076_T2,P2076_T2_2,2,condition_replaced,Not Enough Evidence,Not Enough Evidence
P2076,P2076_T2,P2076_T2_3,3,condition_removed,Not Enough Evidence,Not Enough Evidence
P2076,P2076_T2,P2076_T2_4,4,supported,Supported,Supported
P2076,P2076_T2,P2076_T2_5,5,condition_contradicted,Not Supported,Not Supported
P2077,P2077_T1,P2077_T1_1,1,relation_contradicted,Not Supported,Not Supported
P2077,P2077_T1,P2077_T1_2,2,condition_replaced,Not Enough Evidence,Not Enough Evidence
P2077,P2077_T1,P2077_T1_3,3,condition_removed,Not Enough Evidence,Not Enough Evidence
P2077,P2077_T1,P2077_T1_4,4,supported,Supported,Supported
P2077,P2077_T1,P2077_T1_5,5,condition_contradicted,Not Supported,Not Supported
P2077,P2077_T2,P2077_T2_1,1,relation_contradicted,Not Supported,Not Supported
P2077,P2077_T2,P2077_T2_2,2,condition_replaced,Not Enough Evidence,Not Enough Evidence
P2077,P2077_T2,P2077_T2_3,3,condition_removed,Not Enough Evidence,Not Enough Evidence
P2077,P2077_T2,P2077_T2_4,4,supported,Supported,Supported
P2077,P2077_T2,P2077_T2_5,5,condition_contradicted,Not Supported,Not Supported
P2086,P2086_T1,P2086_T1_1,1,relation_contradicted,Not Supported,Not Supported
P2086,P2086_T1,P2086_T1_2,2,condition_replaced,Not Enough Evidence,Not Enough Evidence
P2086,P2086_T1,P2086_T1_3,3,condition_removed,Not Enough Evidence,Not Enough Evidence
P2086,P2086_T1,P2086_T1_4,4,supported,Supported,Supported
P2086,P2086_T1,P2086_T1_5,5,condition_contradicted,Not Supported,Not Supported
P2086,P2086_T2,P2086_T2_1,1,relation_contradicted,Not Supported,Not Supported
P2086,P2086_T2,P2086_T2_2,2,condition_replaced,Not Enough Evidence,Not Enough Evidence
P2086,P2086_T2,P2086_T2_3,3,condition_removed,Not Enough Evidence,Not Enough Evidence
P2086,P2086_T2,P2086_T2_4,4,supported,Supported,Supported
P2086,P2086_T2,P2086_T2_5,5,condition_contradicted,Not Supported,Not Supported
P2089,P2089_T1,P2089_T1_1,1,relation_contradicted,Not Supported,Not Supported
P2089,P2089_T1,P2089_T1_2,2,condition_replaced,Not Enough Evidence,Not Enough Evidence
P2089,P2089_T1,P2089_T1_3,3,condition_removed,Not Enough Evidence,Not Enough Evidence
P2089,P2089_T1,P2089_T1_4,4,supported,Supported,Supported
P2089,P2089_T1,P2089_T1_5,5,condition_contradicted,Not Supported,Not Supported
P2089,P2089_T2,P2089_T2_1,1,relation_contradicted,Not Supported,Not Supported
P2089,P2089_T2,P2089_T2_2,2,condition_replaced,Not Enough Evidence,Not Enough Evidence
P2089,P2089_T2,P2089_T2_3,3,condition_removed,Not Enough Evidence,Not Enough Evidence
P2089,P2089_T2,P2089_T2_4,4,supported,Supported,Supported
P2089,P2089_T2,P2089_T2_5,5,condition_contradicted,Not Supported,Not Supported
P2090,P2090_T1,P2090_T1_1,1,relation_contradicted,Not Supported,Not Supported
P2090,P2090_T1,P2090_T1_2,2,condition_replaced,Not Enough Evidence,Not Enough Evidence
P2090,P2090_T1,P2090_T1_3,3,condition_removed,Not Enough Evidence,Not Enough Evidence
P2090,P2090_T1,P2090_T1_4,4,supported,Supported,Supported
P2090,P2090_T1,P2090_T1_5,5,condition_contradicted,Not Supported,Not Supported
P2090,P2090_T2,P2090_T2_1,1,relation_contradicted,Not Supported,Not Supported
P2090,P2090_T2,P2090_T2_2,2,condition_replaced,Not Enough Evidence,Not Enough Evidence
P2090,P2090_T2,P2090_T2_3,3,condition_removed,Not Enough Evidence,Not Enough Evidence
P2090,P2090_T2,P2090_T2_4,4,supported,Supported,Supported
P2090,P2090_T2,P2090_T2_5,5,condition_contradicted,Not Supported,Not Supported
P2094,P2094_T1,P2094_T1_1,1,relation_contradicted,Not Supported,Not Supported
P2094,P2094_T1,P2094_T1_2,2,condition_replaced,Not Enough Evidence,Not Enough Evidence
P2094,P2094_T1,P2094_T1_3,3,condition_removed,Not Enough Evidence,Not Enough Evidence
P2094,P2094_T1,P2094_T1_4,4,supported,Supported,Supported
P2094,P2094_T1,P2094_T1_5,5,condition_contradicted,Not Supported,Not Supported
P2094,P2094_T2,P2094_T2_1,1,relation_contradicted,Not Supported,Not Supported
P2094,P2094_T2,P2094_T2_2,2,condition_replaced,Not Enough Evidence,Not Enough Evidence
P2094,P2094_T2,P2094_T2_3,3,condition_removed,Not Enough Evidence,Not Enough Evidence
P2094,P2094_T2,P2094_T2_4,4,supported,Supported,Supported
P2094,P2094_T2,P2094_T2_5,5,condition_contradicted,Not Supported,Not Enough Evidence
P2097,P2097_T1,P2097_T1_1,1,relation_contradicted,Not Supported,Not Supported
P2097,P2097_T1,P2097_T1_2,2,condition_replaced,Not Enough Evidence,Not Enough Evidence
P2097,P2097_T1,P2097_T1_3,3,condition_removed,Not Enough Evidence,Not Enough Evidence
P2097,P2097_T1,P2097_T1_4,4,supported,Supported,Supported
P2097,P2097_T1,P2097_T1_5,5,condition_contradicted,Not Supported,Not Supported
P2097,P2097_T2,P2097_T2_1,1,relation_contradicted,Not Supported,Not Supported
P2097,P2097_T2,P2097_T2_2,2,condition_replaced,Not Enough Evidence,Not Enough Evidence
P2097,P2097_T2,P2097_T2_3,3,condition_removed,Not Enough Evidence,Not Enough Evidence
P2097,P2097_T2,P2097_T2_4,4,supported,Supported,Supported
P2097,P2097_T2,P2097_T2_5,5,condition_contradicted,Not Supported,Not Supported
P2097,P2097_T3,P2097_T3_1,1,relation_contradicted,Not Supported,Not Supported
P2097,P2097_T3,P2097_T3_2,2,condition_replaced,Not Enough Evidence,Not Enough Evidence
P2097,P2097_T3,P2097_T3_3,3,condition_removed,Not Enough Evidence,Not Enough Evidence
P2097,P2097_T3,P2097_T3_4,4,supported,Supported,Supported
P2097,P2097_T3,P2097_T3_5,5,condition_contradicted,Not Supported,Not Supported
P2106,P2106_T1,P2106_T1_1,1,relation_contradicted,Not Supported,Not Supported
P2106,P2106_T1,P2106_T1_2,2,condition_replaced,Not Enough Evidence,Not Enough Evidence
P2106,P2106_T1,P2106_T1_3,3,condition_removed,Not Enough Evidence,Not Enough Evidence
P2106,P2106_T1,P2106_T1_4,4,supported,Supported,Supported
P2106,P2106_T1,P2106_T1_5,5,condition_contradicted,Not Supported,Not Supported
P2106,P2106_T2,P2106_T2_1,1,relation_contradicted,Not Supported,Not Supported
P2106,P2106_T2,P2106_T2_2,2,condition_replaced,Not Enough Evidence,Not Enough Evidence
P2106,P2106_T2,P2106_T2_3,3,condition_removed,Not Enough Evidence,Not Enough Evidence
P2106,P2106_T2,P2106_T2_4,4,supported,Supported,Supported
P2106,P2106_T2,P2106_T2_5,5,condition_contradicted,Not Supported,Not Supported
P2106,P2106_T3,P2106_T3_1,1,relation_contradicted,Not Supported,Not Supported
P2106,P2106_T3,P2106_T3_2,2,condition_replaced,Not Enough Evidence,Not Enough Evidence
P2106,P2106_T3,P2106_T3_3,3,condition_removed,Not Enough Evidence,Not Enough Evidence
P2106,P2106_T3,P2106_T3_4,4,supported,Supported,Supported
P2106,P2106_T3,P2106_T3_5,5,condition_contradicted,Not Supported,Not Supported
P2110,P2110_T1,P2110_T1_1,1,relation_contradicted,Not Supported,Not Supported
P2110,P2110_T1,P2110_T1_2,2,condition_replaced,Not Enough Evidence,Not Enough Evidence
P2110,P2110_T1,P2110_T1_3,3,condition_removed,Not Enough Evidence,Not Enough Evidence
P2110,P2110_T1,P2110_T1_4,4,supported,Supported,Supported
P2110,P2110_T1,P2110_T1_5,5,condition_contradicted,Not Supported,Not Supported
P2110,P2110_T2,P2110_T2_1,1,relation_contradicted,Not Supported,Not Supported
P2110,P2110_T2,P2110_T2_2,2,condition_replaced,Not Enough Evidence,Not Enough Evidence
P2110,P2110_T2,P2110_T2_3,3,condition_removed,Not Enough Evidence,Not Enough Evidence
P2110,P2110_T2,P2110_T2_4,4,supported,Supported,Supported
P2110,P2110_T2,P2110_T2_5,5,condition_contradicted,Not Supported,Not Supported
P2110,P2110_T3,P2110_T3_1,1,relation_contradicted,Not Supported,Not Supported
P2110,P2110_T3,P2110_T3_2,2,condition_replaced,Not Enough Evidence,Not Enough Evidence
P2110,P2110_T3,P2110_T3_3,3,condition_removed,Not Enough Evidence,Not Enough Evidence
P2110,P2110_T3,P2110_T3_4,4,supported,Supported,Supported
P2110,P2110_T3,P2110_T3_5,5,condition_contradicted,Not Supported,Not Supported
P2113,P2113_T1,P2113_T1_1,1,relation_contradicted,Not Supported,Not Supported
P2113,P2113_T1,P2113_T1_2,2,condition_replaced,Not Enough Evidence,Not Enough Evidence
P2113,P2113_T1,P2113_T1_3,3,condition_removed,Not Enough Evidence,Not Enough Evidence
P2113,P2113_T1,P2113_T1_4,4,supported,Supported,Supported
P2113,P2113_T1,P2113_T1_5,5,condition_contradicted,Not Supported,Not Supported
P2113,P2113_T2,P2113_T2_1,1,relation_contradicted,Not Supported,Not Supported
P2113,P2113_T2,P2113_T2_2,2,condition_replaced,Not Enough Evidence,Not Enough Evidence
P2113,P2113_T2,P2113_T2_3,3,condition_removed,Not Enough Evidence,Not Enough Evidence
P2113,P2113_T2,P2113_T2_4,4,supported,Supported,Supported
P2113,P2113_T2,P2113_T2_5,5,condition_contradicted,Not Supported,Not Supported
P2113,P2113_T3,P2113_T3_1,1,relation_contradicted,Not Supported,Not Supported
P2113,P2113_T3,P2113_T3_2,2,condition_replaced,Not Enough Evidence,Not Enough Evidence
P2113,P2113_T3,P2113_T3_3,3,condition_removed,Not Enough Evidence,Not Enough Evidence
P2113,P2113_T3,P2113_T3_4,4,supported,Supported,Not Supported
P2113,P2113_T3,P2113_T3_5,5,condition_contradicted,Not Supported,Not Supported
P2121,P2121_T1,P2121_T1_1,1,relation_contradicted,Not Supported,Not Supported
P2121,P2121_T1,P2121_T1_2,2,condition_replaced,Not Enough Evidence,Not Enough Evidence
P2121,P2121_T1,P2121_T1_3,3,condition_removed,Not Enough Evidence,Not Enough Evidence
P2121,P2121_T1,P2121_T1_4,4,supported,Supported,Supported
P2121,P2121_T1,P2121_T1_5,5,condition_contradicted,Not Supported,Not Supported
P2121,P2121_T2,P2121_T2_1,1,relation_contradicted,Not Supported,Not Supported
P2121,P2121_T2,P2121_T2_2,2,condition_replaced,Not Enough Evidence,Not Enough Evidence
P2121,P2121_T2,P2121_T2_3,3,condition_removed,Not Enough Evidence,Not Enough Evidence
P2121,P2121_T2,P2121_T2_4,4,supported,Supported,Supported
P2121,P2121_T2,P2121_T2_5,5,condition_contradicted,Not Supported,Not Supported
P2121,P2121_T3,P2121_T3_1,1,relation_contradicted,Not Supported,Supported
P2121,P2121_T3,P2121_T3_2,2,condition_replaced,Not Enough Evidence,Not Enough Evidence
P2121,P2121_T3,P2121_T3_3,3,condition_removed,Not Enough Evidence,Not Enough Evidence
P2121,P2121_T3,P2121_T3_4,4,supported,Supported,Supported
P2121,P2121_T3,P2121_T3_5,5,condition_contradicted,Not Supported,Not Supported
P2126,P2126_T1,P2126_T1_1,1,relation_contradicted,Not Supported,Not Supported
P2126,P2126_T1,P2126_T1_2,2,condition_replaced,Not Enough Evidence,Not Enough Evidence
P2126,P2126_T1,P2126_T1_3,3,condition_removed,Not Enough Evidence,Not Enough Evidence
P2126,P2126_T1,P2126_T1_4,4,supported,Supported,Supported
P2126,P2126_T1,P2126_T1_5,5,condition_contradicted,Not Supported,Not Supported
P2126,P2126_T2,P2126_T2_1,1,relation_contradicted,Not Supported,Not Supported
P2126,P2126_T2,P2126_T2_2,2,condition_replaced,Not Enough Evidence,Not Enough Evidence
P2126,P2126_T2,P2126_T2_3,3,condition_removed,Not Enough Evidence,Not Enough Evidence
P2126,P2126_T2,P2126_T2_4,4,supported,Supported,Supported
P2126,P2126_T2,P2126_T2_5,5,condition_contradicted,Not Supported,Not Supported
P2127,P2127_T1,P2127_T1_1,1,relation_contradicted,Not Supported,Not Supported
P2127,P2127_T1,P2127_T1_2,2,condition_replaced,Not Enough Evidence,Not Enough Evidence
P2127,P2127_T1,P2127_T1_3,3,condition_removed,Not Enough Evidence,Not Enough Evidence
P2127,P2127_T1,P2127_T1_4,4,supported,Supported,Supported
P2127,P2127_T1,P2127_T1_5,5,condition_contradicted,Not Supported,Not Supported
P2127,P2127_T2,P2127_T2_1,1,relation_contradicted,Not Supported,Not Supported
P2127,P2127_T2,P2127_T2_2,2,condition_replaced,Not Enough Evidence,Not Enough Evidence
P2127,P2127_T2,P2127_T2_3,3,condition_removed,Not Enough Evidence,Not Enough Evidence
P2127,P2127_T2,P2127_T2_4,4,supported,Supported,Supported
P2127,P2127_T2,P2127_T2_5,5,condition_contradicted,Not Supported,Not Supported
P2128,P2128_T1,P2128_T1_1,1,relation_contradicted,Not Supported,Not Supported
P2128,P2128_T1,P2128_T1_2,2,condition_replaced,Not Enough Evidence,Not Enough Evidence
P2128,P2128_T1,P2128_T1_3,3,condition_removed,Not Enough Evidence,Not Enough Evidence
P2128,P2128_T1,P2128_T1_4,4,supported,Supported,Supported
P2128,P2128_T1,P2128_T1_5,5,condition_contradicted,Not Supported,Not Supported
P2128,P2128_T2,P2128_T2_1,1,relation_contradicted,Not Supported,Not Supported
P2128,P2128_T2,P2128_T2_2,2,condition_replaced,Not Enough Evidence,Not Enough Evidence
P2128,P2128_T2,P2128_T2_3,3,condition_removed,Not Enough Evidence,Not Enough Evidence
P2128,P2128_T2,P2128_T2_4,4,supported,Supported,Supported
P2128,P2128_T2,P2128_T2_5,5,condition_contradicted,Not Supported,Not Supported
P2133,P2133_T1,P2133_T1_1,1,relation_contradicted,Not Supported,Not Supported
P2133,P2133_T1,P2133_T1_2,2,condition_replaced,Not Enough Evidence,Not Enough Evidence
P2133,P2133_T1,P2133_T1_3,3,condition_removed,Not Enough Evidence,Not Enough Evidence
P2133,P2133_T1,P2133_T1_4,4,supported,Supported,Supported
P2133,P2133_T1,P2133_T1_5,5,condition_contradicted,Not Supported,Not Supported
P2133,P2133_T2,P2133_T2_1,1,relation_contradicted,Not Supported,Not Supported
P2133,P2133_T2,P2133_T2_2,2,condition_replaced,Not Enough Evidence,Not Enough Evidence
P2133,P2133_T2,P2133_T2_3,3,condition_removed,Not Enough Evidence,Not Enough Evidence
P2133,P2133_T2,P2133_T2_4,4,supported,Supported,Supported
P2133,P2133_T2,P2133_T2_5,5,condition_contradicted,Not Supported,Not Supported
P2135,P2135_T1,P2135_T1_1,1,relation_contradicted,Not Supported,Not Supported
P2135,P2135_T1,P2135_T1_2,2,condition_replaced,Not Enough Evidence,Not Enough Evidence
P2135,P2135_T1,P2135_T1_3,3,condition_removed,Not Enough Evidence,Not Enough Evidence
P2135,P2135_T1,P2135_T1_4,4,supported,Supported,Supported
P2135,P2135_T1,P2135_T1_5,5,condition_contradicted,Not Supported,Not Supported
P2135,P2135_T2,P2135_T2_1,1,relation_contradicted,Not Supported,Not Supported
P2135,P2135_T2,P2135_T2_2,2,condition_replaced,Not Enough Evidence,Not Enough Evidence
P2135,P2135_T2,P2135_T2_3,3,condition_removed,Not Enough Evidence,Not Enough Evidence
P2135,P2135_T2,P2135_T2_4,4,supported,Supported,Supported
P2135,P2135_T2,P2135_T2_5,5,condition_contradicted,Not Supported,Not Supported
P2142,P2142_T1,P2142_T1_1,1,relation_contradicted,Not Supported,Not Supported
P2142,P2142_T1,P2142_T1_2,2,condition_replaced,Not Enough Evidence,Not Enough Evidence
P2142,P2142_T1,P2142_T1_3,3,condition_removed,Not Enough Evidence,Not Enough Evidence
P2142,P2142_T1,P2142_T1_4,4,supported,Supported,Supported
P2142,P2142_T1,P2142_T1_5,5,condition_contradicted,Not Supported,Not Supported
P2142,P2142_T2,P2142_T2_1,1,relation_contradicted,Not Supported,Not Supported
P2142,P2142_T2,P2142_T2_2,2,condition_replaced,Not Enough Evidence,Not Enough Evidence
P2142,P2142_T2,P2142_T2_3,3,condition_removed,Not Enough Evidence,Not Enough Evidence
P2142,P2142_T2,P2142_T2_4,4,supported,Supported,Supported
P2142,P2142_T2,P2142_T2_5,5,condition_contradicted,Not Supported,Not Supported
P2145,P2145_T1,P2145_T1_1,1,relation_contradicted,Not Supported,Not Supported
P2145,P2145_T1,P2145_T1_2,2,condition_replaced,Not Enough Evidence,Not Enough Evidence
P2145,P2145_T1,P2145_T1_3,3,condition_removed,Not Enough Evidence,Not Enough Evidence
P2145,P2145_T1,P2145_T1_4,4,supported,Supported,Supported
P2145,P2145_T1,P2145_T1_5,5,condition_contradicted,Not Supported,Not Supported
P2145,P2145_T2,P2145_T2_1,1,relation_contradicted,Not Supported,Not Supported
P2145,P2145_T2,P2145_T2_2,2,condition_replaced,Not Enough Evidence,Not Enough Evidence
P2145,P2145_T2,P2145_T2_3,3,condition_removed,Not Enough Evidence,Not Enough Evidence
P2145,P2145_T2,P2145_T2_4,4,supported,Supported,Supported
P2145,P2145_T2,P2145_T2_5,5,condition_contradicted,Not Supported,Not Supported
P2155,P2155_T1,P2155_T1_1,1,relation_contradicted,Not Supported,Not Supported
P2155,P2155_T1,P2155_T1_2,2,condition_replaced,Not Enough Evidence,Not Enough Evidence
P2155,P2155_T1,P2155_T1_3,3,condition_removed,Not Enough Evidence,Not Enough Evidence
P2155,P2155_T1,P2155_T1_4,4,supported,Supported,Supported
P2155,P2155_T1,P2155_T1_5,5,condition_contradicted,Not Supported,Not Supported
P2155,P2155_T2,P2155_T2_1,1,relation_contradicted,Not Supported,Not Supported
P2155,P2155_T2,P2155_T2_2,2,condition_replaced,Not Enough Evidence,Not Enough Evidence
P2155,P2155_T2,P2155_T2_3,3,condition_removed,Not Enough Evidence,Not Enough Evidence
P2155,P2155_T2,P2155_T2_4,4,supported,Supported,Supported
P2155,P2155_T2,P2155_T2_5,5,condition_contradicted,Not Supported,Not Supported
P2157,P2157_T1,P2157_T1_1,1,relation_contradicted,Not Supported,Not Supported
P2157,P2157_T1,P2157_T1_2,2,condition_replaced,Not Enough Evidence,Not Enough Evidence
P2157,P2157_T1,P2157_T1_3,3,condition_removed,Not Enough Evidence,Not Enough Evidence
P2157,P2157_T1,P2157_T1_4,4,supported,Supported,Supported
P2157,P2157_T1,P2157_T1_5,5,condition_contradicted,Not Supported,Not Enough Evidence
P2157,P2157_T2,P2157_T2_1,1,relation_contradicted,Not Supported,Not Supported
P2157,P2157_T2,P2157_T2_2,2,condition_replaced,Not Enough Evidence,Not Enough Evidence
P2157,P2157_T2,P2157_T2_3,3,condition_removed,Not Enough Evidence,Not Enough Evidence
P2157,P2157_T2,P2157_T2_4,4,supported,Supported,Supported
P2157,P2157_T2,P2157_T2_5,5,condition_contradicted,Not Supported,Not Supported
P2158,P2158_T1,P2158_T1_1,1,relation_contradicted,Not Supported,Not Supported
P2158,P2158_T1,P2158_T1_2,2,condition_replaced,Not Enough Evidence,Not Enough Evidence
P2158,P2158_T1,P2158_T1_3,3,condition_removed,Not Enough Evidence,Not Enough Evidence
P2158,P2158_T1,P2158_T1_4,4,supported,Supported,Supported
P2158,P2158_T1,P2158_T1_5,5,condition_contradicted,Not Supported,Not Supported
P2158,P2158_T2,P2158_T2_1,1,relation_contradicted,Not Supported,Not Supported
P2158,P2158_T2,P2158_T2_2,2,condition_replaced,Not Enough Evidence,Not Enough Evidence
P2158,P2158_T2,P2158_T2_3,3,condition_removed,Not Enough Evidence,Not Enough Evidence
P2158,P2158_T2,P2158_T2_4,4,supported,Supported,Supported
P2158,P2158_T2,P2158_T2_5,5,condition_contradicted,Not Supported,Not Supported
P2159,P2159_T1,P2159_T1_1,1,relation_contradicted,Not Supported,Supported
P2159,P2159_T1,P2159_T1_2,2,condition_replaced,Not Enough Evidence,Not Enough Evidence
P2159,P2159_T1,P2159_T1_3,3,condition_removed,Not Enough Evidence,Not Enough Evidence
P2159,P2159_T1,P2159_T1_4,4,supported,Supported,Supported
P2159,P2159_T1,P2159_T1_5,5,condition_contradicted,Not Supported,Not Supported
P2159,P2159_T2,P2159_T2_1,1,relation_contradicted,Not Supported,Not Supported
P2159,P2159_T2,P2159_T2_2,2,condition_replaced,Not Enough Evidence,Not Enough Evidence
P2159,P2159_T2,P2159_T2_3,3,condition_removed,Not Enough Evidence,Not Enough Evidence
P2159,P2159_T2,P2159_T2_4,4,supported,Supported,Supported
P2159,P2159_T2,P2159_T2_5,5,condition_contradicted,Not Supported,Not Supported
P2162,P2162_T1,P2162_T1_1,1,relation_contradicted,Not Supported,Not Supported
P2162,P2162_T1,P2162_T1_2,2,condition_replaced,Not Enough Evidence,Not Enough Evidence
P2162,P2162_T1,P2162_T1_3,3,condition_removed,Not Enough Evidence,Not Enough Evidence
P2162,P2162_T1,P2162_T1_4,4,supported,Supported,Supported
P2162,P2162_T1,P2162_T1_5,5,condition_contradicted,Not Supported,Not Supported
P2162,P2162_T2,P2162_T2_1,1,relation_contradicted,Not Supported,Not Supported
P2162,P2162_T2,P2162_T2_2,2,condition_replaced,Not Enough Evidence,Not Enough Evidence
P2162,P2162_T2,P2162_T2_3,3,condition_removed,Not Enough Evidence,Not Enough Evidence
P2162,P2162_T2,P2162_T2_4,4,supported,Supported,Supported
P2162,P2162_T2,P2162_T2_5,5,condition_contradicted,Not Supported,Not Supported
P2166,P2166_T1,P2166_T1_1,1,relation_contradicted,Not Supported,Not Supported
P2166,P2166_T1,P2166_T1_2,2,condition_replaced,Not Enough Evidence,Not Enough Evidence
P2166,P2166_T1,P2166_T1_3,3,condition_removed,Not Enough Evidence,Not Enough Evidence
P2166,P2166_T1,P2166_T1_4,4,supported,Supported,Supported
P2166,P2166_T1,P2166_T1_5,5,condition_contradicted,Not Supported,Not Supported
P2166,P2166_T2,P2166_T2_1,1,relation_contradicted,Not Supported,Not Supported
P2166,P2166_T2,P2166_T2_2,2,condition_replaced,Not Enough Evidence,Not Enough Evidence
P2166,P2166_T2,P2166_T2_3,3,condition_removed,Not Enough Evidence,Not Enough Evidence
P2166,P2166_T2,P2166_T2_4,4,supported,Supported,Supported
P2166,P2166_T2,P2166_T2_5,5,condition_contradicted,Not Supported,Not Supported
P2167,P2167_T1,P2167_T1_1,1,relation_contradicted,Not Supported,Not Supported
P2167,P2167_T1,P2167_T1_2,2,condition_replaced,Not Enough Evidence,Not Enough Evidence
P2167,P2167_T1,P2167_T1_3,3,condition_removed,Not Enough Evidence,Not Enough Evidence
P2167,P2167_T1,P2167_T1_4,4,supported,Supported,Supported
P2167,P2167_T1,P2167_T1_5,5,condition_contradicted,Not Supported,Not Supported
P2167,P2167_T2,P2167_T2_1,1,relation_contradicted,Not Supported,Supported
P2167,P2167_T2,P2167_T2_2,2,condition_replaced,Not Enough Evidence,Not Enough Evidence
P2167,P2167_T2,P2167_T2_3,3,condition_removed,Not Enough Evidence,Not Enough Evidence
P2167,P2167_T2,P2167_T2_4,4,supported,Supported,Supported
P2167,P2167_T2,P2167_T2_5,5,condition_contradicted,Not Supported,Not Supported
P2174,P2174_T1,P2174_T1_1,1,relation_contradicted,Not Supported,Not Supported
P2174,P2174_T1,P2174_T1_2,2,condition_replaced,Not Enough Evidence,Not Enough Evidence
P2174,P2174_T1,P2174_T1_3,3,condition_removed,Not Enough Evidence,Not Enough Evidence
P2174,P2174_T1,P2174_T1_4,4,supported,Supported,Supported
P2174,P2174_T1,P2174_T1_5,5,condition_contradicted,Not Supported,Not Supported
P2174,P2174_T2,P2174_T2_1,1,relation_contradicted,Not Supported,Not Supported
P2174,P2174_T2,P2174_T2_2,2,condition_replaced,Not Enough Evidence,Not Enough Evidence
P2174,P2174_T2,P2174_T2_3,3,condition_removed,Not Enough Evidence,Not Enough Evidence
P2174,P2174_T2,P2174_T2_4,4,supported,Supported,Supported
P2174,P2174_T2,P2174_T2_5,5,condition_contradicted,Not Supported,Not Supported
P2174,P2174_T3,P2174_T3_1,1,relation_contradicted,Not Supported,Not Supported
P2174,P2174_T3,P2174_T3_2,2,condition_replaced,Not Enough Evidence,Not Enough Evidence
P2174,P2174_T3,P2174_T3_3,3,condition_removed,Not Enough Evidence,Not Enough Evidence
P2174,P2174_T3,P2174_T3_4,4,supported,Supported,Supported
P2174,P2174_T3,P2174_T3_5,5,condition_contradicted,Not Supported,Not Supported
P2176,P2176_T1,P2176_T1_1,1,relation_contradicted,Not Supported,Not Supported
P2176,P2176_T1,P2176_T1_2,2,condition_replaced,Not Enough Evidence,Not Enough Evidence
P2176,P2176_T1,P2176_T1_3,3,condition_removed,Not Enough Evidence,Not Enough Evidence
P2176,P2176_T1,P2176_T1_4,4,supported,Supported,Supported
P2176,P2176_T1,P2176_T1_5,5,condition_contradicted,Not Supported,Not Supported
P2176,P2176_T2,P2176_T2_1,1,relation_contradicted,Not Supported,Not Supported
P2176,P2176_T2,P2176_T2_2,2,condition_replaced,Not Enough Evidence,Not Enough Evidence
P2176,P2176_T2,P2176_T2_3,3,condition_removed,Not Enough Evidence,Not Enough Evidence
P2176,P2176_T2,P2176_T2_4,4,supported,Supported,Supported
P2176,P2176_T2,P2176_T2_5,5,condition_contradicted,Not Supported,Not Supported
P2179,P2179_T1,P2179_T1_1,1,relation_contradicted,Not Supported,Not Supported
P2179,P2179_T1,P2179_T1_2,2,condition_replaced,Not Enough Evidence,Not Enough Evidence
P2179,P2179_T1,P2179_T1_3,3,condition_removed,Not Enough Evidence,Not Enough Evidence
P2179,P2179_T1,P2179_T1_4,4,supported,Supported,Supported
P2179,P2179_T1,P2179_T1_5,5,condition_contradicted,Not Supported,Not Supported
P2179,P2179_T2,P2179_T2_1,1,relation_contradicted,Not Supported,Not Supported
P2179,P2179_T2,P2179_T2_2,2,condition_replaced,Not Enough Evidence,Not Enough Evidence
P2179,P2179_T2,P2179_T2_3,3,condition_removed,Not Enough Evidence,Not Enough Evidence
P2179,P2179_T2,P2179_T2_4,4,supported,Supported,Supported
P2179,P2179_T2,P2179_T2_5,5,condition_contradicted,Not Supported,Not Supported
P2181,P2181_T1,P2181_T1_1,1,relation_contradicted,Not Supported,Not Supported
P2181,P2181_T1,P2181_T1_2,2,condition_replaced,Not Enough Evidence,Not Enough Evidence
P2181,P2181_T1,P2181_T1_3,3,condition_removed,Not Enough Evidence,Not Enough Evidence
P2181,P2181_T1,P2181_T1_4,4,supported,Supported,Supported
P2181,P2181_T1,P2181_T1_5,5,condition_contradicted,Not Supported,Not Supported
P2181,P2181_T2,P2181_T2_1,1,relation_contradicted,Not Supported,Not Supported
P2181,P2181_T2,P2181_T2_2,2,condition_replaced,Not Enough Evidence,Not Enough Evidence
P2181,P2181_T2,P2181_T2_3,3,condition_removed,Not Enough Evidence,Not Enough Evidence
P2181,P2181_T2,P2181_T2_4,4,supported,Supported,Supported
P2181,P2181_T2,P2181_T2_5,5,condition_contradicted,Not Supported,Not Supported
P2182,P2182_T1,P2182_T1_1,1,relation_contradicted,Not Supported,Not Supported
P2182,P2182_T1,P2182_T1_2,2,condition_replaced,Not Enough Evidence,Not Enough Evidence
P2182,P2182_T1,P2182_T1_3,3,condition_removed,Not Enough Evidence,Not Enough Evidence
P2182,P2182_T1,P2182_T1_4,4,supported,Supported,Supported
P2182,P2182_T1,P2182_T1_5,5,condition_contradicted,Not Supported,Not Supported
P2182,P2182_T2,P2182_T2_1,1,relation_contradicted,Not Supported,Not Supported
P2182,P2182_T2,P2182_T2_2,2,condition_replaced,Not Enough Evidence,Not Enough Evidence
P2182,P2182_T2,P2182_T2_3,3,condition_removed,Not Enough Evidence,Not Enough Evidence
P2182,P2182_T2,P2182_T2_4,4,supported,Supported,Supported
P2182,P2182_T2,P2182_T2_5,5,condition_contradicted,Not Supported,Not Supported
P2183,P2183_T1,P2183_T1_1,1,relation_contradicted,Not Supported,Not Supported
P2183,P2183_T1,P2183_T1_2,2,condition_replaced,Not Enough Evidence,Not Enough Evidence
P2183,P2183_T1,P2183_T1_3,3,condition_removed,Not Enough Evidence,Not Enough Evidence
P2183,P2183_T1,P2183_T1_4,4,supported,Supported,Supported
P2183,P2183_T1,P2183_T1_5,5,condition_contradicted,Not Supported,Not Supported
P2183,P2183_T2,P2183_T2_1,1,relation_contradicted,Not Supported,Not Supported
P2183,P2183_T2,P2183_T2_2,2,condition_replaced,Not Enough Evidence,Not Enough Evidence
P2183,P2183_T2,P2183_T2_3,3,condition_removed,Not Enough Evidence,Not Enough Evidence
P2183,P2183_T2,P2183_T2_4,4,supported,Supported,Supported
P2183,P2183_T2,P2183_T2_5,5,condition_contradicted,Not Supported,Not Supported
P2185,P2185_T1,P2185_T1_1,1,relation_contradicted,Not Supported,Not Supported
P2185,P2185_T1,P2185_T1_2,2,condition_replaced,Not Enough Evidence,Not Enough Evidence
P2185,P2185_T1,P2185_T1_3,3,condition_removed,Not Enough Evidence,Not Enough Evidence
P2185,P2185_T1,P2185_T1_4,4,supported,Supported,Supported
P2185,P2185_T1,P2185_T1_5,5,condition_contradicted,Not Supported,Not Supported
P2185,P2185_T2,P2185_T2_1,1,relation_contradicted,Not Supported,Not Supported
P2185,P2185_T2,P2185_T2_2,2,condition_replaced,Not Enough Evidence,Not Enough Evidence
P2185,P2185_T2,P2185_T2_3,3,condition_removed,Not Enough Evidence,Not Enough Evidence
P2185,P2185_T2,P2185_T2_4,4,supported,Supported,Supported
P2185,P2185_T2,P2185_T2_5,5,condition_contradicted,Not Supported,Not Supported
P2186,P2186_T1,P2186_T1_1,1,relation_contradicted,Not Supported,Not Supported
P2186,P2186_T1,P2186_T1_2,2,condition_replaced,Not Enough Evidence,Not Enough Evidence
P2186,P2186_T1,P2186_T1_3,3,condition_removed,Not Enough Evidence,Not Enough Evidence
P2186,P2186_T1,P2186_T1_4,4,supported,Supported,Supported
P2186,P2186_T1,P2186_T1_5,5,condition_contradicted,Not Supported,Not Supported
P2186,P2186_T2,P2186_T2_1,1,relation_contradicted,Not Supported,Not Supported
P2186,P2186_T2,P2186_T2_2,2,condition_replaced,Not Enough Evidence,Not Enough Evidence
P2186,P2186_T2,P2186_T2_3,3,condition_removed,Not Enough Evidence,Not Enough Evidence
P2186,P2186_T2,P2186_T2_4,4,supported,Supported,Supported
P2186,P2186_T2,P2186_T2_5,5,condition_contradicted,Not Supported,Not Supported
P2187,P2187_T1,P2187_T1_1,1,relation_contradicted,Not Supported,Not Supported
P2187,P2187_T1,P2187_T1_2,2,condition_replaced,Not Enough Evidence,Not Enough Evidence
P2187,P2187_T1,P2187_T1_3,3,condition_removed,Not Enough Evidence,Not Enough Evidence
P2187,P2187_T1,P2187_T1_4,4,supported,Supported,Supported
P2187,P2187_T1,P2187_T1_5,5,condition_contradicted,Not Supported,Not Supported
P2187,P2187_T2,P2187_T2_1,1,relation_contradicted,Not Supported,Not Supported
P2187,P2187_T2,P2187_T2_2,2,condition_replaced,Not Enough Evidence,Not Enough Evidence
P2187,P2187_T2,P2187_T2_3,3,condition_removed,Not Enough Evidence,Not Enough Evidence
P2187,P2187_T2,P2187_T2_4,4,supported,Supported,Supported
P2187,P2187_T2,P2187_T2_5,5,condition_contradicted,Not Supported,Not Supported
P2188,P2188_T1,P2188_T1_1,1,relation_contradicted,Not Supported,Not Supported
P2188,P2188_T1,P2188_T1_2,2,condition_replaced,Not Enough Evidence,Not Enough Evidence
P2188,P2188_T1,P2188_T1_3,3,condition_removed,Not Enough Evidence,Not Enough Evidence
P2188,P2188_T1,P2188_T1_4,4,supported,Supported,Supported
P2188,P2188_T1,P2188_T1_5,5,condition_contradicted,Not Supported,Not Supported
P2188,P2188_T2,P2188_T2_1,1,relation_contradicted,Not Supported,Not Supported
P2188,P2188_T2,P2188_T2_2,2,condition_replaced,Not Enough Evidence,Not Enough Evidence
P2188,P2188_T2,P2188_T2_3,3,condition_removed,Not Enough Evidence,Not Enough Evidence
P2188,P2188_T2,P2188_T2_4,4,supported,Supported,Supported
P2188,P2188_T2,P2188_T2_5,5,condition_contradicted,Not Supported,Not Supported
P2191,P2191_T1,P2191_T1_1,1,relation_contradicted,Not Supported,Not Supported
P2191,P2191_T1,P2191_T1_2,2,condition_replaced,Not Enough Evidence,Not Enough Evidence
P2191,P2191_T1,P2191_T1_3,3,condition_removed,Not Enough Evidence,Not Enough Evidence
P2191,P2191_T1,P2191_T1_4,4,supported,Supported,Supported
P2191,P2191_T1,P2191_T1_5,5,condition_contradicted,Not Supported,Not Supported
P2191,P2191_T2,P2191_T2_1,1,relation_contradicted,Not Supported,Not Supported
P2191,P2191_T2,P2191_T2_2,2,condition_replaced,Not Enough Evidence,Not Enough Evidence
P2191,P2191_T2,P2191_T2_3,3,condition_removed,Not Enough Evidence,Not Enough Evidence
P2191,P2191_T2,P2191_T2_4,4,supported,Supported,Supported
P2191,P2191_T2,P2191_T2_5,5,condition_contradicted,Not Supported,Not Supported
P2198,P2198_T1,P2198_T1_1,1,relation_contradicted,Not Supported,Not Supported
P2198,P2198_T1,P2198_T1_2,2,condition_replaced,Not Enough Evidence,Not Enough Evidence
P2198,P2198_T1,P2198_T1_3,3,condition_removed,Not Enough Evidence,Not Enough Evidence
P2198,P2198_T1,P2198_T1_4,4,supported,Supported,Supported
P2198,P2198_T1,P2198_T1_5,5,condition_contradicted,Not Supported,Not Supported
P2198,P2198_T2,P2198_T2_1,1,relation_contradicted,Not Supported,Not Supported
P2198,P2198_T2,P2198_T2_2,2,condition_replaced,Not Enough Evidence,Not Enough Evidence
P2198,P2198_T2,P2198_T2_3,3,condition_removed,Not Enough Evidence,Not Enough Evidence
P2198,P2198_T2,P2198_T2_4,4,supported,Supported,Supported
P2198,P2198_T2,P2198_T2_5,5,condition_contradicted,Not Supported,Not Supported
P2198,P2198_T3,P2198_T3_1,1,relation_contradicted,Not Supported,Not Supported
P2198,P2198_T3,P2198_T3_2,2,condition_replaced,Not Enough Evidence,Not Enough Evidence
P2198,P2198_T3,P2198_T3_3,3,condition_removed,Not Enough Evidence,Not Enough Evidence
P2198,P2198_T3,P2198_T3_4,4,supported,Supported,Supported
P2198,P2198_T3,P2198_T3_5,5,condition_contradicted,Not Supported,Not Supported
P2200,P2200_T1,P2200_T1_1,1,relation_contradicted,Not Supported,Not Supported
P2200,P2200_T1,P2200_T1_2,2,condition_replaced,Not Enough Evidence,Not Enough Evidence
P2200,P2200_T1,P2200_T1_3,3,condition_removed,Not Enough Evidence,Not Enough Evidence
P2200,P2200_T1,P2200_T1_4,4,supported,Supported,Supported
P2200,P2200_T1,P2200_T1_5,5,condition_contradicted,Not Supported,Not Supported
P2200,P2200_T2,P2200_T2_1,1,relation_contradicted,Not Supported,Not Supported
P2200,P2200_T2,P2200_T2_2,2,condition_replaced,Not Enough Evidence,Not Enough Evidence
P2200,P2200_T2,P2200_T2_3,3,condition_removed,Not Enough Evidence,Not Enough Evidence
P2200,P2200_T2,P2200_T2_4,4,supported,Supported,Supported
P2200,P2200_T2,P2200_T2_5,5,condition_contradicted,Not Supported,Not Supported
P2200,P2200_T3,P2200_T3_1,1,relation_contradicted,Not Supported,Not Supported
P2200,P2200_T3,P2200_T3_2,2,condition_replaced,Not Enough Evidence,Not Enough Evidence
P2200,P2200_T3,P2200_T3_3,3,condition_removed,Not Enough Evidence,Not Enough Evidence
P2200,P2200_T3,P2200_T3_4,4,supported,Supported,Supported
P2200,P2200_T3,P2200_T3_5,5,condition_contradicted,Not Supported,Not Supported
P2203,P2203_T1,P2203_T1_1,1,relation_contradicted,Not Supported,Not Supported
P2203,P2203_T1,P2203_T1_2,2,condition_replaced,Not Enough Evidence,Not Enough Evidence
P2203,P2203_T1,P2203_T1_3,3,condition_removed,Not Enough Evidence,Not Enough Evidence
P2203,P2203_T1,P2203_T1_4,4,supported,Supported,Supported
P2203,P2203_T1,P2203_T1_5,5,condition_contradicted,Not Supported,Not Supported
P2203,P2203_T2,P2203_T2_1,1,relation_contradicted,Not Supported,Not Supported
P2203,P2203_T2,P2203_T2_2,2,condition_replaced,Not Enough Evidence,Not Enough Evidence
P2203,P2203_T2,P2203_T2_3,3,condition_removed,Not Enough Evidence,Not Enough Evidence
P2203,P2203_T2,P2203_T2_4,4,supported,Supported,Supported
P2203,P2203_T2,P2203_T2_5,5,condition_contradicted,Not Supported,Not Supported
P2210,P2210_T1,P2210_T1_1,1,relation_contradicted,Not Supported,Not Supported
P2210,P2210_T1,P2210_T1_2,2,condition_replaced,Not Enough Evidence,Not Enough Evidence
P2210,P2210_T1,P2210_T1_3,3,condition_removed,Not Enough Evidence,Not Enough Evidence
P2210,P2210_T1,P2210_T1_4,4,supported,Supported,Supported
P2210,P2210_T1,P2210_T1_5,5,condition_contradicted,Not Supported,Not Supported
P2210,P2210_T2,P2210_T2_1,1,relation_contradicted,Not Supported,Not Supported
P2210,P2210_T2,P2210_T2_2,2,condition_replaced,Not Enough Evidence,Not Enough Evidence
P2210,P2210_T2,P2210_T2_3,3,condition_removed,Not Enough Evidence,Not Enough Evidence
P2210,P2210_T2,P2210_T2_4,4,supported,Supported,Supported
P2210,P2210_T2,P2210_T2_5,5,condition_contradicted,Not Supported,Not Supported
P2213,P2213_T1,P2213_T1_1,1,relation_contradicted,Not Supported,Not Supported
P2213,P2213_T1,P2213_T1_2,2,condition_replaced,Not Enough Evidence,Not Enough Evidence
P2213,P2213_T1,P2213_T1_3,3,condition_removed,Not Enough Evidence,Not Enough Evidence
P2213,P2213_T1,P2213_T1_4,4,supported,Supported,Supported
P2213,P2213_T1,P2213_T1_5,5,condition_contradicted,Not Supported,Not Supported
P2213,P2213_T2,P2213_T2_1,1,relation_contradicted,Not Supported,Not Supported
P2213,P2213_T2,P2213_T2_2,2,condition_replaced,Not Enough Evidence,Not Enough Evidence
P2213,P2213_T2,P2213_T2_3,3,condition_removed,Not Enough Evidence,Not Enough Evidence
P2213,P2213_T2,P2213_T2_4,4,supported,Supported,Supported
P2213,P2213_T2,P2213_T2_5,5,condition_contradicted,Not Supported,Not Supported
P2214,P2214_T1,P2214_T1_1,1,relation_contradicted,Not Supported,Not Supported
P2214,P2214_T1,P2214_T1_2,2,condition_replaced,Not Enough Evidence,Not Enough Evidence
P2214,P2214_T1,P2214_T1_3,3,condition_removed,Not Enough Evidence,Not Enough Evidence
P2214,P2214_T1,P2214_T1_4,4,supported,Supported,Supported
P2214,P2214_T1,P2214_T1_5,5,condition_contradicted,Not Supported,Not Supported
P2214,P2214_T2,P2214_T2_1,1,relation_contradicted,Not Supported,Not Supported
P2214,P2214_T2,P2214_T2_2,2,condition_replaced,Not Enough Evidence,Not Enough Evidence
P2214,P2214_T2,P2214_T2_3,3,condition_removed,Not Enough Evidence,Not Enough Evidence
P2214,P2214_T2,P2214_T2_4,4,supported,Supported,Supported
P2214,P2214_T2,P2214_T2_5,5,condition_contradicted,Not Supported,Not Supported
P2217,P2217_T1,P2217_T1_1,1,relation_contradicted,Not Supported,Not Supported
P2217,P2217_T1,P2217_T1_2,2,condition_replaced,Not Enough Evidence,Not Supported
P2217,P2217_T1,P2217_T1_3,3,condition_removed,Not Enough Evidence,Not Enough Evidence
P2217,P2217_T1,P2217_T1_4,4,supported,Supported,Supported
P2217,P2217_T1,P2217_T1_5,5,condition_contradicted,Not Supported,Not Supported
P2217,P2217_T2,P2217_T2_1,1,relation_contradicted,Not Supported,Not Supported
P2217,P2217_T2,P2217_T2_2,2,condition_replaced,Not Enough Evidence,Not Enough Evidence
P2217,P2217_T2,P2217_T2_3,3,condition_removed,Not Enough Evidence,Not Enough Evidence
P2217,P2217_T2,P2217_T2_4,4,supported,Supported,Supported
P2217,P2217_T2,P2217_T2_5,5,condition_contradicted,Not Supported,Not Supported
P2218,P2218_T1,P2218_T1_1,1,relation_contradicted,Not Supported,Not Supported
P2218,P2218_T1,P2218_T1_2,2,condition_replaced,Not Enough Evidence,Not Enough Evidence
P2218,P2218_T1,P2218_T1_3,3,condition_removed,Not Enough Evidence,Not Enough Evidence
P2218,P2218_T1,P2218_T1_4,4,supported,Supported,Supported
P2218,P2218_T1,P2218_T1_5,5,condition_contradicted,Not Supported,Not Supported
P2218,P2218_T2,P2218_T2_1,1,relation_contradicted,Not Supported,Not Supported
P2218,P2218_T2,P2218_T2_2,2,condition_replaced,Not Enough Evidence,Not Enough Evidence
P2218,P2218_T2,P2218_T2_3,3,condition_removed,Not Enough Evidence,Not Enough Evidence
P2218,P2218_T2,P2218_T2_4,4,supported,Supported,Supported
P2218,P2218_T2,P2218_T2_5,5,condition_contradicted,Not Supported,Not Supported
P2221,P2221_T1,P2221_T1_1,1,relation_contradicted,Not Supported,Not Supported
P2221,P2221_T1,P2221_T1_2,2,condition_replaced,Not Enough Evidence,Not Enough Evidence
P2221,P2221_T1,P2221_T1_3,3,condition_removed,Not Enough Evidence,Not Enough Evidence
P2221,P2221_T1,P2221_T1_4,4,supported,Supported,Supported
P2221,P2221_T1,P2221_T1_5,5,condition_contradicted,Not Supported,Not Supported
P2221,P2221_T2,P2221_T2_1,1,relation_contradicted,Not Supported,Not Supported
P2221,P2221_T2,P2221_T2_2,2,condition_replaced,Not Enough Evidence,Not Enough Evidence
P2221,P2221_T2,P2221_T2_3,3,condition_removed,Not Enough Evidence,Not Enough Evidence
P2221,P2221_T2,P2221_T2_4,4,supported,Supported,Supported
P2221,P2221_T2,P2221_T2_5,5,condition_contradicted,Not Supported,Not Supported
P2221,P2221_T3,P2221_T3_1,1,relation_contradicted,Not Supported,Not Supported
P2221,P2221_T3,P2221_T3_2,2,condition_replaced,Not Enough Evidence,Not Enough Evidence
P2221,P2221_T3,P2221_T3_3,3,condition_removed,Not Enough Evidence,Not Enough Evidence
P2221,P2221_T3,P2221_T3_4,4,supported,Supported,Supported
P2221,P2221_T3,P2221_T3_5,5,condition_contradicted,Not Supported,Not Supported
P2222,P2222_T1,P2222_T1_1,1,relation_contradicted,Not Supported,Not Supported
P2222,P2222_T1,P2222_T1_2,2,condition_replaced,Not Enough Evidence,Not Enough Evidence
P2222,P2222_T1,P2222_T1_3,3,condition_removed,Not Enough Evidence,Not Enough Evidence
P2222,P2222_T1,P2222_T1_4,4,supported,Supported,Supported
P2222,P2222_T1,P2222_T1_5,5,condition_contradicted,Not Supported,Not Supported
P2222,P2222_T2,P2222_T2_1,1,relation_contradicted,Not Supported,Not Supported
P2222,P2222_T2,P2222_T2_2,2,condition_replaced,Not Enough Evidence,Not Enough Evidence
P2222,P2222_T2,P2222_T2_3,3,condition_removed,Not Enough Evidence,Not Enough Evidence
P2222,P2222_T2,P2222_T2_4,4,supported,Supported,Supported
P2222,P2222_T2,P2222_T2_5,5,condition_contradicted,Not Supported,Not Supported
P2222,P2222_T3,P2222_T3_1,1,relation_contradicted,Not Supported,Not Supported
P2222,P2222_T3,P2222_T3_2,2,condition_replaced,Not Enough Evidence,Not Enough Evidence
P2222,P2222_T3,P2222_T3_3,3,condition_removed,Not Enough Evidence,Not Enough Evidence
P2222,P2222_T3,P2222_T3_4,4,supported,Supported,Supported
P2222,P2222_T3,P2222_T3_5,5,condition_contradicted,Not Supported,Not Supported
P2224,P2224_T1,P2224_T1_1,1,relation_contradicted,Not Supported,Not Supported
P2224,P2224_T1,P2224_T1_2,2,condition_replaced,Not Enough Evidence,Not Enough Evidence
P2224,P2224_T1,P2224_T1_3,3,condition_removed,Not Enough Evidence,Not Enough Evidence
P2224,P2224_T1,P2224_T1_4,4,supported,Supported,Supported
P2224,P2224_T1,P2224_T1_5,5,condition_contradicted,Not Supported,Not Supported
P2224,P2224_T2,P2224_T2_1,1,relation_contradicted,Not Supported,Not Supported
P2224,P2224_T2,P2224_T2_2,2,condition_replaced,Not Enough Evidence,Not Enough Evidence
P2224,P2224_T2,P2224_T2_3,3,condition_removed,Not Enough Evidence,Not Enough Evidence
P2224,P2224_T2,P2224_T2_4,4,supported,Supported,Supported
P2224,P2224_T2,P2224_T2_5,5,condition_contradicted,Not Supported,Not Supported
P2224,P2224_T3,P2224_T3_1,1,relation_contradicted,Not Supported,Not Supported
P2224,P2224_T3,P2224_T3_2,2,condition_replaced,Not Enough Evidence,Not Enough Evidence
P2224,P2224_T3,P2224_T3_3,3,condition_removed,Not Enough Evidence,Not Enough Evidence
P2224,P2224_T3,P2224_T3_4,4,supported,Supported,Supported
P2224,P2224_T3,P2224_T3_5,5,condition_contradicted,Not Supported,Not Supported
P2226,P2226_T1,P2226_T1_1,1,relation_contradicted,Not Supported,Not Supported
P2226,P2226_T1,P2226_T1_2,2,condition_replaced,Not Enough Evidence,Not Enough Evidence
P2226,P2226_T1,P2226_T1_3,3,condition_removed,Not Enough Evidence,Not Enough Evidence
P2226,P2226_T1,P2226_T1_4,4,supported,Supported,Supported
P2226,P2226_T1,P2226_T1_5,5,condition_contradicted,Not Supported,Not Supported
P2226,P2226_T2,P2226_T2_1,1,relation_contradicted,Not Supported,Not Supported
P2226,P2226_T2,P2226_T2_2,2,condition_replaced,Not Enough Evidence,Not Enough Evidence
P2226,P2226_T2,P2226_T2_3,3,condition_removed,Not Enough Evidence,Not Enough Evidence
P2226,P2226_T2,P2226_T2_4,4,supported,Supported,Supported
P2226,P2226_T2,P2226_T2_5,5,condition_contradicted,Not Supported,Not Supported
P2226,P2226_T3,P2226_T3_1,1,relation_contradicted,Not Supported,Not Supported
P2226,P2226_T3,P2226_T3_2,2,condition_replaced,Not Enough Evidence,Not Enough Evidence
P2226,P2226_T3,P2226_T3_3,3,condition_removed,Not Enough Evidence,Not Enough Evidence
P2226,P2226_T3,P2226_T3_4,4,supported,Supported,Supported
P2226,P2226_T3,P2226_T3_5,5,condition_contradicted,Not Supported,Not Supported
P2227,P2227_T1,P2227_T1_1,1,relation_contradicted,Not Supported,Not Supported
P2227,P2227_T1,P2227_T1_2,2,condition_replaced,Not Enough Evidence,Not Enough Evidence
P2227,P2227_T1,P2227_T1_3,3,condition_removed,Not Enough Evidence,Not Enough Evidence
P2227,P2227_T1,P2227_T1_4,4,supported,Supported,Supported
P2227,P2227_T1,P2227_T1_5,5,condition_contradicted,Not Supported,Not Supported
P2227,P2227_T2,P2227_T2_1,1,relation_contradicted,Not Supported,Not Supported
P2227,P2227_T2,P2227_T2_2,2,condition_replaced,Not Enough Evidence,Not Enough Evidence
P2227,P2227_T2,P2227_T2_3,3,condition_removed,Not Enough Evidence,Not Enough Evidence
P2227,P2227_T2,P2227_T2_4,4,supported,Supported,Supported
P2227,P2227_T2,P2227_T2_5,5,condition_contradicted,Not Supported,Not Supported
P2227,P2227_T3,P2227_T3_1,1,relation_contradicted,Not Supported,Not Supported
P2227,P2227_T3,P2227_T3_2,2,condition_replaced,Not Enough Evidence,Not Enough Evidence
P2227,P2227_T3,P2227_T3_3,3,condition_removed,Not Enough Evidence,Not Enough Evidence
P2227,P2227_T3,P2227_T3_4,4,supported,Supported,Supported
P2227,P2227_T3,P2227_T3_5,5,condition_contradicted,Not Supported,Not Supported
P2228,P2228_T1,P2228_T1_1,1,relation_contradicted,Not Supported,Not Supported
P2228,P2228_T1,P2228_T1_2,2,condition_replaced,Not Enough Evidence,Not Enough Evidence
P2228,P2228_T1,P2228_T1_3,3,condition_removed,Not Enough Evidence,Not Enough Evidence
P2228,P2228_T1,P2228_T1_4,4,supported,Supported,Supported
P2228,P2228_T1,P2228_T1_5,5,condition_contradicted,Not Supported,Not Supported
P2228,P2228_T2,P2228_T2_1,1,relation_contradicted,Not Supported,Not Supported
P2228,P2228_T2,P2228_T2_2,2,condition_replaced,Not Enough Evidence,Not Enough Evidence
P2228,P2228_T2,P2228_T2_3,3,condition_removed,Not Enough Evidence,Not Enough Evidence
P2228,P2228_T2,P2228_T2_4,4,supported,Supported,Supported
P2228,P2228_T2,P2228_T2_5,5,condition_contradicted,Not Supported,Not Supported
P2228,P2228_T3,P2228_T3_1,1,relation_contradicted,Not Supported,Not Supported
P2228,P2228_T3,P2228_T3_2,2,condition_replaced,Not Enough Evidence,Not Enough Evidence
P2228,P2228_T3,P2228_T3_3,3,condition_removed,Not Enough Evidence,Not Enough Evidence
P2228,P2228_T3,P2228_T3_4,4,supported,Supported,Supported
P2228,P2228_T3,P2228_T3_5,5,condition_contradicted,Not Supported,Not Supported
P2230,P2230_T1,P2230_T1_1,1,relation_contradicted,Not Supported,Not Supported
P2230,P2230_T1,P2230_T1_2,2,condition_replaced,Not Enough Evidence,Not Enough Evidence
P2230,P2230_T1,P2230_T1_3,3,condition_removed,Not Enough Evidence,Not Enough Evidence
P2230,P2230_T1,P2230_T1_4,4,supported,Supported,Supported
P2230,P2230_T1,P2230_T1_5,5,condition_contradicted,Not Supported,Not Supported
P2230,P2230_T2,P2230_T2_1,1,relation_contradicted,Not Supported,Not Supported
P2230,P2230_T2,P2230_T2_2,2,condition_replaced,Not Enough Evidence,Not Enough Evidence
P2230,P2230_T2,P2230_T2_3,3,condition_removed,Not Enough Evidence,Not Enough Evidence
P2230,P2230_T2,P2230_T2_4,4,supported,Supported,Supported
P2230,P2230_T2,P2230_T2_5,5,condition_contradicted,Not Supported,Not Supported
P2230,P2230_T3,P2230_T3_1,1,relation_contradicted,Not Supported,Not Supported
P2230,P2230_T3,P2230_T3_2,2,condition_replaced,Not Enough Evidence,Not Enough Evidence
P2230,P2230_T3,P2230_T3_3,3,condition_removed,Not Enough Evidence,Not Enough Evidence
P2230,P2230_T3,P2230_T3_4,4,supported,Supported,Supported
P2230,P2230_T3,P2230_T3_5,5,condition_contradicted,Not Supported,Not Supported
P2231,P2231_T1,P2231_T1_1,1,relation_contradicted,Not Supported,Not Supported
P2231,P2231_T1,P2231_T1_2,2,condition_replaced,Not Enough Evidence,Not Enough Evidence
P2231,P2231_T1,P2231_T1_3,3,condition_removed,Not Enough Evidence,Not Enough Evidence
P2231,P2231_T1,P2231_T1_4,4,supported,Supported,Supported
P2231,P2231_T1,P2231_T1_5,5,condition_contradicted,Not Supported,Not Supported
P2231,P2231_T2,P2231_T2_1,1,relation_contradicted,Not Supported,Not Supported
P2231,P2231_T2,P2231_T2_2,2,condition_replaced,Not Enough Evidence,Not Enough Evidence
P2231,P2231_T2,P2231_T2_3,3,condition_removed,Not Enough Evidence,Not Enough Evidence
P2231,P2231_T2,P2231_T2_4,4,supported,Supported,Supported
P2231,P2231_T2,P2231_T2_5,5,condition_contradicted,Not Supported,Not Supported
P2231,P2231_T3,P2231_T3_1,1,relation_contradicted,Not Supported,Not Supported
P2231,P2231_T3,P2231_T3_2,2,condition_replaced,Not Enough Evidence,Not Enough Evidence
P2231,P2231_T3,P2231_T3_3,3,condition_removed,Not Enough Evidence,Not Enough Evidence
P2231,P2231_T3,P2231_T3_4,4,supported,Supported,Supported
P2231,P2231_T3,P2231_T3_5,5,condition_contradicted,Not Supported,Not Supported
P2233,P2233_T1,P2233_T1_1,1,relation_contradicted,Not Supported,Not Supported
P2233,P2233_T1,P2233_T1_2,2,condition_replaced,Not Enough Evidence,Not Enough Evidence
P2233,P2233_T1,P2233_T1_3,3,condition_removed,Not Enough Evidence,Not Enough Evidence
P2233,P2233_T1,P2233_T1_4,4,supported,Supported,Supported
P2233,P2233_T1,P2233_T1_5,5,condition_contradicted,Not Supported,Not Supported
P2233,P2233_T2,P2233_T2_1,1,relation_contradicted,Not Supported,Not Supported
P2233,P2233_T2,P2233_T2_2,2,condition_replaced,Not Enough Evidence,Not Enough Evidence
P2233,P2233_T2,P2233_T2_3,3,condition_removed,Not Enough Evidence,Not Enough Evidence
P2233,P2233_T2,P2233_T2_4,4,supported,Supported,Supported
P2233,P2233_T2,P2233_T2_5,5,condition_contradicted,Not Supported,Not Supported
P2233,P2233_T3,P2233_T3_1,1,relation_contradicted,Not Supported,Supported
P2233,P2233_T3,P2233_T3_2,2,condition_replaced,Not Enough Evidence,Not Enough Evidence
P2233,P2233_T3,P2233_T3_3,3,condition_removed,Not Enough Evidence,Not Enough Evidence
P2233,P2233_T3,P2233_T3_4,4,supported,Supported,Supported
P2233,P2233_T3,P2233_T3_5,5,condition_contradicted,Not Supported,Not Supported
P2234,P2234_T1,P2234_T1_1,1,relation_contradicted,Not Supported,Not Supported
P2234,P2234_T1,P2234_T1_2,2,condition_replaced,Not Enough Evidence,Not Enough Evidence
P2234,P2234_T1,P2234_T1_3,3,condition_removed,Not Enough Evidence,Not Enough Evidence
P2234,P2234_T1,P2234_T1_4,4,supported,Supported,Supported
P2234,P2234_T1,P2234_T1_5,5,condition_contradicted,Not Supported,Not Supported
P2234,P2234_T2,P2234_T2_1,1,relation_contradicted,Not Supported,Not Supported
P2234,P2234_T2,P2234_T2_2,2,condition_replaced,Not Enough Evidence,Not Enough Evidence
P2234,P2234_T2,P2234_T2_3,3,condition_removed,Not Enough Evidence,Not Enough Evidence
P2234,P2234_T2,P2234_T2_4,4,supported,Supported,Supported
P2234,P2234_T2,P2234_T2_5,5,condition_contradicted,Not Supported,Not Supported
P2234,P2234_T3,P2234_T3_1,1,relation_contradicted,Not Supported,Supported
P2234,P2234_T3,P2234_T3_2,2,condition_replaced,Not Enough Evidence,Not Enough Evidence
P2234,P2234_T3,P2234_T3_3,3,condition_removed,Not Enough Evidence,Not Enough Evidence
P2234,P2234_T3,P2234_T3_4,4,supported,Supported,Supported
P2234,P2234_T3,P2234_T3_5,5,condition_contradicted,Not Supported,Not Supported
P2237,P2237_T1,P2237_T1_1,1,relation_contradicted,Not Supported,Not Supported
P2237,P2237_T1,P2237_T1_2,2,condition_replaced,Not Enough Evidence,Not Enough Evidence
P2237,P2237_T1,P2237_T1_3,3,condition_removed,Not Enough Evidence,Not Enough Evidence
P2237,P2237_T1,P2237_T1_4,4,supported,Supported,Supported
P2237,P2237_T1,P2237_T1_5,5,condition_contradicted,Not Supported,Not Supported
P2237,P2237_T2,P2237_T2_1,1,relation_contradicted,Not Supported,Not Supported
P2237,P2237_T2,P2237_T2_2,2,condition_replaced,Not Enough Evidence,Not Enough Evidence
P2237,P2237_T2,P2237_T2_3,3,condition_removed,Not Enough Evidence,Not Enough Evidence
P2237,P2237_T2,P2237_T2_4,4,supported,Supported,Supported
P2237,P2237_T2,P2237_T2_5,5,condition_contradicted,Not Supported,Not Supported
P2237,P2237_T3,P2237_T3_1,1,relation_contradicted,Not Supported,Not Supported
P2237,P2237_T3,P2237_T3_2,2,condition_replaced,Not Enough Evidence,Not Enough Evidence
P2237,P2237_T3,P2237_T3_3,3,condition_removed,Not Enough Evidence,Not Enough Evidence
P2237,P2237_T3,P2237_T3_4,4,supported,Supported,Supported
P2237,P2237_T3,P2237_T3_5,5,condition_contradicted,Not Supported,Not Supported
P2238,P2238_T1,P2238_T1_1,1,relation_contradicted,Not Supported,Not Supported
P2238,P2238_T1,P2238_T1_2,2,condition_replaced,Not Enough Evidence,Not Enough Evidence
P2238,P2238_T1,P2238_T1_3,3,condition_removed,Not Enough Evidence,Not Enough Evidence
P2238,P2238_T1,P2238_T1_4,4,supported,Supported,Supported
P2238,P2238_T1,P2238_T1_5,5,condition_contradicted,Not Supported,Not Supported
P2238,P2238_T2,P2238_T2_1,1,relation_contradicted,Not Supported,Not Supported
P2238,P2238_T2,P2238_T2_2,2,condition_replaced,Not Enough Evidence,Not Enough Evidence
P2238,P2238_T2,P2238_T2_3,3,condition_removed,Not Enough Evidence,Not Enough Evidence
P2238,P2238_T2,P2238_T2_4,4,supported,Supported,Supported
P2238,P2238_T2,P2238_T2_5,5,condition_contradicted,Not Supported,Not Supported
P2238,P2238_T3,P2238_T3_1,1,relation_contradicted,Not Supported,Not Supported
P2238,P2238_T3,P2238_T3_2,2,condition_replaced,Not Enough Evidence,Not Enough Evidence
P2238,P2238_T3,P2238_T3_3,3,condition_removed,Not Enough Evidence,Not Enough Evidence
P2238,P2238_T3,P2238_T3_4,4,supported,Supported,Supported
P2238,P2238_T3,P2238_T3_5,5,condition_contradicted,Not Supported,Not Supported
P2239,P2239_T1,P2239_T1_1,1,relation_contradicted,Not Supported,Not Supported
P2239,P2239_T1,P2239_T1_2,2,condition_replaced,Not Enough Evidence,Not Enough Evidence
P2239,P2239_T1,P2239_T1_3,3,condition_removed,Not Enough Evidence,Not Enough Evidence
P2239,P2239_T1,P2239_T1_4,4,supported,Supported,Supported
P2239,P2239_T1,P2239_T1_5,5,condition_contradicted,Not Supported,Not Supported
P2239,P2239_T2,P2239_T2_1,1,relation_contradicted,Not Supported,Not Supported
P2239,P2239_T2,P2239_T2_2,2,condition_replaced,Not Enough Evidence,Not Enough Evidence
P2239,P2239_T2,P2239_T2_3,3,condition_removed,Not Enough Evidence,Not Enough Evidence
P2239,P2239_T2,P2239_T2_4,4,supported,Supported,Supported
P2239,P2239_T2,P2239_T2_5,5,condition_contradicted,Not Supported,Not Supported
P2239,P2239_T3,P2239_T3_1,1,relation_contradicted,Not Supported,Not Supported
P2239,P2239_T3,P2239_T3_2,2,condition_replaced,Not Enough Evidence,Not Enough Evidence
P2239,P2239_T3,P2239_T3_3,3,condition_removed,Not Enough Evidence,Not Enough Evidence
P2239,P2239_T3,P2239_T3_4,4,supported,Supported,Supported
P2239,P2239_T3,P2239_T3_5,5,condition_contradicted,Not Supported,Not Supported
P2240,P2240_T1,P2240_T1_1,1,relation_contradicted,Not Supported,Not Supported
P2240,P2240_T1,P2240_T1_2,2,condition_replaced,Not Enough Evidence,Not Enough Evidence
P2240,P2240_T1,P2240_T1_3,3,condition_removed,Not Enough Evidence,Not Enough Evidence
P2240,P2240_T1,P2240_T1_4,4,supported,Supported,Supported
P2240,P2240_T1,P2240_T1_5,5,condition_contradicted,Not Supported,Not Supported
P2240,P2240_T2,P2240_T2_1,1,relation_contradicted,Not Supported,Not Supported
P2240,P2240_T2,P2240_T2_2,2,condition_replaced,Not Enough Evidence,Not Enough Evidence
P2240,P2240_T2,P2240_T2_3,3,condition_removed,Not Enough Evidence,Not Enough Evidence
P2240,P2240_T2,P2240_T2_4,4,supported,Supported,Supported
P2240,P2240_T2,P2240_T2_5,5,condition_contradicted,Not Supported,Not Supported
P2240,P2240_T3,P2240_T3_1,1,relation_contradicted,Not Supported,Not Supported
P2240,P2240_T3,P2240_T3_2,2,condition_replaced,Not Enough Evidence,Not Enough Evidence
P2240,P2240_T3,P2240_T3_3,3,condition_removed,Not Enough Evidence,Not Enough Evidence
P2240,P2240_T3,P2240_T3_4,4,supported,Supported,Supported
P2240,P2240_T3,P2240_T3_5,5,condition_contradicted,Not Supported,Not Supported
P2241,P2241_T1,P2241_T1_1,1,relation_contradicted,Not Supported,Not Supported
P2241,P2241_T1,P2241_T1_2,2,condition_replaced,Not Enough Evidence,Not Enough Evidence
P2241,P2241_T1,P2241_T1_3,3,condition_removed,Not Enough Evidence,Not Enough Evidence
P2241,P2241_T1,P2241_T1_4,4,supported,Supported,Supported
P2241,P2241_T1,P2241_T1_5,5,condition_contradicted,Not Supported,Not Supported
P2241,P2241_T2,P2241_T2_1,1,relation_contradicted,Not Supported,Not Supported
P2241,P2241_T2,P2241_T2_2,2,condition_replaced,Not Enough Evidence,Not Enough Evidence
P2241,P2241_T2,P2241_T2_3,3,condition_removed,Not Enough Evidence,Not Enough Evidence
P2241,P2241_T2,P2241_T2_4,4,supported,Supported,Supported
P2241,P2241_T2,P2241_T2_5,5,condition_contradicted,Not Supported,Not Supported
P2241,P2241_T3,P2241_T3_1,1,relation_contradicted,Not Supported,Not Supported
P2241,P2241_T3,P2241_T3_2,2,condition_replaced,Not Enough Evidence,Not Enough Evidence
P2241,P2241_T3,P2241_T3_3,3,condition_removed,Not Enough Evidence,Not Enough Evidence
P2241,P2241_T3,P2241_T3_4,4,supported,Supported,Supported
P2241,P2241_T3,P2241_T3_5,5,condition_contradicted,Not Supported,Not Supported
P2242,P2242_T1,P2242_T1_1,1,relation_contradicted,Not Supported,Not Supported
P2242,P2242_T1,P2242_T1_2,2,condition_replaced,Not Enough Evidence,Not Enough Evidence
P2242,P2242_T1,P2242_T1_3,3,condition_removed,Not Enough Evidence,Not Enough Evidence
P2242,P2242_T1,P2242_T1_4,4,supported,Supported,Supported
P2242,P2242_T1,P2242_T1_5,5,condition_contradicted,Not Supported,Not Supported
P2242,P2242_T2,P2242_T2_1,1,relation_contradicted,Not Supported,Not Supported
P2242,P2242_T2,P2242_T2_2,2,condition_replaced,Not Enough Evidence,Not Enough Evidence
P2242,P2242_T2,P2242_T2_3,3,condition_removed,Not Enough Evidence,Not Enough Evidence
P2242,P2242_T2,P2242_T2_4,4,supported,Supported,Supported
P2242,P2242_T2,P2242_T2_5,5,condition_contradicted,Not Supported,Not Supported
P2242,P2242_T3,P2242_T3_1,1,relation_contradicted,Not Supported,Not Supported
P2242,P2242_T3,P2242_T3_2,2,condition_replaced,Not Enough Evidence,Not Enough Evidence
P2242,P2242_T3,P2242_T3_3,3,condition_removed,Not Enough Evidence,Not Enough Evidence
P2242,P2242_T3,P2242_T3_4,4,supported,Supported,Supported
P2242,P2242_T3,P2242_T3_5,5,condition_contradicted,Not Supported,Not Supported
P2244,P2244_T1,P2244_T1_1,1,relation_contradicted,Not Supported,Not Supported
P2244,P2244_T1,P2244_T1_2,2,condition_replaced,Not Enough Evidence,Not Enough Evidence
P2244,P2244_T1,P2244_T1_3,3,condition_removed,Not Enough Evidence,Not Enough Evidence
P2244,P2244_T1,P2244_T1_4,4,supported,Supported,Supported
P2244,P2244_T1,P2244_T1_5,5,condition_contradicted,Not Supported,Not Supported
P2244,P2244_T2,P2244_T2_1,1,relation_contradicted,Not Supported,Not Supported
P2244,P2244_T2,P2244_T2_2,2,condition_replaced,Not Enough Evidence,Not Enough Evidence
P2244,P2244_T2,P2244_T2_3,3,condition_removed,Not Enough Evidence,Not Enough Evidence
P2244,P2244_T2,P2244_T2_4,4,supported,Supported,Supported
P2244,P2244_T2,P2244_T2_5,5,condition_contradicted,Not Supported,Not Supported
P2244,P2244_T3,P2244_T3_1,1,relation_contradicted,Not Supported,Not Supported
P2244,P2244_T3,P2244_T3_2,2,condition_replaced,Not Enough Evidence,Not Enough Evidence
P2244,P2244_T3,P2244_T3_3,3,condition_removed,Not Enough Evidence,Not Enough Evidence
P2244,P2244_T3,P2244_T3_4,4,supported,Supported,Supported
P2244,P2244_T3,P2244_T3_5,5,condition_contradicted,Not Supported,Not Supported
P2253,P2253_T1,P2253_T1_1,1,relation_contradicted,Not Supported,Not Supported
P2253,P2253_T1,P2253_T1_2,2,condition_replaced,Not Enough Evidence,Not Enough Evidence
P2253,P2253_T1,P2253_T1_3,3,condition_removed,Not Enough Evidence,Not Enough Evidence
P2253,P2253_T1,P2253_T1_4,4,supported,Supported,Supported
P2253,P2253_T1,P2253_T1_5,5,condition_contradicted,Not Supported,Not Supported
P2253,P2253_T2,P2253_T2_1,1,relation_contradicted,Not Supported,Not Supported
P2253,P2253_T2,P2253_T2_2,2,condition_replaced,Not Enough Evidence,Not Enough Evidence
P2253,P2253_T2,P2253_T2_3,3,condition_removed,Not Enough Evidence,Not Enough Evidence
P2253,P2253_T2,P2253_T2_4,4,supported,Supported,Supported
P2253,P2253_T2,P2253_T2_5,5,condition_contradicted,Not Supported,Not Supported
P2253,P2253_T3,P2253_T3_1,1,relation_contradicted,Not Supported,Not Supported
P2253,P2253_T3,P2253_T3_2,2,condition_replaced,Not Enough Evidence,Not Enough Evidence
P2253,P2253_T3,P2253_T3_3,3,condition_removed,Not Enough Evidence,Not Enough Evidence
P2253,P2253_T3,P2253_T3_4,4,supported,Supported,Supported
P2253,P2253_T3,P2253_T3_5,5,condition_contradicted,Not Supported,Not Supported
P2261,P2261_T1,P2261_T1_1,1,relation_contradicted,Not Supported,Not Supported
P2261,P2261_T1,P2261_T1_2,2,condition_replaced,Not Enough Evidence,Not Enough Evidence
P2261,P2261_T1,P2261_T1_3,3,condition_removed,Not Enough Evidence,Not Enough Evidence
P2261,P2261_T1,P2261_T1_4,4,supported,Supported,Supported
P2261,P2261_T1,P2261_T1_5,5,condition_contradicted,Not Supported,Not Supported
P2261,P2261_T2,P2261_T2_1,1,relation_contradicted,Not Supported,Not Supported
P2261,P2261_T2,P2261_T2_2,2,condition_replaced,Not Enough Evidence,Not Enough Evidence
P2261,P2261_T2,P2261_T2_3,3,condition_removed,Not Enough Evidence,Not Enough Evidence
P2261,P2261_T2,P2261_T2_4,4,supported,Supported,Supported
P2261,P2261_T2,P2261_T2_5,5,condition_contradicted,Not Supported,Not Supported
P2261,P2261_T3,P2261_T3_1,1,relation_contradicted,Not Supported,Not Supported
P2261,P2261_T3,P2261_T3_2,2,condition_replaced,Not Enough Evidence,Not Enough Evidence
P2261,P2261_T3,P2261_T3_3,3,condition_removed,Not Enough Evidence,Not Enough Evidence
P2261,P2261_T3,P2261_T3_4,4,supported,Supported,Supported
P2261,P2261_T3,P2261_T3_5,5,condition_contradicted,Not Supported,Not Supported
P2264,P2264_T1,P2264_T1_1,1,relation_contradicted,Not Supported,Not Supported
P2264,P2264_T1,P2264_T1_2,2,condition_replaced,Not Enough Evidence,Not Enough Evidence
P2264,P2264_T1,P2264_T1_3,3,condition_removed,Not Enough Evidence,Not Enough Evidence
P2264,P2264_T1,P2264_T1_4,4,supported,Supported,Supported
P2264,P2264_T1,P2264_T1_5,5,condition_contradicted,Not Supported,Not Supported
P2264,P2264_T2,P2264_T2_1,1,relation_contradicted,Not Supported,Not Supported
P2264,P2264_T2,P2264_T2_2,2,condition_replaced,Not Enough Evidence,Not Enough Evidence
P2264,P2264_T2,P2264_T2_3,3,condition_removed,Not Enough Evidence,Not Enough Evidence
P2264,P2264_T2,P2264_T2_4,4,supported,Supported,Supported
P2264,P2264_T2,P2264_T2_5,5,condition_contradicted,Not Supported,Not Supported
P2264,P2264_T3,P2264_T3_1,1,relation_contradicted,Not Supported,Not Supported
P2264,P2264_T3,P2264_T3_2,2,condition_replaced,Not Enough Evidence,Not Enough Evidence
P2264,P2264_T3,P2264_T3_3,3,condition_removed,Not Enough Evidence,Not Enough Evidence
P2264,P2264_T3,P2264_T3_4,4,supported,Supported,Supported
P2264,P2264_T3,P2264_T3_5,5,condition_contradicted,Not Supported,Not Supported
P2269,P2269_T1,P2269_T1_1,1,relation_contradicted,Not Supported,Not Supported
P2269,P2269_T1,P2269_T1_2,2,condition_replaced,Not Enough Evidence,Not Enough Evidence
P2269,P2269_T1,P2269_T1_3,3,condition_removed,Not Enough Evidence,Not Enough Evidence
P2269,P2269_T1,P2269_T1_4,4,supported,Supported,Supported
P2269,P2269_T1,P2269_T1_5,5,condition_contradicted,Not Supported,Not Supported
P2269,P2269_T2,P2269_T2_1,1,relation_contradicted,Not Supported,Not Supported
P2269,P2269_T2,P2269_T2_2,2,condition_replaced,Not Enough Evidence,Not Enough Evidence
P2269,P2269_T2,P2269_T2_3,3,condition_removed,Not Enough Evidence,Not Enough Evidence
P2269,P2269_T2,P2269_T2_4,4,supported,Supported,Supported
P2269,P2269_T2,P2269_T2_5,5,condition_contradicted,Not Supported,Not Supported
P2269,P2269_T3,P2269_T3_1,1,relation_contradicted,Not Supported,Not Supported
P2269,P2269_T3,P2269_T3_2,2,condition_replaced,Not Enough Evidence,Not Enough Evidence
P2269,P2269_T3,P2269_T3_3,3,condition_removed,Not Enough Evidence,Not Enough Evidence
P2269,P2269_T3,P2269_T3_4,4,supported,Supported,Supported
P2269,P2269_T3,P2269_T3_5,5,condition_contradicted,Not Supported,Not Supported
P2270,P2270_T1,P2270_T1_1,1,relation_contradicted,Not Supported,Not Supported
P2270,P2270_T1,P2270_T1_2,2,condition_replaced,Not Enough Evidence,Not Enough Evidence
P2270,P2270_T1,P2270_T1_3,3,condition_removed,Not Enough Evidence,Not Enough Evidence
P2270,P2270_T1,P2270_T1_4,4,supported,Supported,Supported
P2270,P2270_T1,P2270_T1_5,5,condition_contradicted,Not Supported,Not Supported
P2270,P2270_T2,P2270_T2_1,1,relation_contradicted,Not Supported,Not Supported
P2270,P2270_T2,P2270_T2_2,2,condition_replaced,Not Enough Evidence,Not Enough Evidence
P2270,P2270_T2,P2270_T2_3,3,condition_removed,Not Enough Evidence,Not Enough Evidence
P2270,P2270_T2,P2270_T2_4,4,supported,Supported,Supported
P2270,P2270_T2,P2270_T2_5,5,condition_contradicted,Not Supported,Not Supported
P2270,P2270_T3,P2270_T3_1,1,relation_contradicted,Not Supported,Not Supported
P2270,P2270_T3,P2270_T3_2,2,condition_replaced,Not Enough Evidence,Not Enough Evidence
P2270,P2270_T3,P2270_T3_3,3,condition_removed,Not Enough Evidence,Not Enough Evidence
P2270,P2270_T3,P2270_T3_4,4,supported,Supported,Supported
P2270,P2270_T3,P2270_T3_5,5,condition_contradicted,Not Supported,Not Supported
P2274,P2274_T1,P2274_T1_1,1,relation_contradicted,Not Supported,Not Supported
P2274,P2274_T1,P2274_T1_2,2,condition_replaced,Not Enough Evidence,Not Enough Evidence
P2274,P2274_T1,P2274_T1_3,3,condition_removed,Not Enough Evidence,Not Enough Evidence
P2274,P2274_T1,P2274_T1_4,4,supported,Supported,Supported
P2274,P2274_T1,P2274_T1_5,5,condition_contradicted,Not Supported,Not Supported
P2274,P2274_T2,P2274_T2_1,1,relation_contradicted,Not Supported,Not Supported
P2274,P2274_T2,P2274_T2_2,2,condition_replaced,Not Enough Evidence,Not Enough Evidence
P2274,P2274_T2,P2274_T2_3,3,condition_removed,Not Enough Evidence,Not Enough Evidence
P2274,P2274_T2,P2274_T2_4,4,supported,Supported,Supported
P2274,P2274_T2,P2274_T2_5,5,condition_contradicted,Not Supported,Not Supported
P2274,P2274_T3,P2274_T3_1,1,relation_contradicted,Not Supported,Not Supported
P2274,P2274_T3,P2274_T3_2,2,condition_replaced,Not Enough Evidence,Not Enough Evidence
P2274,P2274_T3,P2274_T3_3,3,condition_removed,Not Enough Evidence,Not Enough Evidence
P2274,P2274_T3,P2274_T3_4,4,supported,Supported,Supported
P2274,P2274_T3,P2274_T3_5,5,condition_contradicted,Not Supported,Not Supported
P2274,P2274_T4,P2274_T4_1,1,relation_contradicted,Not Supported,Not Supported
P2274,P2274_T4,P2274_T4_2,2,condition_replaced,Not Enough Evidence,Not Enough Evidence
P2274,P2274_T4,P2274_T4_3,3,condition_removed,Not Enough Evidence,Not Enough Evidence
P2274,P2274_T4,P2274_T4_4,4,supported,Supported,Supported
P2274,P2274_T4,P2274_T4_5,5,condition_contradicted,Not Supported,Not Supported
P2275,P2275_T1,P2275_T1_1,1,relation_contradicted,Not Supported,Not Supported
P2275,P2275_T1,P2275_T1_2,2,condition_replaced,Not Enough Evidence,Not Enough Evidence
P2275,P2275_T1,P2275_T1_3,3,condition_removed,Not Enough Evidence,Not Enough Evidence
P2275,P2275_T1,P2275_T1_4,4,supported,Supported,Supported
P2275,P2275_T1,P2275_T1_5,5,condition_contradicted,Not Supported,Not Supported
P2275,P2275_T2,P2275_T2_1,1,relation_contradicted,Not Supported,Not Supported
P2275,P2275_T2,P2275_T2_2,2,condition_replaced,Not Enough Evidence,Not Enough Evidence
P2275,P2275_T2,P2275_T2_3,3,condition_removed,Not Enough Evidence,Not Enough Evidence
P2275,P2275_T2,P2275_T2_4,4,supported,Supported,Supported
P2275,P2275_T2,P2275_T2_5,5,condition_contradicted,Not Supported,Not Supported
P2275,P2275_T3,P2275_T3_1,1,relation_contradicted,Not Supported,Not Supported
P2275,P2275_T3,P2275_T3_2,2,condition_replaced,Not Enough Evidence,Not Enough Evidence
P2275,P2275_T3,P2275_T3_3,3,condition_removed,Not Enough Evidence,Not Enough Evidence
P2275,P2275_T3,P2275_T3_4,4,supported,Supported,Supported
P2275,P2275_T3,P2275_T3_5,5,condition_contradicted,Not Supported,Not Supported
P2275,P2275_T4,P2275_T4_1,1,relation_contradicted,Not Supported,Not Supported
P2275,P2275_T4,P2275_T4_2,2,condition_replaced,Not Enough Evidence,Not Enough Evidence
P2275,P2275_T4,P2275_T4_3,3,condition_removed,Not Enough Evidence,Not Enough Evidence
P2275,P2275_T4,P2275_T4_4,4,supported,Supported,Supported
P2275,P2275_T4,P2275_T4_5,5,condition_contradicted,Not Supported,Not Supported
P2278,P2278_T1,P2278_T1_1,1,relation_contradicted,Not Supported,Not Supported
P2278,P2278_T1,P2278_T1_2,2,condition_replaced,Not Enough Evidence,Not Enough Evidence
P2278,P2278_T1,P2278_T1_3,3,condition_removed,Not Enough Evidence,Not Enough Evidence
P2278,P2278_T1,P2278_T1_4,4,supported,Supported,Supported
P2278,P2278_T1,P2278_T1_5,5,condition_contradicted,Not Supported,Not Supported
P2278,P2278_T2,P2278_T2_1,1,relation_contradicted,Not Supported,Not Supported
P2278,P2278_T2,P2278_T2_2,2,condition_replaced,Not Enough Evidence,Not Enough Evidence
P2278,P2278_T2,P2278_T2_3,3,condition_removed,Not Enough Evidence,Not Enough Evidence
P2278,P2278_T2,P2278_T2_4,4,supported,Supported,Supported
P2278,P2278_T2,P2278_T2_5,5,condition_contradicted,Not Supported,Not Supported
P2278,P2278_T3,P2278_T3_1,1,relation_contradicted,Not Supported,Not Supported
P2278,P2278_T3,P2278_T3_2,2,condition_replaced,Not Enough Evidence,Not Enough Evidence
P2278,P2278_T3,P2278_T3_3,3,condition_removed,Not Enough Evidence,Not Enough Evidence
P2278,P2278_T3,P2278_T3_4,4,supported,Supported,Supported
P2278,P2278_T3,P2278_T3_5,5,condition_contradicted,Not Supported,Not Supported
P2279,P2279_T1,P2279_T1_1,1,relation_contradicted,Not Supported,Not Supported
P2279,P2279_T1,P2279_T1_2,2,condition_replaced,Not Enough Evidence,Not Enough Evidence
P2279,P2279_T1,P2279_T1_3,3,condition_removed,Not Enough Evidence,Not Enough Evidence
P2279,P2279_T1,P2279_T1_4,4,supported,Supported,Supported
P2279,P2279_T1,P2279_T1_5,5,condition_contradicted,Not Supported,Not Supported
P2279,P2279_T2,P2279_T2_1,1,relation_contradicted,Not Supported,Not Supported
P2279,P2279_T2,P2279_T2_2,2,condition_replaced,Not Enough Evidence,Not Enough Evidence
P2279,P2279_T2,P2279_T2_3,3,condition_removed,Not Enough Evidence,Not Enough Evidence
P2279,P2279_T2,P2279_T2_4,4,supported,Supported,Supported
P2279,P2279_T2,P2279_T2_5,5,condition_contradicted,Not Supported,Not Supported
P2279,P2279_T3,P2279_T3_1,1,relation_contradicted,Not Supported,Not Supported
P2279,P2279_T3,P2279_T3_2,2,condition_replaced,Not Enough Evidence,Not Enough Evidence
P2279,P2279_T3,P2279_T3_3,3,condition_removed,Not Enough Evidence,Not Enough Evidence
P2279,P2279_T3,P2279_T3_4,4,supported,Supported,Supported
P2279,P2279_T3,P2279_T3_5,5,condition_contradicted,Not Supported,Not Supported
P2289,P2289_T1,P2289_T1_1,1,relation_contradicted,Not Supported,Not Supported
P2289,P2289_T1,P2289_T1_2,2,condition_replaced,Not Enough Evidence,Not Enough Evidence
P2289,P2289_T1,P2289_T1_3,3,condition_removed,Not Enough Evidence,Not Enough Evidence
P2289,P2289_T1,P2289_T1_4,4,supported,Supported,Supported
P2289,P2289_T1,P2289_T1_5,5,condition_contradicted,Not Supported,Not Supported
P2289,P2289_T2,P2289_T2_1,1,relation_contradicted,Not Supported,Not Supported
P2289,P2289_T2,P2289_T2_2,2,condition_replaced,Not Enough Evidence,Not Enough Evidence
P2289,P2289_T2,P2289_T2_3,3,condition_removed,Not Enough Evidence,Not Enough Evidence
P2289,P2289_T2,P2289_T2_4,4,supported,Supported,Supported
P2289,P2289_T2,P2289_T2_5,5,condition_contradicted,Not Supported,Not Supported
P2289,P2289_T3,P2289_T3_1,1,relation_contradicted,Not Supported,Not Supported
P2289,P2289_T3,P2289_T3_2,2,condition_replaced,Not Enough Evidence,Not Enough Evidence
P2289,P2289_T3,P2289_T3_3,3,condition_removed,Not Enough Evidence,Not Enough Evidence
P2289,P2289_T3,P2289_T3_4,4,supported,Supported,Supported
P2289,P2289_T3,P2289_T3_5,5,condition_contradicted,Not Supported,Not Supported
P2291,P2291_T1,P2291_T1_1,1,relation_contradicted,Not Supported,Not Supported
P2291,P2291_T1,P2291_T1_2,2,condition_replaced,Not Enough Evidence,Not Enough Evidence
P2291,P2291_T1,P2291_T1_3,3,condition_removed,Not Enough Evidence,Not Enough Evidence
P2291,P2291_T1,P2291_T1_4,4,supported,Supported,Supported
P2291,P2291_T1,P2291_T1_5,5,condition_contradicted,Not Supported,Not Supported
P2291,P2291_T2,P2291_T2_1,1,relation_contradicted,Not Supported,Not Supported
P2291,P2291_T2,P2291_T2_2,2,condition_replaced,Not Enough Evidence,Not Enough Evidence
P2291,P2291_T2,P2291_T2_3,3,condition_removed,Not Enough Evidence,Not Enough Evidence
P2291,P2291_T2,P2291_T2_4,4,supported,Supported,Supported
P2291,P2291_T2,P2291_T2_5,5,condition_contradicted,Not Supported,Not Supported
P2291,P2291_T3,P2291_T3_1,1,relation_contradicted,Not Supported,Not Supported
P2291,P2291_T3,P2291_T3_2,2,condition_replaced,Not Enough Evidence,Not Enough Evidence
P2291,P2291_T3,P2291_T3_3,3,condition_removed,Not Enough Evidence,Not Enough Evidence
P2291,P2291_T3,P2291_T3_4,4,supported,Supported,Supported
P2291,P2291_T3,P2291_T3_5,5,condition_contradicted,Not Supported,Not Supported
P2292,P2292_T1,P2292_T1_1,1,relation_contradicted,Not Supported,Not Supported
P2292,P2292_T1,P2292_T1_2,2,condition_replaced,Not Enough Evidence,Not Enough Evidence
P2292,P2292_T1,P2292_T1_3,3,condition_removed,Not Enough Evidence,Not Enough Evidence
P2292,P2292_T1,P2292_T1_4,4,supported,Supported,Supported
P2292,P2292_T1,P2292_T1_5,5,condition_contradicted,Not Supported,Not Supported
P2292,P2292_T2,P2292_T2_1,1,relation_contradicted,Not Supported,Not Supported
P2292,P2292_T2,P2292_T2_2,2,condition_replaced,Not Enough Evidence,Not Enough Evidence
P2292,P2292_T2,P2292_T2_3,3,condition_removed,Not Enough Evidence,Not Enough Evidence
P2292,P2292_T2,P2292_T2_4,4,supported,Supported,Supported
P2292,P2292_T2,P2292_T2_5,5,condition_contradicted,Not Supported,Not Supported
P2292,P2292_T3,P2292_T3_1,1,relation_contradicted,Not Supported,Not Supported
P2292,P2292_T3,P2292_T3_2,2,condition_replaced,Not Enough Evidence,Not Enough Evidence
P2292,P2292_T3,P2292_T3_3,3,condition_removed,Not Enough Evidence,Not Enough Evidence
P2292,P2292_T3,P2292_T3_4,4,supported,Supported,Supported
P2292,P2292_T3,P2292_T3_5,5,condition_contradicted,Not Supported,Not Supported
P2294,P2294_T1,P2294_T1_1,1,relation_contradicted,Not Supported,Not Supported
P2294,P2294_T1,P2294_T1_2,2,condition_replaced,Not Enough Evidence,Not Enough Evidence
P2294,P2294_T1,P2294_T1_3,3,condition_removed,Not Enough Evidence,Not Enough Evidence
P2294,P2294_T1,P2294_T1_4,4,supported,Supported,Supported
P2294,P2294_T1,P2294_T1_5,5,condition_contradicted,Not Supported,Not Supported
P2294,P2294_T2,P2294_T2_1,1,relation_contradicted,Not Supported,Not Supported
P2294,P2294_T2,P2294_T2_2,2,condition_replaced,Not Enough Evidence,Not Enough Evidence
P2294,P2294_T2,P2294_T2_3,3,condition_removed,Not Enough Evidence,Not Enough Evidence
P2294,P2294_T2,P2294_T2_4,4,supported,Supported,Supported
P2294,P2294_T2,P2294_T2_5,5,condition_contradicted,Not Supported,Not Supported
P2294,P2294_T3,P2294_T3_1,1,relation_contradicted,Not Supported,Not Supported
P2294,P2294_T3,P2294_T3_2,2,condition_replaced,Not Enough Evidence,Not Enough Evidence
P2294,P2294_T3,P2294_T3_3,3,condition_removed,Not Enough Evidence,Not Enough Evidence
P2294,P2294_T3,P2294_T3_4,4,supported,Supported,Supported
P2294,P2294_T3,P2294_T3_5,5,condition_contradicted,Not Supported,Not Supported
P2305,P2305_T1,P2305_T1_1,1,relation_contradicted,Not Supported,Not Supported
P2305,P2305_T1,P2305_T1_2,2,condition_replaced,Not Enough Evidence,Not Enough Evidence
P2305,P2305_T1,P2305_T1_3,3,condition_removed,Not Enough Evidence,Not Enough Evidence
P2305,P2305_T1,P2305_T1_4,4,supported,Supported,Supported
P2305,P2305_T1,P2305_T1_5,5,condition_contradicted,Not Supported,Not Supported
P2305,P2305_T2,P2305_T2_1,1,relation_contradicted,Not Supported,Not Supported
P2305,P2305_T2,P2305_T2_2,2,condition_replaced,Not Enough Evidence,Not Enough Evidence
P2305,P2305_T2,P2305_T2_3,3,condition_removed,Not Enough Evidence,Not Enough Evidence
P2305,P2305_T2,P2305_T2_4,4,supported,Supported,Supported
P2305,P2305_T2,P2305_T2_5,5,condition_contradicted,Not Supported,Not Supported
P2305,P2305_T3,P2305_T3_1,1,relation_contradicted,Not Supported,Not Supported
P2305,P2305_T3,P2305_T3_2,2,condition_replaced,Not Enough Evidence,Not Enough Evidence
P2305,P2305_T3,P2305_T3_3,3,condition_removed,Not Enough Evidence,Not Enough Evidence
P2305,P2305_T3,P2305_T3_4,4,supported,Supported,Supported
P2305,P2305_T3,P2305_T3_5,5,condition_contradicted,Not Supported,Not Supported
P2307,P2307_T1,P2307_T1_1,1,relation_contradicted,Not Supported,Not Supported
P2307,P2307_T1,P2307_T1_2,2,condition_replaced,Not Enough Evidence,Not Enough Evidence
P2307,P2307_T1,P2307_T1_3,3,condition_removed,Not Enough Evidence,Not Enough Evidence
P2307,P2307_T1,P2307_T1_4,4,supported,Supported,Supported
P2307,P2307_T1,P2307_T1_5,5,condition_contradicted,Not Supported,Not Supported
P2307,P2307_T2,P2307_T2_1,1,relation_contradicted,Not Supported,Not Supported
P2307,P2307_T2,P2307_T2_2,2,condition_replaced,Not Enough Evidence,Not Enough Evidence
P2307,P2307_T2,P2307_T2_3,3,condition_removed,Not Enough Evidence,Not Enough Evidence
P2307,P2307_T2,P2307_T2_4,4,supported,Supported,Supported
P2307,P2307_T2,P2307_T2_5,5,condition_contradicted,Not Supported,Not Supported
P2307,P2307_T3,P2307_T3_1,1,relation_contradicted,Not Supported,Not Supported
P2307,P2307_T3,P2307_T3_2,2,condition_replaced,Not Enough Evidence,Not Enough Evidence
P2307,P2307_T3,P2307_T3_3,3,condition_removed,Not Enough Evidence,Not Enough Evidence
P2307,P2307_T3,P2307_T3_4,4,supported,Supported,Supported
P2307,P2307_T3,P2307_T3_5,5,condition_contradicted,Not Supported,Not Supported
P2310,P2310_T1,P2310_T1_1,1,relation_contradicted,Not Supported,Not Supported
P2310,P2310_T1,P2310_T1_2,2,condition_replaced,Not Enough Evidence,Not Enough Evidence
P2310,P2310_T1,P2310_T1_3,3,condition_removed,Not Enough Evidence,Not Enough Evidence
P2310,P2310_T1,P2310_T1_4,4,supported,Supported,Supported
P2310,P2310_T1,P2310_T1_5,5,condition_contradicted,Not Supported,Not Supported
P2310,P2310_T2,P2310_T2_1,1,relation_contradicted,Not Supported,Not Supported
P2310,P2310_T2,P2310_T2_2,2,condition_replaced,Not Enough Evidence,Not Enough Evidence
P2310,P2310_T2,P2310_T2_3,3,condition_removed,Not Enough Evidence,Not Enough Evidence
P2310,P2310_T2,P2310_T2_4,4,supported,Supported,Supported
P2310,P2310_T2,P2310_T2_5,5,condition_contradicted,Not Supported,Not Supported
P2310,P2310_T3,P2310_T3_1,1,relation_contradicted,Not Supported,Not Supported
P2310,P2310_T3,P2310_T3_2,2,condition_replaced,Not Enough Evidence,Not Enough Evidence
P2310,P2310_T3,P2310_T3_3,3,condition_removed,Not Enough Evidence,Not Enough Evidence
P2310,P2310_T3,P2310_T3_4,4,supported,Supported,Supported
P2310,P2310_T3,P2310_T3_5,5,condition_contradicted,Not Supported,Not Supported
P2312,P2312_T1,P2312_T1_1,1,relation_contradicted,Not Supported,Not Supported
P2312,P2312_T1,P2312_T1_2,2,condition_replaced,Not Enough Evidence,Not Enough Evidence
P2312,P2312_T1,P2312_T1_3,3,condition_removed,Not Enough Evidence,Not Enough Evidence
P2312,P2312_T1,P2312_T1_4,4,supported,Supported,Supported
P2312,P2312_T1,P2312_T1_5,5,condition_contradicted,Not Supported,Not Enough Evidence
P2312,P2312_T2,P2312_T2_1,1,relation_contradicted,Not Supported,Not Supported
P2312,P2312_T2,P2312_T2_2,2,condition_replaced,Not Enough Evidence,Not Enough Evidence
P2312,P2312_T2,P2312_T2_3,3,condition_removed,Not Enough Evidence,Not Enough Evidence
P2312,P2312_T2,P2312_T2_4,4,supported,Supported,Supported
P2312,P2312_T2,P2312_T2_5,5,condition_contradicted,Not Supported,Not Supported
P2312,P2312_T3,P2312_T3_1,1,relation_contradicted,Not Supported,Not Supported
P2312,P2312_T3,P2312_T3_2,2,condition_replaced,Not Enough Evidence,Not Enough Evidence
P2312,P2312_T3,P2312_T3_3,3,condition_removed,Not Enough Evidence,Not Enough Evidence
P2312,P2312_T3,P2312_T3_4,4,supported,Supported,Supported
P2312,P2312_T3,P2312_T3_5,5,condition_contradicted,Not Supported,Not Supported
P2313,P2313_T1,P2313_T1_1,1,relation_contradicted,Not Supported,Not Supported
P2313,P2313_T1,P2313_T1_2,2,condition_replaced,Not Enough Evidence,Not Enough Evidence
P2313,P2313_T1,P2313_T1_3,3,condition_removed,Not Enough Evidence,Not Enough Evidence
P2313,P2313_T1,P2313_T1_4,4,supported,Supported,Supported
P2313,P2313_T1,P2313_T1_5,5,condition_contradicted,Not Supported,Not Supported
P2313,P2313_T2,P2313_T2_1,1,relation_contradicted,Not Supported,Not Supported
P2313,P2313_T2,P2313_T2_2,2,condition_replaced,Not Enough Evidence,Not Enough Evidence
P2313,P2313_T2,P2313_T2_3,3,condition_removed,Not Enough Evidence,Not Enough Evidence
P2313,P2313_T2,P2313_T2_4,4,supported,Supported,Supported
P2313,P2313_T2,P2313_T2_5,5,condition_contradicted,Not Supported,Not Supported
P2313,P2313_T3,P2313_T3_1,1,relation_contradicted,Not Supported,Not Supported
P2313,P2313_T3,P2313_T3_2,2,condition_replaced,Not Enough Evidence,Not Enough Evidence
P2313,P2313_T3,P2313_T3_3,3,condition_removed,Not Enough Evidence,Not Enough Evidence
P2313,P2313_T3,P2313_T3_4,4,supported,Supported,Supported
P2313,P2313_T3,P2313_T3_5,5,condition_contradicted,Not Supported,Not Supported
P2319,P2319_T1,P2319_T1_1,1,relation_contradicted,Not Supported,Not Supported
P2319,P2319_T1,P2319_T1_2,2,condition_replaced,Not Enough Evidence,Not Enough Evidence
P2319,P2319_T1,P2319_T1_3,3,condition_removed,Not Enough Evidence,Not Enough Evidence
P2319,P2319_T1,P2319_T1_4,4,supported,Supported,Supported
P2319,P2319_T1,P2319_T1_5,5,condition_contradicted,Not Supported,Not Supported
P2319,P2319_T2,P2319_T2_1,1,relation_contradicted,Not Supported,Not Supported
P2319,P2319_T2,P2319_T2_2,2,condition_replaced,Not Enough Evidence,Not Enough Evidence
P2319,P2319_T2,P2319_T2_3,3,condition_removed,Not Enough Evidence,Not Enough Evidence
P2319,P2319_T2,P2319_T2_4,4,supported,Supported,Supported
P2319,P2319_T2,P2319_T2_5,5,condition_contradicted,Not Supported,Not Supported
P2319,P2319_T3,P2319_T3_1,1,relation_contradicted,Not Supported,Not Supported
P2319,P2319_T3,P2319_T3_2,2,condition_replaced,Not Enough Evidence,Not Enough Evidence
P2319,P2319_T3,P2319_T3_3,3,condition_removed,Not Enough Evidence,Not Enough Evidence
P2319,P2319_T3,P2319_T3_4,4,supported,Supported,Supported
P2319,P2319_T3,P2319_T3_5,5,condition_contradicted,Not Supported,Not Supported
P2321,P2321_T1,P2321_T1_1,1,relation_contradicted,Not Supported,Not Supported
P2321,P2321_T1,P2321_T1_2,2,condition_replaced,Not Enough Evidence,Not Enough Evidence
P2321,P2321_T1,P2321_T1_3,3,condition_removed,Not Enough Evidence,Not Enough Evidence
P2321,P2321_T1,P2321_T1_4,4,supported,Supported,Supported
P2321,P2321_T1,P2321_T1_5,5,condition_contradicted,Not Supported,Not Supported
P2321,P2321_T2,P2321_T2_1,1,relation_contradicted,Not Supported,Not Supported
P2321,P2321_T2,P2321_T2_2,2,condition_replaced,Not Enough Evidence,Not Enough Evidence
P2321,P2321_T2,P2321_T2_3,3,condition_removed,Not Enough Evidence,Not Enough Evidence
P2321,P2321_T2,P2321_T2_4,4,supported,Supported,Supported
P2321,P2321_T2,P2321_T2_5,5,condition_contradicted,Not Supported,Not Supported
P2321,P2321_T3,P2321_T3_1,1,relation_contradicted,Not Supported,Not Supported
P2321,P2321_T3,P2321_T3_2,2,condition_replaced,Not Enough Evidence,Not Enough Evidence
P2321,P2321_T3,P2321_T3_3,3,condition_removed,Not Enough Evidence,Not Enough Evidence
P2321,P2321_T3,P2321_T3_4,4,supported,Supported,Supported
P2321,P2321_T3,P2321_T3_5,5,condition_contradicted,Not Supported,Not Supported
P2321,P2321_T4,P2321_T4_1,1,relation_contradicted,Not Supported,Not Supported
P2321,P2321_T4,P2321_T4_2,2,condition_replaced,Not Enough Evidence,Not Enough Evidence
P2321,P2321_T4,P2321_T4_3,3,condition_removed,Not Enough Evidence,Not Enough Evidence
P2321,P2321_T4,P2321_T4_4,4,supported,Supported,Supported
P2321,P2321_T4,P2321_T4_5,5,condition_contradicted,Not Supported,Not Supported
P2322,P2322_T1,P2322_T1_1,1,relation_contradicted,Not Supported,Not Supported
P2322,P2322_T1,P2322_T1_2,2,condition_replaced,Not Enough Evidence,Not Enough Evidence
P2322,P2322_T1,P2322_T1_3,3,condition_removed,Not Enough Evidence,Not Enough Evidence
P2322,P2322_T1,P2322_T1_4,4,supported,Supported,Supported
P2322,P2322_T1,P2322_T1_5,5,condition_contradicted,Not Supported,Not Supported
P2322,P2322_T2,P2322_T2_1,1,relation_contradicted,Not Supported,Not Supported
P2322,P2322_T2,P2322_T2_2,2,condition_replaced,Not Enough Evidence,Not Enough Evidence
P2322,P2322_T2,P2322_T2_3,3,condition_removed,Not Enough Evidence,Not Enough Evidence
P2322,P2322_T2,P2322_T2_4,4,supported,Supported,Supported
P2322,P2322_T2,P2322_T2_5,5,condition_contradicted,Not Supported,Not Supported
P2322,P2322_T3,P2322_T3_1,1,relation_contradicted,Not Supported,Not Supported
P2322,P2322_T3,P2322_T3_2,2,condition_replaced,Not Enough Evidence,Not Enough Evidence
P2322,P2322_T3,P2322_T3_3,3,condition_removed,Not Enough Evidence,Not Enough Evidence
P2322,P2322_T3,P2322_T3_4,4,supported,Supported,Supported
P2322,P2322_T3,P2322_T3_5,5,condition_contradicted,Not Supported,Not Supported
P2322,P2322_T4,P2322_T4_1,1,relation_contradicted,Not Supported,Not Supported
P2322,P2322_T4,P2322_T4_2,2,condition_replaced,Not Enough Evidence,Not Enough Evidence
P2322,P2322_T4,P2322_T4_3,3,condition_removed,Not Enough Evidence,Not Enough Evidence
P2322,P2322_T4,P2322_T4_4,4,supported,Supported,Supported
P2322,P2322_T4,P2322_T4_5,5,condition_contradicted,Not Supported,Not Supported
P2332,P2332_T1,P2332_T1_1,1,relation_contradicted,Not Supported,Not Supported
P2332,P2332_T1,P2332_T1_2,2,condition_replaced,Not Enough Evidence,Not Enough Evidence
P2332,P2332_T1,P2332_T1_3,3,condition_removed,Not Enough Evidence,Not Enough Evidence
P2332,P2332_T1,P2332_T1_4,4,supported,Supported,Supported
P2332,P2332_T1,P2332_T1_5,5,condition_contradicted,Not Supported,Not Supported
P2332,P2332_T2,P2332_T2_1,1,relation_contradicted,Not Supported,Not Supported
P2332,P2332_T2,P2332_T2_2,2,condition_replaced,Not Enough Evidence,Not Enough Evidence
P2332,P2332_T2,P2332_T2_3,3,condition_removed,Not Enough Evidence,Not Enough Evidence
P2332,P2332_T2,P2332_T2_4,4,supported,Supported,Supported
P2332,P2332_T2,P2332_T2_5,5,condition_contradicted,Not Supported,Not Supported
P2332,P2332_T3,P2332_T3_1,1,relation_contradicted,Not Supported,Not Supported
P2332,P2332_T3,P2332_T3_2,2,condition_replaced,Not Enough Evidence,Not Enough Evidence
P2332,P2332_T3,P2332_T3_3,3,condition_removed,Not Enough Evidence,Not Enough Evidence
P2332,P2332_T3,P2332_T3_4,4,supported,Supported,Supported
P2332,P2332_T3,P2332_T3_5,5,condition_contradicted,Not Supported,Not Supported
P2338,P2338_T1,P2338_T1_1,1,relation_contradicted,Not Supported,Not Supported
P2338,P2338_T1,P2338_T1_2,2,condition_replaced,Not Enough Evidence,Not Enough Evidence
P2338,P2338_T1,P2338_T1_3,3,condition_removed,Not Enough Evidence,Not Enough Evidence
P2338,P2338_T1,P2338_T1_4,4,supported,Supported,Supported
P2338,P2338_T1,P2338_T1_5,5,condition_contradicted,Not Supported,Not Supported
P2338,P2338_T2,P2338_T2_1,1,relation_contradicted,Not Supported,Not Supported
P2338,P2338_T2,P2338_T2_2,2,condition_replaced,Not Enough Evidence,Not Enough Evidence
P2338,P2338_T2,P2338_T2_3,3,condition_removed,Not Enough Evidence,Not Enough Evidence
P2338,P2338_T2,P2338_T2_4,4,supported,Supported,Supported
P2338,P2338_T2,P2338_T2_5,5,condition_contradicted,Not Supported,Not Supported
P2338,P2338_T3,P2338_T3_1,1,relation_contradicted,Not Supported,Not Supported
P2338,P2338_T3,P2338_T3_2,2,condition_replaced,Not Enough Evidence,Not Enough Evidence
P2338,P2338_T3,P2338_T3_3,3,condition_removed,Not Enough Evidence,Not Enough Evidence
P2338,P2338_T3,P2338_T3_4,4,supported,Supported,Supported
P2338,P2338_T3,P2338_T3_5,5,condition_contradicted,Not Supported,Not Supported
P2341,P2341_T1,P2341_T1_1,1,relation_contradicted,Not Supported,Not Supported
P2341,P2341_T1,P2341_T1_2,2,condition_replaced,Not Enough Evidence,Not Enough Evidence
P2341,P2341_T1,P2341_T1_3,3,condition_removed,Not Enough Evidence,Not Enough Evidence
P2341,P2341_T1,P2341_T1_4,4,supported,Supported,Supported
P2341,P2341_T1,P2341_T1_5,5,condition_contradicted,Not Supported,Not Supported
P2341,P2341_T2,P2341_T2_1,1,relation_contradicted,Not Supported,Not Supported
P2341,P2341_T2,P2341_T2_2,2,condition_replaced,Not Enough Evidence,Not Enough Evidence
P2341,P2341_T2,P2341_T2_3,3,condition_removed,Not Enough Evidence,Not Enough Evidence
P2341,P2341_T2,P2341_T2_4,4,supported,Supported,Supported
P2341,P2341_T2,P2341_T2_5,5,condition_contradicted,Not Supported,Not Supported
P2341,P2341_T3,P2341_T3_1,1,relation_contradicted,Not Supported,Not Supported
P2341,P2341_T3,P2341_T3_2,2,condition_replaced,Not Enough Evidence,Not Enough Evidence
P2341,P2341_T3,P2341_T3_3,3,condition_removed,Not Enough Evidence,Not Enough Evidence
P2341,P2341_T3,P2341_T3_4,4,supported,Supported,Supported
P2341,P2341_T3,P2341_T3_5,5,condition_contradicted,Not Supported,Not Supported
P2345,P2345_T1,P2345_T1_1,1,relation_contradicted,Not Supported,Not Supported
P2345,P2345_T1,P2345_T1_2,2,condition_replaced,Not Enough Evidence,Not Enough Evidence
P2345,P2345_T1,P2345_T1_3,3,condition_removed,Not Enough Evidence,Not Enough Evidence
P2345,P2345_T1,P2345_T1_4,4,supported,Supported,Supported
P2345,P2345_T1,P2345_T1_5,5,condition_contradicted,Not Supported,Not Supported
P2345,P2345_T2,P2345_T2_1,1,relation_contradicted,Not Supported,Not Supported
P2345,P2345_T2,P2345_T2_2,2,condition_replaced,Not Enough Evidence,Not Enough Evidence
P2345,P2345_T2,P2345_T2_3,3,condition_removed,Not Enough Evidence,Not Enough Evidence
P2345,P2345_T2,P2345_T2_4,4,supported,Supported,Supported
P2345,P2345_T2,P2345_T2_5,5,condition_contradicted,Not Supported,Not Supported
P2345,P2345_T3,P2345_T3_1,1,relation_contradicted,Not Supported,Not Enough Evidence
P2345,P2345_T3,P2345_T3_2,2,condition_replaced,Not Enough Evidence,Not Enough Evidence
P2345,P2345_T3,P2345_T3_3,3,condition_removed,Not Enough Evidence,Not Enough Evidence
P2345,P2345_T3,P2345_T3_4,4,supported,Supported,Supported
P2345,P2345_T3,P2345_T3_5,5,condition_contradicted,Not Supported,Not Supported
P2351,P2351_T1,P2351_T1_1,1,relation_contradicted,Not Supported,Not Supported
P2351,P2351_T1,P2351_T1_2,2,condition_replaced,Not Enough Evidence,Not Enough Evidence
P2351,P2351_T1,P2351_T1_3,3,condition_removed,Not Enough Evidence,Not Enough Evidence
P2351,P2351_T1,P2351_T1_4,4,supported,Supported,Supported
P2351,P2351_T1,P2351_T1_5,5,condition_contradicted,Not Supported,Not Supported
P2351,P2351_T2,P2351_T2_1,1,relation_contradicted,Not Supported,Not Supported
P2351,P2351_T2,P2351_T2_2,2,condition_replaced,Not Enough Evidence,Not Enough Evidence
P2351,P2351_T2,P2351_T2_3,3,condition_removed,Not Enough Evidence,Not Enough Evidence
P2351,P2351_T2,P2351_T2_4,4,supported,Supported,Supported
P2351,P2351_T2,P2351_T2_5,5,condition_contradicted,Not Supported,Not Supported
P2351,P2351_T3,P2351_T3_1,1,relation_contradicted,Not Supported,Not Supported
P2351,P2351_T3,P2351_T3_2,2,condition_replaced,Not Enough Evidence,Not Enough Evidence
P2351,P2351_T3,P2351_T3_3,3,condition_removed,Not Enough Evidence,Not Enough Evidence
P2351,P2351_T3,P2351_T3_4,4,supported,Supported,Supported
P2351,P2351_T3,P2351_T3_5,5,condition_contradicted,Not Supported,Not Supported
P2351,P2351_T4,P2351_T4_1,1,relation_contradicted,Not Supported,Not Supported
P2351,P2351_T4,P2351_T4_2,2,condition_replaced,Not Enough Evidence,Not Enough Evidence
P2351,P2351_T4,P2351_T4_3,3,condition_removed,Not Enough Evidence,Not Enough Evidence
P2351,P2351_T4,P2351_T4_4,4,supported,Supported,Supported
P2351,P2351_T4,P2351_T4_5,5,condition_contradicted,Not Supported,Not Supported
P2357,P2357_T1,P2357_T1_1,1,relation_contradicted,Not Supported,Not Supported
P2357,P2357_T1,P2357_T1_2,2,condition_replaced,Not Enough Evidence,Not Enough Evidence
P2357,P2357_T1,P2357_T1_3,3,condition_removed,Not Enough Evidence,Not Enough Evidence
P2357,P2357_T1,P2357_T1_4,4,supported,Supported,Supported
P2357,P2357_T1,P2357_T1_5,5,condition_contradicted,Not Supported,Not Supported
P2357,P2357_T2,P2357_T2_1,1,relation_contradicted,Not Supported,Not Supported
P2357,P2357_T2,P2357_T2_2,2,condition_replaced,Not Enough Evidence,Not Enough Evidence
P2357,P2357_T2,P2357_T2_3,3,condition_removed,Not Enough Evidence,Not Enough Evidence
P2357,P2357_T2,P2357_T2_4,4,supported,Supported,Supported
P2357,P2357_T2,P2357_T2_5,5,condition_contradicted,Not Supported,Not Supported
P2357,P2357_T3,P2357_T3_1,1,relation_contradicted,Not Supported,Not Supported
P2357,P2357_T3,P2357_T3_2,2,condition_replaced,Not Enough Evidence,Not Enough Evidence
P2357,P2357_T3,P2357_T3_3,3,condition_removed,Not Enough Evidence,Not Enough Evidence
P2357,P2357_T3,P2357_T3_4,4,supported,Supported,Supported
P2357,P2357_T3,P2357_T3_5,5,condition_contradicted,Not Supported,Not Supported
P2359,P2359_T1,P2359_T1_1,1,relation_contradicted,Not Supported,Not Supported
P2359,P2359_T1,P2359_T1_2,2,condition_replaced,Not Enough Evidence,Not Enough Evidence
P2359,P2359_T1,P2359_T1_3,3,condition_removed,Not Enough Evidence,Not Enough Evidence
P2359,P2359_T1,P2359_T1_4,4,supported,Supported,Supported
P2359,P2359_T1,P2359_T1_5,5,condition_contradicted,Not Supported,Not Supported
P2359,P2359_T2,P2359_T2_1,1,relation_contradicted,Not Supported,Not Supported
P2359,P2359_T2,P2359_T2_2,2,condition_replaced,Not Enough Evidence,Not Enough Evidence
P2359,P2359_T2,P2359_T2_3,3,condition_removed,Not Enough Evidence,Not Enough Evidence
P2359,P2359_T2,P2359_T2_4,4,supported,Supported,Supported
P2359,P2359_T2,P2359_T2_5,5,condition_contradicted,Not Supported,Not Supported
P2359,P2359_T3,P2359_T3_1,1,relation_contradicted,Not Supported,Not Supported
P2359,P2359_T3,P2359_T3_2,2,condition_replaced,Not Enough Evidence,Not Enough Evidence
P2359,P2359_T3,P2359_T3_3,3,condition_removed,Not Enough Evidence,Not Enough Evidence
P2359,P2359_T3,P2359_T3_4,4,supported,Supported,Supported
P2359,P2359_T3,P2359_T3_5,5,condition_contradicted,Not Supported,Not Supported
P2360,P2360_T1,P2360_T1_1,1,relation_contradicted,Not Supported,Not Supported
P2360,P2360_T1,P2360_T1_2,2,condition_replaced,Not Enough Evidence,Not Enough Evidence
P2360,P2360_T1,P2360_T1_3,3,condition_removed,Not Enough Evidence,Not Enough Evidence
P2360,P2360_T1,P2360_T1_4,4,supported,Supported,Supported
P2360,P2360_T1,P2360_T1_5,5,condition_contradicted,Not Supported,Not Supported
P2360,P2360_T2,P2360_T2_1,1,relation_contradicted,Not Supported,Not Supported
P2360,P2360_T2,P2360_T2_2,2,condition_replaced,Not Enough Evidence,Not Enough Evidence
P2360,P2360_T2,P2360_T2_3,3,condition_removed,Not Enough Evidence,Not Enough Evidence
P2360,P2360_T2,P2360_T2_4,4,supported,Supported,Supported
P2360,P2360_T2,P2360_T2_5,5,condition_contradicted,Not Supported,Not Supported
P2360,P2360_T3,P2360_T3_1,1,relation_contradicted,Not Supported,Not Supported
P2360,P2360_T3,P2360_T3_2,2,condition_replaced,Not Enough Evidence,Not Enough Evidence
P2360,P2360_T3,P2360_T3_3,3,condition_removed,Not Enough Evidence,Not Enough Evidence
P2360,P2360_T3,P2360_T3_4,4,supported,Supported,Supported
P2360,P2360_T3,P2360_T3_5,5,condition_contradicted,Not Supported,Not Supported
P2361,P2361_T1,P2361_T1_1,1,relation_contradicted,Not Supported,Not Supported
P2361,P2361_T1,P2361_T1_2,2,condition_replaced,Not Enough Evidence,Not Enough Evidence
P2361,P2361_T1,P2361_T1_3,3,condition_removed,Not Enough Evidence,Not Enough Evidence
P2361,P2361_T1,P2361_T1_4,4,supported,Supported,Supported
P2361,P2361_T1,P2361_T1_5,5,condition_contradicted,Not Supported,Not Supported
P2361,P2361_T2,P2361_T2_1,1,relation_contradicted,Not Supported,Not Supported
P2361,P2361_T2,P2361_T2_2,2,condition_replaced,Not Enough Evidence,Not Enough Evidence
P2361,P2361_T2,P2361_T2_3,3,condition_removed,Not Enough Evidence,Not Enough Evidence
P2361,P2361_T2,P2361_T2_4,4,supported,Supported,Supported
P2361,P2361_T2,P2361_T2_5,5,condition_contradicted,Not Supported,Not Supported
P2361,P2361_T3,P2361_T3_1,1,relation_contradicted,Not Supported,Not Supported
P2361,P2361_T3,P2361_T3_2,2,condition_replaced,Not Enough Evidence,Not Enough Evidence
P2361,P2361_T3,P2361_T3_3,3,condition_removed,Not Enough Evidence,Not Enough Evidence
P2361,P2361_T3,P2361_T3_4,4,supported,Supported,Supported
P2361,P2361_T3,P2361_T3_5,5,condition_contradicted,Not Supported,Not Supported
P2362,P2362_T1,P2362_T1_1,1,relation_contradicted,Not Supported,Not Supported
P2362,P2362_T1,P2362_T1_2,2,condition_replaced,Not Enough Evidence,Not Enough Evidence
P2362,P2362_T1,P2362_T1_3,3,condition_removed,Not Enough Evidence,Not Enough Evidence
P2362,P2362_T1,P2362_T1_4,4,supported,Supported,Supported
P2362,P2362_T1,P2362_T1_5,5,condition_contradicted,Not Supported,Not Supported
P2362,P2362_T2,P2362_T2_1,1,relation_contradicted,Not Supported,Not Supported
P2362,P2362_T2,P2362_T2_2,2,condition_replaced,Not Enough Evidence,Not Enough Evidence
P2362,P2362_T2,P2362_T2_3,3,condition_removed,Not Enough Evidence,Not Enough Evidence
P2362,P2362_T2,P2362_T2_4,4,supported,Supported,Supported
P2362,P2362_T2,P2362_T2_5,5,condition_contradicted,Not Supported,Not Supported
P2362,P2362_T3,P2362_T3_1,1,relation_contradicted,Not Supported,Not Supported
P2362,P2362_T3,P2362_T3_2,2,condition_replaced,Not Enough Evidence,Not Enough Evidence
P2362,P2362_T3,P2362_T3_3,3,condition_removed,Not Enough Evidence,Not Enough Evidence
P2362,P2362_T3,P2362_T3_4,4,supported,Supported,Supported
P2362,P2362_T3,P2362_T3_5,5,condition_contradicted,Not Supported,Not Supported
P2364,P2364_T1,P2364_T1_1,1,relation_contradicted,Not Supported,Not Supported
P2364,P2364_T1,P2364_T1_2,2,condition_replaced,Not Enough Evidence,Not Enough Evidence
P2364,P2364_T1,P2364_T1_3,3,condition_removed,Not Enough Evidence,Not Enough Evidence
P2364,P2364_T1,P2364_T1_4,4,supported,Supported,Supported
P2364,P2364_T1,P2364_T1_5,5,condition_contradicted,Not Supported,Not Supported
P2364,P2364_T2,P2364_T2_1,1,relation_contradicted,Not Supported,Not Supported
P2364,P2364_T2,P2364_T2_2,2,condition_replaced,Not Enough Evidence,Not Enough Evidence
P2364,P2364_T2,P2364_T2_3,3,condition_removed,Not Enough Evidence,Not Enough Evidence
P2364,P2364_T2,P2364_T2_4,4,supported,Supported,Supported
P2364,P2364_T2,P2364_T2_5,5,condition_contradicted,Not Supported,Not Supported
P2364,P2364_T3,P2364_T3_1,1,relation_contradicted,Not Supported,Not Supported
P2364,P2364_T3,P2364_T3_2,2,condition_replaced,Not Enough Evidence,Not Enough Evidence
P2364,P2364_T3,P2364_T3_3,3,condition_removed,Not Enough Evidence,Not Enough Evidence
P2364,P2364_T3,P2364_T3_4,4,supported,Supported,Supported
P2364,P2364_T3,P2364_T3_5,5,condition_contradicted,Not Supported,Not Supported
P2365,P2365_T1,P2365_T1_1,1,relation_contradicted,Not Supported,Not Supported
P2365,P2365_T1,P2365_T1_2,2,condition_replaced,Not Enough Evidence,Not Enough Evidence
P2365,P2365_T1,P2365_T1_3,3,condition_removed,Not Enough Evidence,Not Enough Evidence
P2365,P2365_T1,P2365_T1_4,4,supported,Supported,Supported
P2365,P2365_T1,P2365_T1_5,5,condition_contradicted,Not Supported,Not Supported
P2365,P2365_T2,P2365_T2_1,1,relation_contradicted,Not Supported,Supported
P2365,P2365_T2,P2365_T2_2,2,condition_replaced,Not Enough Evidence,Not Enough Evidence
P2365,P2365_T2,P2365_T2_3,3,condition_removed,Not Enough Evidence,Not Enough Evidence
P2365,P2365_T2,P2365_T2_4,4,supported,Supported,Supported
P2365,P2365_T2,P2365_T2_5,5,condition_contradicted,Not Supported,Not Supported
P2365,P2365_T3,P2365_T3_1,1,relation_contradicted,Not Supported,Not Supported
P2365,P2365_T3,P2365_T3_2,2,condition_replaced,Not Enough Evidence,Not Enough Evidence
P2365,P2365_T3,P2365_T3_3,3,condition_removed,Not Enough Evidence,Not Enough Evidence
P2365,P2365_T3,P2365_T3_4,4,supported,Supported,Supported
P2365,P2365_T3,P2365_T3_5,5,condition_contradicted,Not Supported,Not Supported
P2366,P2366_T1,P2366_T1_1,1,relation_contradicted,Not Supported,Not Supported
P2366,P2366_T1,P2366_T1_2,2,condition_replaced,Not Enough Evidence,Not Enough Evidence
P2366,P2366_T1,P2366_T1_3,3,condition_removed,Not Enough Evidence,Not Enough Evidence
P2366,P2366_T1,P2366_T1_4,4,supported,Supported,Supported
P2366,P2366_T1,P2366_T1_5,5,condition_contradicted,Not Supported,Not Supported
P2366,P2366_T2,P2366_T2_1,1,relation_contradicted,Not Supported,Not Supported
P2366,P2366_T2,P2366_T2_2,2,condition_replaced,Not Enough Evidence,Not Enough Evidence
P2366,P2366_T2,P2366_T2_3,3,condition_removed,Not Enough Evidence,Not Enough Evidence
P2366,P2366_T2,P2366_T2_4,4,supported,Supported,Supported
P2366,P2366_T2,P2366_T2_5,5,condition_contradicted,Not Supported,Not Supported
P2366,P2366_T3,P2366_T3_1,1,relation_contradicted,Not Supported,Not Supported
P2366,P2366_T3,P2366_T3_2,2,condition_replaced,Not Enough Evidence,Not Enough Evidence
P2366,P2366_T3,P2366_T3_3,3,condition_removed,Not Enough Evidence,Not Enough Evidence
P2366,P2366_T3,P2366_T3_4,4,supported,Supported,Supported
P2366,P2366_T3,P2366_T3_5,5,condition_contradicted,Not Supported,Not Supported
P2369,P2369_T1,P2369_T1_1,1,relation_contradicted,Not Supported,Not Supported
P2369,P2369_T1,P2369_T1_2,2,condition_replaced,Not Enough Evidence,Not Enough Evidence
P2369,P2369_T1,P2369_T1_3,3,condition_removed,Not Enough Evidence,Not Enough Evidence
P2369,P2369_T1,P2369_T1_4,4,supported,Supported,Supported
P2369,P2369_T1,P2369_T1_5,5,condition_contradicted,Not Supported,Not Supported
P2369,P2369_T2,P2369_T2_1,1,relation_contradicted,Not Supported,Not Supported
P2369,P2369_T2,P2369_T2_2,2,condition_replaced,Not Enough Evidence,Not Enough Evidence
P2369,P2369_T2,P2369_T2_3,3,condition_removed,Not Enough Evidence,Not Enough Evidence
P2369,P2369_T2,P2369_T2_4,4,supported,Supported,Supported
P2369,P2369_T2,P2369_T2_5,5,condition_contradicted,Not Supported,Not Supported
P2369,P2369_T3,P2369_T3_1,1,relation_contradicted,Not Supported,Not Supported
P2369,P2369_T3,P2369_T3_2,2,condition_replaced,Not Enough Evidence,Not Enough Evidence
P2369,P2369_T3,P2369_T3_3,3,condition_removed,Not Enough Evidence,Not Enough Evidence
P2369,P2369_T3,P2369_T3_4,4,supported,Supported,Supported
P2369,P2369_T3,P2369_T3_5,5,condition_contradicted,Not Supported,Not Supported
P2379,P2379_T1,P2379_T1_1,1,relation_contradicted,Not Supported,Not Supported
P2379,P2379_T1,P2379_T1_2,2,condition_replaced,Not Enough Evidence,Not Enough Evidence
P2379,P2379_T1,P2379_T1_3,3,condition_removed,Not Enough Evidence,Not Enough Evidence
P2379,P2379_T1,P2379_T1_4,4,supported,Supported,Supported
P2379,P2379_T1,P2379_T1_5,5,condition_contradicted,Not Supported,Not Supported
P2381,P2381_T1,P2381_T1_1,1,relation_contradicted,Not Supported,Not Supported
P2381,P2381_T1,P2381_T1_2,2,condition_replaced,Not Enough Evidence,Not Enough Evidence
P2381,P2381_T1,P2381_T1_3,3,condition_removed,Not Enough Evidence,Not Enough Evidence
P2381,P2381_T1,P2381_T1_4,4,supported,Supported,Supported
P2381,P2381_T1,P2381_T1_5,5,condition_contradicted,Not Supported,Not Supported
P2384,P2384_T1,P2384_T1_1,1,relation_contradicted,Not Supported,Not Supported
P2384,P2384_T1,P2384_T1_2,2,condition_replaced,Not Enough Evidence,Not Enough Evidence
P2384,P2384_T1,P2384_T1_3,3,condition_removed,Not Enough Evidence,Not Enough Evidence
P2384,P2384_T1,P2384_T1_4,4,supported,Supported,Supported
P2384,P2384_T1,P2384_T1_5,5,condition_contradicted,Not Supported,Not Supported
P2388,P2388_T1,P2388_T1_1,1,relation_contradicted,Not Supported,Supported
P2388,P2388_T1,P2388_T1_2,2,condition_replaced,Not Enough Evidence,Not Enough Evidence
P2388,P2388_T1,P2388_T1_3,3,condition_removed,Not Enough Evidence,Not Enough Evidence
P2388,P2388_T1,P2388_T1_4,4,supported,Supported,Supported
P2388,P2388_T1,P2388_T1_5,5,condition_contradicted,Not Supported,Not Supported
P2396,P2396_T1,P2396_T1_1,1,relation_contradicted,Not Supported,Not Supported
P2396,P2396_T1,P2396_T1_2,2,condition_replaced,Not Enough Evidence,Not Enough Evidence
P2396,P2396_T1,P2396_T1_3,3,condition_removed,Not Enough Evidence,Not Enough Evidence
P2396,P2396_T1,P2396_T1_4,4,supported,Supported,Supported
P2396,P2396_T1,P2396_T1_5,5,condition_contradicted,Not Supported,Not Supported
P2400,P2400_T1,P2400_T1_1,1,relation_contradicted,Not Supported,Not Supported
P2400,P2400_T1,P2400_T1_2,2,condition_replaced,Not Enough Evidence,Not Enough Evidence
P2400,P2400_T1,P2400_T1_3,3,condition_removed,Not Enough Evidence,Not Enough Evidence
P2400,P2400_T1,P2400_T1_4,4,supported,Supported,Supported
P2400,P2400_T1,P2400_T1_5,5,condition_contradicted,Not Supported,Not Supported
P2400,P2400_T2,P2400_T2_1,1,relation_contradicted,Not Supported,Not Supported
P2400,P2400_T2,P2400_T2_2,2,condition_replaced,Not Enough Evidence,Not Enough Evidence
P2400,P2400_T2,P2400_T2_3,3,condition_removed,Not Enough Evidence,Not Enough Evidence
P2400,P2400_T2,P2400_T2_4,4,supported,Supported,Supported
P2400,P2400_T2,P2400_T2_5,5,condition_contradicted,Not Supported,Not Supported
P2402,P2402_T1,P2402_T1_1,1,relation_contradicted,Not Supported,Not Supported
P2402,P2402_T1,P2402_T1_2,2,condition_replaced,Not Enough Evidence,Not Enough Evidence
P2402,P2402_T1,P2402_T1_3,3,condition_removed,Not Enough Evidence,Not Enough Evidence
P2402,P2402_T1,P2402_T1_4,4,supported,Supported,Supported
P2402,P2402_T1,P2402_T1_5,5,condition_contradicted,Not Supported,Not Supported
P2409,P2409_T1,P2409_T1_1,1,relation_contradicted,Not Supported,Not Supported
P2409,P2409_T1,P2409_T1_2,2,condition_replaced,Not Enough Evidence,Not Enough Evidence
P2409,P2409_T1,P2409_T1_3,3,condition_removed,Not Enough Evidence,Not Enough Evidence
P2409,P2409_T1,P2409_T1_4,4,supported,Supported,Supported
P2409,P2409_T1,P2409_T1_5,5,condition_contradicted,Not Supported,Not Supported
P2414,P2414_T1,P2414_T1_1,1,relation_contradicted,Not Supported,Not Supported
P2414,P2414_T1,P2414_T1_2,2,condition_replaced,Not Enough Evidence,Not Enough Evidence
P2414,P2414_T1,P2414_T1_3,3,condition_removed,Not Enough Evidence,Not Enough Evidence
P2414,P2414_T1,P2414_T1_4,4,supported,Supported,Supported
P2414,P2414_T1,P2414_T1_5,5,condition_contradicted,Not Supported,Not Supported
P2418,P2418_T1,P2418_T1_1,1,relation_contradicted,Not Supported,Not Supported
P2418,P2418_T1,P2418_T1_2,2,condition_replaced,Not Enough Evidence,Not Enough Evidence
P2418,P2418_T1,P2418_T1_3,3,condition_removed,Not Enough Evidence,Not Enough Evidence
P2418,P2418_T1,P2418_T1_4,4,supported,Supported,Supported
P2418,P2418_T1,P2418_T1_5,5,condition_contradicted,Not Supported,Not Supported
P2421,P2421_T1,P2421_T1_1,1,relation_contradicted,Not Supported,Not Supported
P2421,P2421_T1,P2421_T1_2,2,condition_replaced,Not Enough Evidence,Not Enough Evidence
P2421,P2421_T1,P2421_T1_3,3,condition_removed,Not Enough Evidence,Not Enough Evidence
P2421,P2421_T1,P2421_T1_4,4,supported,Supported,Supported
P2421,P2421_T1,P2421_T1_5,5,condition_contradicted,Not Supported,Not Supported
P2421,P2421_T2,P2421_T2_1,1,relation_contradicted,Not Supported,Not Supported
P2421,P2421_T2,P2421_T2_2,2,condition_replaced,Not Enough Evidence,Not Enough Evidence
P2421,P2421_T2,P2421_T2_3,3,condition_removed,Not Enough Evidence,Not Enough Evidence
P2421,P2421_T2,P2421_T2_4,4,supported,Supported,Supported
P2421,P2421_T2,P2421_T2_5,5,condition_contradicted,Not Supported,Not Supported
P2423,P2423_T1,P2423_T1_1,1,relation_contradicted,Not Supported,Not Supported
P2423,P2423_T1,P2423_T1_2,2,condition_replaced,Not Enough Evidence,Not Enough Evidence
P2423,P2423_T1,P2423_T1_3,3,condition_removed,Not Enough Evidence,Not Enough Evidence
P2423,P2423_T1,P2423_T1_4,4,supported,Supported,Supported
P2423,P2423_T1,P2423_T1_5,5,condition_contradicted,Not Supported,Not Supported
P2423,P2423_T2,P2423_T2_1,1,relation_contradicted,Not Supported,Not Supported
P2423,P2423_T2,P2423_T2_2,2,condition_replaced,Not Enough Evidence,Not Enough Evidence
P2423,P2423_T2,P2423_T2_3,3,condition_removed,Not Enough Evidence,Not Enough Evidence
P2423,P2423_T2,P2423_T2_4,4,supported,Supported,Supported
P2423,P2423_T2,P2423_T2_5,5,condition_contradicted,Not Supported,Not Supported
P2426,P2426_T1,P2426_T1_1,1,relation_contradicted,Not Supported,Not Supported
P2426,P2426_T1,P2426_T1_2,2,condition_replaced,Not Enough Evidence,Not Enough Evidence
P2426,P2426_T1,P2426_T1_3,3,condition_removed,Not Enough Evidence,Not Enough Evidence
P2426,P2426_T1,P2426_T1_4,4,supported,Supported,Supported
P2426,P2426_T1,P2426_T1_5,5,condition_contradicted,Not Supported,Not Supported
P2427,P2427_T1,P2427_T1_1,1,relation_contradicted,Not Supported,Not Supported
P2427,P2427_T1,P2427_T1_2,2,condition_replaced,Not Enough Evidence,Not Enough Evidence
P2427,P2427_T1,P2427_T1_3,3,condition_removed,Not Enough Evidence,Not Enough Evidence
P2427,P2427_T1,P2427_T1_4,4,supported,Supported,Supported
P2427,P2427_T1,P2427_T1_5,5,condition_contradicted,Not Supported,Not Supported
P2430,P2430_T1,P2430_T1_1,1,relation_contradicted,Not Supported,Not Supported
P2430,P2430_T1,P2430_T1_2,2,condition_replaced,Not Enough Evidence,Not Enough Evidence
P2430,P2430_T1,P2430_T1_3,3,condition_removed,Not Enough Evidence,Not Enough Evidence
P2430,P2430_T1,P2430_T1_4,4,supported,Supported,Supported
P2430,P2430_T1,P2430_T1_5,5,condition_contradicted,Not Supported,Not Supported
P2431,P2431_T1,P2431_T1_1,1,relation_contradicted,Not Supported,Not Supported
P2431,P2431_T1,P2431_T1_2,2,condition_replaced,Not Enough Evidence,Not Enough Evidence
P2431,P2431_T1,P2431_T1_3,3,condition_removed,Not Enough Evidence,Not Enough Evidence
P2431,P2431_T1,P2431_T1_4,4,supported,Supported,Supported
P2431,P2431_T1,P2431_T1_5,5,condition_contradicted,Not Supported,Not Supported
P2444,P2444_T1,P2444_T1_1,1,relation_contradicted,Not Supported,Not Supported
P2444,P2444_T1,P2444_T1_2,2,condition_replaced,Not Enough Evidence,Not Enough Evidence
P2444,P2444_T1,P2444_T1_3,3,condition_removed,Not Enough Evidence,Not Enough Evidence
P2444,P2444_T1,P2444_T1_4,4,supported,Supported,Supported
P2444,P2444_T1,P2444_T1_5,5,condition_contradicted,Not Supported,Not Supported
P2447,P2447_T1,P2447_T1_1,1,relation_contradicted,Not Supported,Not Supported
P2447,P2447_T1,P2447_T1_2,2,condition_replaced,Not Enough Evidence,Not Enough Evidence
P2447,P2447_T1,P2447_T1_3,3,condition_removed,Not Enough Evidence,Not Enough Evidence
P2447,P2447_T1,P2447_T1_4,4,supported,Supported,Supported
P2447,P2447_T1,P2447_T1_5,5,condition_contradicted,Not Supported,Not Supported
P2447,P2447_T2,P2447_T2_1,1,relation_contradicted,Not Supported,Not Supported
P2447,P2447_T2,P2447_T2_2,2,condition_replaced,Not Enough Evidence,Not Enough Evidence
P2447,P2447_T2,P2447_T2_3,3,condition_removed,Not Enough Evidence,Not Enough Evidence
P2447,P2447_T2,P2447_T2_4,4,supported,Supported,Supported
P2447,P2447_T2,P2447_T2_5,5,condition_contradicted,Not Supported,Not Supported
P2455,P2455_T1,P2455_T1_1,1,relation_contradicted,Not Supported,Not Supported
P2455,P2455_T1,P2455_T1_2,2,condition_replaced,Not Enough Evidence,Not Enough Evidence
P2455,P2455_T1,P2455_T1_3,3,condition_removed,Not Enough Evidence,Not Enough Evidence
P2455,P2455_T1,P2455_T1_4,4,supported,Supported,Supported
P2455,P2455_T1,P2455_T1_5,5,condition_contradicted,Not Supported,Not Supported
P2458,P2458_T1,P2458_T1_1,1,relation_contradicted,Not Supported,Not Supported
P2458,P2458_T1,P2458_T1_2,2,condition_replaced,Not Enough Evidence,Not Enough Evidence
P2458,P2458_T1,P2458_T1_3,3,condition_removed,Not Enough Evidence,Not Enough Evidence
P2458,P2458_T1,P2458_T1_4,4,supported,Supported,Supported
P2458,P2458_T1,P2458_T1_5,5,condition_contradicted,Not Supported,Not Supported
P2460,P2460_T1,P2460_T1_1,1,relation_contradicted,Not Supported,Not Supported
P2460,P2460_T1,P2460_T1_2,2,condition_replaced,Not Enough Evidence,Not Enough Evidence
P2460,P2460_T1,P2460_T1_3,3,condition_removed,Not Enough Evidence,Not Enough Evidence
P2460,P2460_T1,P2460_T1_4,4,supported,Supported,Supported
P2460,P2460_T1,P2460_T1_5,5,condition_contradicted,Not Supported,Not Supported
P2461,P2461_T1,P2461_T1_1,1,relation_contradicted,Not Supported,Not Supported
P2461,P2461_T1,P2461_T1_2,2,condition_replaced,Not Enough Evidence,Not Enough Evidence
P2461,P2461_T1,P2461_T1_3,3,condition_removed,Not Enough Evidence,Not Enough Evidence
P2461,P2461_T1,P2461_T1_4,4,supported,Supported,Supported
P2461,P2461_T1,P2461_T1_5,5,condition_contradicted,Not Supported,Not Supported
P2462,P2462_T1,P2462_T1_1,1,relation_contradicted,Not Supported,Not Supported
P2462,P2462_T1,P2462_T1_2,2,condition_replaced,Not Enough Evidence,Not Enough Evidence
P2462,P2462_T1,P2462_T1_3,3,condition_removed,Not Enough Evidence,Not Enough Evidence
P2462,P2462_T1,P2462_T1_4,4,supported,Supported,Supported
P2462,P2462_T1,P2462_T1_5,5,condition_contradicted,Not Supported,Not Supported
P2470,P2470_T1,P2470_T1_1,1,relation_contradicted,Not Supported,Not Supported
P2470,P2470_T1,P2470_T1_2,2,condition_replaced,Not Enough Evidence,Not Supported
P2470,P2470_T1,P2470_T1_3,3,condition_removed,Not Enough Evidence,Not Enough Evidence
P2470,P2470_T1,P2470_T1_4,4,supported,Supported,Supported
P2470,P2470_T1,P2470_T1_5,5,condition_contradicted,Not Supported,Not Supported
P2475,P2475_T1,P2475_T1_1,1,relation_contradicted,Not Supported,Not Supported
P2475,P2475_T1,P2475_T1_2,2,condition_replaced,Not Enough Evidence,Not Enough Evidence
P2475,P2475_T1,P2475_T1_3,3,condition_removed,Not Enough Evidence,Not Enough Evidence
P2475,P2475_T1,P2475_T1_4,4,supported,Supported,Supported
P2475,P2475_T1,P2475_T1_5,5,condition_contradicted,Not Supported,Not Supported
P2475,P2475_T2,P2475_T2_1,1,relation_contradicted,Not Supported,Supported
P2475,P2475_T2,P2475_T2_2,2,condition_replaced,Not Enough Evidence,Not Enough Evidence
P2475,P2475_T2,P2475_T2_3,3,condition_removed,Not Enough Evidence,Not Enough Evidence
P2475,P2475_T2,P2475_T2_4,4,supported,Supported,Supported
P2475,P2475_T2,P2475_T2_5,5,condition_contradicted,Not Supported,Not Supported
P2476,P2476_T1,P2476_T1_1,1,relation_contradicted,Not Supported,Not Supported
P2476,P2476_T1,P2476_T1_2,2,condition_replaced,Not Enough Evidence,Not Enough Evidence
P2476,P2476_T1,P2476_T1_3,3,condition_removed,Not Enough Evidence,Not Enough Evidence
P2476,P2476_T1,P2476_T1_4,4,supported,Supported,Supported
P2476,P2476_T1,P2476_T1_5,5,condition_contradicted,Not Supported,Not Supported
P2476,P2476_T2,P2476_T2_1,1,relation_contradicted,Not Supported,Not Supported
P2476,P2476_T2,P2476_T2_2,2,condition_replaced,Not Enough Evidence,Not Enough Evidence
P2476,P2476_T2,P2476_T2_3,3,condition_removed,Not Enough Evidence,Not Enough Evidence
P2476,P2476_T2,P2476_T2_4,4,supported,Supported,Supported
P2476,P2476_T2,P2476_T2_5,5,condition_contradicted,Not Supported,Not Supported
P2481,P2481_T1,P2481_T1_1,1,relation_contradicted,Not Supported,Not Supported
P2481,P2481_T1,P2481_T1_2,2,condition_replaced,Not Enough Evidence,Not Enough Evidence
P2481,P2481_T1,P2481_T1_3,3,condition_removed,Not Enough Evidence,Not Enough Evidence
P2481,P2481_T1,P2481_T1_4,4,supported,Supported,Supported
P2481,P2481_T1,P2481_T1_5,5,condition_contradicted,Not Supported,Not Supported
P2481,P2481_T2,P2481_T2_1,1,relation_contradicted,Not Supported,Not Supported
P2481,P2481_T2,P2481_T2_2,2,condition_replaced,Not Enough Evidence,Not Enough Evidence
P2481,P2481_T2,P2481_T2_3,3,condition_removed,Not Enough Evidence,Not Enough Evidence
P2481,P2481_T2,P2481_T2_4,4,supported,Supported,Supported
P2481,P2481_T2,P2481_T2_5,5,condition_contradicted,Not Supported,Not Supported
P2484,P2484_T1,P2484_T1_1,1,relation_contradicted,Not Supported,Not Supported
P2484,P2484_T1,P2484_T1_2,2,condition_replaced,Not Enough Evidence,Not Enough Evidence
P2484,P2484_T1,P2484_T1_3,3,condition_removed,Not Enough Evidence,Not Enough Evidence
P2484,P2484_T1,P2484_T1_4,4,supported,Supported,Supported
P2484,P2484_T1,P2484_T1_5,5,condition_contradicted,Not Supported,Not Supported
P2484,P2484_T2,P2484_T2_1,1,relation_contradicted,Not Supported,Not Supported
P2484,P2484_T2,P2484_T2_2,2,condition_replaced,Not Enough Evidence,Not Enough Evidence
P2484,P2484_T2,P2484_T2_3,3,condition_removed,Not Enough Evidence,Not Enough Evidence
P2484,P2484_T2,P2484_T2_4,4,supported,Supported,Supported
P2484,P2484_T2,P2484_T2_5,5,condition_contradicted,Not Supported,Not Supported
P2485,P2485_T1,P2485_T1_1,1,relation_contradicted,Not Supported,Not Supported
P2485,P2485_T1,P2485_T1_2,2,condition_replaced,Not Enough Evidence,Not Enough Evidence
P2485,P2485_T1,P2485_T1_3,3,condition_removed,Not Enough Evidence,Not Enough Evidence
P2485,P2485_T1,P2485_T1_4,4,supported,Supported,Supported
P2485,P2485_T1,P2485_T1_5,5,condition_contradicted,Not Supported,Not Supported
P2485,P2485_T2,P2485_T2_1,1,relation_contradicted,Not Supported,Not Supported
P2485,P2485_T2,P2485_T2_2,2,condition_replaced,Not Enough Evidence,Not Enough Evidence
P2485,P2485_T2,P2485_T2_3,3,condition_removed,Not Enough Evidence,Not Enough Evidence
P2485,P2485_T2,P2485_T2_4,4,supported,Supported,Supported
P2485,P2485_T2,P2485_T2_5,5,condition_contradicted,Not Supported,Not Supported
P2486,P2486_T1,P2486_T1_1,1,relation_contradicted,Not Supported,Not Supported
P2486,P2486_T1,P2486_T1_2,2,condition_replaced,Not Enough Evidence,Not Enough Evidence
P2486,P2486_T1,P2486_T1_3,3,condition_removed,Not Enough Evidence,Not Enough Evidence
P2486,P2486_T1,P2486_T1_4,4,supported,Supported,Supported
P2486,P2486_T1,P2486_T1_5,5,condition_contradicted,Not Supported,Not Supported
P2486,P2486_T2,P2486_T2_1,1,relation_contradicted,Not Supported,Not Supported
P2486,P2486_T2,P2486_T2_2,2,condition_replaced,Not Enough Evidence,Not Enough Evidence
P2486,P2486_T2,P2486_T2_3,3,condition_removed,Not Enough Evidence,Not Enough Evidence
P2486,P2486_T2,P2486_T2_4,4,supported,Supported,Supported
P2486,P2486_T2,P2486_T2_5,5,condition_contradicted,Not Supported,Not Supported
P2489,P2489_T1,P2489_T1_1,1,relation_contradicted,Not Supported,Not Supported
P2489,P2489_T1,P2489_T1_2,2,condition_replaced,Not Enough Evidence,Not Enough Evidence
P2489,P2489_T1,P2489_T1_3,3,condition_removed,Not Enough Evidence,Not Enough Evidence
P2489,P2489_T1,P2489_T1_4,4,supported,Supported,Supported
P2489,P2489_T1,P2489_T1_5,5,condition_contradicted,Not Supported,Not Supported
P2489,P2489_T2,P2489_T2_1,1,relation_contradicted,Not Supported,Not Supported
P2489,P2489_T2,P2489_T2_2,2,condition_replaced,Not Enough Evidence,Not Enough Evidence
P2489,P2489_T2,P2489_T2_3,3,condition_removed,Not Enough Evidence,Not Enough Evidence
P2489,P2489_T2,P2489_T2_4,4,supported,Supported,Supported
P2489,P2489_T2,P2489_T2_5,5,condition_contradicted,Not Supported,Not Supported
P2490,P2490_T1,P2490_T1_1,1,relation_contradicted,Not Supported,Not Supported
P2490,P2490_T1,P2490_T1_2,2,condition_replaced,Not Enough Evidence,Not Enough Evidence
P2490,P2490_T1,P2490_T1_3,3,condition_removed,Not Enough Evidence,Not Enough Evidence
P2490,P2490_T1,P2490_T1_4,4,supported,Supported,Supported
P2490,P2490_T1,P2490_T1_5,5,condition_contradicted,Not Supported,Not Supported
P2490,P2490_T2,P2490_T2_1,1,relation_contradicted,Not Supported,Not Supported
P2490,P2490_T2,P2490_T2_2,2,condition_replaced,Not Enough Evidence,Not Enough Evidence
P2490,P2490_T2,P2490_T2_3,3,condition_removed,Not Enough Evidence,Not Enough Evidence
P2490,P2490_T2,P2490_T2_4,4,supported,Supported,Supported
P2490,P2490_T2,P2490_T2_5,5,condition_contradicted,Not Supported,Not Supported
P2498,P2498_T1,P2498_T1_1,1,relation_contradicted,Not Supported,Not Supported
P2498,P2498_T1,P2498_T1_2,2,condition_replaced,Not Enough Evidence,Not Enough Evidence
P2498,P2498_T1,P2498_T1_3,3,condition_removed,Not Enough Evidence,Not Enough Evidence
P2498,P2498_T1,P2498_T1_4,4,supported,Supported,Supported
P2498,P2498_T1,P2498_T1_5,5,condition_contradicted,Not Supported,Not Supported
P2498,P2498_T2,P2498_T2_1,1,relation_contradicted,Not Supported,Not Supported
P2498,P2498_T2,P2498_T2_2,2,condition_replaced,Not Enough Evidence,Not Enough Evidence
P2498,P2498_T2,P2498_T2_3,3,condition_removed,Not Enough Evidence,Not Enough Evidence
P2498,P2498_T2,P2498_T2_4,4,supported,Supported,Supported
P2498,P2498_T2,P2498_T2_5,5,condition_contradicted,Not Supported,Not Supported
P2499,P2499_T1,P2499_T1_1,1,relation_contradicted,Not Supported,Not Supported
P2499,P2499_T1,P2499_T1_2,2,condition_replaced,Not Enough Evidence,Not Enough Evidence
P2499,P2499_T1,P2499_T1_3,3,condition_removed,Not Enough Evidence,Not Enough Evidence
P2499,P2499_T1,P2499_T1_4,4,supported,Supported,Supported
P2499,P2499_T1,P2499_T1_5,5,condition_contradicted,Not Supported,Not Supported
P2499,P2499_T2,P2499_T2_1,1,relation_contradicted,Not Supported,Not Supported
P2499,P2499_T2,P2499_T2_2,2,condition_replaced,Not Enough Evidence,Not Enough Evidence
P2499,P2499_T2,P2499_T2_3,3,condition_removed,Not Enough Evidence,Not Enough Evidence
P2499,P2499_T2,P2499_T2_4,4,supported,Supported,Supported
P2499,P2499_T2,P2499_T2_5,5,condition_contradicted,Not Supported,Not Supported
P2513,P2513_T1,P2513_T1_1,1,relation_contradicted,Not Supported,Not Supported
P2513,P2513_T1,P2513_T1_2,2,condition_replaced,Not Enough Evidence,Not Enough Evidence
P2513,P2513_T1,P2513_T1_3,3,condition_removed,Not Enough Evidence,Not Enough Evidence
P2513,P2513_T1,P2513_T1_4,4,supported,Supported,Supported
P2513,P2513_T1,P2513_T1_5,5,condition_contradicted,Not Supported,Not Supported
P2513,P2513_T2,P2513_T2_1,1,relation_contradicted,Not Supported,Not Supported
P2513,P2513_T2,P2513_T2_2,2,condition_replaced,Not Enough Evidence,Not Enough Evidence
P2513,P2513_T2,P2513_T2_3,3,condition_removed,Not Enough Evidence,Not Enough Evidence
P2513,P2513_T2,P2513_T2_4,4,supported,Supported,Supported
P2513,P2513_T2,P2513_T2_5,5,condition_contradicted,Not Supported,Not Supported
P2517,P2517_T1,P2517_T1_1,1,relation_contradicted,Not Supported,Not Supported
P2517,P2517_T1,P2517_T1_2,2,condition_replaced,Not Enough Evidence,Not Enough Evidence
P2517,P2517_T1,P2517_T1_3,3,condition_removed,Not Enough Evidence,Not Enough Evidence
P2517,P2517_T1,P2517_T1_4,4,supported,Supported,Supported
P2517,P2517_T1,P2517_T1_5,5,condition_contradicted,Not Supported,Not Supported
P2517,P2517_T2,P2517_T2_1,1,relation_contradicted,Not Supported,Not Supported
P2517,P2517_T2,P2517_T2_2,2,condition_replaced,Not Enough Evidence,Not Enough Evidence
P2517,P2517_T2,P2517_T2_3,3,condition_removed,Not Enough Evidence,Not Enough Evidence
P2517,P2517_T2,P2517_T2_4,4,supported,Supported,Supported
P2517,P2517_T2,P2517_T2_5,5,condition_contradicted,Not Supported,Not Supported
P2519,P2519_T1,P2519_T1_1,1,relation_contradicted,Not Supported,Not Supported
P2519,P2519_T1,P2519_T1_2,2,condition_replaced,Not Enough Evidence,Not Enough Evidence
P2519,P2519_T1,P2519_T1_3,3,condition_removed,Not Enough Evidence,Not Enough Evidence
P2519,P2519_T1,P2519_T1_4,4,supported,Supported,Supported
P2519,P2519_T1,P2519_T1_5,5,condition_contradicted,Not Supported,Not Supported
P2519,P2519_T2,P2519_T2_1,1,relation_contradicted,Not Supported,Not Supported
P2519,P2519_T2,P2519_T2_2,2,condition_replaced,Not Enough Evidence,Not Enough Evidence
P2519,P2519_T2,P2519_T2_3,3,condition_removed,Not Enough Evidence,Not Enough Evidence
P2519,P2519_T2,P2519_T2_4,4,supported,Supported,Not Supported
P2519,P2519_T2,P2519_T2_5,5,condition_contradicted,Not Supported,Not Supported
P2520,P2520_T1,P2520_T1_1,1,relation_contradicted,Not Supported,Not Supported
P2520,P2520_T1,P2520_T1_2,2,condition_replaced,Not Enough Evidence,Not Enough Evidence
P2520,P2520_T1,P2520_T1_3,3,condition_removed,Not Enough Evidence,Not Enough Evidence
P2520,P2520_T1,P2520_T1_4,4,supported,Supported,Supported
P2520,P2520_T1,P2520_T1_5,5,condition_contradicted,Not Supported,Not Supported
P2520,P2520_T2,P2520_T2_1,1,relation_contradicted,Not Supported,Not Supported
P2520,P2520_T2,P2520_T2_2,2,condition_replaced,Not Enough Evidence,Not Enough Evidence
P2520,P2520_T2,P2520_T2_3,3,condition_removed,Not Enough Evidence,Not Enough Evidence
P2520,P2520_T2,P2520_T2_4,4,supported,Supported,Supported
P2520,P2520_T2,P2520_T2_5,5,condition_contradicted,Not Supported,Not Supported
P2521,P2521_T1,P2521_T1_1,1,relation_contradicted,Not Supported,Not Supported
P2521,P2521_T1,P2521_T1_2,2,condition_replaced,Not Enough Evidence,Not Enough Evidence
P2521,P2521_T1,P2521_T1_3,3,condition_removed,Not Enough Evidence,Not Enough Evidence
P2521,P2521_T1,P2521_T1_4,4,supported,Supported,Supported
P2521,P2521_T1,P2521_T1_5,5,condition_contradicted,Not Supported,Not Supported
P2521,P2521_T2,P2521_T2_1,1,relation_contradicted,Not Supported,Not Supported
P2521,P2521_T2,P2521_T2_2,2,condition_replaced,Not Enough Evidence,Not Enough Evidence
P2521,P2521_T2,P2521_T2_3,3,condition_removed,Not Enough Evidence,Not Enough Evidence
P2521,P2521_T2,P2521_T2_4,4,supported,Supported,Supported
P2521,P2521_T2,P2521_T2_5,5,condition_contradicted,Not Supported,Not Supported
P2521,P2521_T3,P2521_T3_1,1,relation_contradicted,Not Supported,Supported
P2521,P2521_T3,P2521_T3_2,2,condition_replaced,Not Enough Evidence,Not Enough Evidence
P2521,P2521_T3,P2521_T3_3,3,condition_removed,Not Enough Evidence,Not Enough Evidence
P2521,P2521_T3,P2521_T3_4,4,supported,Supported,Supported
P2521,P2521_T3,P2521_T3_5,5,condition_contradicted,Not Supported,Not Supported
P2523,P2523_T1,P2523_T1_1,1,relation_contradicted,Not Supported,Not Supported
P2523,P2523_T1,P2523_T1_2,2,condition_replaced,Not Enough Evidence,Not Enough Evidence
P2523,P2523_T1,P2523_T1_3,3,condition_removed,Not Enough Evidence,Not Enough Evidence
P2523,P2523_T1,P2523_T1_4,4,supported,Supported,Supported
P2523,P2523_T1,P2523_T1_5,5,condition_contradicted,Not Supported,Not Supported
P2523,P2523_T2,P2523_T2_1,1,relation_contradicted,Not Supported,Not Supported
P2523,P2523_T2,P2523_T2_2,2,condition_replaced,Not Enough Evidence,Not Enough Evidence
P2523,P2523_T2,P2523_T2_3,3,condition_removed,Not Enough Evidence,Not Enough Evidence
P2523,P2523_T2,P2523_T2_4,4,supported,Supported,Supported
P2523,P2523_T2,P2523_T2_5,5,condition_contradicted,Not Supported,Not Supported
P2523,P2523_T3,P2523_T3_1,1,relation_contradicted,Not Supported,Not Supported
P2523,P2523_T3,P2523_T3_2,2,condition_replaced,Not Enough Evidence,Not Enough Evidence
P2523,P2523_T3,P2523_T3_3,3,condition_removed,Not Enough Evidence,Not Enough Evidence
P2523,P2523_T3,P2523_T3_4,4,supported,Supported,Supported
P2523,P2523_T3,P2523_T3_5,5,condition_contradicted,Not Supported,Not Supported
P2539,P2539_T1,P2539_T1_1,1,relation_contradicted,Not Supported,Not Supported
P2539,P2539_T1,P2539_T1_2,2,condition_replaced,Not Enough Evidence,Not Enough Evidence
P2539,P2539_T1,P2539_T1_3,3,condition_removed,Not Enough Evidence,Not Enough Evidence
P2539,P2539_T1,P2539_T1_4,4,supported,Supported,Supported
P2539,P2539_T1,P2539_T1_5,5,condition_contradicted,Not Supported,Not Supported
P2539,P2539_T2,P2539_T2_1,1,relation_contradicted,Not Supported,Not Supported
P2539,P2539_T2,P2539_T2_2,2,condition_replaced,Not Enough Evidence,Not Enough Evidence
P2539,P2539_T2,P2539_T2_3,3,condition_removed,Not Enough Evidence,Not Enough Evidence
P2539,P2539_T2,P2539_T2_4,4,supported,Supported,Supported
P2539,P2539_T2,P2539_T2_5,5,condition_contradicted,Not Supported,Not Supported
P2548,P2548_T1,P2548_T1_1,1,relation_contradicted,Not Supported,Not Supported
P2548,P2548_T1,P2548_T1_2,2,condition_replaced,Not Enough Evidence,Not Enough Evidence
P2548,P2548_T1,P2548_T1_3,3,condition_removed,Not Enough Evidence,Not Enough Evidence
P2548,P2548_T1,P2548_T1_4,4,supported,Supported,Not Supported
P2548,P2548_T1,P2548_T1_5,5,condition_contradicted,Not Supported,Not Supported
P2548,P2548_T2,P2548_T2_1,1,relation_contradicted,Not Supported,Not Supported
P2548,P2548_T2,P2548_T2_2,2,condition_replaced,Not Enough Evidence,Not Enough Evidence
P2548,P2548_T2,P2548_T2_3,3,condition_removed,Not Enough Evidence,Not Enough Evidence
P2548,P2548_T2,P2548_T2_4,4,supported,Supported,Supported
P2548,P2548_T2,P2548_T2_5,5,condition_contradicted,Not Supported,Not Supported
P2548,P2548_T3,P2548_T3_1,1,relation_contradicted,Not Supported,Not Supported
P2548,P2548_T3,P2548_T3_2,2,condition_replaced,Not Enough Evidence,Not Enough Evidence
P2548,P2548_T3,P2548_T3_3,3,condition_removed,Not Enough Evidence,Not Enough Evidence
P2548,P2548_T3,P2548_T3_4,4,supported,Supported,Not Supported
P2548,P2548_T3,P2548_T3_5,5,condition_contradicted,Not Supported,Not Supported
P2556,P2556_T1,P2556_T1_1,1,relation_contradicted,Not Supported,Not Supported
P2556,P2556_T1,P2556_T1_2,2,condition_replaced,Not Enough Evidence,Not Enough Evidence
P2556,P2556_T1,P2556_T1_3,3,condition_removed,Not Enough Evidence,Not Enough Evidence
P2556,P2556_T1,P2556_T1_4,4,supported,Supported,Supported
P2556,P2556_T1,P2556_T1_5,5,condition_contradicted,Not Supported,Not Supported
P2556,P2556_T2,P2556_T2_1,1,relation_contradicted,Not Supported,Not Supported
P2556,P2556_T2,P2556_T2_2,2,condition_replaced,Not Enough Evidence,Not Enough Evidence
P2556,P2556_T2,P2556_T2_3,3,condition_removed,Not Enough Evidence,Not Enough Evidence
P2556,P2556_T2,P2556_T2_4,4,supported,Supported,Supported
P2556,P2556_T2,P2556_T2_5,5,condition_contradicted,Not Supported,Not Supported
P2568,P2568_T1,P2568_T1_1,1,relation_contradicted,Not Supported,Not Supported
P2568,P2568_T1,P2568_T1_2,2,condition_replaced,Not Enough Evidence,Not Enough Evidence
P2568,P2568_T1,P2568_T1_3,3,condition_removed,Not Enough Evidence,Not Enough Evidence
P2568,P2568_T1,P2568_T1_4,4,supported,Supported,Supported
P2568,P2568_T1,P2568_T1_5,5,condition_contradicted,Not Supported,Not Supported
P2568,P2568_T2,P2568_T2_1,1,relation_contradicted,Not Supported,Not Supported
P2568,P2568_T2,P2568_T2_2,2,condition_replaced,Not Enough Evidence,Not Enough Evidence
P2568,P2568_T2,P2568_T2_3,3,condition_removed,Not Enough Evidence,Not Enough Evidence
P2568,P2568_T2,P2568_T2_4,4,supported,Supported,Supported
P2568,P2568_T2,P2568_T2_5,5,condition_contradicted,Not Supported,Not Supported
P2574,P2574_T1,P2574_T1_1,1,relation_contradicted,Not Supported,Not Supported
P2574,P2574_T1,P2574_T1_2,2,condition_replaced,Not Enough Evidence,Not Enough Evidence
P2574,P2574_T1,P2574_T1_3,3,condition_removed,Not Enough Evidence,Not Enough Evidence
P2574,P2574_T1,P2574_T1_4,4,supported,Supported,Supported
P2574,P2574_T1,P2574_T1_5,5,condition_contradicted,Not Supported,Not Supported
P2574,P2574_T2,P2574_T2_1,1,relation_contradicted,Not Supported,Not Supported
P2574,P2574_T2,P2574_T2_2,2,condition_replaced,Not Enough Evidence,Not Enough Evidence
P2574,P2574_T2,P2574_T2_3,3,condition_removed,Not Enough Evidence,Not Enough Evidence
P2574,P2574_T2,P2574_T2_4,4,supported,Supported,Supported
P2574,P2574_T2,P2574_T2_5,5,condition_contradicted,Not Supported,Not Supported
P2574,P2574_T3,P2574_T3_1,1,relation_contradicted,Not Supported,Not Supported
P2574,P2574_T3,P2574_T3_2,2,condition_replaced,Not Enough Evidence,Not Enough Evidence
P2574,P2574_T3,P2574_T3_3,3,condition_removed,Not Enough Evidence,Not Enough Evidence
P2574,P2574_T3,P2574_T3_4,4,supported,Supported,Supported
P2574,P2574_T3,P2574_T3_5,5,condition_contradicted,Not Supported,Not Supported
P2575,P2575_T1,P2575_T1_1,1,relation_contradicted,Not Supported,Not Supported
P2575,P2575_T1,P2575_T1_2,2,condition_replaced,Not Enough Evidence,Not Enough Evidence
P2575,P2575_T1,P2575_T1_3,3,condition_removed,Not Enough Evidence,Not Enough Evidence
P2575,P2575_T1,P2575_T1_4,4,supported,Supported,Supported
P2575,P2575_T1,P2575_T1_5,5,condition_contradicted,Not Supported,Not Supported
P2575,P2575_T2,P2575_T2_1,1,relation_contradicted,Not Supported,Not Supported
P2575,P2575_T2,P2575_T2_2,2,condition_replaced,Not Enough Evidence,Not Enough Evidence
P2575,P2575_T2,P2575_T2_3,3,condition_removed,Not Enough Evidence,Not Enough Evidence
P2575,P2575_T2,P2575_T2_4,4,supported,Supported,Supported
P2575,P2575_T2,P2575_T2_5,5,condition_contradicted,Not Supported,Not Supported
P2575,P2575_T3,P2575_T3_1,1,relation_contradicted,Not Supported,Not Supported
P2575,P2575_T3,P2575_T3_2,2,condition_replaced,Not Enough Evidence,Not Enough Evidence
P2575,P2575_T3,P2575_T3_3,3,condition_removed,Not Enough Evidence,Not Enough Evidence
P2575,P2575_T3,P2575_T3_4,4,supported,Supported,Supported
P2575,P2575_T3,P2575_T3_5,5,condition_contradicted,Not Supported,Not Supported
P2577,P2577_T1,P2577_T1_1,1,relation_contradicted,Not Supported,Not Supported
P2577,P2577_T1,P2577_T1_2,2,condition_replaced,Not Enough Evidence,Not Enough Evidence
P2577,P2577_T1,P2577_T1_3,3,condition_removed,Not Enough Evidence,Not Enough Evidence
P2577,P2577_T1,P2577_T1_4,4,supported,Supported,Supported
P2577,P2577_T1,P2577_T1_5,5,condition_contradicted,Not Supported,Not Supported
P2577,P2577_T2,P2577_T2_1,1,relation_contradicted,Not Supported,Not Supported
P2577,P2577_T2,P2577_T2_2,2,condition_replaced,Not Enough Evidence,Not Enough Evidence
P2577,P2577_T2,P2577_T2_3,3,condition_removed,Not Enough Evidence,Not Enough Evidence
P2577,P2577_T2,P2577_T2_4,4,supported,Supported,Supported
P2577,P2577_T2,P2577_T2_5,5,condition_contradicted,Not Supported,Not Supported
P2580,P2580_T1,P2580_T1_1,1,relation_contradicted,Not Supported,Not Supported
P2580,P2580_T1,P2580_T1_2,2,condition_replaced,Not Enough Evidence,Not Enough Evidence
P2580,P2580_T1,P2580_T1_3,3,condition_removed,Not Enough Evidence,Not Enough Evidence
P2580,P2580_T1,P2580_T1_4,4,supported,Supported,Supported
P2580,P2580_T1,P2580_T1_5,5,condition_contradicted,Not Supported,Not Supported
P2580,P2580_T2,P2580_T2_1,1,relation_contradicted,Not Supported,Not Supported
P2580,P2580_T2,P2580_T2_2,2,condition_replaced,Not Enough Evidence,Not Enough Evidence
P2580,P2580_T2,P2580_T2_3,3,condition_removed,Not Enough Evidence,Not Enough Evidence
P2580,P2580_T2,P2580_T2_4,4,supported,Supported,Supported
P2580,P2580_T2,P2580_T2_5,5,condition_contradicted,Not Supported,Not Supported
P2581,P2581_T1,P2581_T1_1,1,relation_contradicted,Not Supported,Not Supported
P2581,P2581_T1,P2581_T1_2,2,condition_replaced,Not Enough Evidence,Not Enough Evidence
P2581,P2581_T1,P2581_T1_3,3,condition_removed,Not Enough Evidence,Not Enough Evidence
P2581,P2581_T1,P2581_T1_4,4,supported,Supported,Supported
P2581,P2581_T1,P2581_T1_5,5,condition_contradicted,Not Supported,Not Supported
P2581,P2581_T2,P2581_T2_1,1,relation_contradicted,Not Supported,Not Supported
P2581,P2581_T2,P2581_T2_2,2,condition_replaced,Not Enough Evidence,Not Enough Evidence
P2581,P2581_T2,P2581_T2_3,3,condition_removed,Not Enough Evidence,Not Enough Evidence
P2581,P2581_T2,P2581_T2_4,4,supported,Supported,Supported
P2581,P2581_T2,P2581_T2_5,5,condition_contradicted,Not Supported,Not Supported
P2591,P2591_T1,P2591_T1_1,1,relation_contradicted,Not Supported,Not Supported
P2591,P2591_T1,P2591_T1_2,2,condition_replaced,Not Enough Evidence,Not Enough Evidence
P2591,P2591_T1,P2591_T1_3,3,condition_removed,Not Enough Evidence,Not Enough Evidence
P2591,P2591_T1,P2591_T1_4,4,supported,Supported,Supported
P2591,P2591_T1,P2591_T1_5,5,condition_contradicted,Not Supported,Not Supported
P2591,P2591_T2,P2591_T2_1,1,relation_contradicted,Not Supported,Not Supported
P2591,P2591_T2,P2591_T2_2,2,condition_replaced,Not Enough Evidence,Not Enough Evidence
P2591,P2591_T2,P2591_T2_3,3,condition_removed,Not Enough Evidence,Not Enough Evidence
P2591,P2591_T2,P2591_T2_4,4,supported,Supported,Supported
P2591,P2591_T2,P2591_T2_5,5,condition_contradicted,Not Supported,Not Supported
P2593,P2593_T1,P2593_T1_1,1,relation_contradicted,Not Supported,Not Supported
P2593,P2593_T1,P2593_T1_2,2,condition_replaced,Not Enough Evidence,Not Enough Evidence
P2593,P2593_T1,P2593_T1_3,3,condition_removed,Not Enough Evidence,Not Enough Evidence
P2593,P2593_T1,P2593_T1_4,4,supported,Supported,Supported
P2593,P2593_T1,P2593_T1_5,5,condition_contradicted,Not Supported,Not Supported
P2593,P2593_T2,P2593_T2_1,1,relation_contradicted,Not Supported,Not Supported
P2593,P2593_T2,P2593_T2_2,2,condition_replaced,Not Enough Evidence,Not Enough Evidence
P2593,P2593_T2,P2593_T2_3,3,condition_removed,Not Enough Evidence,Not Enough Evidence
P2593,P2593_T2,P2593_T2_4,4,supported,Supported,Supported
P2593,P2593_T2,P2593_T2_5,5,condition_contradicted,Not Supported,Not Supported
P2595,P2595_T1,P2595_T1_1,1,relation_contradicted,Not Supported,Not Supported
P2595,P2595_T1,P2595_T1_2,2,condition_replaced,Not Enough Evidence,Not Enough Evidence
P2595,P2595_T1,P2595_T1_3,3,condition_removed,Not Enough Evidence,Not Enough Evidence
P2595,P2595_T1,P2595_T1_4,4,supported,Supported,Supported
P2595,P2595_T1,P2595_T1_5,5,condition_contradicted,Not Supported,Not Supported
P2595,P2595_T2,P2595_T2_1,1,relation_contradicted,Not Supported,Not Supported
P2595,P2595_T2,P2595_T2_2,2,condition_replaced,Not Enough Evidence,Not Enough Evidence
P2595,P2595_T2,P2595_T2_3,3,condition_removed,Not Enough Evidence,Not Enough Evidence
P2595,P2595_T2,P2595_T2_4,4,supported,Supported,Supported
P2595,P2595_T2,P2595_T2_5,5,condition_contradicted,Not Supported,Not Supported
P2599,P2599_T1,P2599_T1_1,1,relation_contradicted,Not Supported,Not Supported
P2599,P2599_T1,P2599_T1_2,2,condition_replaced,Not Enough Evidence,Not Enough Evidence
P2599,P2599_T1,P2599_T1_3,3,condition_removed,Not Enough Evidence,Not Enough Evidence
P2599,P2599_T1,P2599_T1_4,4,supported,Supported,Supported
P2599,P2599_T1,P2599_T1_5,5,condition_contradicted,Not Supported,Not Supported
P2599,P2599_T2,P2599_T2_1,1,relation_contradicted,Not Supported,Not Supported
P2599,P2599_T2,P2599_T2_2,2,condition_replaced,Not Enough Evidence,Not Enough Evidence
P2599,P2599_T2,P2599_T2_3,3,condition_removed,Not Enough Evidence,Not Enough Evidence
P2599,P2599_T2,P2599_T2_4,4,supported,Supported,Supported
P2599,P2599_T2,P2599_T2_5,5,condition_contradicted,Not Supported,Not Supported
P2599,P2599_T3,P2599_T3_1,1,relation_contradicted,Not Supported,Not Supported
P2599,P2599_T3,P2599_T3_2,2,condition_replaced,Not Enough Evidence,Not Enough Evidence
P2599,P2599_T3,P2599_T3_3,3,condition_removed,Not Enough Evidence,Not Enough Evidence
P2599,P2599_T3,P2599_T3_4,4,supported,Supported,Supported
P2599,P2599_T3,P2599_T3_5,5,condition_contradicted,Not Supported,Not Supported
P2601,P2601_T1,P2601_T1_1,1,relation_contradicted,Not Supported,Not Supported
P2601,P2601_T1,P2601_T1_2,2,condition_replaced,Not Enough Evidence,Not Enough Evidence
P2601,P2601_T1,P2601_T1_3,3,condition_removed,Not Enough Evidence,Not Enough Evidence
P2601,P2601_T1,P2601_T1_4,4,supported,Supported,Supported
P2601,P2601_T1,P2601_T1_5,5,condition_contradicted,Not Supported,Not Supported
P2601,P2601_T2,P2601_T2_1,1,relation_contradicted,Not Supported,Supported
P2601,P2601_T2,P2601_T2_2,2,condition_replaced,Not Enough Evidence,Not Enough Evidence
P2601,P2601_T2,P2601_T2_3,3,condition_removed,Not Enough Evidence,Not Enough Evidence
P2601,P2601_T2,P2601_T2_4,4,supported,Supported,Supported
P2601,P2601_T2,P2601_T2_5,5,condition_contradicted,Not Supported,Not Supported
P2601,P2601_T3,P2601_T3_1,1,relation_contradicted,Not Supported,Supported
P2601,P2601_T3,P2601_T3_2,2,condition_replaced,Not Enough Evidence,Not Enough Evidence
P2601,P2601_T3,P2601_T3_3,3,condition_removed,Not Enough Evidence,Not Enough Evidence
P2601,P2601_T3,P2601_T3_4,4,supported,Supported,Supported
P2601,P2601_T3,P2601_T3_5,5,condition_contradicted,Not Supported,Not Supported
P2602,P2602_T1,P2602_T1_1,1,relation_contradicted,Not Supported,Not Supported
P2602,P2602_T1,P2602_T1_2,2,condition_replaced,Not Enough Evidence,Not Enough Evidence
P2602,P2602_T1,P2602_T1_3,3,condition_removed,Not Enough Evidence,Not Enough Evidence
P2602,P2602_T1,P2602_T1_4,4,supported,Supported,Supported
P2602,P2602_T1,P2602_T1_5,5,condition_contradicted,Not Supported,Not Supported
P2602,P2602_T2,P2602_T2_1,1,relation_contradicted,Not Supported,Supported
P2602,P2602_T2,P2602_T2_2,2,condition_replaced,Not Enough Evidence,Not Enough Evidence
P2602,P2602_T2,P2602_T2_3,3,condition_removed,Not Enough Evidence,Not Enough Evidence
P2602,P2602_T2,P2602_T2_4,4,supported,Supported,Supported
P2602,P2602_T2,P2602_T2_5,5,condition_contradicted,Not Supported,Not Supported
P2602,P2602_T3,P2602_T3_1,1,relation_contradicted,Not Supported,Not Supported
P2602,P2602_T3,P2602_T3_2,2,condition_replaced,Not Enough Evidence,Not Enough Evidence
P2602,P2602_T3,P2602_T3_3,3,condition_removed,Not Enough Evidence,Not Enough Evidence
P2602,P2602_T3,P2602_T3_4,4,supported,Supported,Supported
P2602,P2602_T3,P2602_T3_5,5,condition_contradicted,Not Supported,Not Supported
P2604,P2604_T1,P2604_T1_1,1,relation_contradicted,Not Supported,Not Supported
P2604,P2604_T1,P2604_T1_2,2,condition_replaced,Not Enough Evidence,Not Enough Evidence
P2604,P2604_T1,P2604_T1_3,3,condition_removed,Not Enough Evidence,Not Enough Evidence
P2604,P2604_T1,P2604_T1_4,4,supported,Supported,Supported
P2604,P2604_T1,P2604_T1_5,5,condition_contradicted,Not Supported,Not Supported
P2604,P2604_T2,P2604_T2_1,1,relation_contradicted,Not Supported,Not Supported
P2604,P2604_T2,P2604_T2_2,2,condition_replaced,Not Enough Evidence,Not Enough Evidence
P2604,P2604_T2,P2604_T2_3,3,condition_removed,Not Enough Evidence,Not Enough Evidence
P2604,P2604_T2,P2604_T2_4,4,supported,Supported,Supported
P2604,P2604_T2,P2604_T2_5,5,condition_contradicted,Not Supported,Not Supported
P2604,P2604_T3,P2604_T3_1,1,relation_contradicted,Not Supported,Not Supported
P2604,P2604_T3,P2604_T3_2,2,condition_replaced,Not Enough Evidence,Not Enough Evidence
P2604,P2604_T3,P2604_T3_3,3,condition_removed,Not Enough Evidence,Not Enough Evidence
P2604,P2604_T3,P2604_T3_4,4,supported,Supported,Supported
P2604,P2604_T3,P2604_T3_5,5,condition_contradicted,Not Supported,Not Supported
P2619,P2619_T1,P2619_T1_1,1,relation_contradicted,Not Supported,Not Supported
P2619,P2619_T1,P2619_T1_2,2,condition_replaced,Not Enough Evidence,Not Enough Evidence
P2619,P2619_T1,P2619_T1_3,3,condition_removed,Not Enough Evidence,Not Enough Evidence
P2619,P2619_T1,P2619_T1_4,4,supported,Supported,Supported
P2619,P2619_T1,P2619_T1_5,5,condition_contradicted,Not Supported,Not Supported
P2619,P2619_T2,P2619_T2_1,1,relation_contradicted,Not Supported,Not Supported
P2619,P2619_T2,P2619_T2_2,2,condition_replaced,Not Enough Evidence,Not Enough Evidence
P2619,P2619_T2,P2619_T2_3,3,condition_removed,Not Enough Evidence,Not Enough Evidence
P2619,P2619_T2,P2619_T2_4,4,supported,Supported,Supported
P2619,P2619_T2,P2619_T2_5,5,condition_contradicted,Not Supported,Not Supported
P2619,P2619_T3,P2619_T3_1,1,relation_contradicted,Not Supported,Not Supported
P2619,P2619_T3,P2619_T3_2,2,condition_replaced,Not Enough Evidence,Not Enough Evidence
P2619,P2619_T3,P2619_T3_3,3,condition_removed,Not Enough Evidence,Not Enough Evidence
P2619,P2619_T3,P2619_T3_4,4,supported,Supported,Supported
P2619,P2619_T3,P2619_T3_5,5,condition_contradicted,Not Supported,Not Supported
P2621,P2621_T1,P2621_T1_1,1,relation_contradicted,Not Supported,Not Supported
P2621,P2621_T1,P2621_T1_2,2,condition_replaced,Not Enough Evidence,Not Enough Evidence
P2621,P2621_T1,P2621_T1_3,3,condition_removed,Not Enough Evidence,Not Enough Evidence
P2621,P2621_T1,P2621_T1_4,4,supported,Supported,Supported
P2621,P2621_T1,P2621_T1_5,5,condition_contradicted,Not Supported,Not Supported
P2621,P2621_T2,P2621_T2_1,1,relation_contradicted,Not Supported,Not Supported
P2621,P2621_T2,P2621_T2_2,2,condition_replaced,Not Enough Evidence,Not Enough Evidence
P2621,P2621_T2,P2621_T2_3,3,condition_removed,Not Enough Evidence,Not Enough Evidence
P2621,P2621_T2,P2621_T2_4,4,supported,Supported,Supported
P2621,P2621_T2,P2621_T2_5,5,condition_contradicted,Not Supported,Not Supported
P2621,P2621_T3,P2621_T3_1,1,relation_contradicted,Not Supported,Not Supported
P2621,P2621_T3,P2621_T3_2,2,condition_replaced,Not Enough Evidence,Not Enough Evidence
P2621,P2621_T3,P2621_T3_3,3,condition_removed,Not Enough Evidence,Not Enough Evidence
P2621,P2621_T3,P2621_T3_4,4,supported,Supported,Supported
P2621,P2621_T3,P2621_T3_5,5,condition_contradicted,Not Supported,Not Supported
P2626,P2626_T1,P2626_T1_1,1,relation_contradicted,Not Supported,Not Supported
P2626,P2626_T1,P2626_T1_2,2,condition_replaced,Not Enough Evidence,Not Enough Evidence
P2626,P2626_T1,P2626_T1_3,3,condition_removed,Not Enough Evidence,Not Enough Evidence
P2626,P2626_T1,P2626_T1_4,4,supported,Supported,Supported
P2626,P2626_T1,P2626_T1_5,5,condition_contradicted,Not Supported,Not Supported
P2626,P2626_T2,P2626_T2_1,1,relation_contradicted,Not Supported,Not Supported
P2626,P2626_T2,P2626_T2_2,2,condition_replaced,Not Enough Evidence,Not Enough Evidence
P2626,P2626_T2,P2626_T2_3,3,condition_removed,Not Enough Evidence,Not Enough Evidence
P2626,P2626_T2,P2626_T2_4,4,supported,Supported,Supported
P2626,P2626_T2,P2626_T2_5,5,condition_contradicted,Not Supported,Not Supported
P2630,P2630_T1,P2630_T1_1,1,relation_contradicted,Not Supported,Not Supported
P2630,P2630_T1,P2630_T1_2,2,condition_replaced,Not Enough Evidence,Not Enough Evidence
P2630,P2630_T1,P2630_T1_3,3,condition_removed,Not Enough Evidence,Not Enough Evidence
P2630,P2630_T1,P2630_T1_4,4,supported,Supported,Supported
P2630,P2630_T1,P2630_T1_5,5,condition_contradicted,Not Supported,Not Supported
P2630,P2630_T2,P2630_T2_1,1,relation_contradicted,Not Supported,Not Supported
P2630,P2630_T2,P2630_T2_2,2,condition_replaced,Not Enough Evidence,Not Enough Evidence
P2630,P2630_T2,P2630_T2_3,3,condition_removed,Not Enough Evidence,Not Enough Evidence
P2630,P2630_T2,P2630_T2_4,4,supported,Supported,Supported
P2630,P2630_T2,P2630_T2_5,5,condition_contradicted,Not Supported,Not Supported
P2632,P2632_T1,P2632_T1_1,1,relation_contradicted,Not Supported,Not Supported
P2632,P2632_T1,P2632_T1_2,2,condition_replaced,Not Enough Evidence,Not Enough Evidence
P2632,P2632_T1,P2632_T1_3,3,condition_removed,Not Enough Evidence,Not Enough Evidence
P2632,P2632_T1,P2632_T1_4,4,supported,Supported,Supported
P2632,P2632_T1,P2632_T1_5,5,condition_contradicted,Not Supported,Not Supported
P2632,P2632_T2,P2632_T2_1,1,relation_contradicted,Not Supported,Not Supported
P2632,P2632_T2,P2632_T2_2,2,condition_replaced,Not Enough Evidence,Not Enough Evidence
P2632,P2632_T2,P2632_T2_3,3,condition_removed,Not Enough Evidence,Not Enough Evidence
P2632,P2632_T2,P2632_T2_4,4,supported,Supported,Supported
P2632,P2632_T2,P2632_T2_5,5,condition_contradicted,Not Supported,Not Supported
P2633,P2633_T1,P2633_T1_1,1,relation_contradicted,Not Supported,Not Supported
P2633,P2633_T1,P2633_T1_2,2,condition_replaced,Not Enough Evidence,Not Enough Evidence
P2633,P2633_T1,P2633_T1_3,3,condition_removed,Not Enough Evidence,Not Enough Evidence
P2633,P2633_T1,P2633_T1_4,4,supported,Supported,Supported
P2633,P2633_T1,P2633_T1_5,5,condition_contradicted,Not Supported,Not Supported
P2633,P2633_T2,P2633_T2_1,1,relation_contradicted,Not Supported,Not Supported
P2633,P2633_T2,P2633_T2_2,2,condition_replaced,Not Enough Evidence,Not Enough Evidence
P2633,P2633_T2,P2633_T2_3,3,condition_removed,Not Enough Evidence,Not Enough Evidence
P2633,P2633_T2,P2633_T2_4,4,supported,Supported,Supported
P2633,P2633_T2,P2633_T2_5,5,condition_contradicted,Not Supported,Not Supported
P2634,P2634_T1,P2634_T1_1,1,relation_contradicted,Not Supported,Not Supported
P2634,P2634_T1,P2634_T1_2,2,condition_replaced,Not Enough Evidence,Not Enough Evidence
P2634,P2634_T1,P2634_T1_3,3,condition_removed,Not Enough Evidence,Not Enough Evidence
P2634,P2634_T1,P2634_T1_4,4,supported,Supported,Supported
P2634,P2634_T1,P2634_T1_5,5,condition_contradicted,Not Supported,Not Supported
P2634,P2634_T2,P2634_T2_1,1,relation_contradicted,Not Supported,Not Supported
P2634,P2634_T2,P2634_T2_2,2,condition_replaced,Not Enough Evidence,Not Enough Evidence
P2634,P2634_T2,P2634_T2_3,3,condition_removed,Not Enough Evidence,Not Enough Evidence
P2634,P2634_T2,P2634_T2_4,4,supported,Supported,Supported
P2634,P2634_T2,P2634_T2_5,5,condition_contradicted,Not Supported,Not Supported
P2642,P2642_T1,P2642_T1_1,1,relation_contradicted,Not Supported,Not Supported
P2642,P2642_T1,P2642_T1_2,2,condition_replaced,Not Enough Evidence,Not Enough Evidence
P2642,P2642_T1,P2642_T1_3,3,condition_removed,Not Enough Evidence,Not Enough Evidence
P2642,P2642_T1,P2642_T1_4,4,supported,Supported,Supported
P2642,P2642_T1,P2642_T1_5,5,condition_contradicted,Not Supported,Not Supported
P2642,P2642_T2,P2642_T2_1,1,relation_contradicted,Not Supported,Not Supported
P2642,P2642_T2,P2642_T2_2,2,condition_replaced,Not Enough Evidence,Not Enough Evidence
P2642,P2642_T2,P2642_T2_3,3,condition_removed,Not Enough Evidence,Not Enough Evidence
P2642,P2642_T2,P2642_T2_4,4,supported,Supported,Supported
P2642,P2642_T2,P2642_T2_5,5,condition_contradicted,Not Supported,Not Supported
P2643,P2643_T1,P2643_T1_1,1,relation_contradicted,Not Supported,Not Supported
P2643,P2643_T1,P2643_T1_2,2,condition_replaced,Not Enough Evidence,Not Enough Evidence
P2643,P2643_T1,P2643_T1_3,3,condition_removed,Not Enough Evidence,Not Enough Evidence
P2643,P2643_T1,P2643_T1_4,4,supported,Supported,Supported
P2643,P2643_T1,P2643_T1_5,5,condition_contradicted,Not Supported,Not Supported
P2643,P2643_T2,P2643_T2_1,1,relation_contradicted,Not Supported,Not Supported
P2643,P2643_T2,P2643_T2_2,2,condition_replaced,Not Enough Evidence,Not Enough Evidence
P2643,P2643_T2,P2643_T2_3,3,condition_removed,Not Enough Evidence,Not Enough Evidence
P2643,P2643_T2,P2643_T2_4,4,supported,Supported,Supported
P2643,P2643_T2,P2643_T2_5,5,condition_contradicted,Not Supported,Not Supported
P2646,P2646_T1,P2646_T1_1,1,relation_contradicted,Not Supported,Not Supported
P2646,P2646_T1,P2646_T1_2,2,condition_replaced,Not Enough Evidence,Not Enough Evidence
P2646,P2646_T1,P2646_T1_3,3,condition_removed,Not Enough Evidence,Not Enough Evidence
P2646,P2646_T1,P2646_T1_4,4,supported,Supported,Supported
P2646,P2646_T1,P2646_T1_5,5,condition_contradicted,Not Supported,Not Supported
P2646,P2646_T2,P2646_T2_1,1,relation_contradicted,Not Supported,Not Supported
P2646,P2646_T2,P2646_T2_2,2,condition_replaced,Not Enough Evidence,Not Enough Evidence
P2646,P2646_T2,P2646_T2_3,3,condition_removed,Not Enough Evidence,Not Enough Evidence
P2646,P2646_T2,P2646_T2_4,4,supported,Supported,Supported
P2646,P2646_T2,P2646_T2_5,5,condition_contradicted,Not Supported,Not Supported
P2646,P2646_T3,P2646_T3_1,1,relation_contradicted,Not Supported,Not Supported
P2646,P2646_T3,P2646_T3_2,2,condition_replaced,Not Enough Evidence,Not Enough Evidence
P2646,P2646_T3,P2646_T3_3,3,condition_removed,Not Enough Evidence,Not Enough Evidence
P2646,P2646_T3,P2646_T3_4,4,supported,Supported,Supported
P2646,P2646_T3,P2646_T3_5,5,condition_contradicted,Not Supported,Not Supported
P2647,P2647_T1,P2647_T1_1,1,relation_contradicted,Not Supported,Not Supported
P2647,P2647_T1,P2647_T1_2,2,condition_replaced,Not Enough Evidence,Not Enough Evidence
P2647,P2647_T1,P2647_T1_3,3,condition_removed,Not Enough Evidence,Not Enough Evidence
P2647,P2647_T1,P2647_T1_4,4,supported,Supported,Supported
P2647,P2647_T1,P2647_T1_5,5,condition_contradicted,Not Supported,Not Supported
P2647,P2647_T2,P2647_T2_1,1,relation_contradicted,Not Supported,Not Supported
P2647,P2647_T2,P2647_T2_2,2,condition_replaced,Not Enough Evidence,Not Enough Evidence
P2647,P2647_T2,P2647_T2_3,3,condition_removed,Not Enough Evidence,Not Enough Evidence
P2647,P2647_T2,P2647_T2_4,4,supported,Supported,Supported
P2647,P2647_T2,P2647_T2_5,5,condition_contradicted,Not Supported,Not Supported
P2647,P2647_T3,P2647_T3_1,1,relation_contradicted,Not Supported,Not Supported
P2647,P2647_T3,P2647_T3_2,2,condition_replaced,Not Enough Evidence,Not Enough Evidence
P2647,P2647_T3,P2647_T3_3,3,condition_removed,Not Enough Evidence,Not Enough Evidence
P2647,P2647_T3,P2647_T3_4,4,supported,Supported,Supported
P2647,P2647_T3,P2647_T3_5,5,condition_contradicted,Not Supported,Not Supported
P2648,P2648_T1,P2648_T1_1,1,relation_contradicted,Not Supported,Not Supported
P2648,P2648_T1,P2648_T1_2,2,condition_replaced,Not Enough Evidence,Not Enough Evidence
P2648,P2648_T1,P2648_T1_3,3,condition_removed,Not Enough Evidence,Not Enough Evidence
P2648,P2648_T1,P2648_T1_4,4,supported,Supported,Supported
P2648,P2648_T1,P2648_T1_5,5,condition_contradicted,Not Supported,Not Supported
P2648,P2648_T2,P2648_T2_1,1,relation_contradicted,Not Supported,Not Supported
P2648,P2648_T2,P2648_T2_2,2,condition_replaced,Not Enough Evidence,Not Enough Evidence
P2648,P2648_T2,P2648_T2_3,3,condition_removed,Not Enough Evidence,Not Enough Evidence
P2648,P2648_T2,P2648_T2_4,4,supported,Supported,Supported
P2648,P2648_T2,P2648_T2_5,5,condition_contradicted,Not Supported,Not Supported
P2648,P2648_T3,P2648_T3_1,1,relation_contradicted,Not Supported,Not Supported
P2648,P2648_T3,P2648_T3_2,2,condition_replaced,Not Enough Evidence,Not Enough Evidence
P2648,P2648_T3,P2648_T3_3,3,condition_removed,Not Enough Evidence,Not Enough Evidence
P2648,P2648_T3,P2648_T3_4,4,supported,Supported,Supported
P2648,P2648_T3,P2648_T3_5,5,condition_contradicted,Not Supported,Not Supported
P2649,P2649_T1,P2649_T1_1,1,relation_contradicted,Not Supported,Not Supported
P2649,P2649_T1,P2649_T1_2,2,condition_replaced,Not Enough Evidence,Not Enough Evidence
P2649,P2649_T1,P2649_T1_3,3,condition_removed,Not Enough Evidence,Not Enough Evidence
P2649,P2649_T1,P2649_T1_4,4,supported,Supported,Supported
P2649,P2649_T1,P2649_T1_5,5,condition_contradicted,Not Supported,Not Supported
P2649,P2649_T2,P2649_T2_1,1,relation_contradicted,Not Supported,Not Supported
P2649,P2649_T2,P2649_T2_2,2,condition_replaced,Not Enough Evidence,Not Enough Evidence
P2649,P2649_T2,P2649_T2_3,3,condition_removed,Not Enough Evidence,Not Enough Evidence
P2649,P2649_T2,P2649_T2_4,4,supported,Supported,Supported
P2649,P2649_T2,P2649_T2_5,5,condition_contradicted,Not Supported,Not Supported
P2649,P2649_T3,P2649_T3_1,1,relation_contradicted,Not Supported,Not Supported
P2649,P2649_T3,P2649_T3_2,2,condition_replaced,Not Enough Evidence,Not Enough Evidence
P2649,P2649_T3,P2649_T3_3,3,condition_removed,Not Enough Evidence,Not Enough Evidence
P2649,P2649_T3,P2649_T3_4,4,supported,Supported,Supported
P2649,P2649_T3,P2649_T3_5,5,condition_contradicted,Not Supported,Not Supported
P2652,P2652_T1,P2652_T1_1,1,relation_contradicted,Not Supported,Not Supported
P2652,P2652_T1,P2652_T1_2,2,condition_replaced,Not Enough Evidence,Not Enough Evidence
P2652,P2652_T1,P2652_T1_3,3,condition_removed,Not Enough Evidence,Not Enough Evidence
P2652,P2652_T1,P2652_T1_4,4,supported,Supported,Supported
P2652,P2652_T1,P2652_T1_5,5,condition_contradicted,Not Supported,Not Supported
P2652,P2652_T2,P2652_T2_1,1,relation_contradicted,Not Supported,Not Supported
P2652,P2652_T2,P2652_T2_2,2,condition_replaced,Not Enough Evidence,Not Enough Evidence
P2652,P2652_T2,P2652_T2_3,3,condition_removed,Not Enough Evidence,Not Enough Evidence
P2652,P2652_T2,P2652_T2_4,4,supported,Supported,Supported
P2652,P2652_T2,P2652_T2_5,5,condition_contradicted,Not Supported,Not Supported
P2653,P2653_T1,P2653_T1_1,1,relation_contradicted,Not Supported,Not Supported
P2653,P2653_T1,P2653_T1_2,2,condition_replaced,Not Enough Evidence,Not Enough Evidence
P2653,P2653_T1,P2653_T1_3,3,condition_removed,Not Enough Evidence,Not Enough Evidence
P2653,P2653_T1,P2653_T1_4,4,supported,Supported,Supported
P2653,P2653_T1,P2653_T1_5,5,condition_contradicted,Not Supported,Not Supported
P2653,P2653_T2,P2653_T2_1,1,relation_contradicted,Not Supported,Not Supported
P2653,P2653_T2,P2653_T2_2,2,condition_replaced,Not Enough Evidence,Not Enough Evidence
P2653,P2653_T2,P2653_T2_3,3,condition_removed,Not Enough Evidence,Not Enough Evidence
P2653,P2653_T2,P2653_T2_4,4,supported,Supported,Supported
P2653,P2653_T2,P2653_T2_5,5,condition_contradicted,Not Supported,Not Supported
P2659,P2659_T1,P2659_T1_1,1,relation_contradicted,Not Supported,Not Supported
P2659,P2659_T1,P2659_T1_2,2,condition_replaced,Not Enough Evidence,Not Enough Evidence
P2659,P2659_T1,P2659_T1_3,3,condition_removed,Not Enough Evidence,Not Enough Evidence
P2659,P2659_T1,P2659_T1_4,4,supported,Supported,Supported
P2659,P2659_T1,P2659_T1_5,5,condition_contradicted,Not Supported,Not Supported
P2659,P2659_T2,P2659_T2_1,1,relation_contradicted,Not Supported,Not Supported
P2659,P2659_T2,P2659_T2_2,2,condition_replaced,Not Enough Evidence,Not Enough Evidence
P2659,P2659_T2,P2659_T2_3,3,condition_removed,Not Enough Evidence,Not Enough Evidence
P2659,P2659_T2,P2659_T2_4,4,supported,Supported,Supported
P2659,P2659_T2,P2659_T2_5,5,condition_contradicted,Not Supported,Not Supported
P2660,P2660_T1,P2660_T1_1,1,relation_contradicted,Not Supported,Not Supported
P2660,P2660_T1,P2660_T1_2,2,condition_replaced,Not Enough Evidence,Not Enough Evidence
P2660,P2660_T1,P2660_T1_3,3,condition_removed,Not Enough Evidence,Not Enough Evidence
P2660,P2660_T1,P2660_T1_4,4,supported,Supported,Supported
P2660,P2660_T1,P2660_T1_5,5,condition_contradicted,Not Supported,Not Supported
P2660,P2660_T2,P2660_T2_1,1,relation_contradicted,Not Supported,Not Supported
P2660,P2660_T2,P2660_T2_2,2,condition_replaced,Not Enough Evidence,Not Enough Evidence
P2660,P2660_T2,P2660_T2_3,3,condition_removed,Not Enough Evidence,Not Enough Evidence
P2660,P2660_T2,P2660_T2_4,4,supported,Supported,Supported
P2660,P2660_T2,P2660_T2_5,5,condition_contradicted,Not Supported,Not Supported
P2667,P2667_T1,P2667_T1_1,1,relation_contradicted,Not Supported,Not Supported
P2667,P2667_T1,P2667_T1_2,2,condition_replaced,Not Enough Evidence,Not Enough Evidence
P2667,P2667_T1,P2667_T1_3,3,condition_removed,Not Enough Evidence,Not Enough Evidence
P2667,P2667_T1,P2667_T1_4,4,supported,Supported,Supported
P2667,P2667_T1,P2667_T1_5,5,condition_contradicted,Not Supported,Not Supported
P2667,P2667_T2,P2667_T2_1,1,relation_contradicted,Not Supported,Not Supported
P2667,P2667_T2,P2667_T2_2,2,condition_replaced,Not Enough Evidence,Not Enough Evidence
P2667,P2667_T2,P2667_T2_3,3,condition_removed,Not Enough Evidence,Not Enough Evidence
P2667,P2667_T2,P2667_T2_4,4,supported,Supported,Supported
P2667,P2667_T2,P2667_T2_5,5,condition_contradicted,Not Supported,Not Supported
P2672,P2672_T3,P2672_T3_1,1,relation_contradicted,Not Supported,Not Supported
P2672,P2672_T3,P2672_T3_2,2,condition_replaced,Not Enough Evidence,Not Enough Evidence
P2672,P2672_T3,P2672_T3_3,3,condition_removed,Not Enough Evidence,Not Enough Evidence
P2672,P2672_T3,P2672_T3_4,4,supported,Supported,Supported
P2672,P2672_T3,P2672_T3_5,5,condition_contradicted,Not Supported,Not Supported
P2672,P2672_T4,P2672_T4_1,1,relation_contradicted,Not Supported,Not Supported
P2672,P2672_T4,P2672_T4_2,2,condition_replaced,Not Enough Evidence,Not Enough Evidence
P2672,P2672_T4,P2672_T4_3,3,condition_removed,Not Enough Evidence,Not Enough Evidence
P2672,P2672_T4,P2672_T4_4,4,supported,Supported,Supported
P2672,P2672_T4,P2672_T4_5,5,condition_contradicted,Not Supported,Not Supported
P2673,P2673_T1,P2673_T1_1,1,relation_contradicted,Not Supported,Not Supported
P2673,P2673_T1,P2673_T1_2,2,condition_replaced,Not Enough Evidence,Not Enough Evidence
P2673,P2673_T1,P2673_T1_3,3,condition_removed,Not Enough Evidence,Not Enough Evidence
P2673,P2673_T1,P2673_T1_4,4,supported,Supported,Supported
P2673,P2673_T1,P2673_T1_5,5,condition_contradicted,Not Supported,Not Supported
P2673,P2673_T2,P2673_T2_1,1,relation_contradicted,Not Supported,Not Supported
P2673,P2673_T2,P2673_T2_2,2,condition_replaced,Not Enough Evidence,Not Enough Evidence
P2673,P2673_T2,P2673_T2_3,3,condition_removed,Not Enough Evidence,Not Enough Evidence
P2673,P2673_T2,P2673_T2_4,4,supported,Supported,Supported
P2673,P2673_T2,P2673_T2_5,5,condition_contradicted,Not Supported,Not Supported
P2682,P2682_T1,P2682_T1_1,1,relation_contradicted,Not Supported,Not Supported
P2682,P2682_T1,P2682_T1_2,2,condition_replaced,Not Enough Evidence,Not Enough Evidence
P2682,P2682_T1,P2682_T1_3,3,condition_removed,Not Enough Evidence,Not Enough Evidence
P2682,P2682_T1,P2682_T1_4,4,supported,Supported,Supported
P2682,P2682_T1,P2682_T1_5,5,condition_contradicted,Not Supported,Not Supported
P2682,P2682_T2,P2682_T2_1,1,relation_contradicted,Not Supported,Not Supported
P2682,P2682_T2,P2682_T2_2,2,condition_replaced,Not Enough Evidence,Not Enough Evidence
P2682,P2682_T2,P2682_T2_3,3,condition_removed,Not Enough Evidence,Not Enough Evidence
P2682,P2682_T2,P2682_T2_4,4,supported,Supported,Supported
P2682,P2682_T2,P2682_T2_5,5,condition_contradicted,Not Supported,Not Supported
P2684,P2684_T1,P2684_T1_1,1,relation_contradicted,Not Supported,Not Supported
P2684,P2684_T1,P2684_T1_2,2,condition_replaced,Not Enough Evidence,Not Enough Evidence
P2684,P2684_T1,P2684_T1_3,3,condition_removed,Not Enough Evidence,Not Enough Evidence
P2684,P2684_T1,P2684_T1_4,4,supported,Supported,Supported
P2684,P2684_T1,P2684_T1_5,5,condition_contradicted,Not Supported,Not Supported
P2684,P2684_T2,P2684_T2_1,1,relation_contradicted,Not Supported,Not Supported
P2684,P2684_T2,P2684_T2_2,2,condition_replaced,Not Enough Evidence,Not Enough Evidence
P2684,P2684_T2,P2684_T2_3,3,condition_removed,Not Enough Evidence,Not Enough Evidence
P2684,P2684_T2,P2684_T2_4,4,supported,Supported,Not Supported
P2684,P2684_T2,P2684_T2_5,5,condition_contradicted,Not Supported,Not Supported
P2687,P2687_T1,P2687_T1_1,1,relation_contradicted,Not Supported,Not Supported
P2687,P2687_T1,P2687_T1_2,2,condition_replaced,Not Enough Evidence,Not Enough Evidence
P2687,P2687_T1,P2687_T1_3,3,condition_removed,Not Enough Evidence,Not Enough Evidence
P2687,P2687_T1,P2687_T1_4,4,supported,Supported,Supported
P2687,P2687_T1,P2687_T1_5,5,condition_contradicted,Not Supported,Not Supported
P2687,P2687_T2,P2687_T2_1,1,relation_contradicted,Not Supported,Not Supported
P2687,P2687_T2,P2687_T2_2,2,condition_replaced,Not Enough Evidence,Not Enough Evidence
P2687,P2687_T2,P2687_T2_3,3,condition_removed,Not Enough Evidence,Not Enough Evidence
P2687,P2687_T2,P2687_T2_4,4,supported,Supported,Supported
P2687,P2687_T2,P2687_T2_5,5,condition_contradicted,Not Supported,Not Supported
P2691,P2691_T1,P2691_T1_1,1,relation_contradicted,Not Supported,Not Supported
P2691,P2691_T1,P2691_T1_2,2,condition_replaced,Not Enough Evidence,Not Enough Evidence
P2691,P2691_T1,P2691_T1_3,3,condition_removed,Not Enough Evidence,Not Enough Evidence
P2691,P2691_T1,P2691_T1_4,4,supported,Supported,Supported
P2691,P2691_T1,P2691_T1_5,5,condition_contradicted,Not Supported,Not Supported
P2691,P2691_T2,P2691_T2_1,1,relation_contradicted,Not Supported,Supported
P2691,P2691_T2,P2691_T2_2,2,condition_replaced,Not Enough Evidence,Not Enough Evidence
P2691,P2691_T2,P2691_T2_3,3,condition_removed,Not Enough Evidence,Not Enough Evidence
P2691,P2691_T2,P2691_T2_4,4,supported,Supported,Supported
P2691,P2691_T2,P2691_T2_5,5,condition_contradicted,Not Supported,Not Supported
P2692,P2692_T1,P2692_T1_1,1,relation_contradicted,Not Supported,Not Supported
P2692,P2692_T1,P2692_T1_2,2,condition_replaced,Not Enough Evidence,Not Enough Evidence
P2692,P2692_T1,P2692_T1_3,3,condition_removed,Not Enough Evidence,Not Enough Evidence
P2692,P2692_T1,P2692_T1_4,4,supported,Supported,Supported
P2692,P2692_T1,P2692_T1_5,5,condition_contradicted,Not Supported,Not Supported
P2692,P2692_T2,P2692_T2_1,1,relation_contradicted,Not Supported,Not Supported
P2692,P2692_T2,P2692_T2_2,2,condition_replaced,Not Enough Evidence,Not Enough Evidence
P2692,P2692_T2,P2692_T2_3,3,condition_removed,Not Enough Evidence,Not Enough Evidence
P2692,P2692_T2,P2692_T2_4,4,supported,Supported,Supported
P2692,P2692_T2,P2692_T2_5,5,condition_contradicted,Not Supported,Not Supported
P2693,P2693_T1,P2693_T1_1,1,relation_contradicted,Not Supported,Not Supported
P2693,P2693_T1,P2693_T1_2,2,condition_replaced,Not Enough Evidence,Not Enough Evidence
P2693,P2693_T1,P2693_T1_3,3,condition_removed,Not Enough Evidence,Supported
P2693,P2693_T1,P2693_T1_4,4,supported,Supported,Supported
P2693,P2693_T1,P2693_T1_5,5,condition_contradicted,Not Supported,Not Supported
P2693,P2693_T2,P2693_T2_1,1,relation_contradicted,Not Supported,Not Supported
P2693,P2693_T2,P2693_T2_2,2,condition_replaced,Not Enough Evidence,Not Enough Evidence
P2693,P2693_T2,P2693_T2_3,3,condition_removed,Not Enough Evidence,Not Enough Evidence
P2693,P2693_T2,P2693_T2_4,4,supported,Supported,Supported
P2693,P2693_T2,P2693_T2_5,5,condition_contradicted,Not Supported,Supported
P2694,P2694_T1,P2694_T1_1,1,relation_contradicted,Not Supported,Not Supported
P2694,P2694_T1,P2694_T1_2,2,condition_replaced,Not Enough Evidence,Not Enough Evidence
P2694,P2694_T1,P2694_T1_3,3,condition_removed,Not Enough Evidence,Not Enough Evidence
P2694,P2694_T1,P2694_T1_4,4,supported,Supported,Supported
P2694,P2694_T1,P2694_T1_5,5,condition_contradicted,Not Supported,Not Supported
P2694,P2694_T2,P2694_T2_1,1,relation_contradicted,Not Supported,Not Supported
P2694,P2694_T2,P2694_T2_2,2,condition_replaced,Not Enough Evidence,Not Enough Evidence
P2694,P2694_T2,P2694_T2_3,3,condition_removed,Not Enough Evidence,Not Enough Evidence
P2694,P2694_T2,P2694_T2_4,4,supported,Supported,Supported
P2694,P2694_T2,P2694_T2_5,5,condition_contradicted,Not Supported,Not Supported
P2696,P2696_T1,P2696_T1_1,1,relation_contradicted,Not Supported,Supported
P2696,P2696_T1,P2696_T1_2,2,condition_replaced,Not Enough Evidence,Not Enough Evidence
P2696,P2696_T1,P2696_T1_3,3,condition_removed,Not Enough Evidence,Not Enough Evidence
P2696,P2696_T1,P2696_T1_4,4,supported,Supported,Supported
P2696,P2696_T1,P2696_T1_5,5,condition_contradicted,Not Supported,Not Supported
P2696,P2696_T2,P2696_T2_1,1,relation_contradicted,Not Supported,Not Supported
P2696,P2696_T2,P2696_T2_2,2,condition_replaced,Not Enough Evidence,Not Enough Evidence
P2696,P2696_T2,P2696_T2_3,3,condition_removed,Not Enough Evidence,Not Enough Evidence
P2696,P2696_T2,P2696_T2_4,4,supported,Supported,Supported
P2696,P2696_T2,P2696_T2_5,5,condition_contradicted,Not Supported,Not Supported
P2698,P2698_T1,P2698_T1_1,1,relation_contradicted,Not Supported,Not Supported
P2698,P2698_T1,P2698_T1_2,2,condition_replaced,Not Enough Evidence,Not Enough Evidence
P2698,P2698_T1,P2698_T1_3,3,condition_removed,Not Enough Evidence,Not Enough Evidence
P2698,P2698_T1,P2698_T1_4,4,supported,Supported,Supported
P2698,P2698_T1,P2698_T1_5,5,condition_contradicted,Not Supported,Not Supported
P2698,P2698_T2,P2698_T2_1,1,relation_contradicted,Not Supported,Not Supported
P2698,P2698_T2,P2698_T2_2,2,condition_replaced,Not Enough Evidence,Not Enough Evidence
P2698,P2698_T2,P2698_T2_3,3,condition_removed,Not Enough Evidence,Not Enough Evidence
P2698,P2698_T2,P2698_T2_4,4,supported,Supported,Supported
P2698,P2698_T2,P2698_T2_5,5,condition_contradicted,Not Supported,Not Supported
P2699,P2699_T1,P2699_T1_1,1,relation_contradicted,Not Supported,Not Supported
P2699,P2699_T1,P2699_T1_2,2,condition_replaced,Not Enough Evidence,Not Enough Evidence
P2699,P2699_T1,P2699_T1_3,3,condition_removed,Not Enough Evidence,Not Enough Evidence
P2699,P2699_T1,P2699_T1_4,4,supported,Supported,Supported
P2699,P2699_T1,P2699_T1_5,5,condition_contradicted,Not Supported,Not Supported
P2699,P2699_T2,P2699_T2_1,1,relation_contradicted,Not Supported,Not Supported
P2699,P2699_T2,P2699_T2_2,2,condition_replaced,Not Enough Evidence,Not Enough Evidence
P2699,P2699_T2,P2699_T2_3,3,condition_removed,Not Enough Evidence,Not Enough Evidence
P2699,P2699_T2,P2699_T2_4,4,supported,Supported,Supported
P2699,P2699_T2,P2699_T2_5,5,condition_contradicted,Not Supported,Not Supported
P2703,P2703_T1,P2703_T1_1,1,relation_contradicted,Not Supported,Not Supported
P2703,P2703_T1,P2703_T1_2,2,condition_replaced,Not Enough Evidence,Not Enough Evidence
P2703,P2703_T1,P2703_T1_3,3,condition_removed,Not Enough Evidence,Not Enough Evidence
P2703,P2703_T1,P2703_T1_4,4,supported,Supported,Supported
P2703,P2703_T1,P2703_T1_5,5,condition_contradicted,Not Supported,Not Supported
P2703,P2703_T2,P2703_T2_1,1,relation_contradicted,Not Supported,Not Supported
P2703,P2703_T2,P2703_T2_2,2,condition_replaced,Not Enough Evidence,Not Enough Evidence
P2703,P2703_T2,P2703_T2_3,3,condition_removed,Not Enough Evidence,Not Enough Evidence
P2703,P2703_T2,P2703_T2_4,4,supported,Supported,Supported
P2703,P2703_T2,P2703_T2_5,5,condition_contradicted,Not Supported,Not Supported
P2705,P2705_T1,P2705_T1_1,1,relation_contradicted,Not Supported,Not Supported
P2705,P2705_T1,P2705_T1_2,2,condition_replaced,Not Enough Evidence,Not Enough Evidence
P2705,P2705_T1,P2705_T1_3,3,condition_removed,Not Enough Evidence,Not Enough Evidence
P2705,P2705_T1,P2705_T1_4,4,supported,Supported,Supported
P2705,P2705_T1,P2705_T1_5,5,condition_contradicted,Not Supported,Not Supported
P2705,P2705_T2,P2705_T2_1,1,relation_contradicted,Not Supported,Not Supported
P2705,P2705_T2,P2705_T2_2,2,condition_replaced,Not Enough Evidence,Not Enough Evidence
P2705,P2705_T2,P2705_T2_3,3,condition_removed,Not Enough Evidence,Not Enough Evidence
P2705,P2705_T2,P2705_T2_4,4,supported,Supported,Supported
P2705,P2705_T2,P2705_T2_5,5,condition_contradicted,Not Supported,Not Supported
P2712,P2712_T1,P2712_T1_1,1,relation_contradicted,Not Supported,Not Supported
P2712,P2712_T1,P2712_T1_2,2,condition_replaced,Not Enough Evidence,Not Enough Evidence
P2712,P2712_T1,P2712_T1_3,3,condition_removed,Not Enough Evidence,Not Enough Evidence
P2712,P2712_T1,P2712_T1_4,4,supported,Supported,Supported
P2712,P2712_T1,P2712_T1_5,5,condition_contradicted,Not Supported,Not Supported
P2712,P2712_T2,P2712_T2_1,1,relation_contradicted,Not Supported,Supported
P2712,P2712_T2,P2712_T2_2,2,condition_replaced,Not Enough Evidence,Not Enough Evidence
P2712,P2712_T2,P2712_T2_3,3,condition_removed,Not Enough Evidence,Not Enough Evidence
P2712,P2712_T2,P2712_T2_4,4,supported,Supported,Supported
P2712,P2712_T2,P2712_T2_5,5,condition_contradicted,Not Supported,Not Supported
P2715,P2715_T1,P2715_T1_1,1,relation_contradicted,Not Supported,Not Supported
P2715,P2715_T1,P2715_T1_2,2,condition_replaced,Not Enough Evidence,Not Enough Evidence
P2715,P2715_T1,P2715_T1_3,3,condition_removed,Not Enough Evidence,Not Enough Evidence
P2715,P2715_T1,P2715_T1_4,4,supported,Supported,Supported
P2715,P2715_T1,P2715_T1_5,5,condition_contradicted,Not Supported,Not Supported
P2715,P2715_T2,P2715_T2_1,1,relation_contradicted,Not Supported,Not Supported
P2715,P2715_T2,P2715_T2_2,2,condition_replaced,Not Enough Evidence,Not Enough Evidence
P2715,P2715_T2,P2715_T2_3,3,condition_removed,Not Enough Evidence,Not Enough Evidence
P2715,P2715_T2,P2715_T2_4,4,supported,Supported,Supported
P2715,P2715_T2,P2715_T2_5,5,condition_contradicted,Not Supported,Not Supported
P2718,P2718_T1,P2718_T1_1,1,relation_contradicted,Not Supported,Not Supported
P2718,P2718_T1,P2718_T1_2,2,condition_replaced,Not Enough Evidence,Not Enough Evidence
P2718,P2718_T1,P2718_T1_3,3,condition_removed,Not Enough Evidence,Not Enough Evidence
P2718,P2718_T1,P2718_T1_4,4,supported,Supported,Supported
P2718,P2718_T1,P2718_T1_5,5,condition_contradicted,Not Supported,Not Supported
P2718,P2718_T2,P2718_T2_1,1,relation_contradicted,Not Supported,Not Supported
P2718,P2718_T2,P2718_T2_2,2,condition_replaced,Not Enough Evidence,Not Enough Evidence
P2718,P2718_T2,P2718_T2_3,3,condition_removed,Not Enough Evidence,Not Enough Evidence
P2718,P2718_T2,P2718_T2_4,4,supported,Supported,Supported
P2718,P2718_T2,P2718_T2_5,5,condition_contradicted,Not Supported,Not Supported
P2723,P2723_T1,P2723_T1_1,1,relation_contradicted,Not Supported,Not Supported
P2723,P2723_T1,P2723_T1_2,2,condition_replaced,Not Enough Evidence,Not Enough Evidence
P2723,P2723_T1,P2723_T1_3,3,condition_removed,Not Enough Evidence,Not Enough Evidence
P2723,P2723_T1,P2723_T1_4,4,supported,Supported,Supported
P2723,P2723_T1,P2723_T1_5,5,condition_contradicted,Not Supported,Not Supported
P2723,P2723_T2,P2723_T2_1,1,relation_contradicted,Not Supported,Not Supported
P2723,P2723_T2,P2723_T2_2,2,condition_replaced,Not Enough Evidence,Not Enough Evidence
P2723,P2723_T2,P2723_T2_3,3,condition_removed,Not Enough Evidence,Not Enough Evidence
P2723,P2723_T2,P2723_T2_4,4,supported,Supported,Supported
P2723,P2723_T2,P2723_T2_5,5,condition_contradicted,Not Supported,Not Supported
P2725,P2725_T1,P2725_T1_1,1,relation_contradicted,Not Supported,Not Supported
P2725,P2725_T1,P2725_T1_2,2,condition_replaced,Not Enough Evidence,Not Enough Evidence
P2725,P2725_T1,P2725_T1_3,3,condition_removed,Not Enough Evidence,Not Enough Evidence
P2725,P2725_T1,P2725_T1_4,4,supported,Supported,Supported
P2725,P2725_T1,P2725_T1_5,5,condition_contradicted,Not Supported,Not Supported
P2725,P2725_T2,P2725_T2_1,1,relation_contradicted,Not Supported,Not Supported
P2725,P2725_T2,P2725_T2_2,2,condition_replaced,Not Enough Evidence,Not Enough Evidence
P2725,P2725_T2,P2725_T2_3,3,condition_removed,Not Enough Evidence,Not Enough Evidence
P2725,P2725_T2,P2725_T2_4,4,supported,Supported,Supported
P2725,P2725_T2,P2725_T2_5,5,condition_contradicted,Not Supported,Not Supported
P2728,P2728_T1,P2728_T1_1,1,relation_contradicted,Not Supported,Not Supported
P2728,P2728_T1,P2728_T1_2,2,condition_replaced,Not Enough Evidence,Not Enough Evidence
P2728,P2728_T1,P2728_T1_3,3,condition_removed,Not Enough Evidence,Not Enough Evidence
P2728,P2728_T1,P2728_T1_4,4,supported,Supported,Supported
P2728,P2728_T1,P2728_T1_5,5,condition_contradicted,Not Supported,Not Supported
P2728,P2728_T2,P2728_T2_1,1,relation_contradicted,Not Supported,Not Supported
P2728,P2728_T2,P2728_T2_2,2,condition_replaced,Not Enough Evidence,Not Enough Evidence
P2728,P2728_T2,P2728_T2_3,3,condition_removed,Not Enough Evidence,Not Enough Evidence
P2728,P2728_T2,P2728_T2_4,4,supported,Supported,Supported
P2728,P2728_T2,P2728_T2_5,5,condition_contradicted,Not Supported,Not Supported
P2733,P2733_T1,P2733_T1_1,1,relation_contradicted,Not Supported,Not Supported
P2733,P2733_T1,P2733_T1_2,2,condition_replaced,Not Enough Evidence,Not Enough Evidence
P2733,P2733_T1,P2733_T1_3,3,condition_removed,Not Enough Evidence,Not Enough Evidence
P2733,P2733_T1,P2733_T1_4,4,supported,Supported,Supported
P2733,P2733_T1,P2733_T1_5,5,condition_contradicted,Not Supported,Not Supported
P2733,P2733_T2,P2733_T2_1,1,relation_contradicted,Not Supported,Not Supported
P2733,P2733_T2,P2733_T2_2,2,condition_replaced,Not Enough Evidence,Not Enough Evidence
P2733,P2733_T2,P2733_T2_3,3,condition_removed,Not Enough Evidence,Not Enough Evidence
P2733,P2733_T2,P2733_T2_4,4,supported,Supported,Supported
P2733,P2733_T2,P2733_T2_5,5,condition_contradicted,Not Supported,Not Supported
P2735,P2735_T1,P2735_T1_1,1,relation_contradicted,Not Supported,Not Supported
P2735,P2735_T1,P2735_T1_2,2,condition_replaced,Not Enough Evidence,Not Enough Evidence
P2735,P2735_T1,P2735_T1_3,3,condition_removed,Not Enough Evidence,Not Enough Evidence
P2735,P2735_T1,P2735_T1_4,4,supported,Supported,Supported
P2735,P2735_T1,P2735_T1_5,5,condition_contradicted,Not Supported,Not Supported
P2735,P2735_T2,P2735_T2_1,1,relation_contradicted,Not Supported,Not Supported
P2735,P2735_T2,P2735_T2_2,2,condition_replaced,Not Enough Evidence,Not Enough Evidence
P2735,P2735_T2,P2735_T2_3,3,condition_removed,Not Enough Evidence,Not Enough Evidence
P2735,P2735_T2,P2735_T2_4,4,supported,Supported,Supported
P2735,P2735_T2,P2735_T2_5,5,condition_contradicted,Not Supported,Not Supported
P2736,P2736_T1,P2736_T1_1,1,relation_contradicted,Not Supported,Not Supported
P2736,P2736_T1,P2736_T1_2,2,condition_replaced,Not Enough Evidence,Not Enough Evidence
P2736,P2736_T1,P2736_T1_3,3,condition_removed,Not Enough Evidence,Not Enough Evidence
P2736,P2736_T1,P2736_T1_4,4,supported,Supported,Supported
P2736,P2736_T1,P2736_T1_5,5,condition_contradicted,Not Supported,Not Supported
P2736,P2736_T2,P2736_T2_1,1,relation_contradicted,Not Supported,Not Supported
P2736,P2736_T2,P2736_T2_2,2,condition_replaced,Not Enough Evidence,Not Enough Evidence
P2736,P2736_T2,P2736_T2_3,3,condition_removed,Not Enough Evidence,Not Enough Evidence
P2736,P2736_T2,P2736_T2_4,4,supported,Supported,Supported
P2736,P2736_T2,P2736_T2_5,5,condition_contradicted,Not Supported,Not Supported
P2743,P2743_T1,P2743_T1_1,1,relation_contradicted,Not Supported,Not Supported
P2743,P2743_T1,P2743_T1_2,2,condition_replaced,Not Enough Evidence,Not Enough Evidence
P2743,P2743_T1,P2743_T1_3,3,condition_removed,Not Enough Evidence,Not Enough Evidence
P2743,P2743_T1,P2743_T1_4,4,supported,Supported,Supported
P2743,P2743_T1,P2743_T1_5,5,condition_contradicted,Not Supported,Not Supported
P2743,P2743_T2,P2743_T2_1,1,relation_contradicted,Not Supported,Not Supported
P2743,P2743_T2,P2743_T2_2,2,condition_replaced,Not Enough Evidence,Not Enough Evidence
P2743,P2743_T2,P2743_T2_3,3,condition_removed,Not Enough Evidence,Not Enough Evidence
P2743,P2743_T2,P2743_T2_4,4,supported,Supported,Supported
P2743,P2743_T2,P2743_T2_5,5,condition_contradicted,Not Supported,Not Supported
P2752,P2752_T1,P2752_T1_1,1,relation_contradicted,Not Supported,Not Supported
P2752,P2752_T1,P2752_T1_2,2,condition_replaced,Not Enough Evidence,Not Enough Evidence
P2752,P2752_T1,P2752_T1_3,3,condition_removed,Not Enough Evidence,Not Enough Evidence
P2752,P2752_T1,P2752_T1_4,4,supported,Supported,Supported
P2752,P2752_T1,P2752_T1_5,5,condition_contradicted,Not Supported,Not Supported
P2752,P2752_T2,P2752_T2_1,1,relation_contradicted,Not Supported,Not Supported
P2752,P2752_T2,P2752_T2_2,2,condition_replaced,Not Enough Evidence,Not Enough Evidence
P2752,P2752_T2,P2752_T2_3,3,condition_removed,Not Enough Evidence,Not Enough Evidence
P2752,P2752_T2,P2752_T2_4,4,supported,Supported,Supported
P2752,P2752_T2,P2752_T2_5,5,condition_contradicted,Not Supported,Not Supported
P2752,P2752_T3,P2752_T3_1,1,relation_contradicted,Not Supported,Not Supported
P2752,P2752_T3,P2752_T3_2,2,condition_replaced,Not Enough Evidence,Not Enough Evidence
P2752,P2752_T3,P2752_T3_3,3,condition_removed,Not Enough Evidence,Not Enough Evidence
P2752,P2752_T3,P2752_T3_4,4,supported,Supported,Supported
P2752,P2752_T3,P2752_T3_5,5,condition_contradicted,Not Supported,Not Supported
P2755,P2755_T1,P2755_T1_1,1,relation_contradicted,Not Supported,Not Supported
P2755,P2755_T1,P2755_T1_2,2,condition_replaced,Not Enough Evidence,Not Enough Evidence
P2755,P2755_T1,P2755_T1_3,3,condition_removed,Not Enough Evidence,Not Enough Evidence
P2755,P2755_T1,P2755_T1_4,4,supported,Supported,Supported
P2755,P2755_T1,P2755_T1_5,5,condition_contradicted,Not Supported,Not Supported
P2755,P2755_T2,P2755_T2_1,1,relation_contradicted,Not Supported,Not Supported
P2755,P2755_T2,P2755_T2_2,2,condition_replaced,Not Enough Evidence,Not Enough Evidence
P2755,P2755_T2,P2755_T2_3,3,condition_removed,Not Enough Evidence,Not Enough Evidence
P2755,P2755_T2,P2755_T2_4,4,supported,Supported,Supported
P2755,P2755_T2,P2755_T2_5,5,condition_contradicted,Not Supported,Not Supported
P2755,P2755_T3,P2755_T3_1,1,relation_contradicted,Not Supported,Not Supported
P2755,P2755_T3,P2755_T3_2,2,condition_replaced,Not Enough Evidence,Not Enough Evidence
P2755,P2755_T3,P2755_T3_3,3,condition_removed,Not Enough Evidence,Not Enough Evidence
P2755,P2755_T3,P2755_T3_4,4,supported,Supported,Supported
P2755,P2755_T3,P2755_T3_5,5,condition_contradicted,Not Supported,Not Supported
P2756,P2756_T1,P2756_T1_1,1,relation_contradicted,Not Supported,Not Supported
P2756,P2756_T1,P2756_T1_2,2,condition_replaced,Not Enough Evidence,Not Enough Evidence
P2756,P2756_T1,P2756_T1_3,3,condition_removed,Not Enough Evidence,Not Enough Evidence
P2756,P2756_T1,P2756_T1_4,4,supported,Supported,Supported
P2756,P2756_T1,P2756_T1_5,5,condition_contradicted,Not Supported,Not Supported
P2756,P2756_T2,P2756_T2_1,1,relation_contradicted,Not Supported,Not Supported
P2756,P2756_T2,P2756_T2_2,2,condition_replaced,Not Enough Evidence,Not Enough Evidence
P2756,P2756_T2,P2756_T2_3,3,condition_removed,Not Enough Evidence,Not Enough Evidence
P2756,P2756_T2,P2756_T2_4,4,supported,Supported,Supported
P2756,P2756_T2,P2756_T2_5,5,condition_contradicted,Not Supported,Not Supported
P2756,P2756_T3,P2756_T3_1,1,relation_contradicted,Not Supported,Not Supported
P2756,P2756_T3,P2756_T3_2,2,condition_replaced,Not Enough Evidence,Not Enough Evidence
P2756,P2756_T3,P2756_T3_3,3,condition_removed,Not Enough Evidence,Not Enough Evidence
P2756,P2756_T3,P2756_T3_4,4,supported,Supported,Supported
P2756,P2756_T3,P2756_T3_5,5,condition_contradicted,Not Supported,Not Supported
P2766,P2766_T1,P2766_T1_1,1,relation_contradicted,Not Supported,Not Supported
P2766,P2766_T1,P2766_T1_2,2,condition_replaced,Not Enough Evidence,Not Enough Evidence
P2766,P2766_T1,P2766_T1_3,3,condition_removed,Not Enough Evidence,Not Enough Evidence
P2766,P2766_T1,P2766_T1_4,4,supported,Supported,Supported
P2766,P2766_T1,P2766_T1_5,5,condition_contradicted,Not Supported,Not Supported
P2766,P2766_T2,P2766_T2_1,1,relation_contradicted,Not Supported,Not Supported
P2766,P2766_T2,P2766_T2_2,2,condition_replaced,Not Enough Evidence,Not Enough Evidence
P2766,P2766_T2,P2766_T2_3,3,condition_removed,Not Enough Evidence,Not Enough Evidence
P2766,P2766_T2,P2766_T2_4,4,supported,Supported,Supported
P2766,P2766_T2,P2766_T2_5,5,condition_contradicted,Not Supported,Not Supported
P2766,P2766_T3,P2766_T3_1,1,relation_contradicted,Not Supported,Not Supported
P2766,P2766_T3,P2766_T3_2,2,condition_replaced,Not Enough Evidence,Not Enough Evidence
P2766,P2766_T3,P2766_T3_3,3,condition_removed,Not Enough Evidence,Not Enough Evidence
P2766,P2766_T3,P2766_T3_4,4,supported,Supported,Supported
P2766,P2766_T3,P2766_T3_5,5,condition_contradicted,Not Supported,Not Supported
P2770,P2770_T1,P2770_T1_1,1,relation_contradicted,Not Supported,Not Supported
P2770,P2770_T1,P2770_T1_2,2,condition_replaced,Not Enough Evidence,Not Enough Evidence
P2770,P2770_T1,P2770_T1_3,3,condition_removed,Not Enough Evidence,Not Enough Evidence
P2770,P2770_T1,P2770_T1_4,4,supported,Supported,Supported
P2770,P2770_T1,P2770_T1_5,5,condition_contradicted,Not Supported,Not Supported
P2770,P2770_T2,P2770_T2_1,1,relation_contradicted,Not Supported,Not Supported
P2770,P2770_T2,P2770_T2_2,2,condition_replaced,Not Enough Evidence,Not Enough Evidence
P2770,P2770_T2,P2770_T2_3,3,condition_removed,Not Enough Evidence,Not Enough Evidence
P2770,P2770_T2,P2770_T2_4,4,supported,Supported,Supported
P2770,P2770_T2,P2770_T2_5,5,condition_contradicted,Not Supported,Not Supported
P2770,P2770_T3,P2770_T3_1,1,relation_contradicted,Not Supported,Not Supported
P2770,P2770_T3,P2770_T3_2,2,condition_replaced,Not Enough Evidence,Not Enough Evidence
P2770,P2770_T3,P2770_T3_3,3,condition_removed,Not Enough Evidence,Not Enough Evidence
P2770,P2770_T3,P2770_T3_4,4,supported,Supported,Supported
P2770,P2770_T3,P2770_T3_5,5,condition_contradicted,Not Supported,Not Supported
P2771,P2771_T1,P2771_T1_1,1,relation_contradicted,Not Supported,Not Supported
P2771,P2771_T1,P2771_T1_2,2,condition_replaced,Not Enough Evidence,Not Enough Evidence
P2771,P2771_T1,P2771_T1_3,3,condition_removed,Not Enough Evidence,Not Enough Evidence
P2771,P2771_T1,P2771_T1_4,4,supported,Supported,Supported
P2771,P2771_T1,P2771_T1_5,5,condition_contradicted,Not Supported,Not Supported
P2771,P2771_T2,P2771_T2_1,1,relation_contradicted,Not Supported,Not Supported
P2771,P2771_T2,P2771_T2_2,2,condition_replaced,Not Enough Evidence,Not Enough Evidence
P2771,P2771_T2,P2771_T2_3,3,condition_removed,Not Enough Evidence,Not Enough Evidence
P2771,P2771_T2,P2771_T2_4,4,supported,Supported,Supported
P2771,P2771_T2,P2771_T2_5,5,condition_contradicted,Not Supported,Not Supported
P2771,P2771_T3,P2771_T3_1,1,relation_contradicted,Not Supported,Not Supported
P2771,P2771_T3,P2771_T3_2,2,condition_replaced,Not Enough Evidence,Not Enough Evidence
P2771,P2771_T3,P2771_T3_3,3,condition_removed,Not Enough Evidence,Not Enough Evidence
P2771,P2771_T3,P2771_T3_4,4,supported,Supported,Supported
P2771,P2771_T3,P2771_T3_5,5,condition_contradicted,Not Supported,Not Supported
P2774,P2774_T1,P2774_T1_1,1,relation_contradicted,Not Supported,Not Supported
P2774,P2774_T1,P2774_T1_2,2,condition_replaced,Not Enough Evidence,Not Enough Evidence
P2774,P2774_T1,P2774_T1_3,3,condition_removed,Not Enough Evidence,Not Enough Evidence
P2774,P2774_T1,P2774_T1_4,4,supported,Supported,Supported
P2774,P2774_T1,P2774_T1_5,5,condition_contradicted,Not Supported,Not Supported
P2774,P2774_T2,P2774_T2_1,1,relation_contradicted,Not Supported,Not Supported
P2774,P2774_T2,P2774_T2_2,2,condition_replaced,Not Enough Evidence,Not Enough Evidence
P2774,P2774_T2,P2774_T2_3,3,condition_removed,Not Enough Evidence,Not Enough Evidence
P2774,P2774_T2,P2774_T2_4,4,supported,Supported,Supported
P2774,P2774_T2,P2774_T2_5,5,condition_contradicted,Not Supported,Not Supported
P2774,P2774_T3,P2774_T3_1,1,relation_contradicted,Not Supported,Not Supported
P2774,P2774_T3,P2774_T3_2,2,condition_replaced,Not Enough Evidence,Not Enough Evidence
P2774,P2774_T3,P2774_T3_3,3,condition_removed,Not Enough Evidence,Not Enough Evidence
P2774,P2774_T3,P2774_T3_4,4,supported,Supported,Supported
P2774,P2774_T3,P2774_T3_5,5,condition_contradicted,Not Supported,Not Supported
P2775,P2775_T1,P2775_T1_1,1,relation_contradicted,Not Supported,Not Supported
P2775,P2775_T1,P2775_T1_2,2,condition_replaced,Not Enough Evidence,Not Enough Evidence
P2775,P2775_T1,P2775_T1_3,3,condition_removed,Not Enough Evidence,Not Enough Evidence
P2775,P2775_T1,P2775_T1_4,4,supported,Supported,Supported
P2775,P2775_T1,P2775_T1_5,5,condition_contradicted,Not Supported,Not Supported
P2775,P2775_T2,P2775_T2_1,1,relation_contradicted,Not Supported,Not Supported
P2775,P2775_T2,P2775_T2_2,2,condition_replaced,Not Enough Evidence,Not Enough Evidence
P2775,P2775_T2,P2775_T2_3,3,condition_removed,Not Enough Evidence,Not Enough Evidence
P2775,P2775_T2,P2775_T2_4,4,supported,Supported,Supported
P2775,P2775_T2,P2775_T2_5,5,condition_contradicted,Not Supported,Not Supported
P2775,P2775_T3,P2775_T3_1,1,relation_contradicted,Not Supported,Not Supported
P2775,P2775_T3,P2775_T3_2,2,condition_replaced,Not Enough Evidence,Not Enough Evidence
P2775,P2775_T3,P2775_T3_3,3,condition_removed,Not Enough Evidence,Not Enough Evidence
P2775,P2775_T3,P2775_T3_4,4,supported,Supported,Supported
P2775,P2775_T3,P2775_T3_5,5,condition_contradicted,Not Supported,Not Supported
P2778,P2778_T1,P2778_T1_1,1,relation_contradicted,Not Supported,Not Supported
P2778,P2778_T1,P2778_T1_2,2,condition_replaced,Not Enough Evidence,Not Enough Evidence
P2778,P2778_T1,P2778_T1_3,3,condition_removed,Not Enough Evidence,Not Enough Evidence
P2778,P2778_T1,P2778_T1_4,4,supported,Supported,Supported
P2778,P2778_T1,P2778_T1_5,5,condition_contradicted,Not Supported,Not Supported
P2778,P2778_T2,P2778_T2_1,1,relation_contradicted,Not Supported,Not Supported
P2778,P2778_T2,P2778_T2_2,2,condition_replaced,Not Enough Evidence,Not Enough Evidence
P2778,P2778_T2,P2778_T2_3,3,condition_removed,Not Enough Evidence,Not Enough Evidence
P2778,P2778_T2,P2778_T2_4,4,supported,Supported,Supported
P2778,P2778_T2,P2778_T2_5,5,condition_contradicted,Not Supported,Not Supported
P2778,P2778_T3,P2778_T3_1,1,relation_contradicted,Not Supported,Not Supported
P2778,P2778_T3,P2778_T3_2,2,condition_replaced,Not Enough Evidence,Not Enough Evidence
P2778,P2778_T3,P2778_T3_3,3,condition_removed,Not Enough Evidence,Not Enough Evidence
P2778,P2778_T3,P2778_T3_4,4,supported,Supported,Supported
P2778,P2778_T3,P2778_T3_5,5,condition_contradicted,Not Supported,Not Supported
P2779,P2779_T1,P2779_T1_1,1,relation_contradicted,Not Supported,Not Supported
P2779,P2779_T1,P2779_T1_2,2,condition_replaced,Not Enough Evidence,Not Enough Evidence
P2779,P2779_T1,P2779_T1_3,3,condition_removed,Not Enough Evidence,Not Enough Evidence
P2779,P2779_T1,P2779_T1_4,4,supported,Supported,Supported
P2779,P2779_T1,P2779_T1_5,5,condition_contradicted,Not Supported,Not Supported
P2779,P2779_T2,P2779_T2_1,1,relation_contradicted,Not Supported,Not Supported
P2779,P2779_T2,P2779_T2_2,2,condition_replaced,Not Enough Evidence,Not Enough Evidence
P2779,P2779_T2,P2779_T2_3,3,condition_removed,Not Enough Evidence,Not Enough Evidence
P2779,P2779_T2,P2779_T2_4,4,supported,Supported,Supported
P2779,P2779_T2,P2779_T2_5,5,condition_contradicted,Not Supported,Not Supported
P2779,P2779_T3,P2779_T3_1,1,relation_contradicted,Not Supported,Not Supported
P2779,P2779_T3,P2779_T3_2,2,condition_replaced,Not Enough Evidence,Not Enough Evidence
P2779,P2779_T3,P2779_T3_3,3,condition_removed,Not Enough Evidence,Not Enough Evidence
P2779,P2779_T3,P2779_T3_4,4,supported,Supported,Supported
P2779,P2779_T3,P2779_T3_5,5,condition_contradicted,Not Supported,Not Supported
P2785,P2785_T1,P2785_T1_1,1,relation_contradicted,Not Supported,Not Supported
P2785,P2785_T1,P2785_T1_2,2,condition_replaced,Not Enough Evidence,Not Enough Evidence
P2785,P2785_T1,P2785_T1_3,3,condition_removed,Not Enough Evidence,Not Enough Evidence
P2785,P2785_T1,P2785_T1_4,4,supported,Supported,Supported
P2785,P2785_T1,P2785_T1_5,5,condition_contradicted,Not Supported,Not Supported
P2785,P2785_T2,P2785_T2_1,1,relation_contradicted,Not Supported,Not Supported
P2785,P2785_T2,P2785_T2_2,2,condition_replaced,Not Enough Evidence,Not Enough Evidence
P2785,P2785_T2,P2785_T2_3,3,condition_removed,Not Enough Evidence,Not Enough Evidence
P2785,P2785_T2,P2785_T2_5,5,condition_contradicted,Not Supported,Not Supported
P2785,P2785_T3,P2785_T3_1,1,relation_contradicted,Not Supported,Not Supported
P2785,P2785_T3,P2785_T3_2,2,condition_replaced,Not Enough Evidence,Not Enough Evidence
P2785,P2785_T3,P2785_T3_3,3,condition_removed,Not Enough Evidence,Not Enough Evidence
P2785,P2785_T3,P2785_T3_5,5,condition_contradicted,Not Supported,Not Supported
P2786,P2786_T1,P2786_T1_1,1,relation_contradicted,Not Supported,Not Supported
P2786,P2786_T1,P2786_T1_2,2,condition_replaced,Not Enough Evidence,Not Enough Evidence
P2786,P2786_T1,P2786_T1_3,3,condition_removed,Not Enough Evidence,Not Enough Evidence
P2786,P2786_T1,P2786_T1_5,5,condition_contradicted,Not Supported,Supported
P2786,P2786_T2,P2786_T2_1,1,relation_contradicted,Not Supported,Not Supported
P2786,P2786_T2,P2786_T2_2,2,condition_replaced,Not Enough Evidence,Not Enough Evidence
P2786,P2786_T2,P2786_T2_3,3,condition_removed,Not Enough Evidence,Not Enough Evidence
P2786,P2786_T2,P2786_T2_5,5,condition_contradicted,Not Supported,Not Supported
P2786,P2786_T3,P2786_T3_1,1,relation_contradicted,Not Supported,Not Supported
P2786,P2786_T3,P2786_T3_2,2,condition_replaced,Not Enough Evidence,Not Enough Evidence
P2786,P2786_T3,P2786_T3_3,3,condition_removed,Not Enough Evidence,Not Enough Evidence
P2786,P2786_T3,P2786_T3_5,5,condition_contradicted,Not Supported,Not Supported
P2789,P2789_T1,P2789_T1_1,1,relation_contradicted,Not Supported,Not Supported
P2789,P2789_T1,P2789_T1_2,2,condition_replaced,Not Enough Evidence,Not Enough Evidence
P2789,P2789_T1,P2789_T1_3,3,condition_removed,Not Enough Evidence,Not Enough Evidence
P2789,P2789_T1,P2789_T1_4,4,supported,Supported,Supported
P2789,P2789_T1,P2789_T1_5,5,condition_contradicted,Not Supported,Not Supported
P2789,P2789_T2,P2789_T2_1,1,relation_contradicted,Not Supported,Not Supported
P2789,P2789_T2,P2789_T2_2,2,condition_replaced,Not Enough Evidence,Not Enough Evidence
P2789,P2789_T2,P2789_T2_3,3,condition_removed,Not Enough Evidence,Not Enough Evidence
P2789,P2789_T2,P2789_T2_4,4,supported,Supported,Supported
P2789,P2789_T2,P2789_T2_5,5,condition_contradicted,Not Supported,Not Supported
P2789,P2789_T3,P2789_T3_1,1,relation_contradicted,Not Supported,Not Supported
P2789,P2789_T3,P2789_T3_2,2,condition_replaced,Not Enough Evidence,Not Enough Evidence
P2789,P2789_T3,P2789_T3_3,3,condition_removed,Not Enough Evidence,Not Enough Evidence
P2789,P2789_T3,P2789_T3_4,4,supported,Supported,Supported
P2789,P2789_T3,P2789_T3_5,5,condition_contradicted,Not Supported,Not Supported
P2790,P2790_T1,P2790_T1_1,1,relation_contradicted,Not Supported,Not Supported
P2790,P2790_T1,P2790_T1_2,2,condition_replaced,Not Enough Evidence,Not Enough Evidence
P2790,P2790_T1,P2790_T1_3,3,condition_removed,Not Enough Evidence,Not Enough Evidence
P2790,P2790_T1,P2790_T1_4,4,supported,Supported,Supported
P2790,P2790_T1,P2790_T1_5,5,condition_contradicted,Not Supported,Not Supported
P2790,P2790_T2,P2790_T2_1,1,relation_contradicted,Not Supported,Not Supported
P2790,P2790_T2,P2790_T2_2,2,condition_replaced,Not Enough Evidence,Not Enough Evidence
P2790,P2790_T2,P2790_T2_3,3,condition_removed,Not Enough Evidence,Not Enough Evidence
P2790,P2790_T2,P2790_T2_4,4,supported,Supported,Supported
P2790,P2790_T2,P2790_T2_5,5,condition_contradicted,Not Supported,Not Supported
P2790,P2790_T3,P2790_T3_1,1,relation_contradicted,Not Supported,Not Supported
P2790,P2790_T3,P2790_T3_2,2,condition_replaced,Not Enough Evidence,Not Enough Evidence
P2790,P2790_T3,P2790_T3_3,3,condition_removed,Not Enough Evidence,Not Enough Evidence
P2790,P2790_T3,P2790_T3_4,4,supported,Supported,Supported
P2790,P2790_T3,P2790_T3_5,5,condition_contradicted,Not Supported,Not Supported
P2793,P2793_T1,P2793_T1_1,1,relation_contradicted,Not Supported,Not Supported
P2793,P2793_T1,P2793_T1_2,2,condition_replaced,Not Enough Evidence,Not Enough Evidence
P2793,P2793_T1,P2793_T1_3,3,condition_removed,Not Enough Evidence,Not Enough Evidence
P2793,P2793_T1,P2793_T1_4,4,supported,Supported,Supported
P2793,P2793_T1,P2793_T1_5,5,condition_contradicted,Not Supported,Not Supported
P2793,P2793_T2,P2793_T2_1,1,relation_contradicted,Not Supported,Not Supported
P2793,P2793_T2,P2793_T2_2,2,condition_replaced,Not Enough Evidence,Not Enough Evidence
P2793,P2793_T2,P2793_T2_3,3,condition_removed,Not Enough Evidence,Not Enough Evidence
P2793,P2793_T2,P2793_T2_4,4,supported,Supported,Supported
P2793,P2793_T2,P2793_T2_5,5,condition_contradicted,Not Supported,Not Supported
P2793,P2793_T3,P2793_T3_1,1,relation_contradicted,Not Supported,Not Supported
P2793,P2793_T3,P2793_T3_2,2,condition_replaced,Not Enough Evidence,Not Enough Evidence
P2793,P2793_T3,P2793_T3_3,3,condition_removed,Not Enough Evidence,Not Enough Evidence
P2793,P2793_T3,P2793_T3_4,4,supported,Supported,Supported
P2793,P2793_T3,P2793_T3_5,5,condition_contradicted,Not Supported,Not Supported
P2794,P2794_T1,P2794_T1_1,1,relation_contradicted,Not Supported,Not Supported
P2794,P2794_T1,P2794_T1_2,2,condition_replaced,Not Enough Evidence,Not Enough Evidence
P2794,P2794_T1,P2794_T1_3,3,condition_removed,Not Enough Evidence,Not Enough Evidence
P2794,P2794_T1,P2794_T1_4,4,supported,Supported,Supported
P2794,P2794_T1,P2794_T1_5,5,condition_contradicted,Not Supported,Not Supported
P2794,P2794_T2,P2794_T2_1,1,relation_contradicted,Not Supported,Not Supported
P2794,P2794_T2,P2794_T2_2,2,condition_replaced,Not Enough Evidence,Not Enough Evidence
P2794,P2794_T2,P2794_T2_3,3,condition_removed,Not Enough Evidence,Not Enough Evidence
P2794,P2794_T2,P2794_T2_4,4,supported,Supported,Supported
P2794,P2794_T2,P2794_T2_5,5,condition_contradicted,Not Supported,Not Supported
P2794,P2794_T3,P2794_T3_1,1,relation_contradicted,Not Supported,Not Supported
P2794,P2794_T3,P2794_T3_2,2,condition_replaced,Not Enough Evidence,Not Enough Evidence
P2794,P2794_T3,P2794_T3_3,3,condition_removed,Not Enough Evidence,Not Enough Evidence
P2794,P2794_T3,P2794_T3_4,4,supported,Supported,Supported
P2794,P2794_T3,P2794_T3_5,5,condition_contradicted,Not Supported,Not Supported
P2798,P2798_T1,P2798_T1_1,1,relation_contradicted,Not Supported,Not Supported
P2798,P2798_T1,P2798_T1_2,2,condition_replaced,Not Enough Evidence,Not Enough Evidence
P2798,P2798_T1,P2798_T1_3,3,condition_removed,Not Enough Evidence,Not Enough Evidence
P2798,P2798_T1,P2798_T1_4,4,supported,Supported,Supported
P2798,P2798_T1,P2798_T1_5,5,condition_contradicted,Not Supported,Not Supported
P2798,P2798_T2,P2798_T2_1,1,relation_contradicted,Not Supported,Not Supported
P2798,P2798_T2,P2798_T2_2,2,condition_replaced,Not Enough Evidence,Not Enough Evidence
P2798,P2798_T2,P2798_T2_3,3,condition_removed,Not Enough Evidence,Not Enough Evidence
P2798,P2798_T2,P2798_T2_4,4,supported,Supported,Supported
P2798,P2798_T2,P2798_T2_5,5,condition_contradicted,Not Supported,Not Supported
P2798,P2798_T3,P2798_T3_1,1,relation_contradicted,Not Supported,Not Supported
P2798,P2798_T3,P2798_T3_2,2,condition_replaced,Not Enough Evidence,Not Enough Evidence
P2798,P2798_T3,P2798_T3_3,3,condition_removed,Not Enough Evidence,Not Enough Evidence
P2798,P2798_T3,P2798_T3_4,4,supported,Supported,Supported
P2798,P2798_T3,P2798_T3_5,5,condition_contradicted,Not Supported,Not Supported
P2801,P2801_T1,P2801_T1_1,1,relation_contradicted,Not Supported,Not Supported
P2801,P2801_T1,P2801_T1_2,2,condition_replaced,Not Enough Evidence,Not Enough Evidence
P2801,P2801_T1,P2801_T1_3,3,condition_removed,Not Enough Evidence,Not Enough Evidence
P2801,P2801_T1,P2801_T1_4,4,supported,Supported,Supported
P2801,P2801_T1,P2801_T1_5,5,condition_contradicted,Not Supported,Not Supported
P2801,P2801_T2,P2801_T2_1,1,relation_contradicted,Not Supported,Not Supported
P2801,P2801_T2,P2801_T2_2,2,condition_replaced,Not Enough Evidence,Not Enough Evidence
P2801,P2801_T2,P2801_T2_3,3,condition_removed,Not Enough Evidence,Not Enough Evidence
P2801,P2801_T2,P2801_T2_4,4,supported,Supported,Supported
P2801,P2801_T2,P2801_T2_5,5,condition_contradicted,Not Supported,Not Supported
P2801,P2801_T3,P2801_T3_1,1,relation_contradicted,Not Supported,Not Supported
P2801,P2801_T3,P2801_T3_2,2,condition_replaced,Not Enough Evidence,Not Enough Evidence
P2801,P2801_T3,P2801_T3_3,3,condition_removed,Not Enough Evidence,Not Enough Evidence
P2801,P2801_T3,P2801_T3_4,4,supported,Supported,Supported
P2801,P2801_T3,P2801_T3_5,5,condition_contradicted,Not Supported,Not Supported
P2805,P2805_T1,P2805_T1_1,1,relation_contradicted,Not Supported,Not Supported
P2805,P2805_T1,P2805_T1_2,2,condition_replaced,Not Enough Evidence,Not Enough Evidence
P2805,P2805_T1,P2805_T1_3,3,condition_removed,Not Enough Evidence,Not Enough Evidence
P2805,P2805_T1,P2805_T1_4,4,supported,Supported,Supported
P2805,P2805_T1,P2805_T1_5,5,condition_contradicted,Not Supported,Not Supported
P2805,P2805_T2,P2805_T2_1,1,relation_contradicted,Not Supported,Not Supported
P2805,P2805_T2,P2805_T2_2,2,condition_replaced,Not Enough Evidence,Not Enough Evidence
P2805,P2805_T2,P2805_T2_3,3,condition_removed,Not Enough Evidence,Not Enough Evidence
P2805,P2805_T2,P2805_T2_4,4,supported,Supported,Supported
P2805,P2805_T2,P2805_T2_5,5,condition_contradicted,Not Supported,Not Supported
P2805,P2805_T3,P2805_T3_1,1,relation_contradicted,Not Supported,Not Supported
P2805,P2805_T3,P2805_T3_2,2,condition_replaced,Not Enough Evidence,Not Enough Evidence
P2805,P2805_T3,P2805_T3_3,3,condition_removed,Not Enough Evidence,Not Enough Evidence
P2805,P2805_T3,P2805_T3_4,4,supported,Supported,Supported
P2805,P2805_T3,P2805_T3_5,5,condition_contradicted,Not Supported,Not Supported
P2806,P2806_T1,P2806_T1_1,1,relation_contradicted,Not Supported,Not Supported
P2806,P2806_T1,P2806_T1_2,2,condition_replaced,Not Enough Evidence,Not Enough Evidence
P2806,P2806_T1,P2806_T1_3,3,condition_removed,Not Enough Evidence,Not Enough Evidence
P2806,P2806_T1,P2806_T1_4,4,supported,Supported,Supported
P2806,P2806_T1,P2806_T1_5,5,condition_contradicted,Not Supported,Not Supported
P2806,P2806_T2,P2806_T2_1,1,relation_contradicted,Not Supported,Not Supported
P2806,P2806_T2,P2806_T2_2,2,condition_replaced,Not Enough Evidence,Not Enough Evidence
P2806,P2806_T2,P2806_T2_3,3,condition_removed,Not Enough Evidence,Not Enough Evidence
P2806,P2806_T2,P2806_T2_4,4,supported,Supported,Supported
P2806,P2806_T2,P2806_T2_5,5,condition_contradicted,Not Supported,Not Supported
P2806,P2806_T3,P2806_T3_1,1,relation_contradicted,Not Supported,Not Supported
P2806,P2806_T3,P2806_T3_2,2,condition_replaced,Not Enough Evidence,Not Enough Evidence
P2806,P2806_T3,P2806_T3_3,3,condition_removed,Not Enough Evidence,Not Enough Evidence
P2806,P2806_T3,P2806_T3_4,4,supported,Supported,Supported
P2806,P2806_T3,P2806_T3_5,5,condition_contradicted,Not Supported,Not Supported
P2807,P2807_T1,P2807_T1_1,1,relation_contradicted,Not Supported,Not Supported
P2807,P2807_T1,P2807_T1_2,2,condition_replaced,Not Enough Evidence,Not Enough Evidence
P2807,P2807_T1,P2807_T1_3,3,condition_removed,Not Enough Evidence,Not Enough Evidence
P2807,P2807_T1,P2807_T1_4,4,supported,Supported,Supported
P2807,P2807_T1,P2807_T1_5,5,condition_contradicted,Not Supported,Not Supported
P2807,P2807_T2,P2807_T2_1,1,relation_contradicted,Not Supported,Not Supported
P2807,P2807_T2,P2807_T2_2,2,condition_replaced,Not Enough Evidence,Not Enough Evidence
P2807,P2807_T2,P2807_T2_3,3,condition_removed,Not Enough Evidence,Not Enough Evidence
P2807,P2807_T2,P2807_T2_4,4,supported,Supported,Supported
P2807,P2807_T2,P2807_T2_5,5,condition_contradicted,Not Supported,Not Supported
P2807,P2807_T3,P2807_T3_1,1,relation_contradicted,Not Supported,Not Supported
P2807,P2807_T3,P2807_T3_2,2,condition_replaced,Not Enough Evidence,Not Enough Evidence
P2807,P2807_T3,P2807_T3_3,3,condition_removed,Not Enough Evidence,Not Enough Evidence
P2807,P2807_T3,P2807_T3_4,4,supported,Supported,Supported
P2807,P2807_T3,P2807_T3_5,5,condition_contradicted,Not Supported,Not Supported
P2808,P2808_T1,P2808_T1_1,1,relation_contradicted,Not Supported,Not Supported
P2808,P2808_T1,P2808_T1_2,2,condition_replaced,Not Enough Evidence,Not Enough Evidence
P2808,P2808_T1,P2808_T1_3,3,condition_removed,Not Enough Evidence,Not Enough Evidence
P2808,P2808_T1,P2808_T1_4,4,supported,Supported,Supported
P2808,P2808_T1,P2808_T1_5,5,condition_contradicted,Not Supported,Not Supported
P2808,P2808_T2,P2808_T2_1,1,relation_contradicted,Not Supported,Not Supported
P2808,P2808_T2,P2808_T2_2,2,condition_replaced,Not Enough Evidence,Not Enough Evidence
P2808,P2808_T2,P2808_T2_3,3,condition_removed,Not Enough Evidence,Not Enough Evidence
P2808,P2808_T2,P2808_T2_4,4,supported,Supported,Supported
P2808,P2808_T2,P2808_T2_5,5,condition_contradicted,Not Supported,Not Supported
P2808,P2808_T3,P2808_T3_1,1,relation_contradicted,Not Supported,Not Supported
P2808,P2808_T3,P2808_T3_2,2,condition_replaced,Not Enough Evidence,Not Enough Evidence
P2808,P2808_T3,P2808_T3_3,3,condition_removed,Not Enough Evidence,Not Enough Evidence
P2808,P2808_T3,P2808_T3_4,4,supported,Supported,Supported
P2808,P2808_T3,P2808_T3_5,5,condition_contradicted,Not Supported,Not Supported
P2809,P2809_T1,P2809_T1_1,1,relation_contradicted,Not Supported,Not Supported
P2809,P2809_T1,P2809_T1_2,2,condition_replaced,Not Enough Evidence,Not Enough Evidence
P2809,P2809_T1,P2809_T1_3,3,condition_removed,Not Enough Evidence,Not Enough Evidence
P2809,P2809_T1,P2809_T1_4,4,supported,Supported,Supported
P2809,P2809_T1,P2809_T1_5,5,condition_contradicted,Not Supported,Not Supported
P2809,P2809_T2,P2809_T2_1,1,relation_contradicted,Not Supported,Not Supported
P2809,P2809_T2,P2809_T2_2,2,condition_replaced,Not Enough Evidence,Not Enough Evidence
P2809,P2809_T2,P2809_T2_3,3,condition_removed,Not Enough Evidence,Not Enough Evidence
P2809,P2809_T2,P2809_T2_4,4,supported,Supported,Supported
P2809,P2809_T2,P2809_T2_5,5,condition_contradicted,Not Supported,Not Supported
P2809,P2809_T3,P2809_T3_1,1,relation_contradicted,Not Supported,Not Supported
P2809,P2809_T3,P2809_T3_2,2,condition_replaced,Not Enough Evidence,Not Enough Evidence
P2809,P2809_T3,P2809_T3_3,3,condition_removed,Not Enough Evidence,Not Enough Evidence
P2809,P2809_T3,P2809_T3_4,4,supported,Supported,Supported
P2809,P2809_T3,P2809_T3_5,5,condition_contradicted,Not Supported,Not Supported
P2816,P2816_T1,P2816_T1_1,1,relation_contradicted,Not Supported,Not Supported
P2816,P2816_T1,P2816_T1_2,2,condition_replaced,Not Enough Evidence,Not Enough Evidence
P2816,P2816_T1,P2816_T1_3,3,condition_removed,Not Enough Evidence,Not Enough Evidence
P2816,P2816_T1,P2816_T1_4,4,supported,Supported,Supported
P2816,P2816_T1,P2816_T1_5,5,condition_contradicted,Not Supported,Not Supported
P2816,P2816_T2,P2816_T2_1,1,relation_contradicted,Not Supported,Not Supported
P2816,P2816_T2,P2816_T2_2,2,condition_replaced,Not Enough Evidence,Not Enough Evidence
P2816,P2816_T2,P2816_T2_3,3,condition_removed,Not Enough Evidence,Not Enough Evidence
P2816,P2816_T2,P2816_T2_4,4,supported,Supported,Supported
P2816,P2816_T2,P2816_T2_5,5,condition_contradicted,Not Supported,Not Supported
P2816,P2816_T3,P2816_T3_1,1,relation_contradicted,Not Supported,Not Supported
P2816,P2816_T3,P2816_T3_2,2,condition_replaced,Not Enough Evidence,Not Enough Evidence
P2816,P2816_T3,P2816_T3_3,3,condition_removed,Not Enough Evidence,Not Enough Evidence
P2816,P2816_T3,P2816_T3_4,4,supported,Supported,Supported
P2816,P2816_T3,P2816_T3_5,5,condition_contradicted,Not Supported,Not Supported
P2821,P2821_T1,P2821_T1_1,1,relation_contradicted,Not Supported,Not Supported
P2821,P2821_T1,P2821_T1_2,2,condition_replaced,Not Enough Evidence,Not Enough Evidence
P2821,P2821_T1,P2821_T1_3,3,condition_removed,Not Enough Evidence,Not Enough Evidence
P2821,P2821_T1,P2821_T1_4,4,supported,Supported,Supported
P2821,P2821_T1,P2821_T1_5,5,condition_contradicted,Not Supported,Not Supported
P2821,P2821_T2,P2821_T2_1,1,relation_contradicted,Not Supported,Not Supported
P2821,P2821_T2,P2821_T2_2,2,condition_replaced,Not Enough Evidence,Not Enough Evidence
P2821,P2821_T2,P2821_T2_3,3,condition_removed,Not Enough Evidence,Not Enough Evidence
P2821,P2821_T2,P2821_T2_4,4,supported,Supported,Supported
P2821,P2821_T2,P2821_T2_5,5,condition_contradicted,Not Supported,Not Supported
P2821,P2821_T3,P2821_T3_1,1,relation_contradicted,Not Supported,Not Supported
P2821,P2821_T3,P2821_T3_2,2,condition_replaced,Not Enough Evidence,Not Enough Evidence
P2821,P2821_T3,P2821_T3_3,3,condition_removed,Not Enough Evidence,Not Enough Evidence
P2821,P2821_T3,P2821_T3_4,4,supported,Supported,Supported
P2821,P2821_T3,P2821_T3_5,5,condition_contradicted,Not Supported,Not Supported
P2821,P2821_T4,P2821_T4_1,1,relation_contradicted,Not Supported,Supported
P2821,P2821_T4,P2821_T4_2,2,condition_replaced,Not Enough Evidence,Not Enough Evidence
P2821,P2821_T4,P2821_T4_3,3,condition_removed,Not Enough Evidence,Not Enough Evidence
P2821,P2821_T4,P2821_T4_4,4,supported,Supported,Supported
P2821,P2821_T4,P2821_T4_5,5,condition_contradicted,Not Supported,Not Supported
P2822,P2822_T1,P2822_T1_1,1,relation_contradicted,Not Supported,Not Supported
P2822,P2822_T1,P2822_T1_2,2,condition_replaced,Not Enough Evidence,Not Enough Evidence
P2822,P2822_T1,P2822_T1_3,3,condition_removed,Not Enough Evidence,Not Enough Evidence
P2822,P2822_T1,P2822_T1_4,4,supported,Supported,Supported
P2822,P2822_T1,P2822_T1_5,5,condition_contradicted,Not Supported,Not Supported
P2822,P2822_T2,P2822_T2_1,1,relation_contradicted,Not Supported,Not Supported
P2822,P2822_T2,P2822_T2_2,2,condition_replaced,Not Enough Evidence,Not Enough Evidence
P2822,P2822_T2,P2822_T2_3,3,condition_removed,Not Enough Evidence,Not Enough Evidence
P2822,P2822_T2,P2822_T2_4,4,supported,Supported,Supported
P2822,P2822_T2,P2822_T2_5,5,condition_contradicted,Not Supported,Not Supported
P2822,P2822_T3,P2822_T3_1,1,relation_contradicted,Not Supported,Not Supported
P2822,P2822_T3,P2822_T3_2,2,condition_replaced,Not Enough Evidence,Not Enough Evidence
P2822,P2822_T3,P2822_T3_3,3,condition_removed,Not Enough Evidence,Not Enough Evidence
P2822,P2822_T3,P2822_T3_4,4,supported,Supported,Supported
P2822,P2822_T3,P2822_T3_5,5,condition_contradicted,Not Supported,Not Supported
P2822,P2822_T4,P2822_T4_1,1,relation_contradicted,Not Supported,Not Supported
P2822,P2822_T4,P2822_T4_2,2,condition_replaced,Not Enough Evidence,Not Enough Evidence
P2822,P2822_T4,P2822_T4_3,3,condition_removed,Not Enough Evidence,Not Enough Evidence
P2822,P2822_T4,P2822_T4_4,4,supported,Supported,Supported
P2822,P2822_T4,P2822_T4_5,5,condition_contradicted,Not Supported,Not Supported
P2823,P2823_T1,P2823_T1_1,1,relation_contradicted,Not Supported,Not Supported
P2823,P2823_T1,P2823_T1_2,2,condition_replaced,Not Enough Evidence,Not Enough Evidence
P2823,P2823_T1,P2823_T1_3,3,condition_removed,Not Enough Evidence,Not Supported
P2823,P2823_T1,P2823_T1_4,4,supported,Supported,Supported
P2823,P2823_T1,P2823_T1_5,5,condition_contradicted,Not Supported,Not Supported
P2824,P2824_T1,P2824_T1_1,1,relation_contradicted,Not Supported,Not Supported
P2824,P2824_T1,P2824_T1_2,2,condition_replaced,Not Enough Evidence,Not Enough Evidence
P2824,P2824_T1,P2824_T1_3,3,condition_removed,Not Enough Evidence,Not Enough Evidence
P2824,P2824_T1,P2824_T1_4,4,supported,Supported,Supported
P2824,P2824_T1,P2824_T1_5,5,condition_contradicted,Not Supported,Not Supported
P2824,P2824_T2,P2824_T2_1,1,relation_contradicted,Not Supported,Not Supported
P2824,P2824_T2,P2824_T2_2,2,condition_replaced,Not Enough Evidence,Not Enough Evidence
P2824,P2824_T2,P2824_T2_3,3,condition_removed,Not Enough Evidence,Not Enough Evidence
P2824,P2824_T2,P2824_T2_4,4,supported,Supported,Supported
P2824,P2824_T2,P2824_T2_5,5,condition_contradicted,Not Supported,Not Supported
P2824,P2824_T3,P2824_T3_1,1,relation_contradicted,Not Supported,Not Supported
P2824,P2824_T3,P2824_T3_2,2,condition_replaced,Not Enough Evidence,Not Enough Evidence
P2824,P2824_T3,P2824_T3_3,3,condition_removed,Not Enough Evidence,Not Enough Evidence
P2824,P2824_T3,P2824_T3_4,4,supported,Supported,Supported
P2824,P2824_T3,P2824_T3_5,5,condition_contradicted,Not Supported,Not Supported
P2824,P2824_T4,P2824_T4_1,1,relation_contradicted,Not Supported,Not Supported
P2824,P2824_T4,P2824_T4_2,2,condition_replaced,Not Enough Evidence,Not Enough Evidence
P2824,P2824_T4,P2824_T4_3,3,condition_removed,Not Enough Evidence,Not Enough Evidence
P2824,P2824_T4,P2824_T4_4,4,supported,Supported,Supported
P2824,P2824_T4,P2824_T4_5,5,condition_contradicted,Not Supported,Not Supported
P2826,P2826_T1,P2826_T1_1,1,relation_contradicted,Not Supported,Not Supported
P2826,P2826_T1,P2826_T1_2,2,condition_replaced,Not Enough Evidence,Not Enough Evidence
P2826,P2826_T1,P2826_T1_3,3,condition_removed,Not Enough Evidence,Not Enough Evidence
P2826,P2826_T1,P2826_T1_4,4,supported,Supported,Supported
P2826,P2826_T1,P2826_T1_5,5,condition_contradicted,Not Supported,Not Supported
P2826,P2826_T2,P2826_T2_1,1,relation_contradicted,Not Supported,Not Supported
P2826,P2826_T2,P2826_T2_2,2,condition_replaced,Not Enough Evidence,Not Enough Evidence
P2826,P2826_T2,P2826_T2_3,3,condition_removed,Not Enough Evidence,Not Enough Evidence
P2826,P2826_T2,P2826_T2_4,4,supported,Supported,Supported
P2826,P2826_T2,P2826_T2_5,5,condition_contradicted,Not Supported,Not Supported
P2826,P2826_T3,P2826_T3_1,1,relation_contradicted,Not Supported,Not Supported
P2826,P2826_T3,P2826_T3_2,2,condition_replaced,Not Enough Evidence,Not Enough Evidence
P2826,P2826_T3,P2826_T3_3,3,condition_removed,Not Enough Evidence,Not Enough Evidence
P2826,P2826_T3,P2826_T3_4,4,supported,Supported,Supported
P2826,P2826_T3,P2826_T3_5,5,condition_contradicted,Not Supported,Not Supported
P2828,P2828_T1,P2828_T1_1,1,relation_contradicted,Not Supported,Not Supported
P2828,P2828_T1,P2828_T1_2,2,condition_replaced,Not Enough Evidence,Not Enough Evidence
P2828,P2828_T1,P2828_T1_3,3,condition_removed,Not Enough Evidence,Not Enough Evidence
P2828,P2828_T1,P2828_T1_4,4,supported,Supported,Supported
P2828,P2828_T1,P2828_T1_5,5,condition_contradicted,Not Supported,Not Supported
P2828,P2828_T2,P2828_T2_1,1,relation_contradicted,Not Supported,Not Supported
P2828,P2828_T2,P2828_T2_2,2,condition_replaced,Not Enough Evidence,Not Enough Evidence
P2828,P2828_T2,P2828_T2_3,3,condition_removed,Not Enough Evidence,Not Enough Evidence
P2828,P2828_T2,P2828_T2_4,4,supported,Supported,Supported
P2828,P2828_T2,P2828_T2_5,5,condition_contradicted,Not Supported,Not Supported
P2828,P2828_T3,P2828_T3_1,1,relation_contradicted,Not Supported,Not Supported
P2828,P2828_T3,P2828_T3_2,2,condition_replaced,Not Enough Evidence,Not Enough Evidence
P2828,P2828_T3,P2828_T3_3,3,condition_removed,Not Enough Evidence,Not Enough Evidence
P2828,P2828_T3,P2828_T3_4,4,supported,Supported,Supported
P2828,P2828_T3,P2828_T3_5,5,condition_contradicted,Not Supported,Not Supported
P2835,P2835_T1,P2835_T1_1,1,relation_contradicted,Not Supported,Not Supported
P2835,P2835_T1,P2835_T1_2,2,condition_replaced,Not Enough Evidence,Not Enough Evidence
P2835,P2835_T1,P2835_T1_3,3,condition_removed,Not Enough Evidence,Not Enough Evidence
P2835,P2835_T1,P2835_T1_4,4,supported,Supported,Supported
P2835,P2835_T1,P2835_T1_5,5,condition_contradicted,Not Supported,Not Supported
P2835,P2835_T2,P2835_T2_1,1,relation_contradicted,Not Supported,Not Supported
P2835,P2835_T2,P2835_T2_2,2,condition_replaced,Not Enough Evidence,Not Enough Evidence
P2835,P2835_T2,P2835_T2_3,3,condition_removed,Not Enough Evidence,Not Enough Evidence
P2835,P2835_T2,P2835_T2_4,4,supported,Supported,Supported
P2835,P2835_T2,P2835_T2_5,5,condition_contradicted,Not Supported,Not Supported
P2835,P2835_T3,P2835_T3_1,1,relation_contradicted,Not Supported,Not Supported
P2835,P2835_T3,P2835_T3_2,2,condition_replaced,Not Enough Evidence,Not Enough Evidence
P2835,P2835_T3,P2835_T3_3,3,condition_removed,Not Enough Evidence,Not Enough Evidence
P2835,P2835_T3,P2835_T3_4,4,supported,Supported,Supported
P2835,P2835_T3,P2835_T3_5,5,condition_contradicted,Not Supported,Not Supported
P2838,P2838_T1,P2838_T1_1,1,relation_contradicted,Not Supported,Not Supported
P2838,P2838_T1,P2838_T1_2,2,condition_replaced,Not Enough Evidence,Not Enough Evidence
P2838,P2838_T1,P2838_T1_3,3,condition_removed,Not Enough Evidence,Not Enough Evidence
P2838,P2838_T1,P2838_T1_4,4,supported,Supported,Supported
P2838,P2838_T1,P2838_T1_5,5,condition_contradicted,Not Supported,Not Supported
P2838,P2838_T2,P2838_T2_1,1,relation_contradicted,Not Supported,Not Supported
P2838,P2838_T2,P2838_T2_2,2,condition_replaced,Not Enough Evidence,Not Enough Evidence
P2838,P2838_T2,P2838_T2_3,3,condition_removed,Not Enough Evidence,Not Enough Evidence
P2838,P2838_T2,P2838_T2_4,4,supported,Supported,Supported
P2838,P2838_T2,P2838_T2_5,5,condition_contradicted,Not Supported,Not Supported
P2838,P2838_T3,P2838_T3_1,1,relation_contradicted,Not Supported,Not Supported
P2838,P2838_T3,P2838_T3_2,2,condition_replaced,Not Enough Evidence,Not Enough Evidence
P2838,P2838_T3,P2838_T3_3,3,condition_removed,Not Enough Evidence,Not Enough Evidence
P2838,P2838_T3,P2838_T3_4,4,supported,Supported,Supported
P2838,P2838_T3,P2838_T3_5,5,condition_contradicted,Not Supported,Not Supported
P2844,P2844_T1,P2844_T1_1,1,relation_contradicted,Not Supported,Not Supported
P2844,P2844_T1,P2844_T1_2,2,condition_replaced,Not Enough Evidence,Not Enough Evidence
P2844,P2844_T1,P2844_T1_3,3,condition_removed,Not Enough Evidence,Not Enough Evidence
P2844,P2844_T1,P2844_T1_4,4,supported,Supported,Supported
P2844,P2844_T1,P2844_T1_5,5,condition_contradicted,Not Supported,Not Supported
P2844,P2844_T2,P2844_T2_1,1,relation_contradicted,Not Supported,Not Supported
P2844,P2844_T2,P2844_T2_2,2,condition_replaced,Not Enough Evidence,Not Enough Evidence
P2844,P2844_T2,P2844_T2_3,3,condition_removed,Not Enough Evidence,Not Enough Evidence
P2844,P2844_T2,P2844_T2_4,4,supported,Supported,Supported
P2844,P2844_T2,P2844_T2_5,5,condition_contradicted,Not Supported,Not Supported
P2844,P2844_T3,P2844_T3_1,1,relation_contradicted,Not Supported,Not Supported
P2844,P2844_T3,P2844_T3_2,2,condition_replaced,Not Enough Evidence,Not Enough Evidence
P2844,P2844_T3,P2844_T3_3,3,condition_removed,Not Enough Evidence,Not Enough Evidence
P2844,P2844_T3,P2844_T3_4,4,supported,Supported,Supported
P2844,P2844_T3,P2844_T3_5,5,condition_contradicted,Not Supported,Not Supported
P2847,P2847_T1,P2847_T1_1,1,relation_contradicted,Not Supported,Not Supported
P2847,P2847_T1,P2847_T1_2,2,condition_replaced,Not Enough Evidence,Not Enough Evidence
P2847,P2847_T1,P2847_T1_3,3,condition_removed,Not Enough Evidence,Not Enough Evidence
P2847,P2847_T1,P2847_T1_4,4,supported,Supported,Supported
P2847,P2847_T1,P2847_T1_5,5,condition_contradicted,Not Supported,Not Supported
P2847,P2847_T2,P2847_T2_1,1,relation_contradicted,Not Supported,Not Supported
P2847,P2847_T2,P2847_T2_2,2,condition_replaced,Not Enough Evidence,Not Enough Evidence
P2847,P2847_T2,P2847_T2_3,3,condition_removed,Not Enough Evidence,Not Enough Evidence
P2847,P2847_T2,P2847_T2_4,4,supported,Supported,Supported
P2847,P2847_T2,P2847_T2_5,5,condition_contradicted,Not Supported,Not Supported
P2847,P2847_T3,P2847_T3_1,1,relation_contradicted,Not Supported,Supported
P2847,P2847_T3,P2847_T3_2,2,condition_replaced,Not Enough Evidence,Not Enough Evidence
P2847,P2847_T3,P2847_T3_3,3,condition_removed,Not Enough Evidence,Not Enough Evidence
P2847,P2847_T3,P2847_T3_4,4,supported,Supported,Supported
P2847,P2847_T3,P2847_T3_5,5,condition_contradicted,Not Supported,Not Supported
P2847,P2847_T4,P2847_T4_1,1,relation_contradicted,Not Supported,Not Supported
P2847,P2847_T4,P2847_T4_2,2,condition_replaced,Not Enough Evidence,Not Enough Evidence
P2847,P2847_T4,P2847_T4_3,3,condition_removed,Not Enough Evidence,Not Enough Evidence
P2847,P2847_T4,P2847_T4_4,4,supported,Supported,Supported
P2847,P2847_T4,P2847_T4_5,5,condition_contradicted,Not Supported,Not Supported
P2851,P2851_T1,P2851_T1_1,1,relation_contradicted,Not Supported,Not Supported
P2851,P2851_T1,P2851_T1_2,2,condition_replaced,Not Enough Evidence,Not Enough Evidence
P2851,P2851_T1,P2851_T1_3,3,condition_removed,Not Enough Evidence,Not Enough Evidence
P2851,P2851_T1,P2851_T1_4,4,supported,Supported,Supported
P2851,P2851_T1,P2851_T1_5,5,condition_contradicted,Not Supported,Not Supported
P2851,P2851_T2,P2851_T2_1,1,relation_contradicted,Not Supported,Not Supported
P2851,P2851_T2,P2851_T2_2,2,condition_replaced,Not Enough Evidence,Not Enough Evidence
P2851,P2851_T2,P2851_T2_3,3,condition_removed,Not Enough Evidence,Not Enough Evidence
P2851,P2851_T2,P2851_T2_4,4,supported,Supported,Supported
P2851,P2851_T2,P2851_T2_5,5,condition_contradicted,Not Supported,Not Supported
P2851,P2851_T3,P2851_T3_1,1,relation_contradicted,Not Supported,Not Supported
P2851,P2851_T3,P2851_T3_2,2,condition_replaced,Not Enough Evidence,Not Enough Evidence
P2851,P2851_T3,P2851_T3_3,3,condition_removed,Not Enough Evidence,Not Enough Evidence
P2851,P2851_T3,P2851_T3_4,4,supported,Supported,Supported
P2851,P2851_T3,P2851_T3_5,5,condition_contradicted,Not Supported,Not Supported
P2851,P2851_T4,P2851_T4_1,1,relation_contradicted,Not Supported,Not Supported
P2851,P2851_T4,P2851_T4_2,2,condition_replaced,Not Enough Evidence,Not Enough Evidence
P2851,P2851_T4,P2851_T4_3,3,condition_removed,Not Enough Evidence,Not Enough Evidence
P2851,P2851_T4,P2851_T4_4,4,supported,Supported,Supported
P2851,P2851_T4,P2851_T4_5,5,condition_contradicted,Not Supported,Not Supported
P2851,P2851_T5,P2851_T5_1,1,relation_contradicted,Not Supported,Not Supported
P2851,P2851_T5,P2851_T5_2,2,condition_replaced,Not Enough Evidence,Not Enough Evidence
P2851,P2851_T5,P2851_T5_3,3,condition_removed,Not Enough Evidence,Not Enough Evidence
P2851,P2851_T5,P2851_T5_4,4,supported,Supported,Supported
P2851,P2851_T5,P2851_T5_5,5,condition_contradicted,Not Supported,Not Supported
P2853,P2853_T1,P2853_T1_1,1,relation_contradicted,Not Supported,Not Supported
P2853,P2853_T1,P2853_T1_2,2,condition_replaced,Not Enough Evidence,Not Enough Evidence
P2853,P2853_T1,P2853_T1_3,3,condition_removed,Not Enough Evidence,Not Enough Evidence
P2853,P2853_T1,P2853_T1_4,4,supported,Supported,Supported
P2853,P2853_T1,P2853_T1_5,5,condition_contradicted,Not Supported,Not Supported
P2853,P2853_T2,P2853_T2_1,1,relation_contradicted,Not Supported,Not Supported
P2853,P2853_T2,P2853_T2_2,2,condition_replaced,Not Enough Evidence,Not Enough Evidence
P2853,P2853_T2,P2853_T2_3,3,condition_removed,Not Enough Evidence,Not Enough Evidence
P2853,P2853_T2,P2853_T2_4,4,supported,Supported,Supported
P2853,P2853_T2,P2853_T2_5,5,condition_contradicted,Not Supported,Not Supported
P2853,P2853_T3,P2853_T3_1,1,relation_contradicted,Not Supported,Not Supported
P2853,P2853_T3,P2853_T3_2,2,condition_replaced,Not Enough Evidence,Not Enough Evidence
P2853,P2853_T3,P2853_T3_3,3,condition_removed,Not Enough Evidence,Not Enough Evidence
P2853,P2853_T3,P2853_T3_4,4,supported,Supported,Supported
P2853,P2853_T3,P2853_T3_5,5,condition_contradicted,Not Supported,Not Supported
P2853,P2853_T4,P2853_T4_1,1,relation_contradicted,Not Supported,Not Supported
P2853,P2853_T4,P2853_T4_2,2,condition_replaced,Not Enough Evidence,Not Enough Evidence
P2853,P2853_T4,P2853_T4_3,3,condition_removed,Not Enough Evidence,Not Enough Evidence
P2853,P2853_T4,P2853_T4_4,4,supported,Supported,Supported
P2853,P2853_T4,P2853_T4_5,5,condition_contradicted,Not Supported,Not Supported
P2853,P2853_T5,P2853_T5_1,1,relation_contradicted,Not Supported,Not Supported
P2853,P2853_T5,P2853_T5_2,2,condition_replaced,Not Enough Evidence,Not Enough Evidence
P2853,P2853_T5,P2853_T5_3,3,condition_removed,Not Enough Evidence,Not Enough Evidence
P2853,P2853_T5,P2853_T5_4,4,supported,Supported,Supported
P2853,P2853_T5,P2853_T5_5,5,condition_contradicted,Not Supported,Not Supported
P2857,P2857_T1,P2857_T1_1,1,relation_contradicted,Not Supported,Not Supported
P2857,P2857_T1,P2857_T1_2,2,condition_replaced,Not Enough Evidence,Not Enough Evidence
P2857,P2857_T1,P2857_T1_3,3,condition_removed,Not Enough Evidence,Not Enough Evidence
P2857,P2857_T1,P2857_T1_4,4,supported,Supported,Supported
P2857,P2857_T1,P2857_T1_5,5,condition_contradicted,Not Supported,Not Supported
P2857,P2857_T2,P2857_T2_1,1,relation_contradicted,Not Supported,Not Supported
P2857,P2857_T2,P2857_T2_2,2,condition_replaced,Not Enough Evidence,Not Enough Evidence
P2857,P2857_T2,P2857_T2_3,3,condition_removed,Not Enough Evidence,Not Enough Evidence
P2857,P2857_T2,P2857_T2_4,4,supported,Supported,Supported
P2857,P2857_T2,P2857_T2_5,5,condition_contradicted,Not Supported,Not Supported
P2857,P2857_T3,P2857_T3_1,1,relation_contradicted,Not Supported,Not Supported
P2857,P2857_T3,P2857_T3_2,2,condition_replaced,Not Enough Evidence,Not Enough Evidence
P2857,P2857_T3,P2857_T3_3,3,condition_removed,Not Enough Evidence,Not Enough Evidence
P2857,P2857_T3,P2857_T3_4,4,supported,Supported,Supported
P2857,P2857_T3,P2857_T3_5,5,condition_contradicted,Not Supported,Not Supported
P2857,P2857_T4,P2857_T4_1,1,relation_contradicted,Not Supported,Not Supported
P2857,P2857_T4,P2857_T4_2,2,condition_replaced,Not Enough Evidence,Not Enough Evidence
P2857,P2857_T4,P2857_T4_3,3,condition_removed,Not Enough Evidence,Not Enough Evidence
P2857,P2857_T4,P2857_T4_4,4,supported,Supported,Supported
P2857,P2857_T4,P2857_T4_5,5,condition_contradicted,Not Supported,Not Supported
P2857,P2857_T5,P2857_T5_1,1,relation_contradicted,Not Supported,Not Supported
P2857,P2857_T5,P2857_T5_2,2,condition_replaced,Not Enough Evidence,Not Enough Evidence
P2857,P2857_T5,P2857_T5_3,3,condition_removed,Not Enough Evidence,Not Enough Evidence
P2857,P2857_T5,P2857_T5_4,4,supported,Supported,Supported
P2857,P2857_T5,P2857_T5_5,5,condition_contradicted,Not Supported,Not Supported
P2866,P2866_T1,P2866_T1_1,1,relation_contradicted,Not Supported,Not Supported
P2866,P2866_T1,P2866_T1_2,2,condition_replaced,Not Enough Evidence,Not Enough Evidence
P2866,P2866_T1,P2866_T1_3,3,condition_removed,Not Enough Evidence,Not Enough Evidence
P2866,P2866_T1,P2866_T1_4,4,supported,Supported,Supported
P2866,P2866_T1,P2866_T1_5,5,condition_contradicted,Not Supported,Not Supported
P2866,P2866_T2,P2866_T2_1,1,relation_contradicted,Not Supported,Not Supported
P2866,P2866_T2,P2866_T2_2,2,condition_replaced,Not Enough Evidence,Not Enough Evidence
P2866,P2866_T2,P2866_T2_3,3,condition_removed,Not Enough Evidence,Not Enough Evidence
P2866,P2866_T2,P2866_T2_4,4,supported,Supported,Supported
P2866,P2866_T2,P2866_T2_5,5,condition_contradicted,Not Supported,Not Supported
P2866,P2866_T3,P2866_T3_1,1,relation_contradicted,Not Supported,Not Supported
P2866,P2866_T3,P2866_T3_2,2,condition_replaced,Not Enough Evidence,Not Enough Evidence
P2866,P2866_T3,P2866_T3_3,3,condition_removed,Not Enough Evidence,Not Enough Evidence
P2866,P2866_T3,P2866_T3_4,4,supported,Supported,Supported
P2866,P2866_T3,P2866_T3_5,5,condition_contradicted,Not Supported,Not Supported
P2866,P2866_T4,P2866_T4_1,1,relation_contradicted,Not Supported,Not Supported
P2866,P2866_T4,P2866_T4_2,2,condition_replaced,Not Enough Evidence,Not Enough Evidence
P2866,P2866_T4,P2866_T4_3,3,condition_removed,Not Enough Evidence,Not Enough Evidence
P2866,P2866_T4,P2866_T4_4,4,supported,Supported,Supported
P2866,P2866_T4,P2866_T4_5,5,condition_contradicted,Not Supported,Not Supported
P2866,P2866_T5,P2866_T5_1,1,relation_contradicted,Not Supported,Not Supported
P2866,P2866_T5,P2866_T5_2,2,condition_replaced,Not Enough Evidence,Not Enough Evidence
P2866,P2866_T5,P2866_T5_3,3,condition_removed,Not Enough Evidence,Not Enough Evidence
P2866,P2866_T5,P2866_T5_4,4,supported,Supported,Supported
P2866,P2866_T5,P2866_T5_5,5,condition_contradicted,Not Supported,Not Supported
P2874,P2874_T1,P2874_T1_1,1,relation_contradicted,Not Supported,Not Supported
P2874,P2874_T1,P2874_T1_2,2,condition_replaced,Not Enough Evidence,Not Enough Evidence
P2874,P2874_T1,P2874_T1_3,3,condition_removed,Not Enough Evidence,Not Enough Evidence
P2874,P2874_T1,P2874_T1_4,4,supported,Supported,Supported
P2874,P2874_T1,P2874_T1_5,5,condition_contradicted,Not Supported,Not Supported
P2874,P2874_T2,P2874_T2_1,1,relation_contradicted,Not Supported,Not Supported
P2874,P2874_T2,P2874_T2_2,2,condition_replaced,Not Enough Evidence,Not Enough Evidence
P2874,P2874_T2,P2874_T2_3,3,condition_removed,Not Enough Evidence,Not Enough Evidence
P2874,P2874_T2,P2874_T2_4,4,supported,Supported,Supported
P2874,P2874_T2,P2874_T2_5,5,condition_contradicted,Not Supported,Not Supported
P2874,P2874_T3,P2874_T3_1,1,relation_contradicted,Not Supported,Not Supported
P2874,P2874_T3,P2874_T3_2,2,condition_replaced,Not Enough Evidence,Not Enough Evidence
P2874,P2874_T3,P2874_T3_3,3,condition_removed,Not Enough Evidence,Not Enough Evidence
P2874,P2874_T3,P2874_T3_4,4,supported,Supported,Supported
P2874,P2874_T3,P2874_T3_5,5,condition_contradicted,Not Supported,Not Supported
P2874,P2874_T4,P2874_T4_1,1,relation_contradicted,Not Supported,Not Supported
P2874,P2874_T4,P2874_T4_2,2,condition_replaced,Not Enough Evidence,Not Enough Evidence
P2874,P2874_T4,P2874_T4_3,3,condition_removed,Not Enough Evidence,Not Enough Evidence
P2874,P2874_T4,P2874_T4_4,4,supported,Supported,Supported
P2874,P2874_T4,P2874_T4_5,5,condition_contradicted,Not Supported,Not Supported
P2874,P2874_T5,P2874_T5_1,1,relation_contradicted,Not Supported,Not Supported
P2874,P2874_T5,P2874_T5_2,2,condition_replaced,Not Enough Evidence,Not Enough Evidence
P2874,P2874_T5,P2874_T5_3,3,condition_removed,Not Enough Evidence,Not Enough Evidence
P2874,P2874_T5,P2874_T5_4,4,supported,Supported,Supported
P2874,P2874_T5,P2874_T5_5,5,condition_contradicted,Not Supported,Not Supported
P2880,P2880_T1,P2880_T1_1,1,relation_contradicted,Not Supported,Not Supported
P2880,P2880_T1,P2880_T1_2,2,condition_replaced,Not Enough Evidence,Not Enough Evidence
P2880,P2880_T1,P2880_T1_3,3,condition_removed,Not Enough Evidence,Not Enough Evidence
P2880,P2880_T1,P2880_T1_4,4,supported,Supported,Supported
P2880,P2880_T1,P2880_T1_5,5,condition_contradicted,Not Supported,Not Supported
P2882,P2882_T1,P2882_T1_1,1,relation_contradicted,Not Supported,Not Supported
P2882,P2882_T1,P2882_T1_2,2,condition_replaced,Not Enough Evidence,Not Enough Evidence
P2882,P2882_T1,P2882_T1_3,3,condition_removed,Not Enough Evidence,Not Enough Evidence
P2882,P2882_T1,P2882_T1_4,4,supported,Supported,Supported
P2882,P2882_T1,P2882_T1_5,5,condition_contradicted,Not Supported,Not Supported
P2887,P2887_T1,P2887_T1_1,1,relation_contradicted,Not Supported,Not Supported
P2887,P2887_T1,P2887_T1_2,2,condition_replaced,Not Enough Evidence,Not Enough Evidence
P2887,P2887_T1,P2887_T1_3,3,condition_removed,Not Enough Evidence,Not Enough Evidence
P2887,P2887_T1,P2887_T1_4,4,supported,Supported,Supported
P2887,P2887_T1,P2887_T1_5,5,condition_contradicted,Not Supported,Not Supported
P2888,P2888_T1,P2888_T1_1,1,relation_contradicted,Not Supported,Not Supported
P2888,P2888_T1,P2888_T1_2,2,condition_replaced,Not Enough Evidence,Not Enough Evidence
P2888,P2888_T1,P2888_T1_3,3,condition_removed,Not Enough Evidence,Not Enough Evidence
P2888,P2888_T1,P2888_T1_4,4,supported,Supported,Supported
P2888,P2888_T1,P2888_T1_5,5,condition_contradicted,Not Supported,Not Supported
P2890,P2890_T1,P2890_T1_1,1,relation_contradicted,Not Supported,Not Supported
P2890,P2890_T1,P2890_T1_2,2,condition_replaced,Not Enough Evidence,Not Enough Evidence
P2890,P2890_T1,P2890_T1_3,3,condition_removed,Not Enough Evidence,Not Enough Evidence
P2890,P2890_T1,P2890_T1_4,4,supported,Supported,Supported
P2890,P2890_T1,P2890_T1_5,5,condition_contradicted,Not Supported,Not Supported
P2892,P2892_T1,P2892_T1_1,1,relation_contradicted,Not Supported,Not Supported
P2892,P2892_T1,P2892_T1_2,2,condition_replaced,Not Enough Evidence,Not Enough Evidence
P2892,P2892_T1,P2892_T1_3,3,condition_removed,Not Enough Evidence,Not Enough Evidence
P2892,P2892_T1,P2892_T1_4,4,supported,Supported,Supported
P2892,P2892_T1,P2892_T1_5,5,condition_contradicted,Not Supported,Not Supported
P2904,P2904_T1,P2904_T1_1,1,relation_contradicted,Not Supported,Not Supported
P2904,P2904_T1,P2904_T1_2,2,condition_replaced,Not Enough Evidence,Not Enough Evidence
P2904,P2904_T1,P2904_T1_3,3,condition_removed,Not Enough Evidence,Not Enough Evidence
P2904,P2904_T1,P2904_T1_4,4,supported,Supported,Supported
P2904,P2904_T1,P2904_T1_5,5,condition_contradicted,Not Supported,Not Supported
P2906,P2906_T1,P2906_T1_1,1,relation_contradicted,Not Supported,Not Supported
P2906,P2906_T1,P2906_T1_2,2,condition_replaced,Not Enough Evidence,Not Enough Evidence
P2906,P2906_T1,P2906_T1_3,3,condition_removed,Not Enough Evidence,Not Enough Evidence
P2906,P2906_T1,P2906_T1_4,4,supported,Supported,Supported
P2906,P2906_T1,P2906_T1_5,5,condition_contradicted,Not Supported,Not Supported
P2909,P2909_T1,P2909_T1_1,1,relation_contradicted,Not Supported,Not Supported
P2909,P2909_T1,P2909_T1_2,2,condition_replaced,Not Enough Evidence,Not Enough Evidence
P2909,P2909_T1,P2909_T1_3,3,condition_removed,Not Enough Evidence,Not Enough Evidence
P2909,P2909_T1,P2909_T1_4,4,supported,Supported,Supported
P2909,P2909_T1,P2909_T1_5,5,condition_contradicted,Not Supported,Not Supported
P2910,P2910_T1,P2910_T1_1,1,relation_contradicted,Not Supported,Not Supported
P2910,P2910_T1,P2910_T1_2,2,condition_replaced,Not Enough Evidence,Not Enough Evidence
P2910,P2910_T1,P2910_T1_3,3,condition_removed,Not Enough Evidence,Not Enough Evidence
P2910,P2910_T1,P2910_T1_4,4,supported,Supported,Supported
P2910,P2910_T1,P2910_T1_5,5,condition_contradicted,Not Supported,Not Supported
P2915,P2915_T1,P2915_T1_1,1,relation_contradicted,Not Supported,Not Supported
P2915,P2915_T1,P2915_T1_2,2,condition_replaced,Not Enough Evidence,Not Enough Evidence
P2915,P2915_T1,P2915_T1_3,3,condition_removed,Not Enough Evidence,Not Enough Evidence
P2915,P2915_T1,P2915_T1_4,4,supported,Supported,Supported
P2915,P2915_T1,P2915_T1_5,5,condition_contradicted,Not Supported,Not Supported
P2917,P2917_T1,P2917_T1_1,1,relation_contradicted,Not Supported,Not Supported
P2917,P2917_T1,P2917_T1_2,2,condition_replaced,Not Enough Evidence,Not Enough Evidence
P2917,P2917_T1,P2917_T1_3,3,condition_removed,Not Enough Evidence,Not Enough Evidence
P2917,P2917_T1,P2917_T1_4,4,supported,Supported,Supported
P2917,P2917_T1,P2917_T1_5,5,condition_contradicted,Not Supported,Not Supported
P2928,P2928_T1,P2928_T1_1,1,relation_contradicted,Not Supported,Not Supported
P2928,P2928_T1,P2928_T1_2,2,condition_replaced,Not Enough Evidence,Not Enough Evidence
P2928,P2928_T1,P2928_T1_3,3,condition_removed,Not Enough Evidence,Not Enough Evidence
P2928,P2928_T1,P2928_T1_4,4,supported,Supported,Supported
P2928,P2928_T1,P2928_T1_5,5,condition_contradicted,Not Supported,Not Supported
P2935,P2935_T1,P2935_T1_1,1,relation_contradicted,Not Supported,Not Supported
P2935,P2935_T1,P2935_T1_2,2,condition_replaced,Not Enough Evidence,Not Enough Evidence
P2935,P2935_T1,P2935_T1_3,3,condition_removed,Not Enough Evidence,Not Enough Evidence
P2935,P2935_T1,P2935_T1_4,4,supported,Supported,Supported
P2935,P2935_T1,P2935_T1_5,5,condition_contradicted,Not Supported,Not Supported
P2936,P2936_T1,P2936_T1_1,1,relation_contradicted,Not Supported,Not Supported
P2936,P2936_T1,P2936_T1_2,2,condition_replaced,Not Enough Evidence,Not Enough Evidence
P2936,P2936_T1,P2936_T1_3,3,condition_removed,Not Enough Evidence,Not Enough Evidence
P2936,P2936_T1,P2936_T1_4,4,supported,Supported,Supported
P2936,P2936_T1,P2936_T1_5,5,condition_contradicted,Not Supported,Not Supported
P2937,P2937_T1,P2937_T1_1,1,relation_contradicted,Not Supported,Not Supported
P2937,P2937_T1,P2937_T1_2,2,condition_replaced,Not Enough Evidence,Not Enough Evidence
P2937,P2937_T1,P2937_T1_3,3,condition_removed,Not Enough Evidence,Not Enough Evidence
P2937,P2937_T1,P2937_T1_4,4,supported,Supported,Supported
P2937,P2937_T1,P2937_T1_5,5,condition_contradicted,Not Supported,Not Supported
P2939,P2939_T1,P2939_T1_1,1,relation_contradicted,Not Supported,Not Supported
P2939,P2939_T1,P2939_T1_2,2,condition_replaced,Not Enough Evidence,Not Enough Evidence
P2939,P2939_T1,P2939_T1_3,3,condition_removed,Not Enough Evidence,Not Enough Evidence
P2939,P2939_T1,P2939_T1_4,4,supported,Supported,Supported
P2939,P2939_T1,P2939_T1_5,5,condition_contradicted,Not Supported,Not Supported
P2942,P2942_T1,P2942_T1_1,1,relation_contradicted,Not Supported,Not Supported
P2942,P2942_T1,P2942_T1_2,2,condition_replaced,Not Enough Evidence,Not Enough Evidence
P2942,P2942_T1,P2942_T1_3,3,condition_removed,Not Enough Evidence,Not Enough Evidence
P2942,P2942_T1,P2942_T1_4,4,supported,Supported,Supported
P2942,P2942_T1,P2942_T1_5,5,condition_contradicted,Not Supported,Not Supported
P2944,P2944_T1,P2944_T1_1,1,relation_contradicted,Not Supported,Not Supported
P2944,P2944_T1,P2944_T1_2,2,condition_replaced,Not Enough Evidence,Not Enough Evidence
P2944,P2944_T1,P2944_T1_3,3,condition_removed,Not Enough Evidence,Not Enough Evidence
P2944,P2944_T1,P2944_T1_4,4,supported,Supported,Supported
P2944,P2944_T1,P2944_T1_5,5,condition_contradicted,Not Supported,Not Supported
P2946,P2946_T1,P2946_T1_1,1,relation_contradicted,Not Supported,Not Supported
P2946,P2946_T1,P2946_T1_2,2,condition_replaced,Not Enough Evidence,Not Enough Evidence
P2946,P2946_T1,P2946_T1_3,3,condition_removed,Not Enough Evidence,Not Enough Evidence
P2946,P2946_T1,P2946_T1_4,4,supported,Supported,Supported
P2946,P2946_T1,P2946_T1_5,5,condition_contradicted,Not Supported,Not Supported
P2946,P2946_T2,P2946_T2_1,1,relation_contradicted,Not Supported,Not Supported
P2946,P2946_T2,P2946_T2_2,2,condition_replaced,Not Enough Evidence,Not Enough Evidence
P2946,P2946_T2,P2946_T2_3,3,condition_removed,Not Enough Evidence,Not Enough Evidence
P2946,P2946_T2,P2946_T2_4,4,supported,Supported,Supported
P2946,P2946_T2,P2946_T2_5,5,condition_contradicted,Not Supported,Not Supported
P2953,P2953_T1,P2953_T1_1,1,relation_contradicted,Not Supported,Not Supported
P2953,P2953_T1,P2953_T1_2,2,condition_replaced,Not Enough Evidence,Not Enough Evidence
P2953,P2953_T1,P2953_T1_3,3,condition_removed,Not Enough Evidence,Not Enough Evidence
P2953,P2953_T1,P2953_T1_4,4,supported,Supported,Supported
P2953,P2953_T1,P2953_T1_5,5,condition_contradicted,Not Supported,Not Supported
P2957,P2957_T1,P2957_T1_1,1,relation_contradicted,Not Supported,Not Supported
P2957,P2957_T1,P2957_T1_2,2,condition_replaced,Not Enough Evidence,Not Enough Evidence
P2957,P2957_T1,P2957_T1_3,3,condition_removed,Not Enough Evidence,Not Enough Evidence
P2957,P2957_T1,P2957_T1_4,4,supported,Supported,Supported
P2957,P2957_T1,P2957_T1_5,5,condition_contradicted,Not Supported,Not Supported
P2961,P2961_T1,P2961_T1_1,1,relation_contradicted,Not Supported,Not Supported
P2961,P2961_T1,P2961_T1_2,2,condition_replaced,Not Enough Evidence,Not Enough Evidence
P2961,P2961_T1,P2961_T1_3,3,condition_removed,Not Enough Evidence,Not Enough Evidence
P2961,P2961_T1,P2961_T1_4,4,supported,Supported,Supported
P2961,P2961_T1,P2961_T1_5,5,condition_contradicted,Not Supported,Not Supported
P2963,P2963_T1,P2963_T1_1,1,relation_contradicted,Not Supported,Not Supported
P2963,P2963_T1,P2963_T1_2,2,condition_replaced,Not Enough Evidence,Not Enough Evidence
P2963,P2963_T1,P2963_T1_3,3,condition_removed,Not Enough Evidence,Not Enough Evidence
P2963,P2963_T1,P2963_T1_4,4,supported,Supported,Supported
P2963,P2963_T1,P2963_T1_5,5,condition_contradicted,Not Supported,Not Supported
P2964,P2964_T1,P2964_T1_1,1,relation_contradicted,Not Supported,Not Supported
P2964,P2964_T1,P2964_T1_2,2,condition_replaced,Not Enough Evidence,Not Enough Evidence
P2964,P2964_T1,P2964_T1_3,3,condition_removed,Not Enough Evidence,Not Enough Evidence
P2964,P2964_T1,P2964_T1_4,4,supported,Supported,Supported
P2964,P2964_T1,P2964_T1_5,5,condition_contradicted,Not Supported,Not Supported
P2965,P2965_T1,P2965_T1_1,1,relation_contradicted,Not Supported,Not Supported
P2965,P2965_T1,P2965_T1_2,2,condition_replaced,Not Enough Evidence,Not Enough Evidence
P2965,P2965_T1,P2965_T1_3,3,condition_removed,Not Enough Evidence,Not Enough Evidence
P2965,P2965_T1,P2965_T1_4,4,supported,Supported,Supported
P2965,P2965_T1,P2965_T1_5,5,condition_contradicted,Not Supported,Not Supported
P2972,P2972_T1,P2972_T1_1,1,relation_contradicted,Not Supported,Not Supported
P2972,P2972_T1,P2972_T1_2,2,condition_replaced,Not Enough Evidence,Not Enough Evidence
P2972,P2972_T1,P2972_T1_3,3,condition_removed,Not Enough Evidence,Not Enough Evidence
P2972,P2972_T1,P2972_T1_4,4,supported,Supported,Supported
P2972,P2972_T1,P2972_T1_5,5,condition_contradicted,Not Supported,Not Supported
P2972,P2972_T2,P2972_T2_1,1,relation_contradicted,Not Supported,Not Supported
P2972,P2972_T2,P2972_T2_2,2,condition_replaced,Not Enough Evidence,Not Enough Evidence
P2972,P2972_T2,P2972_T2_3,3,condition_removed,Not Enough Evidence,Not Enough Evidence
P2972,P2972_T2,P2972_T2_4,4,supported,Supported,Supported
P2972,P2972_T2,P2972_T2_5,5,condition_contradicted,Not Supported,Not Supported
P2973,P2973_T1,P2973_T1_1,1,relation_contradicted,Not Supported,Not Supported
P2973,P2973_T1,P2973_T1_2,2,condition_replaced,Not Enough Evidence,Not Enough Evidence
P2973,P2973_T1,P2973_T1_3,3,condition_removed,Not Enough Evidence,Not Enough Evidence
P2973,P2973_T1,P2973_T1_4,4,supported,Supported,Supported
P2973,P2973_T1,P2973_T1_5,5,condition_contradicted,Not Supported,Not Supported
P2973,P2973_T2,P2973_T2_1,1,relation_contradicted,Not Supported,Not Supported
P2973,P2973_T2,P2973_T2_2,2,condition_replaced,Not Enough Evidence,Not Enough Evidence
P2973,P2973_T2,P2973_T2_3,3,condition_removed,Not Enough Evidence,Not Enough Evidence
P2973,P2973_T2,P2973_T2_4,4,supported,Supported,Supported
P2973,P2973_T2,P2973_T2_5,5,condition_contradicted,Not Supported,Not Supported
P2979,P2979_T1,P2979_T1_1,1,relation_contradicted,Not Supported,Not Supported
P2979,P2979_T1,P2979_T1_2,2,condition_replaced,Not Enough Evidence,Not Enough Evidence
P2979,P2979_T1,P2979_T1_3,3,condition_removed,Not Enough Evidence,Not Enough Evidence
P2979,P2979_T1,P2979_T1_4,4,supported,Supported,Supported
P2979,P2979_T1,P2979_T1_5,5,condition_contradicted,Not Supported,Not Supported
P2979,P2979_T2,P2979_T2_1,1,relation_contradicted,Not Supported,Not Supported
P2979,P2979_T2,P2979_T2_2,2,condition_replaced,Not Enough Evidence,Not Enough Evidence
P2979,P2979_T2,P2979_T2_3,3,condition_removed,Not Enough Evidence,Not Enough Evidence
P2979,P2979_T2,P2979_T2_4,4,supported,Supported,Supported
P2979,P2979_T2,P2979_T2_5,5,condition_contradicted,Not Supported,Not Supported
P2980,P2980_T1,P2980_T1_1,1,relation_contradicted,Not Supported,Not Supported
P2980,P2980_T1,P2980_T1_2,2,condition_replaced,Not Enough Evidence,Not Enough Evidence
P2980,P2980_T1,P2980_T1_3,3,condition_removed,Not Enough Evidence,Not Enough Evidence
P2980,P2980_T1,P2980_T1_4,4,supported,Supported,Supported
P2980,P2980_T1,P2980_T1_5,5,condition_contradicted,Not Supported,Not Supported
P2980,P2980_T2,P2980_T2_1,1,relation_contradicted,Not Supported,Not Supported
P2980,P2980_T2,P2980_T2_2,2,condition_replaced,Not Enough Evidence,Not Enough Evidence
P2980,P2980_T2,P2980_T2_3,3,condition_removed,Not Enough Evidence,Not Enough Evidence
P2980,P2980_T2,P2980_T2_4,4,supported,Supported,Supported
P2980,P2980_T2,P2980_T2_5,5,condition_contradicted,Not Supported,Not Supported
P2981,P2981_T1,P2981_T1_1,1,relation_contradicted,Not Supported,Not Supported
P2981,P2981_T1,P2981_T1_2,2,condition_replaced,Not Enough Evidence,Not Enough Evidence
P2981,P2981_T1,P2981_T1_3,3,condition_removed,Not Enough Evidence,Not Enough Evidence
P2981,P2981_T1,P2981_T1_4,4,supported,Supported,Supported
P2981,P2981_T1,P2981_T1_5,5,condition_contradicted,Not Supported,Not Supported
P2981,P2981_T2,P2981_T2_1,1,relation_contradicted,Not Supported,Not Supported
P2981,P2981_T2,P2981_T2_2,2,condition_replaced,Not Enough Evidence,Not Enough Evidence
P2981,P2981_T2,P2981_T2_3,3,condition_removed,Not Enough Evidence,Not Enough Evidence
P2981,P2981_T2,P2981_T2_4,4,supported,Supported,Supported
P2981,P2981_T2,P2981_T2_5,5,condition_contradicted,Not Supported,Not Supported
P2983,P2983_T1,P2983_T1_1,1,relation_contradicted,Not Supported,Not Supported
P2983,P2983_T1,P2983_T1_2,2,condition_replaced,Not Enough Evidence,Not Enough Evidence
P2983,P2983_T1,P2983_T1_3,3,condition_removed,Not Enough Evidence,Not Enough Evidence
P2983,P2983_T1,P2983_T1_4,4,supported,Supported,Supported
P2983,P2983_T1,P2983_T1_5,5,condition_contradicted,Not Supported,Not Supported
P2983,P2983_T2,P2983_T2_1,1,relation_contradicted,Not Supported,Not Supported
P2983,P2983_T2,P2983_T2_2,2,condition_replaced,Not Enough Evidence,Not Enough Evidence
P2983,P2983_T2,P2983_T2_3,3,condition_removed,Not Enough Evidence,Not Enough Evidence
P2983,P2983_T2,P2983_T2_4,4,supported,Supported,Supported
P2983,P2983_T2,P2983_T2_5,5,condition_contradicted,Not Supported,Not Supported
P2987,P2987_T1,P2987_T1_1,1,relation_contradicted,Not Supported,Not Supported
P2987,P2987_T1,P2987_T1_2,2,condition_replaced,Not Enough Evidence,Not Enough Evidence
P2987,P2987_T1,P2987_T1_3,3,condition_removed,Not Enough Evidence,Not Enough Evidence
P2987,P2987_T1,P2987_T1_4,4,supported,Supported,Supported
P2987,P2987_T1,P2987_T1_5,5,condition_contradicted,Not Supported,Not Supported
P2989,P2989_T1,P2989_T1_1,1,relation_contradicted,Not Supported,Not Supported
P2989,P2989_T1,P2989_T1_2,2,condition_replaced,Not Enough Evidence,Not Enough Evidence
P2989,P2989_T1,P2989_T1_3,3,condition_removed,Not Enough Evidence,Not Enough Evidence
P2989,P2989_T1,P2989_T1_4,4,supported,Supported,Supported
P2989,P2989_T1,P2989_T1_5,5,condition_contradicted,Not Supported,Not Supported
P2989,P2989_T2,P2989_T2_1,1,relation_contradicted,Not Supported,Not Supported
P2989,P2989_T2,P2989_T2_2,2,condition_replaced,Not Enough Evidence,Not Enough Evidence
P2989,P2989_T2,P2989_T2_3,3,condition_removed,Not Enough Evidence,Not Enough Evidence
P2989,P2989_T2,P2989_T2_4,4,supported,Supported,Supported
P2989,P2989_T2,P2989_T2_5,5,condition_contradicted,Not Supported,Not Supported
P2992,P2992_T1,P2992_T1_1,1,relation_contradicted,Not Supported,Not Supported
P2992,P2992_T1,P2992_T1_2,2,condition_replaced,Not Enough Evidence,Not Enough Evidence
P2992,P2992_T1,P2992_T1_3,3,condition_removed,Not Enough Evidence,Not Enough Evidence
P2992,P2992_T1,P2992_T1_4,4,supported,Supported,Supported
P2992,P2992_T1,P2992_T1_5,5,condition_contradicted,Not Supported,Not Supported
P2992,P2992_T2,P2992_T2_1,1,relation_contradicted,Not Supported,Not Supported
P2992,P2992_T2,P2992_T2_2,2,condition_replaced,Not Enough Evidence,Not Enough Evidence
P2992,P2992_T2,P2992_T2_3,3,condition_removed,Not Enough Evidence,Not Enough Evidence
P2992,P2992_T2,P2992_T2_4,4,supported,Supported,Supported
P2992,P2992_T2,P2992_T2_5,5,condition_contradicted,Not Supported,Not Supported
P2995,P2995_T1,P2995_T1_1,1,relation_contradicted,Not Supported,Not Supported
P2995,P2995_T1,P2995_T1_2,2,condition_replaced,Not Enough Evidence,Not Enough Evidence
P2995,P2995_T1,P2995_T1_3,3,condition_removed,Not Enough Evidence,Not Enough Evidence
P2995,P2995_T1,P2995_T1_4,4,supported,Supported,Supported
P2995,P2995_T1,P2995_T1_5,5,condition_contradicted,Not Supported,Not Supported
P2995,P2995_T2,P2995_T2_1,1,relation_contradicted,Not Supported,Not Supported
P2995,P2995_T2,P2995_T2_2,2,condition_replaced,Not Enough Evidence,Not Enough Evidence
P2995,P2995_T2,P2995_T2_3,3,condition_removed,Not Enough Evidence,Not Enough Evidence
P2995,P2995_T2,P2995_T2_4,4,supported,Supported,Supported
P2995,P2995_T2,P2995_T2_5,5,condition_contradicted,Not Supported,Not Supported
P2999,P2999_T1,P2999_T1_1,1,relation_contradicted,Not Supported,Not Supported
P2999,P2999_T1,P2999_T1_2,2,condition_replaced,Not Enough Evidence,Not Enough Evidence
P2999,P2999_T1,P2999_T1_3,3,condition_removed,Not Enough Evidence,Not Enough Evidence
P2999,P2999_T1,P2999_T1_4,4,supported,Supported,Supported
P2999,P2999_T1,P2999_T1_5,5,condition_contradicted,Not Supported,Not Supported
P2999,P2999_T2,P2999_T2_1,1,relation_contradicted,Not Supported,Not Supported
P2999,P2999_T2,P2999_T2_2,2,condition_replaced,Not Enough Evidence,Not Enough Evidence
P2999,P2999_T2,P2999_T2_3,3,condition_removed,Not Enough Evidence,Not Enough Evidence
P2999,P2999_T2,P2999_T2_4,4,supported,Supported,Supported
P2999,P2999_T2,P2999_T2_5,5,condition_contradicted,Not Supported,Not Supported
