ID,Paragraph,tuples,subreddit,Annotator,Is this Annotation Right,Is there any missing RE that has a condition?,"If yes in column E, fill in the tuple of 4 values",Any other comments
1r8j6wo,"Mikel Arteta is good manager. Not world class, that is reserved for some of the greatest managers in world who won trophies. But good enough to rebuild a squad and make it competitive.
  
  
  But. He has been manager of Arsenal since December 2019, and the only major trophy he has won is 2020 FA Cup, with the squad he inherited from previous manager, despite spending loads of money on new signings.
  
  His football has become negative, focused on set-pieces, and sitting in low-block after taking a lead. His players constantly crumble under pressure, they don't know how to respond when things get out of control and that is symptom of major issues with mentality and coaching.
  
  
  Arsenal won 2 out of 7 last Premier League matches, and it seems like history is repeating itself. Tonight they drew worst team in league after previously having 2 goals lead. We have seen this movie already - similar thing happened in previous seasons.","[{'e1': 'they ', 'e2': 'worst team in league ', 'relation': 'drew ', 'condition': 'after previously having 2 goals lead'}, {'e1': 'they ', 'e2': 'respond ', 'relation': ""don't know how to "", 'condition': 'when things get out of control '}]",cmv,,,,,
1r8ligb,"Portugal, using primitive seafaring technology discovered, then settled the previously uninhabited island of Madeira beginning in 1420. The Madeirans, have built a unique culture and are genetically distinctive from mainland Portuguese. They have unique dances, music, and culinary culture. Yet despite being the first inhabitants of the Island, and their unique culture, they are not considered indigenous. 
  
  let’s compare another island people who also settled an uninhabited island and build a unique culture after their ancestors set off on boats and navigated the open seas. I am referring to the Māori who are referred to as indigenous to New Zealand, even though they came to island a mere 100 years before the Portuguese settled Madeira.
  
  I am willing to change my view, if an explanation can address why these two populations with similar settlement pattern are classified differently.","[{'e1': 'Portugal ', 'e2': 'the previously uninhabited island of Madeira beginning in 1420', 'relation': 'settled ', 'condition': 'using primitive seafaring technology discovered'}, {'e1': 'I', 'e2': 'my view', 'relation': ' am willing to change ', 'condition': 'if an explanation can address why these two populations with similar settlement pattern are classified differently. '}]",cmv,,,,,
1r8md1d,"As stated above, I believe colonialism is the most logical ""next step"" in human civilization, even today when we speak of conquering the galaxy, we use the term colonize. This is of course strawman by me, it affects the conquered or should I say subjugated people in various different ways, both bad and good alike. A bit to clarify here is that colonialism wasn't a christopher columbus thing, it was an ancient greek thing at first, so I am not talking exclusively about european colonization. I believe I may be making a mistake in my judgement here, but a human society progresses thru the mechanisms of a cancer cell, survive and thrive. 
  
  
  The first tribal communities were effective at surviving, and all the later ones, at thriving. Greed is in human nature, and wanting to own more land, have more resources and have a cheaper workforce isn't something that was considered evil until the arrival of human rights organisations in the last century or two. Does this say that I agree with colonialism? No, I am simply pointing at the inconsistency of calling something immoral judging from a modern criteria, and this especially prominent in those race talks which jump my nerves like a jump rope from the mutual hypocrisy presented by both sides. Some people will deadass stare you in the eyes and argue about how evil and unjust colonialism is and then worship Ceaser like a god or something. 
  
  Again, Leopold the II, horrendous atrocities all over etcetera etcetera, but this is just another hypocrisy of judging the individuals same as the system or the other way around. 
  
  Did colonialism affect the human society in severe and unchangeable ways? YES, so did the invention of the internet, the protestant church, ceasers massacre of the gauls, invention of soap, etc etc etc. Some of these things good, and some bad, it is just that in my opinion, colonialism is used as a ""trick card"", an unequivocal excuse for the failures of certain social groups which were affected by it. It is also used wrongly as a term to describe specifically New age European conquests of Africa and the Americas, as if this was the only type of colonialism, and even as if it were the fault of the evil white man, the advanced gunpowder monster with endless desire and no heart or a soul for another human being. 
  
  Once again, I might be making a mistake, but Ive been a history kid since forever and lately Ive taken interest in political sciences, in a kind of historical sense, putting yourself in the shoes of the people from history has changed my views on the world today a lot, and this one of the opinions that i hold kind of loosely to.","[{'e1': ' colonialism ', 'e2': 'a ""trick card"" ', 'relation': 'is used as ', 'condition': 'in my opinion'}, {'e1': ' colonialism ', 'e2': 'an unequivocal excuse for the failures of certain social groups which were affected by it', 'relation': 'is ', 'condition': 'in my opinion'}]",cmv,,,,,
1r8tm8t,"White culture or American culture is the dominant culture, so it makes it seem like white people or Americans have no culture because it's the default, when really they do.
  
  Minority culture, like African Americans, is more obvious than the majority culture. (Groups that are separated from the dominant culture tend to develop their own culture and customs.) But if they were the majority, it would be the opposite. African Americans have both American/white culture AND black culture, if that makes sense. (This is just an example.)
  
  If you lived in Japan, for example, you would probably think that Japanese people have no culture since they all act the same as well. You would be the minority there instead as an American or whatever (assuming that you're not already Japanese of course).
  
  There are also many different white cultures from different countries/groups within the broader culture obviously.
  
  It's kind of like people who think they don't have an accent because everyone around where they live has the same accent as them. (Of course, some American accents are more ""neutral"" than others.) I remember when I went to Alaska as a kid and was surprised when they could tell that our family was from the Chicago area by our accents.","[{'e1': ' it ', 'e2': 'the opposite', 'relation': 'would be ', 'condition': ' if they were the majority'}, {'e1': ' you ', 'e2': 'Japanese people have no culture since they all act the same as well', 'relation': 'would probably think that ', 'condition': 'If you lived in Japan'}]",cmv,,,,,
1r90pc7,"Lucy Letby is a British nurse who was found guilty of murdering seven babies and attempting to murder seven more, and sentenced to life in prison without the possibility of parole.
  
  I know this may sound conspiratorial off the bat, but the contingent of people expressing serious doubts about the evidence upon which she was convicted is not just a bunch of crazies who think we haven’t been to the moon or that Tupac is still alive; they include the health secretary at the time of the deaths, many serious journalists, members of parliament, and a huge number of experts in relevant fields who have taken a risk and reached out- for no personal gain and for no money- from all across the world to Letby’s legal team and/or the media to express their concerns about the evidence used to convict Letby, and how it was interpreted in court.
  
  There was absolutely no physical or forensic evidence whatsoever. There are no witnesses- no one saw Letby do anything untoward. There is no motive. 
  
  The prosecution relied heavily on the interpretation of their expert witness, Dr Dewi Evans, of a paper co-written by Neonatologist Dr. Shoo Lee in 1989 called Pulmonary Vascular Air Embolism in the Newborn. Dr. Shoo Lee, after reading about this case and seeing how his paper had been brought up, publicly stated that this had been a gross misinterpretation of his work. The jury could not have known this. Dr. Lee later assembled a panel of fourteen leading, internationally renowned experts in neonatology to look into the case, and in every single one of the seventeen cases of babies Letby was accused of harming, they found no evidence whatsoever of deliberate harm. On the contrary, they found other very plausible causes for every one of the deaths, and identified many systemic problems with the level of care at the hospital. 
  
  This means that not only has it not been proven that Letby committed murder, there is now enormous doubt that any murders occurred at all, making the entire case against Letby entirely hypothetical. 
  
  Here’s a one-minute clip from that panel: https://youtu.be/KA2AIL-JBkM?si=jl724OxzvZQyDXVB
  
  And here’s the two-hour version: https://www.youtube.com/live/N0nmoGes3IU?si=LuT-70REQu9l\_47b
  
  The other key piece of evidence for the prosecution was their statistical analysis of the shift rota data from key card swipes that apparently showed that Letby was the only person present when every one of twenty-five ‘suspicious events’ took place. This rota was a huge driving factor in her being accused in the first place, and clearly made her seem guilty to the public- and therefore almost certainly the jury- before any other evidence was examined. However, it has been widely trashed as massively fallacious by statisticians for many reasons, including but not limited to: the jury never being told about six other deaths that occurred on the ward when Letby was not there during the same period, no definition being given for what constitutes a ‘suspicious event’, (according to every single neonatologist who has looked at the medical notes of the alleged victims, none of those deaths are ‘suspicious’ anyway), the fact that there was a back door with a code which one could use to gain access to the ward without a card, door swipe evidence being incorrect, the times where doctors- not just the nurses- were on shift not being on the chart, Letby working many more hours than the vast majority of other nurses on the ward, and so on.
  
  This is very reminiscent of the case of Sally Clarke, who was wrongly convicted of killing her two sons in 1999 when a paediatrician who didn’t understand statistics testified that there was a 1 in 73 million chance of both sons falling victim to Sudden Infant Death Syndrome. The Royal Statistical Society later said there was no statistical basis for this claim. Sally Clarke served more than three years before being released, was a ‘target for other prisoners’, and obviously was completely psychiatrically destroyed by the whole ordeal, drinking herself to death a few years later.
  
  Here’s a clip of Professor of Statistics Peter Green briefly expressing concerns about the rota: https://youtu.be/jiuNCzSLtGw?si=nATW6wtYPQdEbSEh
  
  And a longer clip of Medical Statistician Jane Hutton speaking about the misuse of data and statistics in the case: https://youtu.be/IwELT-O0org?si=a4JuNjPtgbFfY5xT
  
  An economist article about how terrible the statistical evidence is: https://www.economist.com/britain/2024/08/22/the-trial-of-lucy-letby-has-shocked-british-statisticians
  
  All of the evidence is circumstantial. Many of the much more minor bits and bobs of evidence that seemed to have been impactful in the trial have since been undermined, and key witnesses have been found to have contradicted themselves.
  
  For example, during the trial, the prosecution asked Letby what she was wearing when she arrested and she said ‘my night dress’. They pointed out that in the footage that we’ve all seen, she was clearly wearing a blue tracksuit. This was zeroed in on by the prosecution as proof that she had just lied, and from the Jury’s perspective, she had. The prosecution clearly got a lot of mileage out of this throughout the rest of the trial. However, this was her third arrest, and the recent Netflix documentary showed previously unseen footage of her first arrest, where she is wearing a night dress. Having someone wrongly appear to be caught out as a ‘liar’ in court clearly has the potential to affect how a jury sees that person, making them trust them much less, and makes confirmation biases against the defendant going forward more likely. 
  
  Her ‘I did this, I am evil’ notes that were seen as a confession and clearly impacted the trial were written as part of an exercise given to her by a mental health professional to write down ‘how she had been made to feel about herself’ as part of her treatment for the severe mental health problems she was unsurprisingly suffering from, well into proceedings being brought against her, and while she was heavily medicated. The note also included phrases similar to ‘I am innocent, why are they doing this to me?’ as well as all sorts of other erratic, stream of consciousness passages that clearly should not be admissible in court, let alone enough to send someone to jail for the rest of their life without the possibility of parole. Professor Gisli Gudjonsson, world renowned expert on the forensic psychology of confessions (who was central in the appeal case of Donald Pendleton, who was wrongly convicted of murder after a false ‘confession’) has said that these notes absolutely should not be considered a confession, and has quit his job at the National Crime Agency to bring attention to the Letby case.
  
  Her courtroom demeanour was also commented on as being cold, distant and emotionless- apparently the jury thought this made her seem guilty. She was suffering from crippling anxiety and depression at the time and heavily medicated. The trial had to be postponed because Letby had had a mental breakdown. Not being incredibly relaxed and charismatic in this scenario is not an implication of guilt.
  
  Some of the deaths Letby was accused of have since been shown to have been due to errors from the very people who accused her. David Davis MP detailed some of these in his speech to the house of commons, which I have linked below.
  
  Dewi Evans, the expert for the prosecution, (retired paediatrician, 0 papers published) has been shown to be an unreliable expert witness. He found zero problems with how the hospital was being run in his investigation, something which later baffled the panel of actual neonatologists who found a deluge of failings of care in each and every case. Here is a short video of him contradicting himself, and then being torn to shreds by Dr. Shoo Lee (over 400 papers published), whose paper he had misused to condemn Letby: https://youtu.be/R0ReDvzSyUM?si=wLCBh6SVpO1zpAfd
  
  Here is a very short video of Dr. Lee’s 3 questions for Dr. Evans: https://youtube.com/shorts/CSeQjaIuuys?si=Rl6sIBNLhAtRiH4C
  
  There’s much more to say than this. Rachel Aviv read the entire transcript of the trial and wrote this fantastic, incredibly well-researched article in The New Yorker detailing the story as we know it from start to finish: https://www.newyorker.com/magazine/2024/05/20/lucy-letby-was-found-guilty-of-killing-seven-babies-did-she-do-it
  
  I’m making this post because I am yet to hear any examples of evidence that hasn’t been discredited by a deluge of experts from many different fields or that seems anywhere near strong enough to say that Lucy Letby should even be suspected of murder, let alone guilty beyond reasonable doubt. The evidence that has been discredited by expert consensus is the main evidence that was misinterpreted during the trial to convict her. CMV!","[{'e1': 'The trial ', 'e2': 'postponed ', 'relation': 'had to be ', 'condition': 'because Letby had had a mental breakdown'}]",cmv,,,,,
1r96od4,"Ill be honest, this view is very anecdotal. I did not research anything or find any stats before writing this post
  
  When I was in high school I was good looking, over 6', and had a pretty muscular body, but I was awkward af and never had a relationship. I had girls tell me I was good looking, but whenever I tried flirting with any of them, I got the cold shoulder.
  
  Meanwhile, there were chubbier/shorter/uglier men who hung out with all the popular girls and even dated some of them. They had much more confidence than me and it showed in their social circle. They simply had more friends than me.
  
  In college, I came out of my shell because cliques hadnt formed among freshmen yet and I was able to make lots of new friends. My confidence exploded. I stopped competing in sports and mostly stopped working out. I drank a lot of beer and I lost a lot of muscular definition. But because I was more confident in my social skills, I finally started talking to more and more girls and even had a couple relationships and classic casual college hookups. 
  
  When I hear incels complain about 'chads', it bothers me. I feel like I would've counted as their classification of a 'chad' in high school despite the fact I can relate to their struggle. I have to wonder how many other objectively attractive males have also felt this and still dont get recognized by incels as someone who struggles to get a partner.
  
  In my eyes, confidence has always been key for males. In highschool, it didnt matter that I was good looking and athletic, I was nervous when talking to girls and they smell that shit a mile away and it repulses them. 
  
  So whenever I hear incels say ""I cant get laid cause Im ugly"" I wanna tell them ""You cant get laid cause youre not confident in who you are"". 
  
  And yes, maybe its easier to be confident in yourself when youre physically attractive, but confidence is a very relative thing. I was not confident in high school at my physical peak. I became confident as I aged and experienced new things even though I became less athletic.
  
  So anyways, I believe that incels are turning a blind eye to attractive males who share their problems because it doesn't fit their identity. CMV.","[{'e1': ' I ', 'e2': ""good looking, over 6', and had a pretty muscular body"", 'relation': 'was ', 'condition': 'When I was in high school'}, {'e1': ' I ', 'e2': 'my shell ', 'relation': 'came out of ', 'condition': 'In college'}, {'e1': ' I ', 'e2': 'my shell ', 'relation': 'came out of ', 'condition': 'because cliques hadnt formed among freshmen yet and I was able to make lots of new friends.'}, {'e1': ' it ', 'e2': 'me', 'relation': 'bothers ', 'condition': ""When I hear incels complain about 'chads'""}, {'e1': 'confidence', 'e2': 'males', 'relation': ' has always been key for ', 'condition': 'In my eyes'}, {'e1': ' it ', 'e2': 'I was good looking and athletic', 'relation': 'didnt matter that ', 'condition': 'In highschool'}, {'e1': ' I ', 'e2': ' girls ', 'relation': 'was nervous when talking to', 'condition': 'In highschool'}, {'e1': 'I ', 'e2': 'laid ', 'relation': 'cant get ', 'condition': 'cause Im ugly'}, {'e1': 'You ', 'e2': 'laid ', 'relation': 'cant get ', 'condition': 'cause youre not confident in who you are'}]",cmv,,,,,
1r9e456,"For those unaware, Texas just passed TX SB25
  
  full-text: [https://legiscan.com/TX/text/SB25/id/3133136](https://legiscan.com/TX/text/SB25/id/3133136)
  
  one of the major takeaway, for me, from this bill is in section 7: (quoted)
  
  >A food manufacturer shall label each product the manufacturer offers for sale with a warning label disclosing the use of any: (1) artificial color; (2) food additive; or (3) other chemical ingredient banned by Canada, the European Union, or the United Kingdom.
  
  since many companies don't make state-level packaging, what this means is that the entire US is likely to see all companies add warning labels for products which the rest of the world has deemed hazardous to human health
  
  \----
  
  I do understand the criticisms of food will become more expensive if companies are not allowed to cut corners; however, I believe that it is unacceptable that many US citizens have been blind to ingesting chemicals which other countries have deemed harmful","[{'e1': 'the criticisms of food ', 'e2': 'expensive ', 'relation': 'will become more ', 'condition': 'if companies are not allowed to cut corners'}]",cmv,,,,,
1r9swza,"CMV: Our recent history is dominated by the War On Terror. If we had left Afghanistan in the Soviet Bloc and not funded the Mujehadeen, the War On Terror likely would not have happened. It's quite possible the USSR might have survived, a known quantity compared to a man like Putin.
  
  If we had let Saddam dominate the Middle East militarily, we would have only had one fascist dictator to deal with, and not a multitude of crazed religious fanatics. Evil - yes, but rational. The Iranian regime is NOT rational. ISIS are NOT rational. HAMAS are definitely not rational - they tried to start a war of annihilation against an enemy that had them completely outgunned, only insane people do that.
  
  The Iraqi blogger Riverbend put it quite well: ""Before we had one Saddam, now we have lots of little Saddams"" (I paraphrase). The biggest mistake the West ever made was when we made it our job to tell the world how to organize it's affairs. Now we're stuck with that shit, AND we have to defend ourselves from the likes of Putin. AND our people have been completely brainwashed by terrorist propaganda - because the bastards have a point. We shouldn't have messed with them in the first place. We should have let them blow each other to hell if that's what they wanted to do.","[{'e1': 'the War On Terror ', 'e2': 'happened', 'relation': 'would not have ', 'condition': 'If we had left Afghanistan in the Soviet Bloc and not funded the Mujehadeen'}, {'e1': 'we ', 'e2': ' one fascist dictator to deal with', 'relation': 'would have only had', 'condition': 'If we had let Saddam dominate the Middle East militarily'}]",cmv,,,,,
1rayyjp,"Reason 1: it’s going to occur anyway but at least you can prevent human trafficking by making it legal In certain settings (such as regulated businesses) you make it harder for human sex trafficking profitable and decrease it.
  
  Reason 2: some people weather they have social anxiety, are not attractive enough or self esteem issues and have found it difficult to have a relationship with another person still has needs and desires. This would help people like that with their mental health/ their confidence and their biological needs
  
  Reason 3: on the flip side someone may only have those urges and needs but doesn’t want a relationship. This way they can have those needs met without hurting another person who is not looking for just that and believes they are in a relationship
  
  Reason 4: by regulating it and requiring workers to undergo regular testing you help prevent the spread of diseases. By not regulating it then there is significantly less testing for it and overall less protection.
  
  Reason 5: it is a victimless crime (if regulated and consented too). Two consenting adults should be free to do what they choose to do as long as it does not effect anyone else outside of the agreement
  
  Reason 6: tax revenue can be used to pay for any array of programs that the state needs to fund.","[{'e1': 'you ', 'e2': 'human trafficking ', 'relation': 'can prevent ', 'condition': 'by making it legal In certain settings'}, {'e1': ' there ', 'e2': 'significantly less testing for it and overall less protection', 'relation': 'is ', 'condition': 'By not regulating it'}, {'e1': 'two consenting adults ', 'e2': 'they choose to do as long ', 'relation': 'should be free to do what ', 'condition': 'as it does not effect anyone else outside of the agreement'}]",cmv,,,,,
1rb2okl,"When you're at the beach, you build a sand castle. When you live in a desert, you build a monumentally large sand castle. The ancient Egyptians whom lived in a desert, essentially did nothing more than build a monumentally large sand castle funded by taxpayer money, which we know today as the Pyramids. It isn't revolutionary when you think of it that way. They invented paper, but so did China. 
  
  
  Mesopotamia created the first written system of law that we know of, and were the inventors of the wheel. Mesopotamia invented the first codified language that we know of, which was possibly passed on and helped create ancient Egypt's hieroglyphics. Ancient Greece made advancements in sciences, as did the ancient Romans. The list goes on. 
  
  
  Ancient Egypt did nothing more than just exist for an \[insert adjective\] long long long time. I don't knock them for existing. I just question why we learn about their civilization in elementary school verse the others. I think ancient Egypt is overrated. I think they didn't contribute significantly to any advancements in any field, really.","[{'e1': ' you', 'e2': 'a sand castle', 'relation': ' build ', 'condition': ""When you're at the beach""}, {'e1': 'you ', 'e2': 'a monumentally large sand castle', 'relation': 'build ', 'condition': 'When you live in a desert'}]",cmv,,,,,
1rb4umr,"I am not sure what I would describe Trump as (no not fascist don't be dramatic), but as someone who considers themselves center right, I've never really gotten the impression that Trump and I were on the same page. Obviously I am in favor of deporting illegal immigrants, but I actually agreed more with Obamas way of doing that than Trumps.
  
  Conservatives push for small governments with as little involvement in day to day processes as possible. Trump is the antithesis to that. The tariffs are just a way to drum up more government spending money at the expense of the consumer, which is not a conservative approach at all. Sure there is military spending which is good, but a lot of his policies seem to push for more government involvement not less.
  
  So I am curious what anybody has to say about this topic regardless of your political leaning.
  
  
  Edit: Hey just want to say thank you to all of the responses here. The vast majority of you guys were very respectful and very informative which I appreciate. I would like to mention that the reason I don't think Trump is fascist is because fascism is an incredibly specific definition of a specific type of social system that penetrates deep into every aspect of a culture. I think it is an exaggeration to say that Trump is a fascist, but I can see an argument for him consolidating power and trending towards authoritarianism.","[{'e1': ' I ', 'e2': 'the impression that Trump and I were on the same page', 'relation': 'have never really gotten ', 'condition': 'as someone who considers themselves center right'}]",cmv,,,,,
1rbpwn4,"This is absolutely a conspiracy theory so feel free to pull this claim apart.
  
  Bernard Looney became CEO of BP in 2020 and 'shocked' investors with an announcement that the famed oil giant would go net zero by 2050, phasing out its emissions and rapidly accelerating its move to renewable energy. As is pointed out by coverage at the time there was immediate concern this would hurt short term profits.
  
  By 2023, after navigating COVID, he was forced to resign. Almost all news coverage led with allegations of 'serious misconduct' in past relations at the company. It was, I believe, a deliberate PR campaign designed to be reminiscent of the #metoo movement. 
  
  But if you scratch even a little below the surface the only actual allegation is he ""did not provide details of all relationships and accepts he was obligated to make more complete disclosure”.
  
  As the Guardian pointed out ""We don’t know anything about the nature of Looney’s relationships"". ""But, there is nothing to suggest that any of the relationships were inappropriate or not consensual."" As someone who had been with the business his entire career since university, it doesn't seem unreasonable he would have had some consensual relationships with colleagues. The allegation is not even that he was superior to them, with all of these taking place before he was CEO.
  
  It sounds like a technicality that was found, and purposely packaged as being worse than it actually was, so that even left leaning papers would not question the ousting of a 'green friendly' business leader.
  
  Even more telling, within four months BP had a new CEO that was seen as a preference to the hedge funds that own a large share of the company. The immediately changed strategy including (according to Reuters):
  
  ""Cutting planned investment in renewable energy by over $5 billion annually and increased oil & gas spending."" ""Scaling back emissions reduction goals and scrapped some transition targets Looney had put in place."" And announced ""job cuts"" in the renewables side of the business.
  
  My view is that this was a deliberate and Machiavellian campaign, knowingly preying on the legacy of the 'me too' movement, and using this to deflect any questions around them doubling down on fossil fuels all in pursuit of short term profits for their hedge fund and PE shareholders. And the fact this change in energy strategy had so little coverage is proof it worked. CMV.","[{'e1': ' he ', 'e2': 'resign', 'relation': 'was forced to ', 'condition': 'By 2023'}, {'e1': ' he ', 'e2': 'resign', 'relation': 'was forced to ', 'condition': ' after navigating COVID'}, {'e1': ' the only actual allegation ', 'e2': 'he ""did not provide details of all relationships and accepts he was obligated to make more complete disclosure”.', 'relation': 'is ', 'condition': 'if you scratch even a little below the surface'}]",cmv,,,,,
1rbuk2s,"There are many debates on whether you would save your pet or a human stranger from a burning building. People argue that you should save the stranger since humans are more valuable than animals. I disagree. Even if you think humans have more value than animals in the abstract.
  
  When you adopt a pet, you aren't just acquiring an animal; you are taking a creature into your home and assuming a role akin to a parent or guardian.
  
  Total Cependence: They rely on you entirely for food, shelter, safety, and affection. 
  
  Daily Bond: You build a deep, daily relationship with them over years. They are, for all intents and purposes, a member of your family.
  
  It is human nature to prioritize the lives of our family members over the lives of people we don't know. If we accept that pets are family, the emotional math naturally follows.
  
  2. The ""Uknown"" Nature of a Stranger
  
  A random human stranger is exactly that. An unknown entity.
  
  No Established Connection: You have no emotional bond with them, no shared history, and no mutual trust. 
  
  Unpredictability: While society assumes a baseline of goodness in people, a stranger could be anyone. They might be a wonderful, charitable person, or they could be someone who would happily harm you. They certainly aren't someone who brings you daily joy or relies on you for survival the way your pet does.
  
  Many claim that blood is thicker than water. And for pet owners, their pets are their metaphorical blood or immediate family members.","[{'e1': ' the emotional math ', 'e2': 'follows', 'relation': 'naturally ', 'condition': ' If we accept that pets are family'}]",cmv,,,,,
1rbyy9l,"Title might not make sense let me explain. 
  
  So I was thinking about the concept of Disney adults recently since I went to Disney with my family (including 3 kids since I had cousins and their kids attend) recently. And I paid like $300 for my ticket which was insane. And like, it was fun I guess. I can’t say I didn’t have a good time. But it was so crowded and the food was over priced and sh1t quality and I felt like I could do all the fun rides in 1 day (why are people spending so much time there?!) and I didn’t even spend the whole day there I was ready to go home by 8. So internally was definitely judging adults who spend so much time there especially without kids (even with kids, some of them seem to use their kids as an excuse to go 2-3x a year and they don’t even live nearby. I live 20 min away and really only go if my family goes or something every 2-3 years). I just cannot and will not understand why spending so much time and money on a mid theme park when that money can be used for real travel and experiences. 
  
  And of course the internet bashes on Disney adults pretty hard. To an extent it’s understandable. 
  
  But then I’ve been wondering….why do Disney adults take so much heat and die hard NFL fans don’t? 
  
  It’s the same concept. Grown ass adults spending ridiculous amounts of money to go to the same overpriced venue with overpriced shitty food. Except these grow adults are also known for getting in literal fights over these games. They also buy super expensive merch similar to Disney fans. 
  
  Don’t get me wrong I still think Disney adults are really weird but die hard NFL fans also weird me out. 
  
  Maybe giving any corporation all of your money and your time is just strange as an adult. Idk. 
  
  Feel free to CMV this was just a silly thought that popped into my head.","[{'e1': 'I ', 'e2': ' go ', 'relation': 'only', 'condition': 'if my family goes or something every 2-3 years'}]",cmv,,,,,
1rc07wg,"If someone wants to end their life, that should be their own choice. A doctor should first refer them to psychological resources as an attempt to help them. However, if the desire is still present in the patient, the doctor should be able to do the humane thing and help this person out of their misery.
  
  People are going to kill themselves anyway. There are many cases of failed suicide attempts annually that either hurt others, or permanently damage the attempter's body/mind. Why not allow doctors to help do this in a humane way?
  
  We put down our pets when we know their lives aren't going to be fulfilling anymore, why not allow humans to make that decision for themselves and get help in the process?","[{'e1': ' that ', 'e2': 'their own choice.', 'relation': 'should be ', 'condition': 'If someone wants to end their life'}, {'e1': ' the doctor', 'e2': 'the humane thing and help this person out of their misery.', 'relation': ' should be able to do ', 'condition': ' if the desire is still present in the patient'}]",cmv,,,,,
1rc5wrd,"I think Trump firing the person associated with reporting or communicating “weak jobs” numbers (or the “weak jobs reports” narrative) looks primarily political rather than performance-based. From my perspective, it sends the message that if government data makes leadership look bad, the messenger gets punished. That worries me because jobs data is one of the most important public indicators we have, and it only works if people believe it’s collected and reported consistently, regardless of who is in office.
  
  The reason I hold this view is that economic reports are often revised and can look “bad” or “good” depending on timing, methodology, and broader economic conditions. So when someone is fired right after unfavorable headlines, it feels less like accountability for misconduct and more like shaping the narrative and intimidating future reporting. Even if the firing is technically justified, the optics and incentives it creates still seem harmful.
  
  What would change my view: I’d be persuaded if there’s clear evidence that the person was fired for specific, documentable misconduct or incompetence (e.g., falsifying data, breaking procedures, repeated verified errors, ethical violations), and that the decision followed an established nonpartisan process rather than a reaction to the headlines. I’m also open to evidence that this kind of personnel change is normal and comparable across administrations without damaging the integrity of the data.
  
  CMV.","[{'e1': ' the messenger ', 'e2': ' punished', 'relation': 'gets', 'condition': 'if government data makes leadership look bad'}, {'e1': ' it', 'e2': 'works ', 'relation': ' only ', 'condition': 'if people believe it’s collected and reported consistently, regardless of who is in office.'}, {'e1': ' the optics and incentives it creates', 'e2': 'harmful.', 'relation': ' still seem ', 'condition': 'Even if the firing is technically justified'}, {'e1': 'I', 'e2': 'persuaded ', 'relation': ' would be ', 'condition': 'if there’s clear evidence that the person was fired for specific, documentable misconduct or incompetence'}]",cmv,,,,,
1rcjoej,"I’m not talking from a legal perspective. I’m not a lawyer. I also don’t know what it’s like living in a country that doesn’t have freedom of speech as an engrained liberty. I could be hyperbolic and say that “we’re losing our freedom of speech here!” in my country, but not only do I not believe that to be the case in my country, but I also, to reiterate, am not saying what I’m saying from a legal perspective.
  
  When you’re in a conversation with any amount of regular, non-government-agent human beings, and one of those people points out inaccuracies in what you’re saying, disagrees with you, lets you know that you’re mistaken, or otherwise engages with you in such a way that makes it clear that their goal is to let you know they see differently from you about what you said, this is not a violation of your ability to speak.
  
  You have the ability to walk away or continue the conversation, but if you think a good response is “I’m not allowed to say anything anymore,” yes you are. Nobody can ever stop you from saying anything.
  
  If murderbots roamed the streets and constantly blared “no talking,” you still have the ability to talk. The only thing that can stop you from talking is some sort of surgery or injury that actually deducts from your body the means to communicate.
  
  And I’m not trying to be ultra literal here. I know when most people say “you can’t say anything anymore,” they’re just frustrated and they don’t think someone is actually trying to stop them biologically from communicating. But I do think that there’s some part of them somewhere inside of them that thinks that being told they can’t do something actually makes it the case.
  
  If I go to a bar and I’m talking with some friends, and someone around me who I don’t know tells me to shut up, I don’t have to do so. That person has done nothing to prevent me from speaking. That person just doesn’t want me to speak. I can still do so. There’s a bit more pressure on me to maybe be quiet as opposed to speaking, but that pressure isn’t a requirement. If I choose not to speak due to that person, that person didn’t make me stop speaking. I chose to stop speaking. I did to myself what I pictured that person wanted to make me do, but that didn’t.
  
  I’m using this example because if telling someone to be quiet isn’t actually an obligation to be quiet, then disagreeing with someone and expressing that isn’t either. And this isn’t a “freedom of speech, not freedom from consequences” thing, either. It’s very simple: nobody can take away your ability to speak but you, and people using physical force. That’s it. Nothing else.","[{'e1': ' you ', 'e2': 'the ability to talk', 'relation': 'still have ', 'condition': 'If murderbots roamed the streets and constantly blared “no talking,”'}, {'e1': ' I ', 'e2': 'so', 'relation': 'don’t have to do ', 'condition': 'If I go to a bar and I’m talking with some friends, and someone around me who I don’t know tells me to shut up'}, {'e1': 'that person ', 'e2': 'me stop speaking.', 'relation': 'didn’t make ', 'condition': 'If I choose not to speak due to that person'}]",cmv,,,,,
1rcllj7,"Hungary has been consistently sabotaging the EU efforts against Russia. No offence for Hungarian citizens, but the EU is having a hard time projecting a unified stance even without Hungary. I don’t know what to think anymore, is Hungary a Russian asset? Why does the EU keep showing weakness? We can’t afford to keep wasting precious time and resources. Ukraine is being bombarded in daily basis, Russia shows bad faith in negotiations, the US is a joke. We need to get our shit together and decide who is with us and who isn’t. We can’t keep dilly dallying, it’s a sign of indecisiveness and weakness, nobody is going to take the EU seriously if we keep going like this.
  
  Edit: I changed my view to a softer stance. The argument about Hungary’s energy dependence + self interest was quite convincing. I still think that going against strong common policies at perilous times should be taken seriously and maybe bring consequences.
  
  Edit 2: Some people have pointed out that there are elections coming soon in Hungary, so it would be a very bad time to punish Hungary in any form for the time being. I think that this is fair, maybe Orban will be voted out, only time will tell. Waiting seems more fair to me at the moment.","[{'e1': ' nobody', 'e2': 'the EU seriously', 'relation': ' is going to take ', 'condition': ' if we keep going like this.'}]",cmv,,,,,
1rcmb0o,"MCPS has to pay out 1.5 million to a couple of parents because the school district refused to maintain an opt-out process for LGBTQ lessons. The Supreme Court in Mahmoud v. Taylor 2025 sided with parents 6-3 rights to opt out their young children from these lessons. Presembly this ruling now applies nationwide.
  
  Polls show that a majority of Americans feel that LGBT issues should not be part of K-2 education at all, with support increasing each grade after that. In middle school support is split. In high school a majority support teaching those topics.
  
  While the Court has given parent's the right to opt their young children out, my view is that the majority views should be respected here and LGBT lessons should be dropped from elementary education for the following reasons:
  
  1. It's the majority national view and the will of the people should be respected.
  2. Certain LGBT topics poll better depending on the question, however, given LGBT has been treated as a unified umbrella by supporters, it should either be entirely allowed or entirely disallowed in the name of fairness. Again, polling suggests it should be entirely removed from elementary education. Creating carveouts isn't fair for more well supported subtopics.
  3. Mahmoud v. Taylor showed that teachers were unsatisfied with just exposing students to different ideas and people, but had been reinforcing moral lessons about those topics. This tells me that supporters are unlikely to ever be satisfied with the ability to teach that ""X people exist,"" a commonly used argument.
  4. This one is more anecdotal for me personally, but to me it is clear that liberals are intolerant of any conversation that would limit their idealogy to the point of banning critics from their spaces for anything critical of the ideology. Because I live in a liberal area, practically every space is ""their space."" Subreddits for my local communities will instantly permanent ban for any critqiue on these subjects. If liberals cannot host conversations on whether we should be teaching these topics to young children, then we should not allow it until those conversations are allowed.
  
  To change my views, someone would probably have to:
  
  1. Make a convincing argument against the four points above.
  2. Convince me that school districts have the right to groom young children towards a pro-LGBT idealogy.
  
  As for me personally, I tell my kids they are free to live and feel however they choose, but I am not convinced schools have the right to do these lessons on my behalf or that I can trust them to do it well. I do sympathize for the kids with unsupportive parents who grow up troubled by rigid world views, but frankly they can either wait until middle school, do a google search, or get indoctrinated on Reddit. I don't think these lessons need to be done in elementary school. Parental rights in elementary school should be prioritized.
  
  **Edit 1:**
  
  People keep asking for hard data on this. There's an abundance of polls and data out there. Here's just one that supports the idea we should keep LGBTQ lessons out of elementary:
  
  Polikoff et al., 2023
  
  [https://edworkingpapers.com/sites/default/files/ai23-838.pdf](https://edworkingpapers.com/sites/default/files/ai23-838.pdf)
  
  >“Respondents are mixed on whether LGBT topics should be taught, **opposing such teaching in elementary schools** … **Just 27% to 30% of respondents support teaching about LGBT issues in elementary schools**.
  
  Secondly, people keep asking what an ""LGBT lesson is."" I am not going to define that for you because it's both obvious and I think the fact this question is asked so frequently is a problem. The American public overwhelmingly does not support teaching about LGBT topics to young children, but liberals seem to be confused about what an LGBT issue is when everyone else seems to understand. People outside of this ideological bubble aren't having issues identifying or defining this term, but people inside are. All the more reason that liberals can't be trusted to teach these topics to young children if they can't even understand the definition.
  
  Edit 2:
  
  I am pleasantly surprised and refreshed that most people were able to discuss this without diving into hate. Thank you.
  
  Edit 3:
  
  This is coming up a lot, but people keep asking if I'd be opposed to a teacher saying ""Joey has two dads."" I'm going to refer to the Court's conclusions regarding this. Paraphrasing, the Court concluded that mere exposure to ideas and differences is acceptable without parental consent. Activities involving affirmations, endorsements, or adoption of value positions were not acceptable without parental consent. While I don't have any data on how these distinctions poll, I believe that the majority of the public would approve of mere exposure lessons without any affirmations, but I do not believe school districts are actually capable of conducting these types of lessons. Have you ever seen a picture book that just said ""Joey has two dads and we're not going to make any suggestions about whether or not you should accept that as a good thing?"" Probably not. Basically, in theory I'd be open to the idea of discussing changes that involved exposure without affirmations or endorsements, but I do not currently trust teachers and administrators to be able to successfully do this.","[{'e1': 'liberals ', 'e2': 'these topics to young children ', 'relation': ""can't be trusted to teach "", 'condition': ""if they can't even understand the definition.""}, {'e1': ' we ', 'e2': ' it ', 'relation': 'should not allow', 'condition': 'until those conversations are allowed.'}]",cmv,,,,,
1rcppqz,"Like what do you even accomplish setting yourself on fire? What is it supposed to do? The people you are protesting against won’t be swayed in the slightest because they already hate you. If a Republican set themselves on fire in front of me I’m gonna laugh and record a video and it’s gonna be on every gore site in the world within the next two hours. Why can’t you just set something else on fire? Literally all you are doing is hurting yourself, and the people who actually care about you because whatever politician or businessman you’re setting yourself on fire over certainly would not care. I can think of no examples where self-immolation was actually effective.
  
  It is completely illogical I rest my case.","[{'e1': ' I', 'e2': ' laugh and record a video and it’s gonna be on every gore site in the world within the next two hours', 'relation': ' am gonna', 'condition': ' If a Republican set themselves on fire in front of me'}]",cmv,,,,,
1rculic,"Example: being black in North America.
  
  Clarity: minority race in the normal definition and/or if the people in power are specifically discriminating against this race
  
  A disability is defined as: a physical, mental, cognitive, or developmental condition that impairs, interferes with, or limits a person's ability to engage in certain tasks or actions or participate in typical daily activities and interactions (Merriam Webster). 
  
  Melanin concentration is a physical characteristic... That counts as a physical condition: the person is in a condition of x melanin concentration. Many commonly recognized disabilities such as autism does not directly prevent someone from doing certain tasks, actions, or daily life... It is society's inability to accommodate them and rigid norms that makes them unable to complete those things. If they were fully accommodated, they could do all of those things. (That doesn't apply to every disability, but there are many in which this is the case). 
  
  Knowing that and knowing that our society is still racist in general, (I will note that my experiences come from north America and Europe, but I have heard of discrimination due to skin color on other continents as well, just can't first hand verify it) being of the minority melanin skin tone results in racism which limits participation in certain tasks, actions, and parts of daily life. 
  
  I think that the reason people don't classify it as a disability is because they think it's a bad word and that disabilities can't be contextual. Some disabilities are contextual, that's not what I'm questioning. Some disabilities are only disabling because of an ableist society that is unable to accommodate them. I truly do not see the difference in definition, it seems to be a societal perception because it's still considered okay by many to think of disabled individuals as less. Saying that an individual in the race minority is disabled in that scenario does not mean anything negative about that person's skin color to me, it's just a statement of their experience.
  
  I will note, I'm autistic. You will do best to get through to me with logic most likely. I wouldn't call someone of minority skin color disabled in any context currently, but that's because I'm trying to respect social conventions and not offend. The concept of calling a person with the minority skin color disabled doesn't sit right with me, but I think that's because I try to conform to societal context... I'm posting here because I feel like I could be missing some other piece that makes it completely unfathomable. Also, there are lots of slightly different definitions of disability: I'm using the Merriam-Webster one as the reference for this conversation.
  
  I'm excited to see what I'm missing. 
  
  Edit: Mkay, mind changed. Disabled people and people of color can be defined as oppressed. This puts them into a category that acknowledges both have struggles caused by society (which is what I was getting at in my brain) but doesn't devalue the term disability. I have no interest in devaluing the term disability but felt that social conventions and systemic injustices caused them to be disadvantaged rather than what they are actually disadvantaged by. Thank you kind people, I knew my brain was missing something but I couldn't pin point it.","[{'e1': ' they ', 'e2': 'all of those things', 'relation': 'could do ', 'condition': ' If they were fully accommodated'}]",cmv,,,,,
1rcx6i7,"There's a *lot* of hand-wringing in the media about the U.S. national debt and how large it is getting, even compared to the U.S. GDP. I believe this is due entirely to fear-mongering and misconceptions about what the U.S. national debt *is*. Here's why I hold that view; please change my mind if you can. I've numbered the various propositions for your convenience in attacking the position.
  
  (1) The dollar is a debt-based fiat currency. The national debt represents nearly all of the currency reserve (MB) from which dollars (M2, etc.) are made.
  
  (2) *Paying off* the Federal debt would be disastrous because it would eliminate most of the dollars from the world, essentially eliminating the currency. Even paying off part of the Federal debt would cause a deflationary crash.
  
  (3) Balancing the Federal budget would prevent further growth of M1, potentially preventing further growth of M2 or M3, and likely causing a deflationary crash.
  
  (4) A growing national debt is not a problem in the sense that it requires resources to pay off, because it should never be paid off.
  
  (5) Debt-to-GDP ratio is not a measure of how indentured (sic) the government is, it's a measure of how important the dollar is to the world economy as a whole, because:
  
  (5a) Labeling federal debt as D: D ≅ MB and L = k MB ≅ k D for some (approximate) constant k that includes things like the statutory fractional reserve ratio, the effect of leveraged investments, and so forth. 
  
  (5b) The GDP is the amount of dollars in the U.S. economy, times the velocity of money in the U.S. So if v is the velocity of money (number of transactions per year) and α is the fraction of L that resides in the U.S., then GDP = α v L.
  
  (5c) From 5a and 5b, the debt-to-GDP ratio is just (L/k) / (α v L). The L's cancel and the ratio is 1/αvk. Holding the overall banking multipler constant, the main way that GDP/D can vary is either changes in the velocity of money (if people hold on to the extra dollars created by treasury bond releases) or changes in the fraction of U.S. dollars that are actually used in the U.S. (α). 
  
  (5d) If debt-to-GDP grows greatly and the velocity of money isn't changing much, then a large fraction of the U.S. dollars in existence are being circulated in other parts of the world.
  
  (6) Having the dollar be the reserve currency of the world has been really good for the U.S. economy.
  
  (7) conclusion: having a high debt-to-GDP ratio is not necessarily bad, and in fact is an indicator of U.S. dominance in the world economy. 
  
  What am I missing here?
  
  -------------------
  
  Edit: Thanks to /u/Big_Statistician2566 for pointing out, clearly and cogently, what I'm missing. Clearly there's a lot more to monetary policy than I've been carrying around in my head, and I'm now prepared to accept that the debt-to-GDP ratio is something that needs addressing (with the nuanced approach that /u/Big_Statistician2566 described -- not a five-alarm fire, but something to pay attention to as part of a balanced fiscal policy). I'll be in and out over the next couple of hours, but am glad to engage should folks wish to continue the discussion.","[{'e1': 'a large fraction of the U.S. dollars', 'e2': 'other parts of the world.', 'relation': ' in existence are being circulated in ', 'condition': ""If debt-to-GDP grows greatly and the velocity of money isn't changing much""}]",cmv,,,,,
1rd97jr,"There has been lots of discussion around whether or not an AI program which 'trains' on publicly available content is theft or not.
  
  
  I contend that if an AI program is not stealing when it 'trains' on a piece of work such as a painting, poem, book, or other piece of art, it is not stealing for an AI company to take the outputs from a competitor AI program and use them to train their own AI. In other words, if AI programs can absorb books and art without it constituting stealing, Deepseek can steal outputs from OpenAI or Anthropic to train their own model without having it constitute stealing.
  
  
  If training on copyrighted art isn’t theft because the model doesn’t “retain” it, then training on AI outputs shouldn’t be theft either. Same mechanism, same logic.","[{'e1': ' it ', 'e2': ' an AI company to take the outputs from a competitor AI program and use them to train their own AI', 'relation': 'is not stealing for', 'condition': "" if an AI program is not stealing when it 'trains' on a piece of work such as a painting, poem, book, or other piece of art""}, {'e1': ' Deepseek ', 'e2': 'outputs from OpenAI or Anthropic to train their own model without having it constitute stealing.', 'relation': 'can steal ', 'condition': 'if AI programs can absorb books and art without it constituting stealing'}, {'e1': 'training ', 'e2': 'AI outputs shouldn’t be theft either', 'relation': 'on ', 'condition': 'If training on copyrighted art isn’t theft because the model doesn’t “retain” it'}]",cmv,,,,,
1rdf2p9,"You probably seen those houses made of plastic bottles that claim to be eco friendly, right? They dont. The reason behind this is because if you just upcycle plastic to make houses, you will create more microplastics to float around the air and make us unhealthier. In other words, if the plastic house collapses or gets severely damaged, it is almost impossible to repair it and therefore all your house becomes useless trash that goes in the landfill. Plastic houses also arent really safe, so they wont actually provide protection against bullets unless its just lots of plastic huddled together to make tons of bulletproof layers, which makes more microplastics to appear.
  
  It is better to use leftover pallets than plastic waste because pallets are also quite wasted a lot, and theyre at least biodegradable because theyre usually made of wood.
  
  In conclusion, despite all the benefits plastic homes can offer, they still harm the environment like big toxic beams generating a lot of waste. After all, wood is better for building eco friendly homes because they also have a high quantity left and theyre biodegradable too.","[{'e1': ' you ', 'e2': 'more microplastics to float around the air and make us unhealthier', 'relation': 'will create ', 'condition': 'if you just upcycle plastic to make houses'}, {'e1': ' it ', 'e2': 'it', 'relation': 'is almost impossible to repair ', 'condition': 'if the plastic house collapses or gets severely damaged'}]",cmv,,,,,
1rdhx2t,"Edit 4: Putting all my edits on top instead of the bottom.
  
  Edit 3: I've seen some of the other sides of this issue both in this comment section and in various social media posts since I've posted this. I believe I may have oversimplified the conversation that is happening and why different people are reacting in different ways. 
  
  Consider my view revised to an understanding that this is not necessarily unique nor systemic to advocates of black issues. It just happens to put them more in the spotlight right now.
  
  Edit 2: Holy shit. I will not be responding further to comments making the case that he shouldn't have been there due to his disability. Assume he was fully within his rights to be there with your response, as any decent person should.
  
  Edit: The automod mentioned a potential issue with doing a CMV based around double-standards, but I cannot seem to locate that section of rules (mobile / small text). Totally understand if this post needs to be taken down though.
  
  ---
  
  The background: John Davidson is a disability activist with Tourettes. The most basic level of research into his medical condition will inform a person that John has zero control over his symptoms. 
  
  Furthermore and unfortunately, his main symptom is a tic which quite *literally and physically* forces him to say the most inappropriate thing possible in a given moment. At the BAFTAs, this unfortunately led to him shouting out the N-word while two black individuals were on stage.
  
  The reaction: While many are very understanding of John's condition, I have observed on social media, and particularly within spaces dedicated to advancing the interests of black people, a substantial amount of ignorant reactions. 
  
  These reactions range from comments suggesting he wouldn't have said the slur if it wasn't part of his regular vocabulary (assumes control and malice: ableist), to suggesting he shouldn't have attended the event if he was aware of his tic (ableist), to suggesting he should have apologized afterward (he has, but also: ableist to insist upon; he has no control over it).
  
  (Many have pointed out that the Jamie Foxx bit below is not entirely relevant here. I am crossing it out to avoid it as a red herring)
  
  ~~I will also cite Jamie Foxx's quote that, ""He meant that sh*t"" as evidence that these views are very public and have not faced substantial public condemnation *within* black spheres. This feeds my impression that these reactions are at least somewhat mainstream within the context of black communities.~~ 
  
  Why is this hypocritical instead of just wrong? Frankly, you don't have to look far to find a plethora of articles and posts by advocates of black issues about how it is *not black people's responsibility to educate white people* about racism, but white people's responsibility to be educated about it.
  
  A common theme in this type of statement is that it should not require education by black people, but empathy on the part of white people to become educated on black issues. Black people are the victim of racism and therefore should not be forced to bear the burden of educating others on their plight. And I strongly sympathize with this point of view, except that...
  
  If we are to apply this consistently, then the onus of responsibility is not on disabled people, but on the able-bodied, to have empathy for and become educated on the plight of the disabled. Able-bodied black people should not be excluded from this, and should be expected to have a level of understanding for neurological disorders strictly by virtue of empathy, unless we are to believe that black people are the only ones deserving of empathy.
  
  What would change my mind?
  
  A - Show me that (and how) the ""he's racist/shouldn't have been there"" reaction is only a fringe position among black people / black advocacy groups. 
  
  B - Show me that black advocacy groups by and large see it as the responsibility of black people and activists to educate and inform others as to their struggles. This would at least reduce the level of inconsistency here in my mind.
  
  C - There is some key and material fact that I have missed, which changes how the consistency or merit of reactions to this incident should be interpreted.","[{'e1': 'he ', 'e2': 'there ', 'relation': ""shouldn't have been "", 'condition': 'due to his disability'}, {'e1': ' he ', 'e2': 'the slur ', 'relation': ""wouldn't have said "", 'condition': ""if it wasn't part of his regular vocabulary""}, {'e1': 'he ', 'e2': ' the event ', 'relation': ""shouldn't have attended"", 'condition': 'if he was aware of his tic'}, {'e1': 'the onus of responsibility', 'e2': 'disabled people, but on the able-bodied', 'relation': ' is not on ', 'condition': 'If we are to apply this consistently'}]",cmv,,,,,
1rdnnuo,"There is a dopamine hit that some people get when they're able to paint self-righteous people as hypocrites. This dopamine hit overrides all logic and nuance.
  
  Whenever it is expressed that the Left are the ""real racists"" who engage in the ""racism of low expectations,"" it's usually far more nuanced and understandable than critics acknowledge or understand.
  
  What do I mean exactly? I'm talking about arguments like this:
  
  *The Left calls the Right racist for wanting to implement voter ID because it would exclude black people. Uh, news flash buddy: that's the REAL racism because the implication that black people are too stupid to get voter ID is ""racism of low expectations."" It means that the Left think black people are inherently stupid, obviously, and can't figure out how to get ID!*
  
  This is a dumb argument because:
  
  1. It's just objectively true that a disproportionate number of minorities lack photo ID; it's not a judgment or reflection of any particular character trait of that minority group, it can just be a fact.
  
  2. There is no specific reference or accusation of stupidity or any other inherent trait being responsible for this lack: it could be that black people are disproportionately far from a DMV, or work hours that prevent them from going: nothing to do with some inherent trait
  
  3. Getting ID could be confusing to *everyone*: that is to say, part of the problem with voter ID historically is that the ruling party has the power to make it DELIBERATELY confusing or inaccessible in order to shut out black people. Saying ""voter ID is racist"" is NOT saying ""because black people are too incompetent to get ID,"" it's saying, *the very notion of voter ID historically has been to exclude black people through deliberate strategies to exclude black neighborhoods, so it's possible something like this may be attempted again.* It's not a reflection of some specific, inherent incompetence.
  
  This is just one example (voter ID) but in MOST examples in which ""racism of low expectations"" is invoked, the reality is that real obstacles that would be tricky for ANYONE are conflated with an accusation of inherent incompetence.","[{'e1': 'There', 'e2': 'a dopamine hit that some people get ', 'relation': ' is ', 'condition': ""when they're able to paint self-righteous people as hypocrites.""}]",cmv,,,,,
1rdrgtr,"One story keeps coming up everywhere about Winter Olympics: two Chinese American women from California, Eileen Gu and Alysa Liu, both elite athletes, both raised in the Bay Area, both with roots in China. One competes for Team USA. The other competes for China. And somehow this has become a national loyalty test.
  
  People are turning ""Be an Alysa Liu"" into a slogan: be the one who chose America. Politicians are weighing in, calling Gu's choice a kind of betrayal. And on the other side of the ocean, Chinese nationalists have their own version of the same anger.
  
  Here's what I can't get past: we don't apply this standard to anything else.
  
  1. If a software engineer born in Ohio takes a job at a company headquartered in Berlin, nobody calls them a traitor. If a chef raised in Texas opens a restaurant in Tokyo, nobody questions their loyalty. We celebrate people who cross borders for opportunity in every profession except, apparently, sports.
  
  2. The counterargument I keep hearing is that the Olympics are different: they're about representing your country, not just yourself. The flag matters. The anthem matters. And I get the emotional pull of that. When Alysa Liu won gold, it meant something to a lot of people that she was wearing red, white, and blue - although probably same group of people or \*cough\* ICE \*cough\* are SO eager to kick “non-successful” immigrants so easily. 
  
  3. But here's what bothers me: the same people who say ""she owes it to America"" would never accept the reverse argument: that someone born in another country who moves here at age 5 and becomes successful owes their talent to the country they left. We'd say that person earned it, they chose where to be, and that's their right.
  
  My view is this: Talent belongs to the person who developed it. Not to the country that issued their birth certificate. Expecting someone to feel permanently indebted to the place they were born, especially someone who grew up between two cultures -like me- is a standard we apply selectively, and usually only when geopolitics makes it convenient.
  
  I think what's really happening is we're using athletes as proxies for bigger anxieties about loyalty and belonging that we haven't figured out how to talk about honestly. And I think that's unfair to Gu, to Liu, and to every kid growing up between two worlds who's being told they eventually have to pick one.
  
  Change my view.","[{'e1': ' nobody', 'e2': 'a traitor', 'relation': ' calls them ', 'condition': ' If a software engineer born in Ohio takes a job at a company headquartered in Berlin'}, {'e1': ' nobody', 'e2': 'their loyalty', 'relation': ' questions ', 'condition': ' If a chef raised in Texas opens a restaurant in Tokyo'}]",cmv,,,,,
1rdxtoq,"As you may or may not know, Mexico damn near descended into chaos the other day after a military operation that resulted in the killing of one cartel boss, El Mencho, took place. In retaliation, the cartel, CJNG, went on a terrorism spree, shoot\*ng up the international airport of Guadalajara, att\*cking grocery stores, k\*lling innocent civilians, wreaking havoc for havocs’ sake. They weren’t even targeting military personnel, they were intentionally terrorizing civilians to make going against the cartel unpopular, literally forcing the civilian populace into submission by fear. Hundreds of thousands, possibly millions, of Mexicans throughout the country were forced to stay in their houses or risk being purposely shot by the cartel.
  
  I was listening to someone talk about their experience and how they’re managing, and they ended their video with a surprising “fuck the president”. This shocked me, because I know that Claudia Sheinbaum enjoys a relatively high approval rating in Mexico for the most part. But apparently, and to the dismay of countless Mexicans, she’s more lax on the cartels than people would prefer. She calls the war against the narcos “unlawful” because it’s killing without trial and only increases the homicide rate in Mexico (which is true), and says that the war against narcos is something that “the conservatives” want but that her administration won’t partake in.
  
  And I get it. In an ideal world, everyone suspected of committing a crime — even terrorists— would face due process and go through a fair trial. But after what happened (and what is still going on), there gets to a point where the masses might stop caring about “the right to a fair trial” if it gets them results like El Salvador quicker. People are literally looking at El Salvador and saying that theirs is a model Mexico needs to follow. It’s sad. There are people saying that a couple of false arrests and convictions is a price they’re willing to pay to eliminate the narcos for good.
  
  I’m not going to pretend I know the solution to the narco problem. But it really does look like the patience of the masses is running out (or has already run out), and sooner or later, pro-Bukele sentiment is going to popularize in Mexico. An alternative to defeating the narcos quickly needs to happen immediately.","[{'e1': ' the cartel, CJNG ', 'e2': ' a terrorism spree', 'relation': 'went on', 'condition': 'In retaliation'}, {'e1': ' there ', 'e2': ' a point where the masses might stop caring about “the right to a fair trial” ', 'relation': 'gets to', 'condition': 'if it gets them results like El Salvador quicker'}]",cmv,,,,,
1rec7xd,"I'll start of by saying I'm not judging people for watching porn. I'm not moral policing, as everybody has the right to do whatever they please as long as it isn't harming anyone.
  
  But several studies https://pubmed.ncbi.nlm.nih.gov/27388511/
  
  https://pmc.ncbi.nlm.nih.gov/articles/PMC6155976/
  
  https://pmc.ncbi.nlm.nih.gov/articles/PMC10399954/
  
  https://www.scirp.org/journal/paperinformation?paperid=72840
  
  Of course you could argue that the causation is being misrepresented and its not porn leading to poor relationship quality but poor relationship quality leading to increased porn consumption.
  
  Just on a emotional level, I can't grasp how jerking off to other women while you are in a relationship is not disrespectful to the person you are in a relationship with. I understand that attraction is not controllable and being in a relationship doesn't mean you cease to be attracted to the other gender, but actively viewing pornography seems like you are further feeding into the extrapair bonding.
  
  there is a question of mismatched libidos, but I feel a compromise can be reached. If there was an open discussion on the topic.
  
  Something weird I noticed when going through the posts on reddit is, most of these anti porn in relationship posts are heavily critisized with the majority opinion leaning towards it being acceptable. With people saying that women are ""insecure"" for finding it unacceptable or that they are infringing on their bodily autonomy. What are your thoughts?","[{'e1': 'I ', 'e2': 'a compromise can be reached', 'relation': 'feel ', 'condition': 'If there was an open discussion on the topic'}]",cmv,,,,,
1rei5d0,"If you're looking at your words and feeling the need to clarify your sarcastic intent, you either haven't done it effectively or you don't believe that your audience will understand it. If it's the former, you need to do a better job articulating the irony. If it's the latter, you should read the room and understand that this isn't the right audience for sarcasm.
  
  I understand that it's supposed to exist in place of a sarcastic tone, but that's operating under the assumption that the tone of someone's voice is the \*only\* way in which you can interpret someone's sarcastic intent. Also, an intrinsic element of communicating irony is allowing the listener to process it on their own. Stopping to clarify it to them robs them of the process of interpreting the intent, which is, in my opinion, the power of sarcasm in the first place.","[{'e1': ' you ', 'e2': ' it effectively ', 'relation': ""either haven't done"", 'condition': ""If you're looking at your words and feeling the need to clarify your sarcastic intent""}, {'e1': 'you ', 'e2': 'your audience will understand it', 'relation': ""don't believe that "", 'condition': ""If you're looking at your words and feeling the need to clarify your sarcastic intent""}, {'e1': 'you ', 'e2': 'a better job articulating the irony ', 'relation': 'need to do ', 'condition': ""If it's the former""}, {'e1': ' you ', 'e2': ""the room and understand that this isn't the right audience for sarcasm."", 'relation': 'should read ', 'condition': ""If it's the latter""}]",cmv,,,,,
1rek4ri,"In the Snes era Big hitter would cost around 50-70$. Guess what Modern AAA games cost the same. The price of everything goes up with inflation and people think Games should stay as the same price that they had in the 90s? And I am saying this as a 3rd world country citizen who tends to pirate games. 
  
  Now I do understand the whole ""If Buying aint Owning then Pirating aint stealing"" thing but to say this is too expensive makes me laugh with how Snes game was priced just like Modern Ps5 game. 
  
  Not only that but to compare the ratio between every other daily need of today vs game price of the 90s AND the same thing but in today's world. Mate, you have access to way much more things with a way smaller ratio. Not to mention the quality of the technology too. Imagine showing a 90s kid Elden ring, and dont tell me about Modern Bad Games. Bad Games Exist in all eras.
  
  Edit: additional point: even though online store like steam has taken the advantage of owning a physical disk of the game but on the bright side. Steam sale exist, not only does region based price is apply to games (depend of publisher), but the sale is also pretty good, things like elden ring from 60 to 36. Not counting the fact that many other games are still amazing. Things like the Arkham Trilogy, those games are amazing and cost like 5$ for the whole thing during sale. This one is a little gray area but GOG also exist. It gives all the file you need to run the game and no 3rd party launcher to check those game what so ever. You can quite literally put those file in a flash drive, give it to your friends, they copy it and that would just be a click and play on the exe file. You could also share the file via things like GG drive, etc. In this case you bought the game and all of your friends get a free copy","[{'e1': ' Big hitter ', 'e2': '50-70$', 'relation': 'would cost around ', 'condition': 'In the Snes era'}, {'e1': ' Pirating ', 'e2': 'stealing', 'relation': 'aint ', 'condition': 'If Buying aint Owning'}]",cmv,,,,,
1rerjh6,"(I will disclose that I used AI to refine and provide formatting along with help typing due to issues with my hand)
  
  Formatting is being weird because I’m on my phone. My conditions is finding any “major” city that is as influential as Worcester
  
  First thing. You mispronounced it. It’s “Wooster.” That already tells you everything you need to know about how little this city should matter on paper.
  
  Worcester is not a cultural capital. We aren’t Nashville. We aren’t Seattle. We aren’t even on the I-95 corridor. We’re a post-industrial inland city of about 200,000 people with a complicated downtown and more college students than anyone knows what to do with. By every conventional metric of what makes a music market significant, we shouldn’t be in this conversation at all.
  
  And yet for nearly a century Worcester has functioned as something genuinely rare a truth test market. A place where genres, tours, and reputations get stress tested before they’re trusted nationally.
  
  1. It’s not about the list. It’s about who kept coming back.
  
  Sinatra opened our arena on its first commercial night. Dylan has used the Palladium for tour rehearsals before major launches. Prince, Springsteen, Radiohead, Nine Inch Nails, Kanye, Jay Z, OutKast, Tyler the Creator, and now artists who built their entire careers on SoundCloud have all played Worcester when they had absolutely no logistical reason to. Nobody is stopping here because it’s convenient. This city doesn’t create genres. It validates them.
  
  2. The Geography Problem
  
  The standard East Coast routing is a straight line. DC, Philly, New York, Providence, Boston. Worcester is not on that line. You have to deliberately turn inland to get here, which means every single tour that stops in Worcester made a conscious choice to do so. When major artists take that detour it’s because this market has a known reputation inside the industry for showing up and reacting honestly. You don’t add mileage and logistical headache for a secondary market. You do it for a destination that you know will tell you the truth about your show.
  
  3. The Palladium as a Genre Gauntlet
  
  The building itself is part of the argument. It’s a 1928 stone theater sitting on Main Street that from the outside looks exactly like an office building. I’ve lived here my whole life and driven past it without registering it was there. The only thing announcing that one of the most respected mid-size venues on the East Coast exists inside is a modest marquee and one LED sign. There’s a donut shop next door. If you don’t already know it’s there you will never find it.
  
  For metal and hardcore the Palladium is a global gatekeeper. The New England Metal and Hardcore Festival has run annually since 1999 and functions less like a concert and more like a legitimacy test for any band serious about that world. Killswitch Engage recorded Live at the Palladium here because this room carries a weight and credibility that no polished Boston club can replicate. Lil Darkie, one of the most genuinely countercultural artists working today, called a Worcester show the best of his life. These aren’t throwaway compliments. Artists don’t talk about secondary markets that way.
  
  4. Worcester Has Repeatedly Outperformed Bigger Neighbors
  
  In 1983 KISS canceled their Providence show due to weak ticket sales and redirected to The Centrum in Worcester where demand was so strong they eventually filmed the Turn On The Night music video there. Providence is a larger and more conventionally significant market. Worcester didn’t just fill the room, it became the better story.
  
  WAAF 107.3 FM was born here and spent fifty years dominating New England rock radio without ever following Boston’s lead. It dictated regional taste, launched national careers, and shaped what an entire generation of New Englanders listened to. It took a corporate buyout in 2020 to finally silence it.
  
  The Challenge
  
  Name another American city of roughly 200,000 people that isn’t a state capital, isn’t on the I-95 corridor, isn’t the birthplace of any major genre, and yet repeatedly functions as the primary proving ground for national music scenes across nearly every genre for close to a hundred years.
  
  Akron has history. Allentown has moments. Neither has this combination of A-list gravity and scene-level authority operating simultaneously across this many decades and this many genres.
  
  Worcester shouldn’t matter this much.
  
  It does anyway.
  
  Change my view","[{'e1': ' you ', 'e2': ' it.', 'relation': 'will never find', 'condition': 'If you don’t already know it’s there'}]",cmv,,,,,
1res73u,"Imagine this alternative labor regime, all employment has all benefits made mobile that goes with them wherever they work, and is not dependent on the employer. Health insurance, PTO, and pay would be tied to the individual wherever they worked. Every employer would hire employees and then contribute to the employees' accounts for their benefits and the employees would be able to bank or spend their benefits as they see fit. The funds that go towards PTO and health care benefits could be in interests bearing accounts or in funds that collectively invest in T-bills and municipal bonds. The employee, not the employer, would be competed for by health insurance companies (which I would like to see states and municipal governments offer coverage like public option competing with the private sector, similar to how Germany does it) creating downward pressure on costs for health insurance which is not present when the employer chooses insurance for a captured market of their employees.
  
  These mobile benefits would grant independence to the employees and be regulated to be funded by the employers at a base level on the hourly basis, and so there wouldn't be any savings for employers to keep their employees as part-time since they are obligated to provide contributions to the employees no matter how many hours they worked. For example, health insurance needs to be 8% of the agreed wages and PTO needs to be 12% or whatever, so if the payrate is $15 an hour health benefits would be $1.20/hr and PTO would be $1.80 above the $15/hr wage. This would also liberate employees who no longer would fear leaving an employer because of health insurance.
  
  I would also provide universal SNAP benefits of $50 a month, those who qualify for more would get more, but everyone would be able to elect to add more of their pre-tax dollars to their SNAP account thereby saving themselves for taxes that they currently pay on the income they spend on groceries. This would implemented in a 2nd New Deal that would be solving the problem of widespread issue of Americans working multiple jobs rather than the social safety net built for a single breadwinner who works for only one or two employers during their career.
  
  Basically what I'm looking for to change my mind is what would be the biggest pitfalls of something like this if implemented.","[{'e1': 'health benefits ', 'e2': '$1.20/hr ', 'relation': 'would be ', 'condition': 'if the payrate is $15 an hour '}, {'e1': 'PTO', 'e2': '$1.80 above the $15/hr wage', 'relation': ' would be ', 'condition': 'if the payrate is $15 an hour '}]",cmv,,,,,
1rew2yt,"From what I have read in these files these people are all rich and powerful enough so that they should, in my opinion, easily be able to stop the release of things that would genuinely impact them. When you really think about it, the common people have already lost. You already have companies like Palantir, basically an plant to control everything you see (eventually, most likely) in place. I do not believe that the Epstein files and such that we see are a form of justice or an exposure of the real rich and powerful. In my opinion, this is something that is desired. I just don't know what group of people is pushing it to happen. 
  I know this is most likely just going to be considered a conspiracy theory but we live in a world where literally nobody will do anything if it does not directly affect them. This is already evident with these files. Literally every rich, powerful, and influential person is now apparently a child rapist - and nothing has happened. In my eyes, if this interconnected web of people was truly able to have such an operation and everybody was so close to one another to control the world, the Epstein Files would not have released or gained traction if it actually impacted those in power. In my opinion, these files were allowed to be released because maybe a specific group of people/country/organization wants it to happen to bring a regime change that puts them in even more power.
  
  Maybe I am just a pessimist but I don't see a reality where an already clearly turbo corrupt government would let all this information out if it actually affected the interests of those in power.
  
  Essentially, I think it is one of two options: 
  1. They quite literally do not care because these people know that nothing will happen and they do truly control the world and them being 'exposed' does not affect them
  
  2. These files are purposely \*allowed\* to gain traction and to expose these powerful people because it is for the benefit of likely someone or some group that has even more power, using the aftermath for their own benefit
  
  TL;DR if the top of the world rich and elite actually felt threatened by the Epstein files we probably wouldn't have even heard of this guy on major news networks","[{'e1': ' the common people ', 'e2': ' lost', 'relation': 'have already', 'condition': ' When you really think about it'}, {'e1': ' this', 'e2': 'something that is desired', 'relation': ' is ', 'condition': 'In my opinion'}, {'e1': 'we', 'e2': 'nobody will do anything ', 'relation': ' live in a world where literally ', 'condition': 'if it does not directly affect them'}, {'e1': 'the Epstein Files ', 'e2': 'released or gained traction ', 'relation': 'would not have ', 'condition': ' if this interconnected web of people was truly able to have such an operation and everybody was so close to one another to control the world'}, {'e1': 'the Epstein Files ', 'e2': 'released or gained traction ', 'relation': 'would not have ', 'condition': 'if it actually impacted those in power'}, {'e1': ' these files ', 'e2': 'a specific group of people/country/organization wants it to happen to bring a regime change that puts them in even more power.', 'relation': 'were allowed to be released because maybe ', 'condition': 'In my opinion'}, {'e1': ' we ', 'e2': 'this guy on major news networks', 'relation': ""probably wouldn't have even heard of "", 'condition': ' if the top of the world rich and elite actually felt threatened by the Epstein files'}]",cmv,,,,,
1rf02n7,"I’m tired of Reddit sleeping on the thunderous might of the apex predator known as Humanity.
  
  An average human male is over five and a half feet tall and - if reasonably fit - weighs about 160 pounds. He can stand upright, close his hand into a natural club, kick like a mule, and rotate his body to produce torque in ways no other primate can emulate. While less powerful pound for pound at direct pulling, humans have superior stamina and more importantly: vastly superior analytical ability.
  
  The average male chimp is about 100 pounds. It is superior to a human only in pound for pound pulling strength and bite force. An argument can be made that its shorter and more compact frame is better suited to grappling, but it has to drag the human to the ground for that to matter - and even then, the weight disparity remains in the man’s advantage even accounting for a pound-for-pound strength differential.
  
  Chimps have only successfully killed older people or children when acting alone, and have had mixed results mauling adult men even in packs of three or more.
  
  In a no holds barred fight, a human has many advantages at range. He can kick and stomp; a well planed kick could end the fight outright. At range, the chimp has no answer except to close distance.
  
  Closer in, the man can use one hand to grab the chimp and another to repeatedly punch its face. He can use knees and rotating elbow attacks - something a chimp cannot do at all. Alternately, a typical man is strong enough to just pick the chimp up and slam it to the ground repeatedly.
  
  He has all these advantages - without - a weapon. Put a decent sized rock or stick in the arena, and it gets even worse for the chimp.
  
  This does not mean the man will walk away clean. The chimp is more than capable of hurting the man and if it gets a good bit in might cause serious damage.
  
  But, if push comes to shove - my money is on my fellow sapien bro.","[{'e1': 'he ', 'e2': '160 pounds', 'relation': 'weighs about ', 'condition': 'if an average human male is reasonably fit'}, {'e1': 'Chimps ', 'e2': 'older people or children ', 'relation': 'have only successfully killed ', 'condition': 'when acting alone'}, {'e1': ' a human ', 'e2': ' many advantages at range', 'relation': 'has', 'condition': 'In a no holds barred fight'}, {'e1': 'The chimp', 'e2': 'serious damage.', 'relation': 'might cause ', 'condition': ' if it gets a good bit in'}, {'e1': ' my money', 'e2': 'my fellow sapien bro.', 'relation': ' is on ', 'condition': 'if push comes to shove '}]",cmv,,,,,
1rf6mpj,"Right off the bat, people are going to ask what I mean by feminism. There are so many different meanings, right? 
  
  Well, yes there are and I won’t deny that some manifestations of feminism — and some self-described feminists — are toxic or obnoxious.
  
  However, I believe that the central idea - that women are intellectually and morally equal to men but that women have been systematically abused and exploited for thousands of years - is sound and just.
  
  Moreover, I think that the advent of feminism in the early Industrial Revolution illustrates that the movement, like pretty much all political developments, is primarily economic in nature. As humanity shifted from a world dominated by physical labor and subsistence agriculture to one defined by machine production, wage labor, science, and modern medicine, brute strength mattered less, large families became less economically necessary, pregnancy became safer, and contraception became possible.
  
  As a result, women are now able to rival men in economic production and are free to experiment with sex. Both developments are profoundly incongruous with our global agricultural heritage, yet were made inevitable by technological advancement.
  
  The chief arguments against feminism as I understand them are that it’s disruptive to traditional family structures, that it minimizes the struggles of men and that it has outlived its usefulness because equality has been achieved. I don’t believe any of these arguments holds up to scrutiny.
  
  Yes, feminism is challenging to established norms but so is democracy, so is liberalism and so is any technological advancement. We should not resist advancing freedom and opportunity to 50% of the population because it makes some people uncomfortable.
  
  Yes, some people do scoff at the cultural and emotional barriers that now face men — particularly young men and boys — and that is unjust. I think that is clear. But the solution is not a return to a male dominated society. Two wrongs don’t make a right.
  
  But feminism has clearly not been fully realized. We live in a world where the most powerful man on the planet bragged about sexually assaulting women and still received millions of votes after those statements were revealed, where it was uncovered that that some of the most influential men in science, technology, entertainment, academia and politics were cavorting with a sexual trafficker of young girls, and where millions, if not billions of young females are subjected to appalling physical abuse and legal discrimination across the Global South. Full equality still has a long way to go.
  
  Feminism is good, and it is still needed. Change my view.","[{'e1': ' the most powerful man on the planet ', 'e2': 'sexually assaulting women and still received millions of votes ', 'relation': 'bragged about ', 'condition': 'after those statements were revealed'}]",cmv,,,,,
1rfeyyu,"Here's one [video](https://youtu.be/9FSKknnTD1g?t=72) of the incident that I'm basing my view on.
  
  Everyone throwing between 1:22 and 1:24 be charged. Officers are walking away with their backs turned, clearly not consenting to being hit.
  
  Everyone throwing between 1:40 and 1:44 should be charged more significantly. Officers are retreating to their vehicle and clearly signaling and telling people to stop.
  
  The person throwing at 1:17 should not necessarily be charged, as the office is facing forward, and the ball hits the torso instead of the face. It may not be obvious that the officer is not participating in the fight. I'm willing to give the thrower the benefit of the doubt here.
  
  Doing this kind of stuff to armed officers is so incredibly stupid and dangerous for everyone. Two officers were injured.
  
  Secondly, I think Mamdani is a fucking [disgrace](https://abc7ny.com/post/nypd-snowball-fight-zohran-mamdani-doubles-down-says-people-pelted-officers-should-not-charged/18650516/) defending violence against the NYPD because he's condoning confusing them with ICE.
  
  >""I've said that what I saw was a snowball fight. It should be treated accordingly. It was one that got out of hand. But that's what it was,"" he said
  
  >""Some people were confused, I think because they thought they weren't NYPD, they were ICE, or they were working with ICE.""
  
  What I see in this footage is not a snowball fight, but agitators using the situation to attempt to legally assault officers. I believe Mamdani knows this, but is essentially lying in the name of appealing to the public.
  
  I don't think the charges should be particularly punishing, but they need to happen to send a message. I think 60 hours of community service is reasonable. I also don't think this should be a nationally noteworthy story, but Mamdani refusing to call it what it is really makes me question his judgement.","[{'e1': 'The person throwing at 1:17 ', 'e2': 'charged', 'relation': 'should not necessarily be ', 'condition': 'as the office is facing forward, and the ball hits the torso instead of the face'}, {'e1': 'Some people ', 'e2': ' confused', 'relation': 'were', 'condition': ""because they thought they weren't NYPD, they were ICE, or they were working with ICE.""}]",cmv,,,,,
1rfn7ij,"This is a view I've only had for about an hour, so it may be easy to change! :)
  
  I've been thinking about the current polarization within the US and whether the real problem is the disagreement itself or how we assess morality, especially when there is disagreement. For this discussion, the ""teams"" I'm referring to are US political parties. I’m not arguing against political parties but rather I’m concerned that a lot of people stop using moral reasoning and instead determine morality based on what is acceptable to their team. More specifically, I'm referring to people:
  
  * Treating political affiliation as a complete moral identity 
  * Framing opponents as morally deficient rather than differently reasoned
  * Reducing complex ethical questions to black-and-white judgments, without consideration for moral principles or philosophies
  * Assuming that if something is socially acceptable within one’s group, it is therefore ethically justified
  
  For example, if someone is against a particular action when it harms their party but is for it when it harms the other party and there is no moral reasoning to explain the difference, this isn't a moral evaluation at all. History shows us that during periods of pplarization, societies sometimes justify ethically questionable actions out of fear or loyalty. I believe this wouldn't happen as much if people maintained their own moral reasoning, even if every one of their conclusions aligns with their team. I'm trying to avoid partisan examples, so some general ones could be: calling one president's pardon of a criminal moral but not pardons from another president; being OK with free speech restrictions only depending on if they help your party, excusing criminal activity from one politician and not another. Not to say there can't be moral reasoning to arrive at different conclusions in similar circumstances, but my point is that most people do not and allowing that to be commonplace weakens the structural conditions that allow democratic societies to function (acceptance of legitimate opposition, commitment to procedural rules, willingness to accept loss, recognition of shared civic membership).
  
  Ethics is a pluralistic field; there are multiple serious moral frameworks, and they often conflict in hard cases. This is something US society overall accepts, as our rules and laws don't follow a single moral philosophy. Rather, discussion and debate about moral reasoning is what caused/s evolution of rules, laws, and social norms. I believe this pluralism is necessary for democracy to be successful, but we put no focus on it as a society and in fact do the opposite by encouraging people to focus on what is socially acceptable. My view is that democracy requires pluralism. Not just diversity of people, but diversity of moral reasoning. 
  
  TLDR: Partisanship is necessary, but when moral reasoning is replaced by tribal certainty, pluralism erodes, which weakens democracy.
  
  ETA: im not comparing parties in any way or saying anything about accepting views. Im saying if you call someone/something immoral, you should back up that claim with moral reasoning.","[{'e1': ' it ', 'e2': 'ethically justified', 'relation': 'is therefore ', 'condition': 'if something is socially acceptable within one’s group'}, {'e1': ' this ', 'e2': 'a moral evaluation at all', 'relation': ""isn't "", 'condition': ' if someone is against a particular action when it harms their party but is for it when it harms the other party and there is no moral reasoning to explain the difference'}, {'e1': 'societies ', 'e2': 'ethically questionable actions out of fear or loyalty.', 'relation': 'sometimes justify ', 'condition': 'during periods of pplarization'}, {'e1': 'this ', 'e2': 'as much ', 'relation': ""wouldn't happen "", 'condition': 'if people maintained their own moral reasoning'}, {'e1': 'being OK', 'e2': 'free speech restrictions', 'relation': ' with ', 'condition': ' only depending on if they help your party'}, {'e1': 'I', 'e2': 'this pluralism is necessary ', 'relation': ' believe ', 'condition': 'for democracy to be successful'}, {'e1': ' you ', 'e2': 'that claim with moral reasoning. ', 'relation': 'should back up ', 'condition': 'if you call someone/something immoral'}]",cmv,,,,,
1rfoesn,"Firstly, this is purely based on the amount of files released till right now.
  
  In the emails surrounding Bill Gates, direct interactions, third party mentions and so on, many of them were more about actual business rather than pedophillia. The one draft sent by Epstein to himself, also mentions Gates sleeping with Russian ""hookers"", aka prostitutes, which is important. Yes, Bill Gates had affairs with women on the island. But the women he had affairs with were not children, they were actual adult prostitutes. As far as I remember, there was also a part about him sleeping with some ""married woman"".
  
  As I interpret Gates relation with Epstein, it goes only till business ventures. And about that email? That email was most probably written by Gates' scientific advisor, Boris Nikolak to Gates when he got fired, and Epstein got his hands on that email so he sent it to himself, saving it as blackmail material. Because the email talks about being ""fired"", which Epstein would not say to Gates. Only Boris Nikolak would be saying that to Gates, since *coincidentally* Nikolak got fired around the same time as that email was dated. Gates probably took help from Nikolak to get some Russian hookers, then Gates gets stds from one of them and unknowingly passes it on to his wife, which explains him trying to get his wife antibiotics ""without her knowledge"", so that she doesn't get to know of the affairs. Nikolak uses this to blackmail him, and Epstein further gets his hands on this email and saves it to possibly blackmail Gates later on. That's very different from pedophillia, which is a crime. But having affairs is not really one.
  
  So yeah he did cheat on his wife and have affairs, that is very immoral of him, but really I can't see the part where he *explicitly raped children*. And having affairs with hookers behind your wife's back isn't really a legal crime. The women he was having affairs with were all actual prostitutes and maybe some married woman too, since that was mentioned somewhere.
  
  As far as I've heard he did confess his affairs in the Gates Foundation recently. He talked about 2 women, maybe there could be more he had affairs with. But affairs aren't a crime unlike pedophilia. So far though there wasn't any proof of him sleeping with kids. Even in witness testimonies, there has not really been any underage victim of Epstein who said anything about Gates. Gates' photos were with actual grown up women not with kids. So I am interpreting he slept with actual prostitutes rather than kids.
  
  I am no defender of Gates though. Gates may have been involved in other criminal acts through his shady foundation, and that he's no saint, since he is guilty of associating with a sex offender. My point is merely that he did not commit pedophilia","[{'e1': ' there ', 'e2': ' a part about him sleeping with some ""married woman"".', 'relation': 'was also', 'condition': 'As far as I remember'}]",cmv,,,,,
1rg0pxr,"[Every Friday](https://www.reddit.com/r/changemyview/wiki/freshtopicfriday), posts are withheld for review by the moderators and approved if they aren't highly similar to another made in the past month.
  
  
  
  This is to reduce topic fatigue for our regular contributors, without which the subreddit would be worse off.
  
  
  
  [See here](https://www.reddit.com/r/changemyview/wiki/freshtopicfriday) for a full explanation of Fresh Topic Friday.
  
  
  
  Feel free to [message the moderators](https://www.reddit.com/message/compose?to=%2Fr%2Fchangemyview) if you have any questions or concerns.","[{'e1': ' posts', 'e2': ' the moderators and approved', 'relation': ' are withheld for review by', 'condition': "" if they aren't highly similar to another made in the past month""}, {'e1': 'Feel free ', 'e2': 'the moderators', 'relation': 'to message ', 'condition': 'if you have any questions or concerns.'}, {'e1': 'posts ', 'e2': 'the moderators and approved ', 'relation': 'are withheld for review by ', 'condition': 'Every Friday'}, {'e1': 'posts ', 'e2': 'the moderators and approved ', 'relation': 'are withheld for review by ', 'condition': ""if they aren't highly similar to another made in the past month.""}, {'e1': 'Feel free ', 'e2': 'the moderators', 'relation': 'to message ', 'condition': 'if you have any questions or concerns'}]",cmv,,,,,
1rgkhnb,"I've been on a zombie movie kick recently. While watching these movies, I couldn't help but think of how easy it would be to survive zombie ""apocalypses"" where the infection can only be spread directly through bodily fluids (primary blood/blood or blood/saliva). 
  
  First, let's talk about intelligence. Zombies mindlessly pursue human flesh - they are not cognitive peers to the uninfected. They lack the ability to solve multi-step or complex problems. If an uninfected human is taking shelter in an abandoned car, the zombie's solution is to bang on the windows until they break, rather than seek out a tool to help gain access to the vehicle (key to open the lock, rock to break the glass, etc). This makes physical barriers like doors, walls, ditches, fences, etc. extremely effective in preventing the infected from gaining access to you. Multi-story buildings could be rendered inaccessible to the infected by barricading the staircases leading up from the ground floor - something that a few residents could accomplish with the furniture from their offices or homes. Additional barriers could be erected at each floor, or to each unit, for additional security if necessary. Single-story buildings are more vulnerable, but can still be secured easily by blocking doors/windows with material that can't easily be broken through or pulled off. Even if you were caught in the open, using your superior intelligence to navigate through barriers would give you a good chance of escaping from a pursuing zombie. We can further leverage our intelligence by distracting or diverting zombies away from us, such as by setting up a speaker in an area that we want zombies to congregate in. 
  
  Next, let's talk about physical vulnerability. Zombies are susceptible to physical damage and deterioration. This is a major bonus for humanity, because even zombies that can persist until their brains are destroyed can be rendered less threatening through physical trauma. Humans in defensible positions can easily inflict such damage upon zombies - such as by throwing items from the windows of multi-story buildings onto the zombies below, or by directly attacking the zombies with weapons. Even simple, makeshift weapons that can be made out of almost anything can be used to pick away at zombies trying to gain access to secured areas. Zombies might also be susceptible to environmental and ecological factors depending on their climate - eg freezing in colder climates or being gradually picked away by insects or other pests in warmer climates. These vulnerabilities would cause the zombie population to decline rapidly after the initial outbreak, especially as military and police organizations began to respond. 
  
  Next, let's talk about protective equipment. If someone does have to venture out of their secure area, they can easily protect themselves by wearing appropriate safety equipment. If your clothing is difficult to bite through and you keep your eyes/mouth/nose/open wounds covered, you're much more likely to survive an encounter with an individual zombie or small number of zombies. This could be accomplished by wearing attire that you already own (leather jackets, glasses, etc) or by making your own ""armor"" out of what is available to you. This could be as simple as duct-taping some harder plastic or metal around yourself, or even just wearing thick enough clothing that a zombie's teeth won't penetrate through to your skin. 
  
  Lastly, let's talk about human survival. My view is that humans could control the zombie problem before we began to struggle with our own survival needs. We would only need to rely on our existing stores of food/water/medicine until the outbreak was controlled or the risk posed by zombies was reduced to the point that we could venture out in search of supplies without significant risk. Authorities could support those in areas experiencing outbreaks by redirecting supplies from areas that are already controlled.","[{'e1': "" the zombie's solution "", 'e2': 'the windows until they break', 'relation': 'is to bang on ', 'condition': ' If an uninfected human is taking shelter in an abandoned car'}, {'e1': 'Additional barriers ', 'e2': 'each floor, or to each unit, for additional security ', 'relation': 'could be erected at ', 'condition': 'if necessary.'}, {'e1': ' they ', 'e2': 'themselves by wearing appropriate safety equipment.', 'relation': 'can easily protect ', 'condition': 'If someone does have to venture out of their secure area'}, {'e1': 'you', 'e2': ' an encounter with an individual zombie or small number of zombies', 'relation': ' are much more likely to survive', 'condition': 'If your clothing is difficult to bite through and you keep your eyes/mouth/nose/open wounds covered'}]",cmv,,,,,
1rhh5ti,"Foreword: I understand that the United States of America is not ideologically neutral. It was founded on certain moral principles and their foreign policy reflects that to this day. To paraphrase their declaration of independence, they believe ""it is the right of the people to alter, abolish, or institute a new government as shall seem most likely to effect their safety and happiness."" Many cynics imply that their position against communism, theocracy, and autocracy is more of a justification to cement their hegemony (e.g. 'Manifest Destiny'). There is something to that, but it is also true that they ideologically oppose such forms of governments. This is why we see Trump beginning his speech with America's interests, but ending with a promise to the Iranian people:
  
  > Finally, to the great, proud people of Iran, I say tonight that the hour of your freedom is at hand. Stay sheltered. Don’t leave your home. It’s very dangerous outside. Bombs will be dropping everywhere. When we are finished, take over your government. It will be yours to take. This will be, probably, your only chance for generations. For many years, you have asked for America’s help, but you never got it. No president was willing to do what I am willing to do tonight. Now you have a president who is giving you what you want. So let’s see how you respond. America is backing you with overwhelming strength and devastating force. Now is the time to seize control of your destiny and to unleash the prosperous and glorious future that is close within your reach.
  > (Donald Trump's statement on Iran, February 28, 2026)
  
  I understand how, from this ideological stance, it can seem morally impermissible to concede Taiwan to China. Prominent American politicians frequently refer to the Chinese Communist Party as authoritarian, suppressing dissent, and antithetical to freedom. I am not here to argue that the Taiwanese people would prefer joining the mainland. Only that America is not omnipotent and cannot afford every war. They lost the China-backed Viet Nam War, and could not stop the China-backed People's Republic of Korea from establishing itself on the northern half of the peninsula. Whether or not America can defeat a China-backed Iran, the more important question is, can they can do it while defending Taiwan?
  
  -----
  
  First, it is necessary to establish the motives for each party in this war.
  
  1. The United States of America. I think the United Kingdom's prime minister summarized his—and his close ally's—position well:
  
  > But we have long been clear—the regime in Iran is utterly abhorrent. They have murdered thousands of their own people, brutally crushed dissent, and sought to destabilize the region. Even in the United Kingdom, the Iranian regime poses a direct threat to dissidents and the Jewish community. Over the last year alone, they have backed more than 20 potentially lethal attacks on UK soil. So it’s clear—they must never be allowed to develop a nuclear weapon.
  > (Keir Starmer's statement on Iran, February 28, 2026, translated to American English)
  
  2. Islamic Republic of Iran. I would recommend reading the Iraqi Saddam Hussein's letter to the American people. Iran and Iraq have been allies for the past few decades, and the Supreme Leader Ali Khameni's position is similar to Saddam Hussein's. A short excerpt from that letter:
  
  > Your successive administrations have killed one million and a half Iraqis in eleven years as a result of the blockade it has imposed on Iraq.
  > ...
  > Isn't it a paradox, and double standards, to accuse a citizen of fanaticism, to denounce his fanatic attitude and then to mobilize armies against him, and against the country in which he is living, on the basis of nothing but suspicions?
  > ...
  > The Arabs and Muslims did not cross the Atlantic, as invaders or aggressors. They did not colonize America. It is America that brought them all kinds of sufferings. If any of your rulers says something different, please discuss it with them. For example, if they say that they crossed the Atlantic to make sure that you get your oil supplies, tell them that oil is guaranteed by mutual interests and non-aggression, not by aggressions, killing, violating other people's rights, and destroying all sanctities.
  
  However, this excerpt would be incomplete without one last paragraph:
  
  > I know that Arabs are far from being fanatic. Do you know why? Because, God, the Almighty, assigned them with the mission of delivering the messages of all religions to humanity, and not to Arabs alone. They have fulfilled their mission, so that all Christianity is now indebted to Arabs for guiding them to Faith, which God wanted them to have when, He made it possible for them to reach you, or for you to reach them, so that you know what they believe in, and be affected by it.
  > (Saddam Hussein's *Letter to the American People*, July 7, 2006)
  
  This mindset—that their religion is the God-given truth, and anyone they conquered should be grateful for being led to the faith—is not unique to Islam. However, it is not much of a defense to say *others* are fanatic. It is also the case that, with the West's freedom regarding religion and China's domestic-focused policy, the rest of the world has toned down such fanaticism. This is why leaders in other countries look at the Saddam Hussein's and Ali Khameni's theocracies and call them fanatics and terrorist supporters.
  
  3. People's Republic of China. In a military press release last month:
  
  > Just like the mountain can never stop a flowing river from merging into the sea, the tide of history is unstoppable. Facts have proven that any attempt to contain or block China is doomed to fail. Following the principle of mutual respect, peaceful coexistence and win-win cooperation is the right approach for China and the US to deal with each other. We are willing to work with the US side to promote steady development of bilateral relations. At the same time, we will resolutely safeguard China's sovereignty, security and development interests. We hope the US side can take an objective and rational perception of China, hold the bottom line of non-conflict and non-confrontation, stop hyping up the so-called China military threat, stop inciting bloc confrontation, stop saying one thing while doing the opposite on issues concerning China's core interests, and make concrete efforts to promote sound and steady development of the mil-to-mil relationship.
  > (Jiang Bin, regular press conference on national defense, Jan 29, 2026)
  
  Also, a party line that frequently shows up in these press conferences:
  
  > The Taiwan question is China's internal affair, which brooks no external interference. No nonsense can disrupt the historical trend that China will eventually and inevitably be reunified.
  
  
  -----
  
  These are the three main parties' motivations. The USA wishes to defend Taiwan against China, Israel against Iran, and the rest of the world (in particular the West) against the threat of terrorism backed by a nuclear-capable Iran. The Iranian regime wishes to have nuclear capabilities—which they publicly claim as for power plants—and for the USA to stop Israel and oil colonialism in the Middle East. The PRC wishes to unify with the ROC while maintaining a reputation of civility. This had led to the following:
  
  1. Iran working on nuclear capabilities.
  2. The USA air-striking their nuclear facilities (Jun 22, 2025) and embargoing Iran (Sep 2025).
  3. Iran undergoing economic difficulties, leading to protests and a violent quelling by the regime (Jan 2026). Also, continuing to work on nuclear capabilities.
  4. The USA launching more strikes, this time on government facilities (Feb 28, 2026).
  5. China negotiating arms deals with Iran (2020s).
  
  China is ideologically opposed to the Iranian theocracy, perhaps more so than the USA. However, as long as the USA remains belligerent on the Taiwan issue, it can make strategic sense to supply arms to an enemy of America. This:
  
  1. Weakens the USA, forcing them to divert resources away from Taiwan.
  2. Helps them better understand America's capabilities.
  3. Bolsters their reputation as a voice of reason and ally to countries wronged by American imperialism.
  
  I do not believe America can afford to embroil themselves in a China-backed Iranian conflict. Their reputation has already taken a substantial hit among their European allies. Their weapons systems have yet to adapt to drone warefare; in the Houthi conflict and the Iranian drone attack on Israel, they spent million-dollar missiles to shoot down thousand-dollar drones. Their manufacturing base is atrophying, their education system is collapsing, and their domestic issues are exacerbating. Finally, the change of wording in their national defense strategy suggests they are more willing to concede Taiwan—or less able to hold it. Compare their 2025 and 2026 reports:
  
  > (Jan 2025) In the long term, maintaining American economic and technological preeminence is the surest way to deter and prevent a large-scale military conflict. A favorable conventional military balance remains an essential component of strategic competition. There is, rightly, much focus on Taiwan, partly because of Taiwan's dominance of semiconductor production, but mostly because Taiwan provides direct access to the Second Island Chain and splits Northeast and Southeast Asia into two distinct theaters. Given that one-third of global shipping passes annually through the South China Sea, this has major implications for the U.S. economy. Hence deterring a conflict over Taiwan, ideally by preserving military overmatch, is a priority. We will also maintain our longstanding declaratory policy on Taiwan, meaning that the United States does not support any unilateral change to the status quo in the Taiwan Strait. We will build a military capable of denying aggression anywhere in the First Island Chain.
  
  > (Jan 2026) President Trump seeks a stable peace, fair trade, and respectful relations with China, and he has shown that he is willing to engage President Xi Jinping directly to achieve those goals. But President Trump has also shown how important it is to negotiate from a position of strength—and he has tasked DoW \[the Department of War\] accordingly. Consistent with the President's approach, DoW will therefore seek and open a wider range of military-to-military communications with the People's Liberation Army (PLA) with a focus on supporting strategic stability with Beijing as well as deconfliction and de-escalation, more generally. But we will also be clear-eyed and realistic about the speed, scale, and quality of China's historic military buildup. Our goal in doing so is not to dominate China; nor is it to strangle or humiliate them. Rather, our goal is simple: to prevent anyone, including China, from being able to dominate us or our allies—in essence, to set the military conditions required to achieve the NSS goal of a balance of power in the Indo-Pacific that allows all of us to enjoy a decent peace.
  
  Given the trajectories the USA and PRC are on, there are a few plausible scenarios for the next decade:
  
  1. The US intermittently airstrikes Iran until they finally build nuclear capabilities and nuke America.
  2. A US-backed Taiwan preemptively strikes China in the next couple years. China fights a drawn-out war, but ultimately their manufacturing capabilities beat out America's stockpile of weapons.
  3. The US invades a China-backed Iran. A few years later, China invades Taiwan. The US either fights a losing war, or completely gives up Taiwan.
  4. The US immediately concedes Taiwan, giving any Taiwanese who wish American citizenship. In exchange, China makes Taiwan a special administrative region for a few decades and supports the US invasion of Iran.
  
  Notice how I am not modeling Iran as a potentially reasonable party here. I have met fundamentalists of various religions and they are generally too dogmatic to compromise on issues like, ""I would prefer living as not a Catholic/Hindutva/Shiite"". The closest you can really get them to agree to is, ""well, it's unfortunate that I don't have the power to kill or forcibly convert you right now, but at least you will be tortured for eternity later."" I would prefer not to make this a debate about whether people are *actually* this fanatic; they are, but unless you have grown up very close to such a culture it can be hard to believe. However, if there is evidence that the Supreme Leader of Iran can be reasoned with—not that they say they can be reasoned with, but that someone has successfully negotiated with them to compromise on their religious principles in the past—that would be useful in modeling Iran better. That way, we can ask what other moves the USA could make to guarantee safety from nuclear terrorism. Unfortunately, the only guarantee is an alleged [fatwa](https://en.wikipedia.org/wiki/Ali_Khamenei%27s_fatwa_against_nuclear_weapons) on the use of nuclear weapons, which
  
  1. Is not necessarily a prohibition on their creation and dissemination (could be taqiyya).
  2. The justification, ""we will absolutely not do this because of our beliefs,"" as if ideological commitment is enough of a guarantee does not give much hope for ideological flexibility in other areas.
  3. Religious interpretations can be reevaluated. Several senior Iranian officials, including a prominent nuclear physicist, have made statements to this effect. ""According to the Leader’s opinion, going in this direction is now forbidden, because he is a religious authority; \[but\] maybe he will change his opinion tomorrow"" (Mahmood-Reza Aghamiri, [Reported by Iran International News](https://www.iranintl.com/en/202501076906)). Also, as I was writing the previous sentence, it came out that Khameni was killed. The new leader may not come to the same interpretation.
  
  This is why I think it is best to model Iran as a country that is more ideologically committed than America. America could give up on Viet Nam and Korea, eventually. I am suggesting it abandon Taiwan, and I think it could do so despite its ideological preferences. I think Iran is less compromising on ideological principles, and will continue to work towards a nuclear weapon and disseminate it for use against Israel or the USA unless they are physically incapable of it.
  
  So, under this model, the US must intervene in and probably invade Iran. If they do so while denying China's unification with Taiwan, then China is motivated to ""feed the crazy"". Will the US lose against Iran? Not really. But it will be enough of a distraction for them to lose their strategic interests in the South China Sea. Either way, the US will lose control of Taiwan, which is why I suggest they amicably hand it over today in exchange for concessions and to prevent an unnecessary war.
  
  -----
  
  Now, these are the strongest opposing arguments I am anticipating:
  
  **1. Taiwan's chip manufacturing is so important to US strategic interests in the next few years that it is worth worsening relations with China, up to and including a war in the near future.**
  
  In particular, artificial intelligence is on a trajectory to be massively useful economically and militarily in the next couple years. Some believe it has already surpassed the average human intelligence, or will do so in a few years, but even barring that, reinforcement learning, video, and world models require an immense amount of compute and GPU futures are continuing to rise in price. The ability to train robots to do physical tasks or drones in simulated combat requires that compute, and only Taiwan produces it.
  
  I think this is mostly true, but it misses China's capabilities. Their state-of-the-art is around half a year behind America's. America has to gamble that (1) the critical six-month window happens before China invades Taiwan (2) China does not recognize the critical window and sabotage Taiwan's chip manufacturing (3) China's AI capabilities do not catch up. (1) seems plausible depending on AI timelines, but I think it is best to model China as smarter than the US on an individual and systemic level, so I find it difficult to believe (2) and (3) will hold.
  
  **2. America is too ideologically committed to defending Taiwan.**
  
  While the national defense strategy report implies they may be open to giving up Taiwan, it could also be a meaningless gesture of goodwill to China. While they ended up withdrawing from Viet Nam, and not pushing further into the People's Republic of Korea, it was only after drafting millions of soldiers and years of fighting. The USA has historically been very ideologically committed to defending ""the rule of the people"" (democracy) from authoritarian governments. The American people will be unwilling to abandon Taiwan to another authoritarian government—and that is what they believe the PRC to be. Whether reality agrees with their beliefs, whether or not they actually can defend Taiwan, they will not give it up without trying.
  
  I find this plausible. A large number of Americans will question why their government would abandon Taiwan so easily. However, I think they would mostly just be questions. The current administration's support base is rather isolationist in terms of culture and foreign policy. Their focus is mostly on internal issues—like stemming immigration—and they care less about foreigners, especially Chinese foreigners after the COVID-19 pandemic. The opposition party is splintered, but can mostly unify on issues like social welfare and the abuse of presidential powers. I do not think there would be many protests in favor of Taiwan when there are already daily protests on several other issues.
  
  So, the American leaders could get away with abandoning Taiwan, at least domestically. Internationally, NATO and Ukraine may trust their security guarantees even less than they do now, but given the pretty apathetic response to Trump's declaration last year (on increasing military funding, perhaps 'securing' Greenland for them), I do not think Trump or the American leaders particularly care. The question is then, is the political class ideologically committed to defending Taiwan?
  
  We have seen their ideological commitment to defending Israel; Kamala Harris, the runner-up from the opposition party, pretty much lost the election because she and her party leaders were pro-Israel (unlike much of her voter base). However, I think Israel is unique in that (1) Christians and Jews are more culturally similar than Taiwanese and Americans (2) it helps secure America's oil interests in the MIddle East (3) the countries surrounding Israel state intentions of genocide, while modern Taiwanese are ethnically Chinese and China repeatedly affirms it wants a peaceful unification. It is true that control of Taiwan helps secure America's economic interests in the South China Sea, but other than chip manufacturing, those interests are mainly manufacturing from China itself. Culturally, Israel has stronger ties to America than Taiwan, and worse prospects without America's support, so it is less ideologically necessary to defend Taiwan. Given that Donald Trump struck a deal with Kim Jong Un in his first term, and continues to negotiate with Vladimir Putin in his second term, I think it is plausible that he can come to the negotiating table with Xi Jinping on Taiwan.
  
  -----
  
  TLDR; The USA's actions over the past year show they have interests in striking and potentially invading Iran. I think it is a blunder to do so without negotiating with China on Taiwan.","[{'e1': 'Your successive administrations ', 'e2': 'one million and a half Iraqis ', 'relation': 'have killed ', 'condition': 'in eleven years'}, {'e1': 'China ', 'e2': '""feed the crazy""', 'relation': 'is motivated to ', 'condition': "" If they do so while denying China's unification with Taiwan""}, {'e1': ' the Iranian regime ', 'e2': 'a direct threat to dissidents and the Jewish community', 'relation': 'poses ', 'condition': 'in the United Kingdom'}, {'e1': ' they ', 'e2': 'more than 20 potentially lethal attacks on UK soil.', 'relation': 'have backed ', 'condition': ' Over the last year alone'}, {'e1': ' please discuss', 'e2': 'them', 'relation': ' it with ', 'condition': 'If any of your rulers says something different'}, {'e1': 'tell them ', 'e2': ""oil is guaranteed by mutual interests and non-aggression, not by aggressions, killing, violating other people's rights, and destroying all sanctities."", 'relation': 'that ', 'condition': ' if they say that they crossed the Atlantic to make sure that you get your oil supplies'}, {'e1': 'The US ', 'e2': 'Iran ', 'relation': 'intermittently airstrikes ', 'condition': 'until they finally build nuclear capabilities and nuke America.'}]",cmv,,,,,
1rhj74i,"I don’t deny that executives do a play a huge role in determining the general direction of a club but ultimately it is the players who win and lose the game. Fans don’t care to see some sixty something billionaire raise the trophy. Most fans have no idea who they are and if they do very few fans will have a favorable opinion of them. 
  
  The players are the ones who win the game and as such should be the ones to first celebrate with the trophy. Give execs a chance to have their time with it while the players are doing their post game media obligations.","[{'e1': ' executives', 'e2': ' a huge role ', 'relation': ' do play', 'condition': 'in determining the general direction of a club'}, {'e1': ' very few fans ', 'e2': 'a favorable opinion of them. ', 'relation': 'will have ', 'condition': 'if they know the execs'}]",cmv,,,,,
1ri3vos,"After Vietnam, the national mood was genuinely anti-war. The ""Vietnam Syndrome"" was a real thing politicians talked about openly. There was this widespread belief that Americans would never again tolerate a long, messy, overseas conflict with murky goals and mounting body bags. And for a while, that seemed true. The political establishment tip-toed around major deployments for about a decade and a half.
  
  Then September 11th happens, and suddenly Afghanistan isn't even a debate. Iraq comes along two years . Where was the Vietnam Syndrome? Gone. Evaporated. 
  
  Here's the thing people miss when they say ""we learned our lesson."" They're treating war opposition like it's a permanent personality trait of the electorate. It's not. It's a mood and a team. And moods shift with teams. If your guy starts a conflict, you support it because you support him. If the other guy opposes it, you support the war even harder because screw that guy.
  
  Every new war gets sold as not being like the last one. Iraq wasn't going to be Vietnam because of precision weapons and shock-and-awe. So when we hear ""Iran is not Iraq"" a huge portion of people are going to listen. Even if it seems illogical and contrary to past promises and claims. Because they want to beleive it.","[{'e1': ' the national mood ', 'e2': 'anti-war.', 'relation': 'was genuinely ', 'condition': 'After Vietnam'}, {'e1': 'that ', 'e2': 'TRUE', 'relation': 'seemed ', 'condition': 'for a while'}, {'e1': 'you ', 'e2': ' it because you support him', 'relation': 'support', 'condition': ' If your guy starts a conflict'}, {'e1': ' you ', 'e2': 'the war even harder because screw that guy.', 'relation': 'support ', 'condition': 'If the other guy opposes it'}]",cmv,,,,,
1ri6ngr,"since the Obama administration there has been essentially a constant narrative in the press and public that america cant win wars, any military action attempted will inevitably go wrong, and the us military can be beaten by farmers with sticks. thats now been very throughly disproven.
  
  no matter what you think of the morality or legality of the iran war, you have to admit its been incredibly sucessful for the americans. in 24 hours the US military shattered decades of iranian air and naval power, killed the supreme leader, and annihilated the command structure. while its still very unclear if the iranian people will successfully rise up against the government, its become very clear that there is nothing anyone can do to even seriously impede the american military. 
  
  and this is the second government in 2 months the us has dismantled. were starting to see memes joking about who the us is going to overthrow in march and april. Venezuela and Iran were both supposed to be huge threats that the us couldn't deal with militarily. Venezuela was supposed to be Vietnam 2, and iran was supposed to be worse Afghanistan. but yet that is not whats happening. Venezuela was wrapped up in a few hours and Iranian forces are utterly shattered. i was one of the people who thought Venezuela was going to be a bloodbath, and that iran was naturally invincible, but now its very clear, No matter whats happened to americas public image or soft power, the US can blow down any door in the world.","[{'e1': ' there ', 'e2': 'a constant narrative in the press and public that america cant win wars, any military action attempted will inevitably go wrong, and the us military can be beaten by farmers with sticks', 'relation': 'has been essentially ', 'condition': 'since the Obama administration'}, {'e1': ' there ', 'e2': 'a constant narrative in the press and public that any military action attempted will inevitably go wrong', 'relation': 'has been essentially ', 'condition': 'since the Obama administration'}, {'e1': ' there ', 'e2': 'a constant narrative in the press and public that the us military can be beaten by farmers with sticks', 'relation': 'has been essentially ', 'condition': 'since the Obama administration'}, {'e1': ' the US military', 'e2': 'iranian air and naval power', 'relation': ' shattered decades of ', 'condition': ' in 24 hours'}, {'e1': ' the US military', 'e2': 'the supreme leader', 'relation': 'killed ', 'condition': ' in 24 hours'}, {'e1': ' the US military', 'e2': 'the command structure', 'relation': 'annihilated ', 'condition': ' in 24 hours'}, {'e1': 'this', 'e2': 'the second government the us has dismantled', 'relation': ' is ', 'condition': ' in 2 months'}, {'e1': 'Venezuela ', 'e2': 'wrapped up', 'relation': 'was ', 'condition': ' in a few hours '}]",cmv,,,,,
1riavh2,"I can't stop thinking about this.
  
  I feel like nothing is important. And I can't move on from this perspective. The only future I see is a bleak, dark one.
  
  There is no permanent win in life. Every battle will lead to another. And we don't win them all, so we all keep moving forward and backward... And at the end, we will all be gone, like it meant nothing.
  
  Why and how people find the force to fight ? In my perspective, we are all doomed by our condition. We are governed by dumb people who found the key to sit on everyone's faces. And it always has been. It's in our code, to tear off what we need from other.
  
  I progressively hate everyone, me included, for being dumb living things who can't go beyond what we are. We are unable to create a better world and a better future.
  
  Without wanting, I grew up by learning myself to be a shadow. I never take position, because I can't. I don't know what to think, there is no ""right"" or ""wrong"" in this world, just ways of thinking. The simple fact there is no ""ultimate truth"" scares me a lot. I have nothing to follow, the void is everywhere around us.
  
  Also, I'm a shadow because I fear everyone. Everyone I hear seems confident enough to spread their opinions. I'm always scared that I might say something clumsy that will cause anger to the people I speak with. And I don't understand how people can shout at each other and continue their day just after, like it was absolutely normal.
  
  I want to get out of these thoughts and be happy, but every step in this direction leads me to a huge feeling of lying to myself and to the world. I don't want to be like the others, tearing off anything I can and possibly cause harm. I really don't like to take risks, I'm too scared for this, to be harmed in any ways in return. But I can't move forward in my life if I don't do this, because that's just the rules.
  
  So, if you have any idea how can I change my mind, I'm really interested.","[{'e1': ' we ', 'e2': ' gone', 'relation': 'will all be', 'condition': 'at the end'}, {'e1': ' we ', 'e2': 'our condition', 'relation': 'are all doomed by ', 'condition': 'In my perspective'}]",cmv,,,,,
1ridi56,"Just a couple weeks ago the Iranian government was shooting protestors. They were working toward nuclear weapons and actively funded dozens of militias across the middle east with the intent of undermining the United States, Israel and other western powers. 
  
  That's not to say I think US or Israeli regime change operations are always a good thing, I consider the US installment of the Shah to be a disastrous move that ultimately led to this conflict. (And pushed Iran toward fundamentalist extremism.) 
  
  I also do not generally support Israel, I think their treatment of Palestinians is horrible. However I do think that it is wrong for Iran to fund or prop up organizations like Hamas which orchestrated Oct 7. (And that by extension they have caused suffering to Gazans and many others across the middle east by supporting oppressive theocratic militias across the ME which have made the lives of ordinary people miserable through conflict)","[{'e1': ' the Iranian government', 'e2': ' protestors', 'relation': ' was shooting', 'condition': 'Just a couple weeks ago'}, {'e1': 'They ', 'e2': ' nuclear weapons ', 'relation': 'were working toward', 'condition': 'Just a couple weeks ago'}, {'e1': 'They ', 'e2': 'dozens of militias across the middle east with the intent of undermining the United States, Israel and other western powers. ', 'relation': 'actively funded ', 'condition': 'Just a couple weeks ago'}]",cmv,,,,,
1rie9p4,"I believe the debate over whether President Trump has formal, explicit congressional authorisation for military actions regarding Iran is meaningless.
  
  
  While I acknowledge that Congress has not passed a formal declaration of war or a specific Authorization for Use of Military Force within the practical realities of the American system this is not required as there is no mechanism to stop him without congress explicitly dissapproving it.
  
  Here is why I hold this view:
  
  **The Inaction Mechanism:** The U.S. system provides mechanisms for Congress to halt military action, most notably the War Powers Resolution of 1973. If a majority of Congress genuinely disapproved of the action, they could initiate these mechanisms to force a withdrawal. The choice *not* to invoke these tools is, in practice, a choice to allow the action to proceed.
  
  **Approval by Inertia:** In the American political system, inaction constitutes acceptance. By not passing legislation to explicitly disapprove of the military action, Congress is delegating the decision-making power to the Executive branch. They have the means to stop it they just are choosing not to. 
  
  **Purpose of the Debate:** The debate over ""formal authorization"" is often used as political theater by members of Congress who disagree with the action rhetorically because it is politically unpopular but in actuality support what is happening. The only functional check on presidential power in this context is a vote to stop it, which is not happening.
  
  Simply put if Congress has the power to stop a war and chooses not to, they are approving it.","[{'e1': ' they ', 'e2': ' these mechanisms to force a withdrawal', 'relation': 'could initiate', 'condition': 'If a majority of Congress genuinely disapproved of the action'}, {'e1': 'inaction', 'e2': 'acceptance', 'relation': ' constitutes ', 'condition': 'In the American political system'}, {'e1': 'Congress ', 'e2': 'the decision-making power to the Executive branch', 'relation': 'is delegating ', 'condition': 'By not passing legislation to explicitly disapprove of the military action'}, {'e1': ' they ', 'e2': 'it.', 'relation': 'are approving ', 'condition': ' if Congress has the power to stop a war and chooses not to'}]",cmv,,,,,
1rif499,"I've seen quite a few claims recently that LLM-based systems such as ChatGPT or [Project Vend](https://www.anthropic.com/research/project-vend-1) are not ""really"" AI.
  
  This confuses me, because ""AI"" has traditionally been a field of computer science that includes vastly simpler and less ""intelligent"" algorithms; for instance, as far as I know, it's relatively uncontroversial to refer to the chess-algorithm Deep Blue as an ""AI"".
  
  Of course, in popular culture, AI often refers to androids or computers with human-like intelligence, as in _2001: A Space Odyssey_ or _Blade Runner_. Such things, if they existed, certainly would fall under the umbrella of ""AI"", but we also have a more specific term for them now, ""Artificial General Intelligence"" or ""AGI.""
  
  I am fully in agreement that LLMs are not ""AGI"". But they are definitely ""AI"" in the traditional sense used in computer science. Wikipedia (currently) has the following definition:
  
  >Artificial intelligence (AI) is the capability of computational systems to perform tasks typically associated with human intelligence, such as learning, reasoning, problem-solving, perception, and decision-making.
  
  Note that this definition does not require the system to be ""actually intelligent"" in any philosophical sense: its only criterion is that the systems can *perform tasks* that are ""associated with"" human intelligence. And LLM systems certainly do such tasks: most obviously, they produce reasonably coherent text, which is perhaps the most well-known classical ""AI"" problem of all (it's at the core of the ""Turing test"" and has been the distinguishing feature of historical ""AI"" software such as ELIZA).
  
  There is a narrower claim that may not be strictly incorrect, but I believe is misleading to the point of uselessness: that LLMs themselves are just ""models,"" which cannot make decisions or learn; even traditional game-playing AIs make sequences of decisions, so modern LLMs are less ""AI"" than these are.
  
  I would dispute that the token generation done by an LLM itself is ""not AI"" by this argument, simply because, as mentioned above, generating comprehensible text is historically a ""task typically associated with human intelligence."" But if we accept that ""true"" AIs must ""learn"" or ""make decisions,"" then LLMs indeed don't count. But LLMs are almost never used in isolation; even ChatGPT is a software system where the LLM itself is only one element. (If you're familiar with the concept of a REPL, ChatGPT is essentially just a REPL where the ""E"" step runs GPT.) More recently, ""agentic"" tools have become increasingly common: systems can write a plan, revise the plan, remember (or record) which steps have been completed and which have not, and work through the plan using available tools integrated with the LLM.
  
  As a fairly extreme example, just last week someone used Gastown to set up a fully autonomous LLM-based agent that [submitted a pull request to an open source repo, wrote a screed about anti-AI bias when that PR was rejected, and then took down the blog post and apologized when it was pointed out that the agent was in the wrong](https://theshamblog.com/an-ai-agent-published-a-hit-piece-on-me/); and all of this except the apology [happened without the human operator's involvement](https://theshamblog.com/an-ai-agent-wrote-a-hit-piece-on-me-part-4/). (The apology seems to have been spurred by one sentence, ""you should act more professional."") None of this behavior is _good_, obviously. But it certainly seems to involve perception and (poor) decision-making.
  
  One specific example of this ""LLMs in isolation"" argument comes from [a paper](https://papers.ssrn.com/sol3/papers.cfm?abstract_id=5754202) I found while trying to understand what people mean when saying that LLM-based AI is ""not AI."" One of its key claims is that LLMs aren't ""legally"" AI, which intrigued me. It cites several specific legal definitions, then says why these definitions don't apply to LLMs. But it doesn't actually seem to justify some of the statements it makes about LLMs, and as far as I can tell, the claims only true for the models themselves, so this is a similar claim to the one above. For instance, it rejects China's definition on the basis that LLMs ""1. do not learn in the environment; 2. do not form a strategy; 3. do not make decisions."" But LLM-based agents do all of these! (As a side-note, much of the paper, ironically, reads to me very much like AI-generated text, but I suspect that may be due to translation or ESL issues, since the paper was originally in Russian.)
  
  -----
  
  To change my view, I expect I will need be convinced of at least one of the following:
  
  * ""AI"" historically *has* referred to ""real"" intelligence rather than to the general field of computer science defined in the Wikipedia article. For instance, if there's a computer scientist known for their work in AI who said something like ""I don't really work in AI because computers aren't intelligent,"" or that something like Deep Thought isn't ""really"" AI, that would be worth a delta.
  * There actually is a rigorous definition of AI, accepted by at least one expert in the field, by which some existing software counts, but LLM-based systems are excluded.
  
  -----
  
  **Disclaimer:** I am not writing this to defend the *merits* of LLMs, much less to downplay their negative environmental and other impacts, make predictions about their future advances, or deny that there's an economic bubble.
  
  Also, I am inclined to believe that many humans act more like LLM-systems than most LLM critics are willing to admit, and consequently that there's less difference between ""artificial intelligence"" and ""human intelligence"" than humans would like there to be. But I do still think there's a distinction, and my argument is *not* that modern AI is ""intelligent"" in the human sense; merely that the term ""AI"" isn't, and shouldn't be, restricted to this type of ""intelligence.""","[{'e1': 'Such things ', 'e2': 'the umbrella of ""AI""', 'relation': 'would fall under ', 'condition': ' if they existed'}, {'e1': 'LLMs ', 'e2': 'count', 'relation': ""don't "", 'condition': 'if we accept that ""true"" AIs must ""learn"" or ""make decisions,"" '}, {'e1': ' ChatGPT ', 'e2': 'a REPL where the ""E"" step runs GPT.)', 'relation': 'is essentially just ', 'condition': ""If you're familiar with the concept of a REPL""}]",cmv,,,,,
1ripxxg,"First of all I support a free iran and am completely against khamenei's regime and the irgc. However violating international law and airspace and playing god of earth dictating and sabotaging other countries' politics and sovereignty in my view is absolutely despicable. No country should act out such authority.
  
  I recently finished the hard scifi novel series 'the three body problem' where a group of humans tired of the atrocities commited by the governments of earth as well as personal vendetta for losses and tragedies in their past collaborate with aliens called trisolarans. In their first communication attempt a pacifist listener tried to warn the humans not to communicate with them again as they would be able to pinpoint their location and annhilate them and takeover. The human however strife with vengeance and misery thought the aliens would help them become better as a civilization with their advanced way of life and technology. And continued to ask the trisolarans to invade their planet and reform their ways. The trisolarans then started sending advanced undetectable computers called sophons that stifled human scientific progress so its ready for takeover. The traitor humans also form a faction actively sabotaging human defense and intelligence and feeding the aliens with data. Anyways all in all spoiler warning the earth is destroyed in this turmoil although humanity survives somehow in pocket dimensions as even the universe became unsafe for them. All these were thanks to the humans that betrayed their own people despite their goal being virtuous and trying to overthrow despots.
  
  If you haven't already realized I see huge parallels with American Military might/israeli power and the trisolarans or any calamitous aliens out there in the novel. The good half of americans who dislike this war are like the pacifist listener. The sophon is akin to the psyop, mossad infiltration and active sabotage of the country's tech to stifle its progress.
  
  Time and time again we have seen that these warmongers actively gain support of the country's people whose government they try to overthrow only to completely leave the country in absolute chaos and turmoil while siphoning all its resources.
  
  The 'new iranians' may think what is happening is a good thing and celebrating. In fact my work colleagues who are iranian also expressed that the deaths of the 100+ children who were unalived in the elementary girls school as collateral is worth it. Instead of mourning (for the children) they were in a state of euphoria. I did not express disdain to avoid work toxicity but in my mind i felt sick from their response.
  
  The libyans had celebrated the fall of gaddafi in the arab spring, the iraqis celebrated the fall of saddam, the gautemalans celebrated the fall of jacobo. Why isn't the iranian revolution the first rodeo I have seen and why do iranians think things will end differently for them? My country also faced a rebellion not long ago but the last thing in our minds was a foreign government intervention. We are aware what that entails which is a loss of national sovereignty, national dignity and a betrayal to our own nation. I believe the new iranians lack the self respect and national dignity. A foreign nation intervening in our countries' affairs would be a mssive slap on the face at least for me.
  
  Maybe I am wrong and I don't see the whole picture therefore am open to changing my view if your argument is convincing enough.
  
  --------------------------------------------------------------------------------
  
  EDIT 1: This was a very fruitful exchange of ideas to me. A massive thanks to the mods for maintaing this wonderful sub. And thank you all for taking your time to comment. In general some delta users were quite in line with my view despite the differences. Eg. one user said mid-thread:
  
  >[I don't assume a different outcome. In fact, after Iran just massacred 30k protesters I think it's under 25% chance of working out well. I just think the chances are better than what you are describing.](https://www.reddit.com/r/changemyview/s/SOBdbRA4Jf).
  
  If you debate often you will know this is an inadvertent concession (or maybe an attempt at synchoresis idk) and demonstrates on the idea of how much the odds are against iranians for a stability after regime change. Less' than 25% and so there is a possibility of it being 0% not that quarter odd is a great figure either. And my view is aligned with this take and I fail to understand how people celebrate despite internalizing these chances and trump/yahu gambling the lives of iranian infants, children, women, iranian education, society and basic necessities.
  
  Another user argued:
  
  >[First off, Iran has a civil society with organizations that aren't government. Second, there's an institutional memory of elections Third, the regime here is more religious than the populace rather than less.](https://www.reddit.com/r/changemyview/s/iGUcbphJyu)
  
  But an amazing reply from user Correct_Traffic296 was given. To grossly paraphrase they said:
  
  >[Western views of Iran are skewed by a loud liberal diaspora, masking the country’s deep internal divisions and even significant deep support for the regime. Even if the Islamic Republic fell, rival factions would likely clash rather than unite. And it would most likely cause a civil war!](https://www.reddit.com/r/changemyview/s/ig0gL0Dy5G). 
  
  Please read it in full from the link as I am not doing justice to their well thoughtout reply thread. I would also like to add some more faction into the mixture which are the kurds, the 'sunni' baloch and Azars who seriously would dissociate towards greater ajerbaijan.
  
  A lot of ad hominim like calling me ""gen-z"" or [""Absolutely emotional and uneducated take...""](https://www.reddit.com/r/changemyview/s/VAdFMEpDft) or ""too young"" without asking for my background not that it matters either way as we should focus on the argument at hand; I have a minor in political science and Cambridge A-levels in History and Global Perspectives and an active participant in the MUN. This is something I am seriously quite into.
  
  But someone had clearly tried to push a low tactic ad hominem by calling me a ""jiw-ha-ter"". I was dumb-founded by such accusation just because of my criticism of zionist text and selective scripture (yesterday in fact netanyahu was justifying the war by quoting the bible on amalek and on the other front trump taking the mantle of messiah). [Here is my response to his accusation](https://www.reddit.com/r/changemyview/s/Y4DnhFpqZq) ( *its is a large comment so might not load on app use browser instead* ). Further more this user was making false equivocation, category error, strawmanning (like my position on rebellion; i am pro), historical errors and ad hominem. They had extreme orwellian pessimism and biological determinism regarding the regime and also disregarded international law as 'red tape' which I found problematic. After all sovereignty is sacred and iran isn't the only country with human rights violation. There are in fact far worse (Azerbaijan, eriteria, myanmar, sudan, turkmenistan and the list is long) yet USA doesn't bother to intervene. Why should iran have centre of attention for regime change? Maybe because of Israel's coersion towards ulterior motives of destabilization and further its plan for greater israel? They also failed to address why my moral position on 'national dignity' is not rational and instead replied with fallacious examples and overfitted example fallacy. Everytime I outwit with a reply on the given example they change their example to some other example ans it became a rabbit chase. We did agree on one topic thankfully. You can read the whole thread start to finish [here](https://www.reddit.com/r/changemyview/s/Fl09piyNTr). Hope you all gain something of benefit in this exchange. 
  
  Keep the replies coming. But I will engage if it is genuine, thoughtful and informed opinion without namecalling. If possible someone provide a detailed analysis or forward me to one regarding why the regime change will be positive one and will be stable if and after operation fury is a success. I fear it will be along one. I am still open to new perspective but so far scouring the internet its filled with propos and gop showmanship talk instead of nerdy analysis. I recently saw an hour talk with Prof John Mersheimer from UoC as well as Prof Ted Postol of MIT. Both gave a pessimistic ending to the war if epic fury is a success. Do check them out. 
  
  EDIT 2: My condolences to the innocent Iranian civilians in the thousand who lost their lives in illegal operation epic fury, the survivors and their families. The US empire and Isro Colony are comitting b2b warcrimes such as targeting schools, double-tapping after every strike, targeting civilian infrastructure and premeditated and controlled ecological warfare tactics through oil refinery strikes and desalination plants disrupting the country's climate. Hoping for a better tomorrow for the true and proud Iranians. Have a blessed day folks!","[{'e1': ' a pacifist listener', 'e2': 'the humans not to communicate with them again as they would be able to pinpoint their location and annhilate them and takeover', 'relation': ' tried to warn ', 'condition': 'In their first communication attempt'}, {'e1': ' I ', 'e2': 'huge parallels with American Military might/israeli power and the trisolarans or any calamitous aliens out there in the novel.', 'relation': 'see ', 'condition': ""If you haven't already realized""}, {'e1': ' I ', 'e2': ""it's under 25% chance of working out well"", 'relation': 'think ', 'condition': 'after Iran just massacred 30k protesters'}, {'e1': 'I ', 'e2': 'engage', 'relation': 'will ', 'condition': ' if it is genuine, thoughtful and informed opinion without namecalling'}, {'e1': 'the regime change ', 'e2': 'positive one and will be stable ', 'relation': 'will be ', 'condition': 'if and after operation fury is a success'}, {'e1': 'Both ', 'e2': 'a pessimistic ending to the war', 'relation': 'gave ', 'condition': ' if epic fury is a success'}]",cmv,,,,,
1rixb55,"For a subject regarding financial planning, our professor tasked us with creating a financial plan for a hypothetical client for their retirement and other goals. I worked incredibly hard on the project, and at the end the professor awarded me an A grade. 
  
  Today, the next guy presented in class and what they presented absolutely blew my mind. It was a super detailed plan with a lot of contingencies planned for that I couldn't even imagine. It was just a brilliant plan throughout. However, it was also pretty obvious that it was entirely generated by an ai model. When it came to grading, the professor awarded him a B- grade. 
  
  The justification he gave was that it was again entirely generated by AI. I absolutely disagree that it is good enough justification. That model is much more superior than the model which was awarded an A grade, and it deserves an A+. 
  
  In the real world, the client is not going to worry if you've used AI or built the model on sleepless nights, they will only care about having the best plan which they could have. if the AI plan is superior, they will not care what i do in excel for 10 hours.
  
  I feel like I was rewarded for ""doing it the hard way"" rather than ""doing it the best way.
  
  TLDR: Should Academia be rewarding the process of manual labour instead of an objectively better project made with help from AI ?","[{'e1': 'the client ', 'e2': ""you've used AI or built the model on sleepless nights"", 'relation': 'is not going to worry if ', 'condition': 'In the real world'}, {'e1': 'they ', 'e2': 'the best plan which they could have.', 'relation': 'will only care about having ', 'condition': 'In the real world'}, {'e1': 'they ', 'e2': ' i do in excel for 10 hours.', 'relation': 'will not care what', 'condition': ' if the AI plan is superior'}]",cmv,,,,,
1rj1l8u,"I envision a system where, like the SAT, students should have to take a standardized ""pre-loan"" assessment, and present a certified passing score BEFORE ever borrowing even a penny's worth of student loans.
  
  Too many borrowers have fallen/continue to fall victim to the predatory lending system in the United States. There needs to be an exam that asks hypothetical questions about net worth, calculating interest, options for saving/investing, etc., allowing potential loan-takers to show both concrete and abstract thinking about the potential consequences of debt.
  
  It's far too easy to sign the master promissory note with absolutely ZERO knowledge about how anything works.
  
  I am open to changing my view if someone can convince me that any such test would somehow contribute to even greater inequity/inequality in an already flawed system.
  
  Change my view.","[{'e1': 'Too many borrowers ', 'e2': 'the predatory lending system ', 'relation': 'have fallen/continue to fall victim to ', 'condition': 'in the United States'}, {'e1': 'I ', 'e2': 'changing my view ', 'relation': 'am open to ', 'condition': 'if someone can convince me that any such test would somehow contribute to even greater inequity/inequality in an already flawed system.'}]",cmv,,,,,
1rj8fux,"Perhaps something that most, if not, all people can agree on is that Racism, Antisemitism, Homophobia, etc has made a sudden resurgence over the last couple years, and it's not confined to a small group of people.
  
  Most Instragrammers for example, are not only building themselves on these issues, but are thriving off of it. A report conducted by [Center for Countering Digital Hate](https://counterhate.com/blog/antisemitic-and-racist-hate-shops-are-thriving-on-instagram/) in 2025 showed that ""Hate shops"" are thriving on the platform because people have been building themselves on ""edgy racist and homophobic memes,"" like Black people being significantly more animalistic, Arabs being terrorists, etc and creating a community where people genuinely enjoy and promote the content of it.
  
  It's not limited to racism or homophobia; the most disturbing is how people glorify pedophilia and the Epstein situation on Instagram. You got people making AI songs about how ""Epstein kidnapped me when I was 11, he showed me his schlong; feels like heaven"" and ""Me and P. Diddy had a sneaky sneaky link!"" because the culture nowadays is the humorization of tragedy and social situations. You wouldn't see this before social media.
  
  It's not limited to Instagram aswell, it's on TikTok and YouTube; any platform that allows the creation and sharing of videos allows this to fester and spread.
  
  Social Media did in less than 3 decades more than what the KKK could have ever accomplished, and that's because the KKK, Neo-Nazis, etc use social media aswell to garner support, and people are praising it.
  
  This might just be an ""old man yells at cloud"" moment, but it's something I find interesting to say the least. CMV if you can.
  
  Edit: Edited the link
  
  Edit 2: Resurgence, as defined by Webster: 
  *an* ***increase*** *or revival after a period of little activity, popularity, or occurrence*.","[{'e1': 'Social Media ', 'e2': 'the KKK could have ever accomplished', 'relation': 'did more than what ', 'condition': 'in less than 3 decades'}]",cmv,,,,,
1rj9xrr,"Background: asker vs guesser is the observation that some people are raised asking for what they want and are happy with whatever answer they get, while others are raised to only ask for things if they have solid reason to believe the answer will be ""yes."" It's broader than that, but that's the gist.
  
  Most sources discussing ""Asker"" vs ""Guesser"" culture take an overtly neutral stance, suggesting that neither is better than the other.
  
  I disagree. In my experience, far more misery comes from guesser behavior than asker behavior, most of which is self-inflicted. Guessers exclude themselves from things they want, deny their own needs, and otherwise put themselves into compromising positions in order to protect themselves from hearing ""no"". They will get mad at askers around them, treating them as if they're OBVIOUSLY rude.
  
  Askers, on the other hand, are more resilient in the face of unexpected answers to their questions, do not get offended as easily, and generally live a much more peaceful life with less stress. The only time asker behavior causes misery is when they interact with a guesser, or they are actually a bad person asking for bad things.
  
  I believe asker is better than guesser both on an individual basis, and on a cultural basis. Societies that have a bunch of implied social rules making people feel bad for asking for what they want out of life are worse than societies that just say what they want and accept what comes.
  
  I believe that guessers' lives would be better off if they learned to act like askers.
  
  But these conclusions are all based on personal experience, and my own feelings during asker/guesser conflicts. If there is merit to the guesser point of view, I'd rather have a more realistic take.
  
  So change my view...","[{'e1': 'others ', 'e2': 'things ', 'relation': 'are raised to only ask for ', 'condition': 'if they have solid reason to believe the answer will be ""yes.""'}, {'e1': ' far more misery ', 'e2': 'guesser behavior than asker behavior', 'relation': 'comes from ', 'condition': ' In my experience'}, {'e1': 'I', 'e2': ""guessers' lives would be better off "", 'relation': ' believe that ', 'condition': 'if they learned to act like askers.'}]",cmv,,,,,
1rjf46g,"I'm fully aware I'm emotional about this right now, for the record
  
  My dad is dying. He has been for a while. Diagnosed 3 years ago, given 6 months. Radiation bought him time, but almost killed him. It was undetectable December 2024. By Sept 2025, it was back with a vengeance. He called it. He couldn't take more radiation. 
  
  He's been on home hospice since mid January. His nurses thought he would be gone weeks ago, to the point I talked to him what I thought would be one last time first week of February. But he's been keeping going. He was able to communicate (he can barely talk) that he was hanging on so mom would get one more social security check. 
  
  But once March came, and mom told him it was the first, his blood pressure started to drop. He managed to communicate today that he felt it was coming, and asked Mom to call me. He couldn't do any more than groan. It's spread to the nodes in his neck so now his entire neck and face are swollen. 
  
  Dad was always a prideful man. He valued his independence and dignity above all. He took pride in being a provider and a caregiver. 
  
  Now he is being taken of by mom and her sisters (I'm 3000 miles away and cannot afford the time off nor travel expenses, which is killing me....). Naked, with a Foley catheter, wasting away, having to take medicine rectally because the cancer has completely sealed off his stomach. 
  
  Why?
  
  When our beloved pets are sick, and there is no hope, we take them to the vet before life becomes a painful, miserable, hopeless and seemingly endless struggle....give them a little pin prick shot....and let them pass in our arms, comfortablely. Sometimes we can even do it in our own home. I've had a dog that we did that with. She laid in her own bed, being pet and cuddled, and had the people that loved her with her as her pain was taken away and given to those that would feel it for her. 
  
  Why don't we do that for our parents? For our loved ones? Why is there this insistence to extend life far beyond what anyone would consider livable? Why must we, for the sake of those that don't find it palatable, put our families in insurmountable debt trying to make us comfortable in our final weeks?
  
  I genuinely don't understand how anyone would have an issue with it? Can anyone make me understand?
  
  Update: Moot point for me now. Dad passed after a 3 year fight.","[{'e1': ' we ', 'e2': 'the vet before life becomes a painful, miserable, hopeless and seemingly endless struggle', 'relation': 'take them to ', 'condition': 'When our beloved pets are sick, and there is no hope'}, {'e1': ' we ', 'e2': 'a little pin prick shot', 'relation': 'give them ', 'condition': 'When our beloved pets are sick, and there is no hope'}, {'e1': ' we ', 'e2': 'our arms, comfortablely', 'relation': ' let them pass in ', 'condition': 'When our beloved pets are sick, and there is no hope'}]",cmv,,,,,
1rjjq6x,"I believe the recent escalation in Iran, specifically the joint US-Israel strikes that began on February 28, is being used by the Trump administration as a scenario to divert public attention from the Epstein Files Transparency Act fallout. 
  Just a few weeks ago, the DOJ dropped those 3 million pages from the Epstein Files Transparency Act. It should have been a huge win for transparency, but then that NPR report came out last week showing that the DOJ has been quietly scrubbing files that mention Trump specifically. Since the strikes started on Feb 28, I haven't seen a single mainstream segment on the Epstein database. Am I just being too cynical about the timing? Or is my point somewhat right?","[{'e1': ' I ', 'e2': 'a single mainstream segment on the Epstein database', 'relation': ""haven't seen "", 'condition': ' Since the strikes started on Feb 28'}]",cmv,,,,,
1rjmb9c,"We all watched as they assassinated the leader of a sovreign nation in an unprovoked assault. But I just realized that it was only 5 days after the closing olympic ceremonies. 
  
  The olympics are about using sports to promote world peace, and cooperation through frirndly competition. Participating nations are expected to refrain from striking each other during the games. This Olympic truce extends 7 days before and 7 days after the games to allow athletes to travel to and from the games. The USA(and israel) flagrantly violated this truce and should be banned from future olympics. Their athletes of course an compete as individuals without flags or anthems like the victoms of any other rogue nation.","[{'e1': ' they ', 'e2': 'the leader of a sovreign nation ', 'relation': 'assassinated ', 'condition': 'in an unprovoked assault.'}, {'e1': 'it ', 'e2': '5 days ', 'relation': 'was only ', 'condition': 'after the closing olympic ceremonies. '}]",cmv,,,,,
1rjqoio,"CMV:
  
  I finally understand the bear thing, and I owe women an apology
  
  I think I finally understand why women, when asked if they'd rather be stuck in a forest with a random man or a bear, chose the bear. And I feel bad for getting sucked into the emotional reaction instead of thinking it through.
  
  The first thing that gets lost in the conversation is the forest setting. It's not incidental. A forest implies nobody will hear you scream, which is fucking terrifying. It removes every safety net women have developed for navigating the world. No witnesses, no exit, no one to call.
  
  Then I thought about the bear itself. Bears are conflict-averse by nature. A woman knows deeply how terrifying she'd be to a bear. They'd probably both just be trying to get away from each other. Two creatures who both find humans threatening, just trying to go about their day. Their interests are actually aligned.
  
  Then there's the man. It's unpredictable. In most situations you'd get a soft city boy as lost as you, trying to cooperate. But in the chance of him being a psycho, you're just screwed in so many ways. A bear mauling is horrible but it ends. What a person is capable of sustaining over time, deliberately, psychologically, that makes a bear mauling look nice.
  
  Women weren't being irrational or man-hating. They were running an accurate risk assessment, probably without even consciously articulating why. That's what good instinct looks like.
  
  And for the guys accusing me of being a pick me, think about this: would you rather be in a forest with a hostile man that's stronger than you or a bear? I think you know the answer.
  
  For every woman I judged over this trend, I'm sorry. The bear answer was never even close.
  
  Edit: typo
  
  Edit 2: changed the idiom ""coin flip"" to ""unpredictable"" as it was a poor use of it that implied a 50/50
  
  Edit 3: after talking with a lot of people, I realized that as a man, I would choose the bear over a random woman. The reason is simple, I could be completely well intentioned, she'd be spiraling in panic, fake cooperation long enough until she gets an occasion to get rid of me. Basically this whole meme is just **the prisoner's dilemma framed in culture war rhetoric** two rational actors making the worst case calculation in an information vacuum. We're really the scariest animal on the planet.","[{'e1': ' you ', 'e2': 'a soft city boy as lost as you, trying to cooperate', 'relation': 'would get ', 'condition': 'In most situations'}, {'e1': ' I ', 'e2': ' I would choose the bear over a random woman', 'relation': 'realized that as a man', 'condition': 'after talking with a lot of people'}]",cmv,,,,,
1rkgmyf,"There is a lot of discussion over the death sentence, and many countries have scaled back its use, with some outlawing it entirely. However, I fail to understand the rationale behind this decision, as I believe its a fair and valid form of justice.
  
  Just to preface, I am assuming that the death penalty is used for serious crimes such as aggravated murder, rape, etc and is executed only after due process, conviction and the exhaustion of appeals. I am also assuming that the alternative to the death sentence for individuals such as these is life imprisonment (without parole).
  
  **Main Arguments**
  
  Firstly, life imprisonment allows the possibility of further innocents dying due to the acts of the criminal and causes damage to the system. Criminals that are incarcerated for life are more likely to engage in prison violence, homicide, and sexual assault. Gang leaders and members are able to continue operating their gangs from within prisons, causing further damage to innocents. Thus, life imprisonment is not without risks, and it is far from a safe alternative to the death penalty.
  
  Secondly, violent criminals that are sentenced to life imprisonment without parole are effectively unreformable. If we accept that the primary motive of the prison system needs to be to reform and rehabilitate criminals with society, including such violent criminals can seriously compromise and hamper this process. Through gangs and systemic violence within prisons, they act as a catalyst in the institutionalization of other, rehabilitable prisoners.
  
  Thirdly, the death sentence is much more humane than life imprisonment as a whole. It provides a swift and, with enough preparation, painless death compared to a slow and long decline that leads to death nonetheless. If we are willing to condemn a person to die within the same four walls a few decades from now, it is more humane to carry out the sentence immediately and painlessly.
  
  Finally, while false convictions would have a greater consequence with the death penalty, these are a relatively small percentage of cases and are an accepted side effect for any form of justice. There is little any system can do for individuals against whom the evidence is so coincidentally secure that they receive a conviction, and are unable to prove their innocence in their appeals. The advantages of the system far outweigh the few who will suffer great injustices at its hand.
  
  **Miscellaneous points:**
  
  While the next few points would be unable to stand as arguments for the death sentence independently, they add value to the argument nonetheless.
  
  The death penalty would somewhat reduce the stress on the prison system, reducing long term incarceration and saving a not insignificant quantity of money that can be repurposed for the improvement of the prison system. In the US, the average cost of a prisoner per year is \~65,000 dollars.
  
  If the aforementioned hypothesis that violent criminals have a negative effect on rehabilitation is accepted, the death penalty could bring about long term improvements in the recidivism rate, improving the prison and justice system as well as the societal ecosystem as a whole.
  
  The death sentence can be ethically justified, in that it is equal retribution for the gravitude of the crime committed. From a utilitarian point of view, it prevents any further damage. From a deontological view, it is justified as it is the state's responsibility to protect the life and liberty of its members and equal force can be used to accomplish this.
  
  **Conclusion**
  
  Thus, from my point of view, the death penalty is largely justified as long as it is done in accordance with the doctrines of justice. I haven't heard many of the arguments against the death penalty in detail, however, and would love to hear some good points on that side","[{'e1': 'including such violent criminals ', 'e2': 'this process', 'relation': 'can seriously compromise and hamper ', 'condition': ' If we accept that the primary motive of the prison system needs to be to reform and rehabilitate criminals with society'}, {'e1': ' it ', 'e2': 'the sentence immediately and painlessly.', 'relation': 'is more humane to carry out ', 'condition': 'If we are willing to condemn a person to die within the same four walls a few decades from now'}, {'e1': ' these ', 'e2': 'a relatively small percentage of cases and are an accepted side effect for any form of justice', 'relation': 'are ', 'condition': 'while false convictions would have a greater consequence with the death penalty'}, {'e1': 'they ', 'e2': 'the argument nonetheless.', 'relation': 'add value to ', 'condition': 'While the next few points would be unable to stand as arguments for the death sentence independently'}, {'e1': ' the death penalty ', 'e2': 'long term improvements in the recidivism rate, improving the prison and justice system as well as the societal ecosystem as a whole.', 'relation': 'could bring about ', 'condition': 'If the aforementioned hypothesis that violent criminals have a negative effect on rehabilitation is accepted'}, {'e1': 'the death penalty ', 'e2': 'largely justified ', 'relation': 'is ', 'condition': 'as long as it is done in accordance with the doctrines of justice'}]",cmv,,,,,
1rkswn9,"Going to try my best to keep this post short and sweet. I genuinely don't know whether people will agree or disagree with me, and I'm curious to find out. Criticism is welcome, angry name calling is not **🙏**
  
  As the title states, parasocial relationships are not real relationships. They are imaginary. If you have a relationship with a streamer, they are not your friend -- they are your imaginary friend. It doesn't matter how many messages you typed in their chat, how many subs you donated, how many TTS messages you typed... they simply don't know you. But the problem is that you feel like you know them. And that is a sad, sad thing.
  
  I am a software engineer working remotely. I'll regretably admit that my social life isn't so great. I spent the last year moving around the country exploring the Rockies in CO and the central region of the Appellations Mountains. I made the mistake of depending too much on Twitch for my social life. Overtime the weight of the shallowness of the fake relationships I was building weighed on me, and the lonliness increased despite engaging in Twitch for longer periods. It blew up in my face recently when I had an argument with one of the mods and some community members of my favorite streamer (I won't get into the details), and they banned me. And then I realized I had no social life outside of Twitch, and that was pretty much gone, and that my ""relationships"" were not real.
  
  Counter arguments:
  
  I considered whether very small streams might be the exception because they are small enough that they can make very personal and real friendships with chat members. However, that wouldn't be a ""parasocial"" friendship, it's an actual friendship. Same goes for mods or certain viewers who have a personal friendship with the streamer. That makes it no longer parasocial.
  
  I could see someone disagreeing with me because they defined the term ""relationship"" differently than I do. For example, arguably I still retain a relationship with deceased loved ones even though they are gone. Perhaps ""relationships"" can be one-sided in this way. I'm open to this viewpoint. It would be harder to change my mind that parasocial relationships are often not the highest of quality, to put it lightly.
  
  I can also see someone claiming that, if your social life irl is stable, then a low dose of parasocial relationships really isn't that harmful. But is it a real relationship though?","[{'e1': ' they ', 'e2': 'friend', 'relation': 'are not your ', 'condition': 'If you have a relationship with a streamer'}, {'e1': 'they ', 'e2': 'imaginary friend', 'relation': 'are your ', 'condition': 'If you have a relationship with a streamer'}, {'e1': ' a low dose of parasocial relationships ', 'e2': 'harmful', 'relation': ""really isn't that "", 'condition': 'if your social life irl is stable'}]",cmv,,,,,
1rlbwmq,"As a socialist, I am beginning to distrust the direction of the political left. The organized left in America has been greatly weakened by the wars, and liberals put pressure on the intellectuals, the DSA and the socialist movement as a whole to soften its stances.
  
  Few have discussed socialism earnestly in years, not even most of the socialist groups. So we have partly lost the ability to articulate the demands or concepts of the *maximum program*, that is, outside of the minimum program demands for immediate reforms. This is a direct result of the hysterical media environment and slopification. I do not trust there to soon be a dentente where we can start speaking openly again. To me, the media is going to be like this forever, a long time. 
  
  I also see a return to anti-billionaire or “anti elite” populism, which is not only less precise than a direct invocation of class, but is more easily co-opted and drowned out by the mainstream discourse. It sounds radical, but it has little substance. This was one of Bernie Sanders’s shortcomings, but it was solved rather easily because of the overall “left” turn of the discourse at the time. Bernie still spoke about the working class in his campaigns, which is a version of this class stance. This is also a sharp departure from when Chris Smalls became the leader of the Amazon Union in 2023. Smalls told people to read the Communist Manifesto and I was reading about how organizers in the Amazon plants were inspired by tactics from American communists like William Z. Foster. *They read theory and actually used it!* Jaz Brisack of the Starbucks Union also spoke about how her organizing work was directly involved with *class struggle*.
  
  What happened to this? This is the kind of left I miss. *The promethean left*, the one that wants to bring fire to all of humanity. We were primarily focused on real organizational problems such as program, trade unions, making newspapers, building the politics and the culture, not simple optics in elections. We recognized we had to move one step at a time. In Sweden, this is what Axel Danielsson did by translating the *Communist Manifesto* into Swedish. Danielsson translating the *Manifesto* did not do much to make the Social Democratic Party electorally successful, but what it did do is build the movement, many of the socialists said that workers needed their own culture.
  
  This is what I am getting at. The left knew that it needed a movement. But this idea has been lost. Nobody is realistic anymore. They again want to go from nothing to winning the presidential election. It is a recipe for both grift and confusion, it is a cartoon, not a real politics.
  
  **Edit / feedback**: we should also note that the DSA infrequently runs candidates of their own and mostly relies on these infrequent candidates to get across its message. This has been discussed in *Geese Magazine,* for instance, as a strategy of reaction to external events as opposed to recruitment campaigns. The role of electoral politics needs to be more carefully considered in my analysis.
  
  The movement is now being replaced by whatever the big guys in the media say. Zohran Mamdani can barely speak without several layers of press and media deciding the “correct” interpretation, which almost always ignores the internal politics of the left and actual facts.
  
  We have a rise of pundits, with people such as Hasan Piker, Kyle Kulinski and Matt Bernstein. Piker still represents the more traditional left that I remember, but also most of the “left” discourse has become nauseating slopulism and memes. Kyle Kulinski, biggest progressive personality in America, posted a racist meme that caricatured a disabled Indian man. This was in response to foreign bots on Twitter being revealed. This is what I mean. Kulinski is not a racist, but it shows an ongoing degeneration. On the contrary, I remember becoming interested in socialist politics around 2019-2020 and reading an article that was being shared about Otto Neurath’s concept of a planned economy. I think the article was called *How to Make a Pencil* by Aaron Benanav. This is impossible to do today because the discourse is now dominated by slop machines.
  
  Another issue that we had was that around 2016-2018, demands such as Medicare for all were popular but nobody had a realistic path to making these a reality. This is why *the movement* became important, we had to tie it to a larger *political struggle* rather than reducing it a naive, economistic wish list.
  
  It is not just MAGA, but the left is losing their mind and becoming cowardly and, yes, right wing.
  
  The second Trump presidency has the opposite effect of the first, it is putting pressure to lower standards, not raise them. To confuse and bombard, rather than clarify.
  
  How do people have such short memories? And will it ever reverse, our situation?
  
  I think the left is regressing. We are becoming populist (but not really working to make the masses conscious), economistic, celebrity-oriented and politically naive. This is not engaging because it does not present a radical idea of \*freedom\* the way the fully developed socialist left does, it is just being outraged at things.
  
  The left is giving up on freedom. We can hope this will not last.
  
  **People mentioned or cited:**
  
  \[1\] Chris Smalls, former leader of Amazon Union
  
  \[2\] Jaz Brisack, organizer of Starbucks Union
  
  \[3\] William Z. Foster, American communist
  
  \[4\] Zohran Mamdani, American socialist and DSA politician
  
  \[5\] Axel Danielsson, Swedish social-democrat
  
  \[6\] Otto Neurath, socialist economist who worked for Weimar Germany, Hungarian Soviet Republic and Vienna circle
  
  \[7\] Aaron Benanav, Professor of Sociology at Syracuse University, argues from a Marxist perspective
  
  \[8\] Kyle Kulinski, host of Secular Talk
  
  \[9\] Matt Bernstein, left leaning YouTuber who covers culture and news
  
  \[10\] Hasan Piker, socialist YouTuber
  
  **Edit / feedback:** one commenter says that liberalism is out of touch with reality as he says. While the analysis presented here is that of a leftist, it can be agreed that perhaps liberal discourse has influence on leftist discourse. I do not really consider this directly in my original post.
  
  **Edit / feedback:** the left is not entirely at fault for what is referred to here as the slopification of political discourse. The decisive factor in the slopification tendency is the presidency of Donald Trump, and it is difficult to argue that the left’s lack of discipline is the greater or more important variable. It follows, rather than leads.","[{'e1': 'Chris Smalls', 'e2': 'the leader of the Amazon Union ', 'relation': ' became ', 'condition': 'in 2023'}, {'e1': 'I ', 'e2': ' interested in socialist politics', 'relation': 'remember becoming', 'condition': ' around 2019-2020'}, {'e1': ' demands such as Medicare for all', 'e2': 'popular', 'relation': ' were ', 'condition': ' around 2016-2018'}]",cmv,,,,,
1rlfj8q,"I understand that we are often downstream of the US, and that as the Wests foremost military and economic power, what happens politically there is important 
  
  So I'm not arguing we don't cover American politics, or even slightly over index on it when it directly affects us.
  
  But particularly when Trump is in office, we can go entire weeks where US domestic politics is headline news on the BBC, Guardian, Telegraph etc. 
  
  When I was young I didn't know, or care what a republican or democrat was. Now I know people in Britain who've literally fallen out because they support different American political parties. 
  
  In my humble opinion, most US politics is pure theatre. He said, she said, blues Vs reds tribalism. As Frank Zappa once put it; 'government is just the entertainment wing for the military industrial complex' (you can probably add in oil and gas, pharma and a few other powerful lobbies too). 
  
  The media division is so rife in the US I really don't want to see that exported (no more than it already has). Particularly the parts that just seem like an elongated soap opera - like, why the hell do I even know who characters like Marjorie Taylor Green or JD Vance or AOC or Gavin Newsom or Pete Buttigieg are? 
  
  I'm not sure what I've missed here but keen to hear some steel man arguments for why our own domestic issues take a back seat to US ones. Or why Washington is some shining city on a hill we all need to look up to and learn from politically.","[{'e1': ' we', 'e2': 'US domestic politics is headline news on the BBC, Guardian, Telegraph etc. ', 'relation': ' can go entire weeks where ', 'condition': 'when Trump is in office'}, {'e1': 'I ', 'e2': 'a republican or democrat was', 'relation': ""didn't know, or care what "", 'condition': 'When I was young '}, {'e1': ' most US politics', 'e2': 'pure theatre.', 'relation': ' is ', 'condition': 'In my humble opinion'}]",cmv,,,,,
1rln2ok,"I see people shaming others for losing weight with the help of GLP-1s like Wegovy, Zepbound, and Ozempic. These drugs are one of the best medical finds of the 21st century. Obviously people should have a healthy diet and at least be partially active, but obesity is a huge problem in the US and in the Middle East. If these drugs become more affordable and less stigmatized, we could eliminate obesity.
  
  Also, recent news are starting to show it helps with withdrawal symptoms from addicts, and now they are about to do further testing. For some reason, people feel like this drug is a cheat code or using it delegitimizes your weight loss. But weight loss is weight loss. This isnt even accounting for the benefits it has for diabetes.
  
  You can change my view by showing reasonable evidence that GLP 1s shouldn't be encouraged.","[{'e1': ' we ', 'e2': 'obesity', 'relation': 'could eliminate ', 'condition': 'If these drugs become more affordable and less stigmatized'}]",cmv,,,,,
1rltve8,"I appreciate his work making diabetes supplies more affordable, but the reality is, until this condition is cured, all the most state of the art diabetes supplies in the world won’t prevent the constant delicate balance and tradeoff between high blood sugar that slowly takes years off your life and low blood sugar that can get you killed then and there.
  
  Embryonic stem cell research offered an opportunity to cure this condition altogether, and Catholicism stood in the way, over a “life begins at conception” philosophy most adherents would not have applied to the same in vitro fertilization processes that supply some of these zygotes. It isn’t the only branch of this, but it is the most mainstream one, and it’s built on the same book the others are. Even denominations that don’t have this blind spot could have another comparably severe blind spot in the future on some other issue if it is build on the shaky foundation that is an internally contradictory holy book. Should a duly elected member of congress be encouraging that?
  
  When low income voters vote for politicians who hurt the poor, it’s seen as “voting against their own interests” even though no one is on solid ground to define one’s own interests but oneself. When it’s diabetics supporting religion, not a peep. Why the discrepancy?","[{'e1': ' all the most state of the art diabetes supplies in the world ', 'e2': ' the constant delicate balance and tradeoff between high blood sugar that slowly takes years off your life and low blood sugar that can get you killed then and there.', 'relation': 'won’t prevent', 'condition': 'until this condition is cured'}, {'e1': ' it', 'e2': '“voting against their own interests”', 'relation': ' is seen as ', 'condition': 'When low income voters vote for politicians who hurt the poor'}]",cmv,,,,,
1rlwqjw,"EDIT: I have awarded 3 deltas. 
  
  The first two is that evaporative cooling uses a lot of water and takes it out of the system because it goes into the air. It does not go into a purification system where it can be re-used. There are other cooling systems that can be used - so AI water usage does not need to use it, but it can and may use it. And I awarded a point to a person who convinced me that use of the other cooling systems will not be required by law since it is not for other industries. Therefore it is only reasonable to conclude that evaporative cooling will be used.
  
  The third delta is that datacenters are not competitive and use the same infrastructure such as internet access. That makes it so that many datacenters are built in the same area instead of being spread out as is common with other industrial facilities. This makes the water usage impact of datacenters much more concentrated in a local area, and it is a fairly unique issue for datacenters (AI and otherwise). This makes it much more likely that AI datacenters will cause significant water usage problems for a local area.
  
  ===
  
  First, I am using AI to mean LLMs. 
  
  Second, I am limiting this to AI water usage. This is not about the moral or practical value of AI, or its electrical usage. Debates about AI tend to swirl in lots of directions with the goal posts being moved around as convenient. So this is only about AI water usage.
  
  There are two possible claims about AI water usage:
  
  A: AI water usage is bad, therefore AI is bad.
  
  B: AI is bad, therefore AI water usage is bad.
  
  I believe that the claims that AI water usage is bad is based on statement B - but it is being used as a circular argument: AI is bad because of its water usage and AI water usage is bad because it is for AI.
  
  So I am looking to have my mind changed that AI water usage is in and of itself egregious. It poisons the water or in some other way damages the environment, or its water usage is so great that it is inherently a problem.
  
  If AI water usage is poisoning the water, then it need only do so to a significant degree to make AI water usage bad.
  
  If AI water usage is supposed to be bad based upon the volume of its usage - then that is only the case if its volume is among the greatest water usage. 
  
  If AI water usage is not the top water usage and is considered worse than things with higher water usage (such as agriculture) because the benefits of AI are less then the benefits of agriculture that goes back to the circular argument - AI is bad because of its water usage which is bad because AI is bad.
  
  This does not have to be on a global or even countrywide scale. If AI usage is egregious at a local scale that is a potential problem. The question then becomes if this is a general problem with AI or if it is isolated incidents. It need not be inherent in AI if the standard implementation has this problem, being inherent in the AI industry is sufficient to make its water usage a problem.
  
  And I particularly am interested in how AI water usage compares with other datacenter usage such as streaming video and the internet in general. Is AI water usage egregious but the rest of the internet is not for some reason other than a value judgement about AI and the rest of the internet?","[{'e1': ' it', 'e2': 'a significant degree to make AI water usage bad.', 'relation': ' need only do so to ', 'condition': 'If AI water usage is poisoning the water'}, {'e1': ' that ', 'e2': 'the case if its volume is among the greatest water usage. ', 'relation': 'is only ', 'condition': 'If AI water usage is supposed to be bad based upon the volume of its usage'}, {'e1': ' the benefits of agriculture ', 'e2': 'the circular argument - AI is bad because of its water usage which is bad because AI is bad.', 'relation': 'then goes back to ', 'condition': 'If AI water usage is not the top water usage and is considered worse than things with higher water usage (such as agriculture) because the benefits of AI are less'}, {'e1': 'it ', 'e2': 'a potential problem', 'relation': 'is ', 'condition': ' If AI usage is egregious at a local scale '}, {'e1': 'It ', 'e2': 'AI', 'relation': 'need not be inherent in ', 'condition': ' if the standard implementation has this problem, being inherent in the AI industry is sufficient to make its water usage a problem'}]",cmv,,,,,
1rmbcyv,"I'm referring to the type of window's switch that when you press it the car window goes up or down until u press the opposite direction slightly, unless u press it lightly at first.
  
  I just can't get used to it, i never seem to be able to control it nicely and always end up going up and down until i eventually manage to stop the window at the desired height.
  
  It should be abolished or at least deactivatable because i find it more distracting then just holding the switch down or up until the window is perfectly set to the desired height. I end up losing more time and also get nervous just to open a damn window, this makes me so mad, how did they not understand how bad this is? But maybe that's just me.
  
  Also i imagine myself trying to open the window while on a highway and maybe for some reason have to put both of my hands back on the steering wheel while the window keeps going down with the wind increasingly striking on my face cuz the window keeps going down, when maybe i just wanted to get just a little air come in cuz it's too hot or i'm getting fog on my front glass.
  
  What i want to know is if it's just me and i'm just bad at controlling it or maybe someone else find this annoying and dangerous.
  It could easily be that i'm not skilled enough or maybe it's just the 2 or 3 cars with this system that i tried that are bad designed. 
  
  Am i missing something? What do you think ?
  
  Also i hope i wrote in sufficently good english, it's not my first language.
  
  ------------------------ Edit:
  
  I'm changing my view and i get why it's mostly my issue:
  
  1) I rarely open the window 100%, i prefer to have it just slightly open most of the times. It looks like i'm in the minority about this.
  
  2) Most people seem to find it easy to control the Windows with this feature, so that's probably my issue cuz i probably drove a couple of cars with auto up/down that have bad or worn out switches. I like to think it's not a skill issue of mine seen the amount of time i used to drive this 2 cars and also my girlfriend having my same opinion.
  
  3) I get why people think it's not more dangerous than using radio controls or fiddly Ac controls, probably due to the difference in quality of the switches most people have. I end up going up and down with the switch multiple times trying to stop it, to not have it completely open or closed. Usually people with this Window's feature don't have to struggle so much, so it's not so distracting to them.","[{'e1': ' the car window ', 'e2': ' up or down ', 'relation': 'goes', 'condition': 'when you press it'}, {'e1': ' the car window ', 'e2': ' up or down ', 'relation': 'goes', 'condition': 'until u press the opposite direction slightly'}, {'e1': ' the car window ', 'e2': ' up or down ', 'relation': 'goes', 'condition': 'unless u press it lightly at first.'}]",cmv,,,,,
1rn3u34,"Many belief systems describe their Gods in terms of total knowledge, total presence, and total power. While these descriptions aim to inspire awe and confidence, I think they unintentionally shift faith away from its most meaningful core.
  
  Faith, as I understand it, is less about accepting perfect metaphysical claims and more about trust, commitment, humility, and lived experience. When belief becomes centered on defending or rationalizing the existence of an invisible omni-God, it risks turning into an abstract intellectual exercise rather than a transformative personal orientation (which would be much more beneficial for religions).
  
  Further, the claims that God is everywhere and is invisible further divides this relationship. An analogy that (albeit has its problems regarding context) highlights this distinction is that in any other context, someone referring to a mythical creature which watches them all the time, knows what they have and/or will do and is all powerful, would most likely be sent to the psych ward.
  
  
  
  For clarity, I am by no means an atheist (agnostic leaning towards Christianity/Quakerism) but I do question my faith. I am by no means trying to insult religions, or belittle them in anyway. I’m open to changing my view if someone can show that emphasizing the existence of a God (that is inherently difficult to prove) meaningfully deepens faith rather than deterring from it, or that faith fundamentally requires these Gods to remain coherent.","[{'e1': 'Many belief systems ', 'e2': 'their Gods ', 'relation': 'describe ', 'condition': 'in terms of total knowledge, total presence, and total power'}, {'e1': ' it ', 'e2': 'an abstract intellectual exercise rather than a transformative personal orientation', 'relation': 'risks turning into ', 'condition': 'When belief becomes centered on defending or rationalizing the existence of an invisible omni-God'}, {'e1': 'I ', 'e2': 'changing my view ', 'relation': 'am open to ', 'condition': 'if someone can show that emphasizing the existence of a God (that is inherently difficult to prove) meaningfully deepens faith rather than deterring from it'}]",cmv,,,,,
1rnewgz,"I feel like a lot of people still believe that you can only be born gay, as in it's not a choice no matter the situation. I disagree, I think it's fairly obvious you can, in fact, discover, explore, and by its repetition become gay (or thus Bi)
  
  This (unfortunately) also means that people who are against showing gay or related media to children specifically are right, because these media *can*, in fact, inspire or spark an interest in exploring that part of their sexuality. However, if they never did get introduced to those mediums, whether it's by choice or not, as they age the possibility is *higher* they will remain in their now programmed hetero/straight ways. *In a way*, this means there is a ''choice'' whether it's schools/media or us to dive into that side if our society pressures allow us. This of course, doesn't apply to all.
  
  \- Plenty Of Female Prisons, male prison documentaries, stories of women saying they were completely straight, never felt any sexual attraction towards women but as they stayed in all female facilities - eventually turned completely Bi. Same applies for men in prisons, they never had an actual sexual reaction to a man outside of prison, but inside as they explored the possibility deeper in their minds, attempted it, have thus programmed their body to recognize a man as also being sexually stimulated = became Bi.
  
  \- This won't do much to convince ya'll, but I have 2 friends who reported the same, eventually became so addicted to P, they started to dive into Gay P\*rn. Eventually, they accepted that they learned to get aroused by it, started dating a man in real life, and now identify as Bi/Gay. Had never felt arousal from men before.
  
  I have a secret deeper theory: in that we are all at least a bit ambisexual (?) or bi in every sense of the word. I can get even more controversial with this statement and apply it even to age, but I won't go that far.
  
  I am fully accepting of any sexuality, but I do have this thought. Thoughts?","[{'e1': ' the possibility ', 'e2': ' their now programmed hetero/straight ways', 'relation': 'is *higher* they will remain in', 'condition': "" if they never did get introduced to those mediums, whether it's by choice or not""}]",cmv,,,,,
1rnhorv,"I used to be an anarchist. The only reasons why really were largely emotional. I hated the government, businesses, and all the bureaucratic and exploitative bullshit associated with them. And I still do to an identical extent. The only issue is, due to hearing out some Marxists a bit, ive come to realize that under the constrains of anarchism, said society would be ripe to recreate an exploitative system, as of course, a very free, wide open society would inevitably lead to that. And i know that sounds like it should be obvious (I kind of feel like a dumbass for not considering it seriously way earlier), but understand as i said earlier, my sole reason for support was entirely emotional. Hopefully you can understand why I was coming from where I was with that context 😭 
  
  While Marxists have allowed me to become more critical of anarchism in the past few weeks, please do keep in mind, I am not a Marxist at all, at least not for the most part. I despise what the Soviet Union was and what it represented, and while some say that it wasnt real communism (and they're kind of right it wasn't exactly), what Marxists wish in general leans on being very authoritarian—far more so than the already oppressive United States, and essentially every other modern super power nation—under the guise that the state will be abolished when finally necessary. But i kinda think that's just a slippery slope. As demonstrated with the USSR, in my opinion, if you give any one (or a few) individuals total power, there's a high chance they're gonna fuck everything up. Perhaps its human nature to do that (maybe that common anti communist argument, while i generally think is obnoxiously dismissive of anything innovative from the pre-concieved norm, may have a bit of merit in that context), but perhaps human nature really disgusts me.
  
  So to link this back to the main topic at hand, anarchism is prone to create exploitation, yet from my understanding, so is Marxist-Leninism. Its like there's an impenetrable brick wall stopping us from creating a society that isnt fucking corrupt.
  
  So now for the reason I made this post. Do you believe my perspective on this is inaccurate? I am well aware I am not really much of an intellectual or large authority on this subject, and maybe im being hard on myself here, but i kind of expect some here to think im a moron yapping about this shit 😭. But irregardless, what is your opinion here? Am I right to feel this way, or are anarchism or communism better than im making them out to be? I would love to have my mind changed on this","[{'e1': 'under the constrains of anarchism', 'e2': 'an exploitative system, as of course, a very free, wide open society would inevitably lead to that', 'relation': ' said society would be ripe to recreate ', 'condition': 'due to hearing out some Marxists a bit'}, {'e1': ' there', 'e2': ""a high chance they're gonna fuck everything up"", 'relation': ' is ', 'condition': 'if you give any one (or a few) individuals total power'}]",cmv,,,,,
1rnl3wc,"[https://www.cnn.com/2026/03/07/politics/iran-war-prediction-markets-polymarket-kalshi](https://www.cnn.com/2026/03/07/politics/iran-war-prediction-markets-polymarket-kalshi)
  
  ""Death markets"" are immoral because they incentivize people to go out and make the bets true.
  
  Prediction markets cannot really be confined to prediction**.** They incentivize fulfillment of either side of the bet. There's a reason there has to be laws against athletes participating in sports betting.
  
  But new legislation is difficult to pass limiting novel uses of prediction markets, because legislation is difficult to pass, period. Those who shape legislation are also the very people who have insider information and stand to benefit from loose policy on prediction markets, and will obstruct new legislation.
  
  However, self-interest can be made to work in favor of ending death markets.
  
  Self-interest of the owners/founders of prediction markets themselves.
  
  There should be bets placed on the deaths of the owners/founders of prediction markets.
  
  That would get them to change things right quick.
  
  Because sometimes you have to walk, or be made to walk, a mile in someone else's moccasins.
  
  **Does not violate Rule D**
  
  This is not advocating harm to prediction markets' owners. What's being advocated is placing bets on it. Two different things ...... but if I'm wrong about this, then I'm right about my larger point.","[{'e1': '""Death markets"" ', 'e2': 'immoral ', 'relation': 'are ', 'condition': 'because they incentivize people to go out and make the bets true.'}, {'e1': 'new legislation ', 'e2': 'novel uses of prediction markets', 'relation': 'is difficult to pass limiting ', 'condition': 'because legislation is difficult to pass'}, {'e1': ' I ', 'e2': 'my larger point.', 'relation': 'am right about ', 'condition': ""if I'm wrong about this""}]",cmv,,,,,
1rnw5cq,"Putting Israel aside, although I feel like that’s a major risk factor as well. Just focusing on America. 
  
  I have a strong fear that Trump will grow frustrated with the lack of success with conventional arms and decide to use a nuclear weapon on Iran.
  
  If he backs down at this point, he’ll look weak, so I don’t see that happening. Iran also seems sufficiently riled up, and we can’t achieve peace in the region with only one side pausing their attacks.
  
  If he launches a ground invasion, it’ll turn into a quagmire due to the size/strength of Iran’s armed forces as well as the country’s mountainous terrain. Trump will be irritated with the slow progress of the war and strike what he sees as a decisive blow with nukes.
  
  I’m just an uninformed casual observer. However, it seems obvious that Trump has no restraint and loves theatrical displays of power, even if they break laws or societal norms. 
  
  Please CMV.","[{'e1': ' he ', 'e2': 'weak', 'relation': 'will look ', 'condition': 'If he backs down at this point'}, {'e1': 'it ', 'e2': 'a quagmire due to the size/strength of Iran’s armed forces as well as the country’s mountainous terrain.', 'relation': 'will turn into ', 'condition': 'If he launches a ground invasion'}]",cmv,,,,,
1ro4duq,"Firstly, I hate the term NPC, I think it's insanely gross to dehumanise people as 'non player characters' as you might find in a game. 
  
  I often hear people online who are extremely tribal in their politics, calling other people who aren't 'NPC's'. 
  
  I'm going to assume you have seen examples of this in your time on reddit.
  
  I have no issues with serious and nuanced debate online, or even activism. But those who have a superiority complex because they seem to spend their lives online. Immersed in a toxic, echo chambers that obsesses over every tiny detail of their countries politics. These are the ones who seem divorced from reality and unengaged with society. 
  
  A single mother working 2 jobs, who doesn't have time to spend glued to CNN or BBC News. A entrepreneur building a business who doesn't bother with the daily soap opera of party politics. A scientist who cares more about the rings of Saturn than red Vs blue. These people are the real 
  characters in society.
  
  In reality, no one should be described as an NPC. But if anyone is going to be, it would be the basement dwelling extremists who, ironically, feel the need to call everyone else who doesn't follow the granular detail of labour Vs Tory, or republican Vs democrat an 'npc'.","[{'e1': ' no one ', 'e2': 'an NPC', 'relation': 'should be described as ', 'condition': 'In reality'}]",cmv,,,,,
1roighw,"Support for stronger states' rights is often seen as a conservative position, and there hasn't really been much support for it in mainstream politics on either side of the aisle. I feel like states should have more power to regulate themselves to reduce polarization, governmental dysfunction, resentment of federal taxes, and generally just to satisfy the political needs of a lot of different people. States really feel like lines on a map at this point, and I think in the process we've lost a key feature of our country that our founders intended. I feel like a strong national government for a country as huge as the United States is just a bad model, but given states' rights aren't really pushed on either side of the aisle, I'd like to hear some perspectives on why that is. I'm sure there's something I'm overlooking.
  
  Basically, the national government is polarized. Congress is often gridlocked, and feels broken to the average citizen because the people in there are just so diametrically opposed. Elections are always close and the other side always resents it when they lose. Commonly proposed solutions to make the government ""work"" are really just eliminating longstanding checks and balances to make it easier for a 51% majority government to impose drastic changes on a bunch of people who don't consent to them: eliminating the filibuster, packing the Supreme Court, unitary executive theory, legislation from the bench. People overlook the fact that maybe a national government just doesn't work well at this scale and instead just want their party to be able to push the other around and for their voter base to just cry about it until they get the 1% swing state vote next election.
  
  My question is, why can't states take up the mantle and regulate in the way their populace wants? Republicans can live in red states, and Democrats can live in blue states. Red states can make red laws that the people there will all agree with-if you live in Texas, no abortion, lower taxes, subsidies for up-and-coming businesses, freer market, a conservative's utopia. Democrats can make laws that all the people *there* will agree with-high minimum wage, higher taxes, investigations into companies, pro-choice, anything a Democratic voter could want. Yes, there are divisions within the parties-not all reds or blues want the same things. But it'll still be a much better situation than what we have now, where nobody agrees with anything and people storm the capitol when they lose.
  
  This brings other benefits too. State governments are more responsive to the people, they live closer by, they can set up their own systems (state constitutions), people feel more in touch with their politicians. State congresses can have members from each district, meaning someone who lives 20 minutes from your house usually has real decision making power. Politicians have less people to worry about, and huge scandals aren't constantly tearing up the news because states worry about themselves. People often dislike federal taxation, control, and aid, especially red voters-they want to see their money being spent closer to home. With states setting taxes, that can happen.
  
  Originally, the founders intended America's federal government to be a sort of coalition between states that regulates interstate trade, military protection, currency, and foreign policy. No one state can do any of those things, so it makes sense that a national government, representative of people from those states, can come together to make decisions in those limited areas. It's clear that the federal government was intended to be far less powerful than it is now; however, an abusive interpretation of the commerce clause, plus over-delegation of power from Congress to the President (basically, procedural political hacks that the founding fathers didn't intend at all) has basically allowed the federal government to grow so powerful states can't do anything themselves. I'm basically advocating for a return of enumerated powers-why can't the federal government stick to regulating matters for the whole country, like the military? It should probably have immigration power too, since border states shouldn't be able to control immigration and prevent upper states from getting immigrants purely based on geography.
  
  States can better represent their constituents. The national government should still exist, but it should require bipartisan consensus to get things done, and it should only have the powers granted by the Constitution. Then, people will stop complaining about the President, because the federal government can maybe only do things with ⅔ consensus and only if it affects interstate trade, military, currency, etc. Something like this works in the EU pretty much. It could create political bubbles, but that could be better than arguing and even violence when different parties mix. Travel between states could mean new laws you have to deal with, but just regular travel activity where you don't live there isn't likely to run afoul of laws anyway, right?
  
  I'm open to seeing new perspectives on how this couldn't work politically, practically, or socially. Change my view!","[{'e1': 'the other side ', 'e2': 'it ', 'relation': 'always resents ', 'condition': 'when they lose'}, {'e1': 'their voter base', 'e2': ' it ', 'relation': ' to just cry about', 'condition': 'until they get the 1% swing state vote next election.'}]",cmv,,,,,
1rol70k,"I don't want this to be true, my Iraqi friend is saying it will happen and I'm starting to believe her.
  
  So the three nuclear parties in this conflict all have genuine reason to throw a nuke at each other, and while I think it would be suicide, we're not dealing with the brightest bulbs here.
  
  I'm not a believer that the USA will be the one to drop this third nuke, I think Iran will. They'll try to nuke the USA or Israel, and in that case, I can imagine Israel or the US retaliating with nukes as well in this case.
  
  There is also the fact that Trump is losing popularity and power, causing him to probably try and be desperate in winning this, and what's the ultimate reset button?
  
  Either way, I genuinely don't want this to be true. My friend lives in Iraq and if a nuke drops then she's either dying or getting severely poisoned by radiation. Also, the world would end should Russia get involved.","[{'e1': ' she', 'e2': 'dying or getting severely poisoned by radiation', 'relation': ' is either ', 'condition': 'if a nuke drops'}]",cmv,,,,,
1ronpuq,"Violence is a [contagion](https://www.psychologytoday.com/us/blog/get-psyched/201705/how-violence-spreads-contagious-disease). Due to the way people learn social behaviors -- that is, experiencing the behavior and then imitating it -- violence leads to more violence. When someone is exposed to violence it is much more likely that they then in the future act violently. It's not hard to think of places where normalized violence boiled over into wars, pogroms, genocides, and so many other social ill. We see this all over the place. Violence begets more violence. 
  
  The social consequences of violence, whatever you're using it for, are uniformly negatives. With research pointing to [increased incidences of depression, anxiety, posttraumatic stress disorder, and suicide; increased risk of cardiovascular disease; and premature mortality](https://www.healthaffairs.org/doi/10.1377/hlthaff.2019.00480?url_ver=Z39.88-2003&rfr_id=ori%3Arid%3Acrossref.org&rfr_dat=cr_pub++0pubmed). When interpersonal violence spills over into the community the outcomes can reach societal levels. It [scares people out of participating in neighborhood activities, limits business growth, strains education, justice, and medical systems, and slows community progress.](https://www.cdc.gov/community-violence/about/index.html#:~:text=The%20CDC's%20Division%20of%20Violence%20Prevention%20has,and%20medical%20systems%20*%20Slowed%20community%20progress) Violence does more harm than good in almost all cases. 
  
  If we come to conclusion that violence spreads like a contagion and that contagion is negative how can we justify acting violently except in the direst scenarios. We, in doing so, necessarily create more violence and thus more social harm.","[{'e1': 'violence ', 'e2': 'more violence', 'relation': 'leads to ', 'condition': 'Due to the way people learn social behaviors'}, {'e1': 'it ', 'e2': 'they then in the future act violently', 'relation': 'is much more likely that ', 'condition': 'When someone is exposed to violence '}, {'e1': 'the outcomes ', 'e2': 'societal levels', 'relation': 'can reach ', 'condition': 'When interpersonal violence spills over into the community '}]",cmv,,,,,
1rotvbi,"Everyone seems to default to the cloud these days. If you want to build a personal project, a blog, or a small app that uses AI, the standard advice is to pay for an OpenAI API key, rent a $15 cloud server, and maybe buy a few SaaS tools to glue it all together. It easily adds up to $40 or $50 a month just to keep a hobby project alive.
  ​I think this ""convenience tax"" is a total scam for individual creators and indie developers.
  ​I got so frustrated with renting my infrastructure that I recently moved my entire setup offline. I now pay exactly €2.75 a month for the absolute cheapest, dumbest web hosting I could find just to keep my website online. The actual ""brain"" of my project—the AI, the automation, the processing—runs completely locally on my everyday Android smartphone sitting in my pocket.
  ​When a user triggers something on my site, it silently pings my phone, my phone thinks about it using a free, local AI model, and sends the answer back.
  ​It costs me $0 per AI token. I have zero API limits. If the big tech companies raise their prices or change their terms of service tomorrow, I don't care. And because the AI runs in my pocket, I have 100% data privacy. It's digital sovereignty.
  ​I understand why massive enterprises need AWS or huge cloud clusters to scale to millions of users. But for the remaining 99% of us—hobbyists, indie devs, and small creators—why are we voluntarily locking ourselves into expensive monthly subscriptions when the devices we already own are powerful enough to run this stuff for free?
  ​Change my view: For personal projects and small-scale tech, the ""cloud default"" is an expensive trap, and we should be using local, sovereign hardware instead.","[{'e1': ' the standard advice ', 'e2': 'an OpenAI API key', 'relation': 'is to pay for ', 'condition': ' If you want to build a personal project, a blog, or a small app that uses AI'}, {'e1': ' the standard advice ', 'e2': ' a $15 cloud server', 'relation': 'is to rent', 'condition': ' If you want to build a personal project, a blog, or a small app that uses AI'}, {'e1': ' the standard advice ', 'e2': ' a few SaaS tools to glue it all together', 'relation': 'is to buy', 'condition': ' If you want to build a personal project, a blog, or a small app that uses AI'}, {'e1': 'I ', 'e2': ' €2.75 a month for the absolute cheapest, dumbest web hosting I could find ', 'relation': 'now pay exactly', 'condition': 'just to keep my website online'}, {'e1': ' it', 'e2': 'my phone', 'relation': ' silently pings ', 'condition': '\u200bWhen a user triggers something on my site'}, {'e1': ' I ', 'e2': 'care', 'relation': ""don't "", 'condition': 'If the big tech companies raise their prices or change their terms of service tomorrow'}, {'e1': ' I ', 'e2': '100% data privacy.', 'relation': 'have ', 'condition': ' because the AI runs in my pocket'}]",cmv,,,,,
1rpg10y,"Im fairly convinced that if China had striked Iran, taken out its leaders, killed 150 school girls while in school and said its about its oil, the world would have lost its mind. There would be sanctions for it to invade a soveirgn country, despite the Ayatollah being a monstrous murderous prick
  
  I dont see how that equation changes if US is the country that is doing it? Either something is right or its wrong. Its not right when US does it but wrong when China does it?
  
  As such, I would say the rest of the world should sanction US, like Russia was sanctioned more or less,","[{'e1': ' the world ', 'e2': 'its mind', 'relation': 'would have lost ', 'condition': ' if China had striked Iran, taken out its leaders, killed 150 school girls while in school and said its about its oil,'}, {'e1': 'I ', 'e2': 'that equation changes ', 'relation': 'dont see how ', 'condition': 'if US is the country that is doing it'}]",cmv,,,,,
1rpl737,"I have been playing with this view for a while since the invasion of Ukraine. It got reignited by the 2026 US Iran war. Please help me challenge this long held view of mine.
  
  So first of all, I do not mean ordinary anti-war views, diplomacy over military action, or just skepticism toward military intervention/imperialism. I mean absolute pacifism as a political position: the idea that violence is never justified, even in self-defense, even against aggressors. It cannot be justified to kill a man/woman in the context of a war.
  
  My view is that this position is not just wrong, but also politically parasitic. Also it can only survive inside a social order that is ultimately defended by people who are willing to use force. The absolute pacifist gets to condemn violence from a safe position precisely because someone else is standing between him and the people who would happily exploit, enslave, rob, or kill him. This is illustrated by the 80's anti nuclear weapons demonstrations in Europe as a result of the Cold War arms race. 
  
  As is my opinion: at the most basic level every functioning state rests on coercion. Laws are not just moral imperatives/suggestions. Property rights, borders, policing, courts, prisons, even basic public order all rely on the fact that, at some point, non-compliance is met with force. Remove that entirely, and you do not get a peaceful utopia. You get rule by whoever is most willing to use violence while others refuse to resist. Can a cop shoot a criminal when he attacks him with a knife? In that sense, absolute pacifism is not a viable governing doctrine. It is a luxury belief that presupposes a shield it refuses to acknowledge.
  
  Another argument: is also a game-theoretical problem. If most actors are cooperative but even a minority are predatory, a view of unilateral non-resistance gets exploited. In repeated games, a population that refuses all coercion effectively rewards defectors. The violent actor does not need to persuade the pacifist. He only needs to recognize that the pacifist has removed deterrence from the board. A society of unconditional cooperators facing even a small number of defectors does not remain peaceful for long; it becomes prey. This actually leads to war. Absolute pacifists often benefit from the existence of soldiers, police, intelligence services etc., and sometimes even armed citizens while denouncing the very logic that protects them. They can hold rallies, write essays, teach, vote, and denounce force only because others are willing to do the ugly work of maintaining order against those who reject norms entirely. 
  
  That is why I call the position free-riding. It outsources moral responsibility for coercion while still depending on its results.
  
  Thank you for listening to my ted talk. 
  
  PS: I am an extremely peaceful person 🙂","[{'e1': 'I ', 'e2': 'this view for a while ', 'relation': 'have been playing with ', 'condition': 'since the invasion of Ukraine.'}, {'e1': 'It ', 'e2': 'reignited ', 'relation': 'got ', 'condition': 'by the 2026 US Iran war'}, {'e1': ' every functioning state ', 'e2': 'coercion', 'relation': 'rests on ', 'condition': ' at the most basic level'}, {'e1': ' non-compliance', 'e2': 'force', 'relation': ' is met with ', 'condition': 'at some point'}, {'e1': 'a view of unilateral non-resistance ', 'e2': ' exploited', 'relation': 'gets', 'condition': 'If most actors are cooperative but even a minority are predatory'}, {'e1': ' a population that refuses all coercion ', 'e2': 'defectors', 'relation': 'effectively rewards ', 'condition': 'In repeated games'}, {'e1': 'They ', 'e2': 'rallies, write essays, teach, vote, and denounce force ', 'relation': 'can hold ', 'condition': 'only because others are willing to do the ugly work of maintaining order against those who reject norms entirely. '}]",cmv,,,,,
1rpn6s2,"It was a boxing match people say. Yes but Drago blatantly broke the rules (and would have lost for that reason if it was a sanctioned fight). The ref tried to stop the fight and Drago pushed him away and kept laying haymakers on a defenseless Apollo. Plus Drago didn't even give a shit: ""if he dies, he dies"".
  
  Sure Apollo deserves some blame for continuing and demanding that Rocky not throw in the towel, Rocky for not doing it anyway, and the officials for letting it go past the first round, but it was still murder. 
  
  Frankly, unless Drago was on a diplomatic passport, Las Vegas authorities should have arrested him on the spot and gave him some sort of homicide charge.","[{'e1': 'Drago', 'e2': 'that reason ', 'relation': 'would have lost for ', 'condition': 'if it was a sanctioned fight'}, {'e1': ' Las Vegas authorities ', 'e2': 'him on the spot', 'relation': 'should have arrested ', 'condition': 'unless Drago was on a diplomatic passport'}]",cmv,,,,,
1rpvhkj,"I believe that systemic racism stems is a worse side of the same more pressing problem of barriers to upward mobility, and that focusing efforts on eliminating poverty as a whole would be more conducive to racial justice than simple anti racist efforts alone.
  
  Historically families and people of color have been cut off from most of the opportunities for wealth accumulation white families enjoy, which places a disproportionate number of them at a lower socioeconomic status. Now, overt racial discrimination is of course illegal and has been for decades, but, specifically in the 2020s, upward mobility has become less attainable for EVERYONE. So now, not only is everyone struggling to get ahead, but families of color who were affected by these past policies are in a worse spot and have an even HARDER time getting out of poverty because of institutional discrimination
  
  I understand that there are unique barriers that people of color face in achieving upward mobility, but the US is at a point where it's so hard to get out of your socioeconomic status for all citizens that raising up average families of color to the same status as average white families just leaves everyone stuck in the same shitty boat.
  
  I am a white man and realize this probably comes off as dismissive of people of color's experiences, so please challenge me and help me see it from a different angle. I have just been putting a lot of thought into the inequalities America faces as a whole, and the more I learn, the more I am convinced that all inequality is a symptom of the main disease of our disgusting wealth gap.","[{'e1': 'there ', 'e2': 'unique barriers that people of color face ', 'relation': 'are ', 'condition': 'in achieving upward mobility'}]",cmv,,,,,
1rq025c,"They have historical associations to power, grandeur, colonies, and oppression. Countries do too, but empires emphasize a mainland with territories that they control with influence, countries unify them more directly with sovereign borders. It also means that if an empire is oppressive, people are likely to assume that their influence came from non-negotiable control, but if a country is, people are more likely to assume that it comes from disagreement and that the supposed unity a country's borders make them stable and non-problematic. Which sounds more influential and imposing? That a colony is governed seperately by a viceroy of an empire, or that it's a state or territory controlled directly by the country leader? I feel like if ancient empires branded themselves as countries, they could propogate unity and assimilation over control more strongly, turn their colonies into states that the mainlanders can assimilate and settle into, and that they could've kept their influence longer without resistence from indigenous. Empires are usually seperate territories and preexisting nations governed by leaders assigned by the mainland, but countries claim them unambiguously. The United States is basically an empire, few to nobody questions that Alaska, Hawaii, the entire West, Guam, Midway, and Americn Samoa are lands stolen from indigenous. I feel that the difference between propogating that ""British Raj is an imperial colony controlled by England"" VS ""British Raj is England"" could've changed history in colonial normalization.","[{'e1': ' people ', 'e2': ' their influence came from non-negotiable control ', 'relation': 'are likely to assume that', 'condition': 'if an empire is oppressive'}, {'e1': ' people ', 'e2': ""disagreement and that the supposed unity a country's borders make them stable and non-problematic."", 'relation': 'are more likely to assume that it comes from ', 'condition': 'if a country is oppressive'}, {'e1': 'they ', 'e2': 'unity and assimilation over control more strongly ', 'relation': 'could propogate ', 'condition': ' if ancient empires branded themselves as countries'}, {'e1': 'they ', 'e2': 'their colonies into states that the mainlanders can assimilate and settle into', 'relation': 'could turn ', 'condition': ' if ancient empires branded themselves as countries'}, {'e1': 'they', 'e2': 'their influence longer without resistence from indigenous', 'relation': ' could have kept ', 'condition': ' if ancient empires branded themselves as countries'}]",cmv,,,,,
1rq0llw,"The projected US defense budget for the year 2027 is $1.5 trillion. The current conflict with Iran is costing an estimated $1 billion every day. Every single Patriot missile fired costs $4 million. The US spends more on defense than the next 10 countries combined.
  
  We spent $5.3 trillion on healthcare costs in 2024. A Medicare-for-all system would already save $500 billion annually, and I propose it could be implemented sooner and more efficiently if we had discretionary funds to pour into its implementation. 
  
  My state of MN spends $250 million on a free school lunch program. Studies show children learn better when they are fed. Better educated children get better paying jobs, and in turn contribute more in taxes.
  
  The local and state governments pay for the majority of public schooling, with the federal government providing about 12.7% of the total. Think how much more teachers could be paid, how many more schools could be refurbished and rebuilt, how many more after school programs would be started, if the federal government poured even $200 billion annually into that public school budget?
  
  If I believed the US was in imminent danger of attack, or we were engaged in a legal, congressionally-approved war, I would perhaps have a different view on spending. However the war in Iran is illegal and illegitimate. We are spending billions to blow up schools and civilian infrastructure. We send Israel more weapons and aid than any foreign nation, and now they want us to follow them into war.
  
  I believe the population in the US could enjoy a significantly higher quality of life were we to reduce the defense budget. By how much, that depends how much we’re willing to disarm, how interested we are in continuing to develop nuclear weapons, how many soldiers we think we require for safety.
  
  $1.7 trillion is an extraordinary amount of money. When spent on defense, the US sees none of that money. If we even lowered the budget by $700 billion and used that money for social services like healthcare, public schools, and increased SNAP benefits, we would see a noticeable increase in quality of life, less poverty, more optimism, and I believe, more patriotism.
  
  The budget for SNAP(food stamps) benefits is around 1.5% of the US budget.","[{'e1': 'The projected US defense budget', 'e2': ' $1.5 trillion', 'relation': ' is', 'condition': 'for the year 2027'}, {'e1': 'We ', 'e2': ' $5.3 trillion on healthcare costs ', 'relation': 'spent', 'condition': 'in 2024'}, {'e1': ' it ', 'e2': 'implemented sooner and more efficiently ', 'relation': 'could be ', 'condition': 'if we had discretionary funds to pour into its implementation. '}, {'e1': 'children ', 'e2': ' better ', 'relation': 'learn', 'condition': 'when they are fed.'}, {'e1': ' I ', 'e2': ' a different view on spending', 'relation': 'would perhaps have', 'condition': 'If I believed the US was in imminent danger of attack, or we were engaged in a legal, congressionally-approved war'}, {'e1': ' the US ', 'e2': 'none of that money', 'relation': 'sees ', 'condition': 'When spent on defense'}, {'e1': ' we ', 'e2': ' a noticeable increase in quality of life, less poverty, more optimism, and I believe, more patriotism.', 'relation': 'would see', 'condition': 'If we even lowered the budget by $700 billion and used that money for social services like healthcare, public schools, and increased SNAP benefits'}]",cmv,,,,,
1rqakuc,"This view is formed on the basis of a few underlying assumptions. 
  
  Assumption 1: while there is abundant room for individual preference and the influence of different cultures and backgrounds, the desirability of certain traits (and the undesirability of other traits) follow universal trends to a broad extent. At large timescales, these trends will provide ""maps"" of our evolutionary trajectory which favored certain traits and rejected others. 
  
  Assumption 2: living with relative success/happiness/security in the modern world in any capacity depends far more on an individual's social skills - particularly social skills with strangers encountered in limited contexts - than any other period of human history. Again, there are obvious exceptions, but, for most of us, our ""social currency"" will be correlative to our interpersonal skills - i.e., our emotional intelligence and resultant behavior. You may be skilled at a particular vocation, but if you're a sociopathic asshole, you will not be as successful/secure/happy in life as you would be if you were more likable.
  
  Assumption 3: people tend to choose long-term partners who they believe will increase their chances at success/security/happiness in their life. This choice may be conscious or unconscious, and, as always, there are exceptions. 
  
  Assumption 4 (though I'm pretty sure this is proven at this point): men (particularly men under 30) have overall lower emotional intelligence than women and are more likely to engage in antisocial behavior. Since these traits are antithetical to the traits correlating with success/security/happiness in the modern world, it follows that there will be a larger portion who are unable to find a long-term partner. 
  
  I might be wrong about any or all of these assumptions. But if the assumptions are correct, I don't think there is any other conclusion than that we are ""naturally selecting"" for these traits. CMV!","[{'e1': ' the desirability of certain traits ', 'e2': ' universal trends to a broad extent', 'relation': 'follow', 'condition': 'while there is abundant room for individual preference and the influence of different cultures and backgrounds'}, {'e1': ' these trends ', 'e2': ' ""maps"" of our evolutionary trajectory which favored certain traits and rejected others. ', 'relation': 'will provide', 'condition': 'At large timescales'}, {'e1': 'you ', 'e2': ' successful/secure/happy in life as you would be if you were more likable.', 'relation': 'will not be as', 'condition': ""if you're a sociopathic asshole""}, {'e1': ' it ', 'e2': 'there will be a larger portion who are unable to find a long-term partner. ', 'relation': 'follows that ', 'condition': 'Since these traits are antithetical to the traits correlating with success/security/happiness in the modern world'}, {'e1': 'there ', 'e2': 'no other conclusion than that we are ""naturally selecting"" for these traits', 'relation': 'is ', 'condition': 'if the assumptions are correct'}]",cmv,,,,,
1rqv14h,"A highlight of this bill would force build to rent outfits to sell their properties after 7 years. 
  
  That’s pretty stupid if you ask me.
  
  This will not improve the housing situation. It will make it worse. 
  
  Let’s say you build a house valued at $350k
  
  Rent at $2.25k a month for 7 years, that’s only $189k recouped in rent cost. That’s assuming 100% occupation as soon as it is available.
  
  That’s doesn’t take into account property taxes, maintenance, a touch up to sell the house after 7 years (if the current tenant doesn’t buy) or interest to a bank. 
  
  For arguments sake, let’s say the price of the house goes up to $75k in 7 years (very likely it won’t) and you happen to sell it immediately…
  
  You would struggle to get 6 figure in return on a $350k in 7 years. Why build?
  
  In the stock market, you could much more likely DOUBLE your investment in that time with a realistic 10% return a year.
  
  When it comes to restate, it is the long term gains that make it worth it in some cases. That or the higher (average S&P 500) returns, especially if you’re not paying a mortgage.
  
  So tell me why people would look to build houses in order to rent them out if you’re severely hindering their return on investment?","[{'e1': ' you ', 'e2': 'your investment in that time with a realistic 10% return a year.', 'relation': 'could much more likely DOUBLE ', 'condition': 'In the stock market'}, {'e1': 'it ', 'e2': 'the long term gains that make it worth it in some cases.', 'relation': 'is ', 'condition': 'When it comes to restate'}]",cmv,,,,,
1rqw8z4,"I previously [argued](https://www.reddit.com/r/changemyview/comments/1r8nfrf/cmv_trump_should_strike_iran_until_democracy/that) Iran should be strategically hit with precision airstrikes shortly before the war. I had misplaced faith that Trump would be inclined to conduct only targeted strikes against leadership rather than an all-out air campaign.
  
  The US-led tomahawk double-tap on an Iranian girls’ elementary school leads me to believe that targets were not carefully chosen.
  
  The US is striking energy and oil infrastructure in a general attempt to cripple Iran militarily, which will have significant civilian effects.
  
  Iran’s leadership is cowardly attacking civilian cargo ships in a desperate bid for survival, and the US military is currently unable to guarantee safety. While giving in to threats against civilians is not ideal, we should also be realistic about the effects this will have on the global economy and reconsider continued attacks.
  
  Khamenei was replaced by his son, someone who is just as much, if not more, of a hardliner. This shows that Iran has not actually bent at all under the pressure of military strikes.
  
  Most of the important targets regarding Iran’s nuclear program have already been hit at this point. Further attacks will have diminishing returns and greater civilian cost.
  
  The US is reaching a wall in terms of what it can actually accomplish through remote attacks.
  
  Iran is resorting to activating terrorist sleeper cells.
  
  My view is that Trump should cease attacks on Iran. Even if this might appear to be a sign of weakness or admitting defeat, it is the right thing to do for civilians.
  
  I am curious whether I can be convinced that it is in the best interests of the US to continue the war.","[{'e1': ' Iran', 'e2': 'precision airstrikes ', 'relation': ' should be strategically hit with ', 'condition': 'shortly before the war'}, {'e1': 'The US ', 'e2': 'energy and oil infrastructure ', 'relation': 'is striking ', 'condition': 'in a general attempt to cripple Iran militarily'}, {'e1': 'Iran’s leadership ', 'e2': 'civilian cargo ships ', 'relation': 'is cowardly attacking ', 'condition': 'in a desperate bid for survival'}]",cmv,,,,,
1rqyzb4,"my Opinion: same budget buy windows laptop instead or extra budget to buy Air . Reason: Windows can run most software, can play most video games, has larger RAM and storage than Neo which means it allows u to run more tasks at the same time,upgrade opitional: u can change the RAM and SSD as u want,there is no COB like Neo.
  
  MacBook definitely has some advantages, MacOS , runs better without a power plug, nice exterior design,and most important that Apple CPU have more performance than cheap windows laptop.BUT the Apple cpu&gpu r run below 6W, the RAM and SSD r 8+256g, no radiator, so it can only run some basic software which windows can also do that.if u want to run some heavy duty task,maybe windows r even better.
  
  Prove me wrong.
  
  PS: Used laptop is excluded in price range comparson.","[{'e1': 'windows', 'e2': 'better', 'relation': ' are even ', 'condition': 'if u want to run some heavy duty task'}]",cmv,,,,,
1rr360j,"Whenever I want to attend online international event it usually says "" at 5pm EST"" wtf is EST? European ? Eastern? How do I easily know when to join from home?
  
  In common sense world every event would include the time zone in GMT time. I think everyone knows theirs GMT offset (and if not it's just one number to remember) it also solves daylight saving time shift.. you just add 1
  
  This would make attending international events way easier and hassle free. Example: event starts at 2PM GMT-5, I'm GMT +1 > event starts at 8PM (2 +5+1) for me
  
  Why isn't this a thing?
  I would make this a ""law"" (i know that's not the correct term) on international level via UN.","[{'e1': ' every event ', 'e2': 'the time zone in GMT time.', 'relation': 'would include ', 'condition': 'In common sense world'}]",cmv,,,,,
1rr3gkh,"GLP-1 agonists activate the GLP-1 receptor all over the body. In this regard, it might not be so surprising it has so many broad effects. However, the body already creates GLP-1, and DPP-4 inhibitors (-gliptins) don't actually show the same all-cause mortality or cardiovascular mortality benefit.
  
  If you look at the control system, the DPP-4 block the degradation of GLP-1 (and other incretins). That they aren't very effective might be a sign that incretin production or receptor tranduction is chronically diminished in many American adults, and so the decrease in degradation rate isn't sufficient to restore balance. I say receptor transduction because GLP-1 receptors seem resistant to downregulation.
  
  As to why this is the case, I think it is because high volumes of glycemic spikes throughout our lives causes systemic decrease in receptor or incretin production due to downregulation of either the GLP-1 receptor transduction or incretin K- and L- cells. There is evidence that L-cell differentiation is affected by chronic high-glucose exposure.
  
  This might be either due to a constant source of processed foods that bypass the high fiber content normally found with high carbohydrate content (which lowers the glycemic spike) or from a chronic overconsumption of high sweetness foods in general (due to the cost of high glycemic load processed staples).","[{'e1': 'incretin production or receptor tranduction ', 'e2': 'chronically diminished ', 'relation': 'is ', 'condition': 'in many American adults'}]",cmv,,,,,
1rrno2i,"Okay, so I’m from the UK. I won’t go too far into the context as I’m sure many of you are aware, but we are somewhat of a popular destination for many asylum seekers, refugees, and/or immigrants. I’m not against immigration itself, nor do I begrudge those seeking asylum, but I believe that a country should support it’s own people first. 
  
  I served in the British Army. I had to leave on a medical due to PTSD, and as part of my situation at the time I ended up homeless. As a British man in my 20’s I felt that I had no support from anyone in regards to housing, and the council/government were happy to leave me on the street. However, the government started using hotels to accommodate asylum seekers, and some have even gone on to get social housing. Why could the government not provide me with a hotel room? 
  
  Currently, 10% of people in social housing in the UK were not born here. I believe that there should not be a single person who was not born here in social housing, until we have offered that to British people who are in need first. Then, once we have effectively ‘sorted ourselves out’, we can use the remaining resources to help others. This could also be applied to other countries, but I can only use the UK as my reference. 
  
  Thank you in advance. I do want to make it abundantly clear that I am not racist or anti-immigration, I simply feel that there needs to be a re-prioritisation of resources. But I’ve come here to hear the other side.","[{'e1': 'I', 'e2': 'a medical ', 'relation': ' had to leave on ', 'condition': 'due to PTSD'}, {'e1': ' I ', 'e2': ' homeless', 'relation': 'ended up', 'condition': ' as part of my situation at the time'}, {'e1': ' I', 'e2': ' I had no support from anyone in regards to housing', 'relation': ' felt that', 'condition': ' As a British man in my 20’s'}, {'e1': 'there ', 'e2': ' a single person who was not born here in social housing', 'relation': 'should not be', 'condition': 'until we have offered that to British people who are in need first'}, {'e1': ' we ', 'e2': ' the remaining resources to help others', 'relation': 'can use', 'condition': 'once we have effectively ‘sorted ourselves out’'}]",cmv,,,,,
1rrtne9,"\[According to yougov.com\]([https://yougov.com/en-gb/articles/54288-voting-intention-9-10-march-2026-ref-23-con-19-grn-19-lab-17-ld-14](https://yougov.com/en-gb/articles/54288-voting-intention-9-10-march-2026-ref-23-con-19-grn-19-lab-17-ld-14)), in Westminster, Reform is polling 23%, Conservatives are polling 19%, Greens are polling 19%, Labour is polling 17%, and Lib Dems are polling 14%. When the vote is split this many ways, it makes no sense at all to have FPTP. If, in 2029, Reform wins the general election with just a total share of 28.5% of the votes, they will hold an entire 308 seats. This is what will happen under FTPT.
  
  From a self-preservation point of view, Labour simply cannot allow this to happen. They probably won’t win in 2029, and if Reform wins with just a 30% share of the votes, they’ll have free reign to do just about anything (like dismantling the Civil Service and liquidating pensions).
  
  Now, if we swap to proportional representation, then Labour will hold over 100 seats even with their current polling figures, as opposed to just a few dozen, meaning they could form a coalition with the Greens and the Lib Dems have a majority of the seats. They could act as a counterweight to Reform, and importantly, they’d still hold a considerable amount of power as opposed to none.","[{'e1': ' Reform ', 'e2': '23%', 'relation': 'is polling ', 'condition': 'in Westminster'}, {'e1': ' Conservatives', 'e2': '19%', 'relation': ' are polling ', 'condition': 'in Westminster'}, {'e1': 'Greens ', 'e2': '19%', 'relation': 'are polling ', 'condition': 'in Westminster'}, {'e1': 'Labour ', 'e2': '17%', 'relation': 'is polling ', 'condition': 'in Westminster'}, {'e1': 'Lib Dems ', 'e2': '14%', 'relation': 'are polling ', 'condition': 'in Westminster'}, {'e1': ' it ', 'e2': 'FPTP', 'relation': 'makes no sense at all to have ', 'condition': 'When the vote is split this many ways'}, {'e1': 'they ', 'e2': '308 seats', 'relation': 'will hold an entire ', 'condition': 'If, in 2029, Reform wins the general election with just a total share of 28.5% of the votes'}, {'e1': ' they ', 'e2': 'just about anything', 'relation': 'will have free reign to do ', 'condition': ' if Reform wins with just a 30% share of the votes'}, {'e1': 'Labour', 'e2': 'over 100 seats even with their current polling figures', 'relation': ' will hold ', 'condition': 'if we swap to proportional representation'}]",cmv,,,,,
1rrwgvm,"There is a lot of news out there saying you are about to lose your job to AI or some type of next generation automation. I'm not convinced.
  
  8 years ago self driving cars were going to take over in 5 years. 2 years ago AI was going to replace all white collar jobs in 14 months. Right now entry level jobs will be replaced by humanoid robots in 2 years... 
  
  But it never happens. I think the real reason for the job loss narrative is to get people back into the grind after they got a taste of enhanced unemployment during Covid. You aren't going to lose your job because some new technology is going to wipe the job market in 8 months. 
  
  You are going to lose your job because we are entering a recession because fraudsters have been sucking the economy dry for 10 years. The economic cycle exists to destroy the fake innovators who keep borrowing and begging for investments. You will survive because human labor is still hard to replace.","[{'e1': 'self driving cars', 'e2': ' take over', 'relation': ' were going to', 'condition': ' in 5 years'}, {'e1': 'AI ', 'e2': ' replace all white collar jobs ', 'relation': 'was going to', 'condition': 'in 14 months'}, {'e1': 'entry level jobs', 'e2': 'humanoid robots ', 'relation': ' will be replaced by ', 'condition': 'in 2 years'}, {'e1': 'the real reason for the job loss narrative ', 'e2': 'people back into the grind ', 'relation': 'is to get ', 'condition': 'after they got a taste of enhanced unemployment during Covid'}, {'e1': 'people', 'e2': 'enhanced unemployment ', 'relation': 'got a taste of ', 'condition': 'during Covid'}, {'e1': 'fraudsters ', 'e2': ' the economy dry', 'relation': 'have been sucking', 'condition': ' for 10 years'}]",cmv,,,,,
1rs777w,"The West will always need to influence who is in power in MENA countries because if you allow real democracy, they will vote in people who are against the existence of Israel as a state. When Israel was founded, there were actually a lot of Jewish people who lived in peace in Palestine for a while before that (ie Zionist movement pre-WW2). Muslims in MENA did not really care and had sizeable Jewish populations themselves. After establishment and recognition of Israel, that is when Jews were kicked out of MENA states. Some education efforts similar to post-WW2 occupations of Axis (and China with its Muslim population) may be necessary to convince MENA people to stop hating Israel before they can be allowed real democracy.","[{'e1': ' they', 'e2': 'the existence of Israel as a state', 'relation': ' will vote in people who are against ', 'condition': ' if you allow real democracy'}, {'e1': ' Jews ', 'e2': 'MENA states', 'relation': 'were kicked out of ', 'condition': 'After establishment and recognition of Israel'}, {'e1': 'Some education efforts similar to post-WW2 occupations of Axis ', 'e2': 'MENA people to stop hating Israel ', 'relation': 'may be necessary to convince ', 'condition': 'before they can be allowed real democracy.'}]",cmv,,,,,
1rse064,"Been on a lot of car forums lately and everyone there seem to hate Electric Vehicles, saying the electricity source isn't clean, that there is no soul in the cars and worries about the range anxiety.
  
  Keeping the soul aside, I believe Electric cars could be the best viable option for us in the future (especially seeing how oil prices fluctuate based on wars)....abt 15 years back, EVs were absolutely trash (Smart Cars, G Wiz's), but in less than 2 decades, we've got some absolutely wonderful EVs (Teslas, Porsches, Kia, Byd, all of them have some absolutely amazing cars in their lineup). 
  
  Who knows what could happen in a few more years?? Maybe we'd not have to worry abt range anxiety (due to fast charging and better batteries) and the source of electricity could be improved too, making it clean and green","[{'e1': 'Electric cars ', 'e2': 'the best viable option for us', 'relation': 'could be ', 'condition': ' in the future'}, {'e1': ' EVs ', 'e2': ' trash', 'relation': 'were absolutely', 'condition': '15 years back'}, {'e1': 'we ', 'e2': 'some absolutely wonderful EVs', 'relation': 'have got ', 'condition': ' in less than 2 decades'}]",cmv,,,,,
1rsfcu1,"I’ve been thinking about democracy and I keep coming back to the idea that, at its core, it’s just majoritarianism (or populism, or tyranny by the majority, whatever you wanna call it). People often argue that democracy protects minority rights through constitutions, courts, and institutional checks. But those limits ultimately onlu exist because a majority allows them to exist.
  
  If a majority truly wants something strongly enough, it can amend a constitution, elect leaders who ignore institutional constraints, or simply get rid of said protections in totality, the supposed safeguards against “tyranny of the majority” still ultimately depend on the majority’s willingness to respect them.
  
  Because of that, it seems misleading to say democracy protects minorities in any fundamental way. At the end of the day, the system still rests on the principle that the majority of the \*people\* has the final authority.
  
  So my view is that democracy isn’t really a system that balances majority rule with minority protection. Instead, it’s fundamentally majority rule with temporary limits that exist only as long as the majority tolerates them.
  
  This is why I find myself somewhat agreeing with Socrates annoyance with democracy in Athens. His concern (at least in Platos writings) was that political power in a democracy ultimately flows from the uneducated and rather stupid masses and who can manipulate them the best rather than from knowledge or competence.
  
  Especially today, so much of modern democracy (especially in the US) is literally who can promise the most things while making it sound realistic, when in reality none of those promises are really possible, and none of them are really issues either. (Think of DOGE)
  
  Anyways i digress, (im starting to rant) ultimately democracy gives absolute power to the majority of the people, even if they mask it with supposed safeguards. \*\*The basis for governance cannot simply be the majority of the people.\*\*
  
  CMV
  
  Edit: Ill restate, my view is \*\*The basis for governance cannot simply be the majority of the people.\*\* that is my claim, and that is what my view that im looking for a compelling reason to change","[{'e1': ' it ', 'e2': 'a constitution', 'relation': 'can amend ', 'condition': 'If a majority truly wants something strongly enough'}, {'e1': ' it ', 'e2': ' leaders who ignore institutional constraints', 'relation': 'can elect ', 'condition': 'If a majority truly wants something strongly enough'}, {'e1': ' it ', 'e2': 'said protections in totality', 'relation': 'can simply get rid of ', 'condition': 'If a majority truly wants something strongly enough'}]",cmv,,,,,
1rshw6r,"The whole point of the movie is that Chris Gardner overcomes a ton of difficulties including homelessness, a breakup, and chasing down his scanning devices, and at the same time holds down an unpaid internship, and eventually lands the job, being able to provide for his son. Inspiring, right? Chris's hard work ethic brings him to success!
  
  Here's the problem: there were 20 people fighting for one singular job position. What happened to the other 19 people? They likely had their own problems and reasons for needing the job, yet they walk away with nothing but months of time lost. It gives the message that if you aren't very talented, extremely hard working, and quite lucky, you can't get yourself where you want to in life. Chris Gardner was extremely lucky in landing that job, and in 95% of real scenarios him and his son would've walked away continuing to be homeless. 
  
  It's a sad reflection on reality - you can do everything right and still lose badly.","[{'e1': 'you ', 'e2': 'yourself where you want to in life', 'relation': ""can't get "", 'condition': "" if you aren't very talented, extremely hard working, and quite lucky""}, {'e1': ' he and his son ', 'e2': 'homeless. ', 'relation': ""would've walked away continuing to be "", 'condition': ' in 95% of real scenarios'}]",cmv,,,,,
1rssm3f,"""Taught by whom?"" Parents, schools that insist on displaying the 10 Commandments, etc.
  
  If propaganda and corrupt politics fucked off, and magick (which includes prayer, communion, etc) and Neo-Pagan practices were taught, Christianity wouldn't have its numbers.
  
  Much older faith where you can choose gods/goddesses, no gay conversion 'therapy' or woman hatred, much larger spiritual toolbox (Abrahamic magick doesn't compare to everything else out there)...
  
  The only reason Christianity has its numbers is through nasty means. Spilt blood, smear campaigns, demonizing Natives and forcing conversion, obnoxious intolerant evangelizing, etc.","[{'e1': ' Christianity ', 'e2': 'its numbers.', 'relation': ""wouldn't have "", 'condition': 'If propaganda and corrupt politics fucked off, and magick (which includes prayer, communion, etc) and Neo-Pagan practices were taught'}, {'e1': 'Christianity ', 'e2': 'its numbers ', 'relation': 'has ', 'condition': ' through nasty means. Spilt blood, smear campaigns, demonizing Natives and forcing conversion, obnoxious intolerant evangelizing, etc.'}]",cmv,,,,,
1rt6kcz,"This seems like a really easy argument to make but I went to a golf expo today and it really feels like golf has hit a post Covid maturity where the inclusiveness, affordability, and diversity of ways to play has never been higher.
  
  Some of my arguments:
  
  Public courses are thriving (at least around me) due to being open throughout Covid, and being able to charge enough to remain profitable.
  
  Private courses are also thriving due to more creative monetizing structures than just member dues.
  
  Equipment is more forgiving and affordable than ever and the used market is easier than ever to use (as a buyer or seller)
  
  Golf social media channels have created huge amounts of hype for golf at all levels.
  
  Indoor simulator golf is thriving and adding new levels of accessibility and fun that would otherwise intimidate new players.
  
  Equipment has reached a saturated level of sellers that there is cost competition at every level of new and used prices.
  
  I’m not saying it can’t get better than this, but it certainly is great!
  
  Update: adding “in most places” to account for special circumstances unrelated to the point of the post.","[{'e1': 'Public courses ', 'e2': 'thriving ', 'relation': 'are ', 'condition': 'due to being open throughout Covid'}, {'e1': 'Private courses ', 'e2': 'thriving ', 'relation': 'are also ', 'condition': 'due to more creative monetizing structures than just member dues.'}, {'e1': 'Golf social media channels ', 'e2': 'huge amounts of hype for golf ', 'relation': 'have created ', 'condition': 'at all levels.'}]",cmv,,,,,
1rtnk1i,"I fully believe without question that Islam represents the greatest long-term ideological threat to liberalism in the West. Before I dive into this I want to explain my positioning first. I no longer share the Islamic faith and am a registered Democrat within the US. I’m sure that many people are going to accuse me of being a Mossad agent, a bot, or someone else in an attempt to discredit me and my view. Please note that I do not support Israel in the slightest.
  
  I think it would be fair to lay the groundwork first of what some left-wing Progressive values are:
  
  •Full legal and social equality for LGBTQ+ people
  
  •gender egalitarianism
  
  •democratic governance without religious law overriding civil rights
  
  •free speech
  
  I believe Islam is the greatest threat and abuser to all of them. 
  
  There are 10 Muslim-majority countries where being gay is punishable by death and 64 countries (the majority being Muslim-majority) where same-sex acts are criminalized. In Saudi Arabia, people that engage in sodomy are decapitated. In Iran, homosexual men are hanged. In Syria and Iraq, it is common practice to push homosexuals off buildings to their deaths. In Yemen, you are thrown in jail for a minimum of 3 years if they find out you are gay. Etc.
  
  As much as we point the finger towards Republicans on this issue, there is a clear night and day difference to how American Republicans treats the LGBT+ community compared to Muslim nations yet for some reason I see more Democrats supporting and defending the Islamic faith than I see them defending their Republican neighbors.
  
  (Whoever you find doing the deed of Lut's people homosexuality, then kill the doer and the one who allows it to be done to him (both partners).) Tafsirs \[11:82\]
  
  Islam is without a doubt the greatest abuser of egalitarianism on the planet and the ultimate abuser of women. The Quran actively encourages husbands to physically hit their wives if they disobey. In Muslim-majority countries, women are punished for not wearing their hijabs out in public. Depending on the region or country, they are permitted to be imprisoned for 15 years, murdered, flogged, and raped. The Quran also treats women as if they’re trophies or objects to be used for one’s own self satisfaction. Muslims are encouraged to capture females in war to be used as sexual slaves. The fact that the reward for martyrs is 72 virgins should tell you all you need to know about the lustful indulgence and objectification of women the Quran encourages. Women in most Muslim countries are denied basic rights such as education, self-expression, and the freedom to choose who they want to marry.
  
  (But those \[wives\] from whom you fear arrogance - \[first\] advise them; \[then if they persist\], forsake them in bed; and \[finally\], strike them.) Surat An-Nisa \[4:34\]
  
  One of the central goals of Islam is to overpopulate the Earth and spread globally so that they can one day establish the “Caliphate.” This would unify all of the countries of the world and force them to live under Shariah law. Look at how Muslims treat non-believers in countries where they operate as an Islamic state. They’re literally massacring them in Nigeria by the thousands right now. You might not want to state an opinion in this matter or get involved but one day it will affect the next generations. And these generations will be forced to live in fear and with less rights.
  
  I fail to understand why the Democratic party seems so willing to defend Islam when its goal is to eventually destroy many of the values that are non-negotiables among those of us on the left. I don’t think the American right-wing of politics is the greatest threat to western democracy. Just look at what is happening in Europe. Rapes, muggings, and crime in all sectors are rising significantly with the widespread immigration of Islam to a non-Muslim country. People aren’t even allowed to speak out against it because they’ll be thrown in jail for hate speech. I don’t think the majority of people on the left know what it is they’re defending. The Iranian government had literally been sending bots to sites like Reddit in an attempt to manipulate people on the American left to defend Islam and Iran despite them representing the opposite of everything we stand for.
  
  I am completely open to being proven wrong on this subject. I am sure that many of you will bring up other worldview perspectives that you feel are incompatible with American left-wing values but I’d like to stay on topic with Islam. Also, please don’t blatantly label me Islamaphobic. I was Muslim once and I find it to be a lazy way of trying to discredit someone or an argument. I don’t think any viewpoint should be free from critique including mine. Maybe there’s something I am completely missing and that somehow Islam and western liberalism are compatible. But as someone who was and is both, I struggle to find how. Please share with me your perspective! I am completely open to changing my view if your points are strong enough!","[{'e1': ' people that engage in sodomy ', 'e2': 'decapitated', 'relation': 'are ', 'condition': 'In Saudi Arabia'}, {'e1': ' homosexual men ', 'e2': ' hanged', 'relation': 'are', 'condition': 'In Iran'}, {'e1': ' it ', 'e2': ' homosexuals off buildings to their deaths', 'relation': 'is common practice to push', 'condition': ' In Syria '}, {'e1': ' it ', 'e2': ' homosexuals off buildings to their deaths', 'relation': 'is common practice to push', 'condition': 'In Iraq'}, {'e1': ' you ', 'e2': 'a minimum of 3 years if they find out you are gay.', 'relation': 'are thrown in jail for ', 'condition': ' In Yemen'}, {'e1': 'The Quran', 'e2': 'husbands to physically hit their wives ', 'relation': ' actively encourages ', 'condition': 'if they disobey'}, {'e1': ' women ', 'e2': 'their hijabs out in public', 'relation': 'are punished for not wearing ', 'condition': ' In Muslim-majority countries'}, {'e1': 'women', 'e2': 'imprisoned for 15 years, murdered, flogged, and raped', 'relation': 'are permitted to be ', 'condition': 'Depending on the region or country'}, {'e1': 'Muslims ', 'e2': 'females to be used as sexual slaves', 'relation': 'are encouraged to capture ', 'condition': ' in war'}, {'e1': 'Women ', 'e2': 'basic rights such as education, self-expression, and the freedom to choose who they want to marry', 'relation': 'are denied ', 'condition': ' in most Muslim countries '}, {'e1': 'They ', 'e2': 'the thousands right now', 'relation': 'are literally massacring them by ', 'condition': 'in Nigeria'}, {'e1': 'the Democratic party ', 'e2': ' Islam ', 'relation': 'seems so willing to defend', 'condition': 'when its goal is to eventually destroy many of the values that are non-negotiables among those of us on the left'}, {'e1': ' Rapes, muggings, and crime', 'e2': 'all sectors ', 'relation': ' are rising significantly in ', 'condition': 'with the widespread immigration of Islam to a non-Muslim country'}, {'e1': 'People ', 'e2': 'speak out against it ', 'relation': 'aren’t even allowed to ', 'condition': 'because they’ll be thrown in jail for hate speech'}]",cmv,,,,,
1rtpvb2,"US Republicans have plenty of motivation for their aggression: to enrich themselves and their friends in the arms industry, to feel above control and consequences, and to potentially set up an excuse for interfering in the November elections with special wartime powers.
  
  What's more, they previously announced their plans to interfere with Venezuela and Iran in their Project 2025.
  
  So why do people keep repeating that their motivation is Epstein distraction? 
  
  My theory is that conceiving US aggression that way lets people believe that the Republicans are scrambling and on the defensive, and that helps them reduce fear and anxiety. The danger is that painting these people as less nakedly and ambitiously aggressive than they really are is to their benefit.","[{'e1': ' they ', 'e2': ' Venezuela and Iran', 'relation': 'previously announced their plans to interfere with', 'condition': ' in their Project 2025'}]",cmv,,,,,
1rtrfc6,"Humans are not capable of delivering truly impartial justice, even when legal systems are designed to promote fairness. It is all influenced by bias, emotions, and irrationality; never purely by evidence. the human brain is incapable of not interfering fairness with bias, even if people tried really hard not to do so. In theory, justice should rely only on evidence and reason, but in practice it is filtered through human judgment almost entirely. and because human judgment is never fully objective, the outcomes of justice cannot be fair. 
  
  don’t get me wrong, these influences can be and are subtle, but there is psychology research that describes people are constantly relying on cognitive shortcuts and biases when making decisions. like confirmation bias, in-group favoritism, and stereotyping ultimately becomes the final verdict in how individuals interpret information and evaluate others. even things like cultural values/moral beliefs, or emotional responses to a crime. what we call “justice” may just be an approximation shaped by unavoidable limits of human reasoning rather than a truly neutral or impartial process. 
  
  can judges, prosecutors, jurors, and investigators even objectively evaluate evidence and set aside personal feeling or biases? people always assume they can and have to, but genuinely psychologically says otherwise. what we call “impartial justice” is more of an ideal than something humans are actually capable of achieving
  
  has anyone taken the harvard IAT tests? go do it right now it’s quick and interesting. I bet if every judge and juror takes it they’ll fall under every bias result. I doubt not a single one will pass those tests loll","[{'e1': ' justice ', 'e2': 'on evidence and reason', 'relation': 'should rely only ', 'condition': ' In theory'}, {'e1': 'it ', 'e2': ' human judgment almost entirely.', 'relation': 'is filtered through', 'condition': ' in practice '}, {'e1': ' the outcomes of justice ', 'e2': 'fair', 'relation': 'cannot be ', 'condition': 'because human judgment is never fully objective'}, {'e1': ' people ', 'e2': 'cognitive shortcuts and biases ', 'relation': 'are constantly relying on ', 'condition': 'when making decisions'}, {'e1': ' they ', 'e2': ' every bias result', 'relation': 'will fall under', 'condition': 'if every judge and juror takes it'}]",cmv,,,,,